{
"type": "FeatureCollection",
"name": "osm_accessible_toilets_clean",
"crs": { "type": "name", "properties": { "name": "urn:ogc:def:crs:OGC:1.3:CRS84" } },
"features": [
{ "type": "Feature", "properties": { "osm_id": "way/28919769", "name": "Accessible Toilet", "amenity_type": "accessible_toilet", "amenity": "toilets", "wheelchair": "designated", "toilets:wheelchair": null, "opening_hours": null, "operator": null, "description": null, "is_accessible": true, "latitude": -37.807832, "longitude": 144.9579622 }, "geometry": { "type": "Point", "coordinates": [ 144.9579622, -37.807832 ] } },
{ "type": "Feature", "properties": { "osm_id": "node/30230114", "name": "Accessible Toilet", "amenity_type": "accessible_toilet", "amenity": "toilets", "wheelchair": "limited", "toilets:wheelchair": null, "opening_hours": null, "operator": null, "description": null, "is_accessible": true, "latitude": -37.8802018, "longitude": 145.1641177 }, "geometry": { "type": "Point", "coordinates": [ 145.1641177, -37.8802018 ] } },
{ "type": "Feature", "properties": { "osm_id": "way/34000511", "name": "Accessible Toilet", "amenity_type": "accessible_toilet", "amenity": "toilets", "wheelchair": null, "toilets:wheelchair": null, "opening_hours": null, "operator": null, "description": null, "is_accessible": true, "latitude": -37.7013434, "longitude": 144.9545865 }, "geometry": { "type": "Point", "coordinates": [ 144.9545865, -37.7013434 ] } },
{ "type": "Feature", "properties": { "osm_id": "way/34285481", "name": "Accessible Toilet", "amenity_type": "accessible_toilet", "amenity": "toilets", "wheelchair": null, "toilets:wheelchair": null, "opening_hours": null, "operator": null, "description": null, "is_accessible": true, "latitude": -37.7150821, "longitude": 144.9603245 }, "geometry": { "type": "Point", "coordinates": [ 144.960324500000013, -37.7150821 ] } },
{ "type": "Feature", "properties": { "osm_id": "way/34947532", "name": "Demolished", "amenity_type": "accessible_toilet", "amenity": "toilets", "wheelchair": "yes", "toilets:wheelchair": null, "opening_hours": null, "operator": null, "description": null, "is_accessible": true, "latitude": -37.7439459, "longitude": 144.8974801 }, "geometry": { "type": "Point", "coordinates": [ 144.8974801, -37.7439459 ] } },
{ "type": "Feature", "properties": { "osm_id": "way/38226973", "name": "Accessible Toilet", "amenity_type": "accessible_toilet", "amenity": "toilets", "wheelchair": null, "toilets:wheelchair": null, "opening_hours": null, "operator": null, "description": null, "is_accessible": true, "latitude": -37.8093804, "longitude": 145.2785927 }, "geometry": { "type": "Point", "coordinates": [ 145.2785927, -37.8093804 ] } },
{ "type": "Feature", "properties": { "osm_id": "way/38614008", "name": "Accessible Toilet", "amenity_type": "accessible_toilet", "amenity": "toilets", "wheelchair": "yes", "toilets:wheelchair": null, "opening_hours": null, "operator": null, "description": null, "is_accessible": true, "latitude": -37.8203441, "longitude": 144.9733164 }, "geometry": { "type": "Point", "coordinates": [ 144.973316399999987, -37.8203441 ] } },
{ "type": "Feature", "properties": { "osm_id": "way/39575384", "name": "Accessible Toilet", "amenity_type": "accessible_toilet", "amenity": "toilets", "wheelchair": null, "toilets:wheelchair": null, "opening_hours": null, "operator": null, "description": null, "is_accessible": true, "latitude": -37.9091715, "longitude": 145.2245936 }, "geometry": { "type": "Point", "coordinates": [ 145.2245936, -37.9091715 ] } },
{ "type": "Feature", "properties": { "osm_id": "way/44486683", "name": "Accessible Toilet", "amenity_type": "accessible_toilet", "amenity": "toilets", "wheelchair": null, "toilets:wheelchair": null, "opening_hours": null, "operator": null, "description": null, "is_accessible": true, "latitude": -37.827557, "longitude": 145.3526974 }, "geometry": { "type": "Point", "coordinates": [ 145.352697400000011, -37.827557 ] } },
{ "type": "Feature", "properties": { "osm_id": "way/44552489", "name": "Accessible Toilet", "amenity_type": "accessible_toilet", "amenity": "toilets", "wheelchair": null, "toilets:wheelchair": null, "opening_hours": null, "operator": null, "description": null, "is_accessible": true, "latitude": -37.8820039, "longitude": 145.2282694 }, "geometry": { "type": "Point", "coordinates": [ 145.228269399999988, -37.8820039 ] } },
{ "type": "Feature", "properties": { "osm_id": "way/45379972", "name": "Accessible Toilet", "amenity_type": "accessible_toilet", "amenity": "toilets", "wheelchair": null, "toilets:wheelchair": null, "opening_hours": null, "operator": null, "description": null, "is_accessible": true, "latitude": -37.8422995, "longitude": 144.9633396 }, "geometry": { "type": "Point", "coordinates": [ 144.963339600000012, -37.8422995 ] } },
{ "type": "Feature", "properties": { "osm_id": "way/46500346", "name": "Accessible Toilet", "amenity_type": "accessible_toilet", "amenity": "toilets", "wheelchair": null, "toilets:wheelchair": null, "opening_hours": null, "operator": null, "description": null, "is_accessible": true, "latitude": -37.8942694, "longitude": 145.1982538 }, "geometry": { "type": "Point", "coordinates": [ 145.1982538, -37.8942694 ] } },
{ "type": "Feature", "properties": { "osm_id": "way/46980974", "name": "Accessible Toilet", "amenity_type": "accessible_toilet", "amenity": "toilets", "wheelchair": null, "toilets:wheelchair": null, "opening_hours": null, "operator": null, "description": null, "is_accessible": true, "latitude": -37.6675754, "longitude": 144.7663791 }, "geometry": { "type": "Point", "coordinates": [ 144.7663791, -37.6675754 ] } },
{ "type": "Feature", "properties": { "osm_id": "way/48035767", "name": "Accessible Toilet", "amenity_type": "accessible_toilet", "amenity": "toilets", "wheelchair": null, "toilets:wheelchair": null, "opening_hours": null, "operator": null, "description": null, "is_accessible": true, "latitude": -37.8931964, "longitude": 145.3108171 }, "geometry": { "type": "Point", "coordinates": [ 145.3108171, -37.8931964 ] } },
{ "type": "Feature", "properties": { "osm_id": "way/48332402", "name": "Accessible Toilet", "amenity_type": "accessible_toilet", "amenity": "toilets", "wheelchair": null, "toilets:wheelchair": null, "opening_hours": null, "operator": null, "description": null, "is_accessible": true, "latitude": -37.8746948, "longitude": 145.2856069 }, "geometry": { "type": "Point", "coordinates": [ 145.2856069, -37.8746948 ] } },
{ "type": "Feature", "properties": { "osm_id": "way/48332403", "name": "Accessible Toilet", "amenity_type": "accessible_toilet", "amenity": "toilets", "wheelchair": null, "toilets:wheelchair": null, "opening_hours": null, "operator": null, "description": null, "is_accessible": true, "latitude": -37.875986, "longitude": 145.2871129 }, "geometry": { "type": "Point", "coordinates": [ 145.287112900000011, -37.875986 ] } },
{ "type": "Feature", "properties": { "osm_id": "way/49238814", "name": "Accessible Toilet", "amenity_type": "accessible_toilet", "amenity": "toilets", "wheelchair": null, "toilets:wheelchair": null, "opening_hours": null, "operator": null, "description": null, "is_accessible": true, "latitude": -37.8589884, "longitude": 145.2408724 }, "geometry": { "type": "Point", "coordinates": [ 145.2408724, -37.8589884 ] } },
{ "type": "Feature", "properties": { "osm_id": "way/49960558", "name": "Accessible Toilet", "amenity_type": "accessible_toilet", "amenity": "toilets", "wheelchair": null, "toilets:wheelchair": null, "opening_hours": null, "operator": null, "description": null, "is_accessible": true, "latitude": -38.1033524, "longitude": 145.1250343 }, "geometry": { "type": "Point", "coordinates": [ 145.12503430000001, -38.1033524 ] } },
{ "type": "Feature", "properties": { "osm_id": "way/51529810", "name": "Accessible Toilet", "amenity_type": "accessible_toilet", "amenity": "toilets", "wheelchair": null, "toilets:wheelchair": null, "opening_hours": null, "operator": null, "description": null, "is_accessible": true, "latitude": -37.927476, "longitude": 144.772269 }, "geometry": { "type": "Point", "coordinates": [ 144.772269, -37.927476 ] } },
{ "type": "Feature", "properties": { "osm_id": "way/51530301", "name": "Accessible Toilet", "amenity_type": "accessible_toilet", "amenity": "toilets", "wheelchair": null, "toilets:wheelchair": null, "opening_hours": null, "operator": null, "description": null, "is_accessible": true, "latitude": -37.9279515, "longitude": 144.7708226 }, "geometry": { "type": "Point", "coordinates": [ 144.7708226, -37.9279515 ] } },
{ "type": "Feature", "properties": { "osm_id": "way/57007463", "name": "Accessible Toilet", "amenity_type": "accessible_toilet", "amenity": "toilets", "wheelchair": null, "toilets:wheelchair": null, "opening_hours": null, "operator": null, "description": null, "is_accessible": true, "latitude": -37.8068188, "longitude": 144.9587385 }, "geometry": { "type": "Point", "coordinates": [ 144.95873850000001, -37.8068188 ] } },
{ "type": "Feature", "properties": { "osm_id": "way/61017218", "name": "Accessible Toilet", "amenity_type": "accessible_toilet", "amenity": "toilets", "wheelchair": "yes", "toilets:wheelchair": null, "opening_hours": null, "operator": null, "description": null, "is_accessible": true, "latitude": -37.7760076, "longitude": 145.1401201 }, "geometry": { "type": "Point", "coordinates": [ 145.1401201, -37.7760076 ] } },
{ "type": "Feature", "properties": { "osm_id": "way/62224702", "name": "Accessible Toilet", "amenity_type": "accessible_toilet", "amenity": "toilets", "wheelchair": null, "toilets:wheelchair": null, "opening_hours": null, "operator": null, "description": null, "is_accessible": true, "latitude": -37.7452078, "longitude": 145.1344186 }, "geometry": { "type": "Point", "coordinates": [ 145.1344186, -37.7452078 ] } },
{ "type": "Feature", "properties": { "osm_id": "way/62224704", "name": "Accessible Toilet", "amenity_type": "accessible_toilet", "amenity": "toilets", "wheelchair": "no", "toilets:wheelchair": null, "opening_hours": null, "operator": "Parks Victoria", "description": null, "is_accessible": true, "latitude": -37.7424594, "longitude": 145.1352334 }, "geometry": { "type": "Point", "coordinates": [ 145.1352334, -37.7424594 ] } },
{ "type": "Feature", "properties": { "osm_id": "way/62224708", "name": "Accessible Toilet", "amenity_type": "accessible_toilet", "amenity": "toilets", "wheelchair": "limited", "toilets:wheelchair": null, "opening_hours": null, "operator": null, "description": null, "is_accessible": true, "latitude": -37.7509158, "longitude": 145.1299009 }, "geometry": { "type": "Point", "coordinates": [ 145.1299009, -37.7509158 ] } },
{ "type": "Feature", "properties": { "osm_id": "way/68678551", "name": "Accessible Toilet", "amenity_type": "accessible_toilet", "amenity": "toilets", "wheelchair": "yes", "toilets:wheelchair": null, "opening_hours": null, "operator": null, "description": null, "is_accessible": true, "latitude": -37.8812742, "longitude": 145.2948567 }, "geometry": { "type": "Point", "coordinates": [ 145.2948567, -37.8812742 ] } },
{ "type": "Feature", "properties": { "osm_id": "way/85246931", "name": "Accessible Toilet", "amenity_type": "accessible_toilet", "amenity": "toilets", "wheelchair": "yes", "toilets:wheelchair": null, "opening_hours": null, "operator": null, "description": null, "is_accessible": true, "latitude": -37.76858, "longitude": 144.8717061 }, "geometry": { "type": "Point", "coordinates": [ 144.871706100000011, -37.76858 ] } },
{ "type": "Feature", "properties": { "osm_id": "way/85247180", "name": "Accessible Toilet", "amenity_type": "accessible_toilet", "amenity": "toilets", "wheelchair": null, "toilets:wheelchair": null, "opening_hours": null, "operator": null, "description": null, "is_accessible": true, "latitude": -37.7340566, "longitude": 144.8317424 }, "geometry": { "type": "Point", "coordinates": [ 144.8317424, -37.7340566 ] } },
{ "type": "Feature", "properties": { "osm_id": "way/86370001", "name": "Accessible Toilet", "amenity_type": "accessible_toilet", "amenity": "toilets", "wheelchair": null, "toilets:wheelchair": null, "opening_hours": null, "operator": null, "description": null, "is_accessible": true, "latitude": -37.8948119, "longitude": 145.2496332 }, "geometry": { "type": "Point", "coordinates": [ 145.2496332, -37.8948119 ] } },
{ "type": "Feature", "properties": { "osm_id": "way/96935006", "name": "Accessible Toilet", "amenity_type": "accessible_toilet", "amenity": "toilets", "wheelchair": null, "toilets:wheelchair": null, "opening_hours": null, "operator": null, "description": null, "is_accessible": true, "latitude": -37.950275, "longitude": 145.5484956 }, "geometry": { "type": "Point", "coordinates": [ 145.5484956, -37.950275 ] } },
{ "type": "Feature", "properties": { "osm_id": "way/97195436", "name": "Accessible Toilet", "amenity_type": "accessible_toilet", "amenity": "toilets", "wheelchair": null, "toilets:wheelchair": null, "opening_hours": null, "operator": null, "description": null, "is_accessible": true, "latitude": -38.0629148, "longitude": 145.2878131 }, "geometry": { "type": "Point", "coordinates": [ 145.2878131, -38.0629148 ] } },
{ "type": "Feature", "properties": { "osm_id": "way/97195444", "name": "Accessible Toilet", "amenity_type": "accessible_toilet", "amenity": "toilets", "wheelchair": null, "toilets:wheelchair": null, "opening_hours": null, "operator": null, "description": null, "is_accessible": true, "latitude": -38.0628598, "longitude": 145.2878381 }, "geometry": { "type": "Point", "coordinates": [ 145.287838099999988, -38.0628598 ] } },
{ "type": "Feature", "properties": { "osm_id": "way/97917640", "name": "Accessible Toilet", "amenity_type": "accessible_toilet", "amenity": "toilets", "wheelchair": "yes", "toilets:wheelchair": null, "opening_hours": null, "operator": null, "description": null, "is_accessible": true, "latitude": -37.9332479, "longitude": 145.1107606 }, "geometry": { "type": "Point", "coordinates": [ 145.1107606, -37.9332479 ] } },
{ "type": "Feature", "properties": { "osm_id": "way/102675272", "name": "Accessible Toilet", "amenity_type": "accessible_toilet", "amenity": "toilets", "wheelchair": null, "toilets:wheelchair": null, "opening_hours": null, "operator": null, "description": null, "is_accessible": true, "latitude": -37.9073726, "longitude": 145.356859 }, "geometry": { "type": "Point", "coordinates": [ 145.356859, -37.9073726 ] } },
{ "type": "Feature", "properties": { "osm_id": "way/102771309", "name": "Accessible Toilet", "amenity_type": "accessible_toilet", "amenity": "toilets", "wheelchair": null, "toilets:wheelchair": null, "opening_hours": null, "operator": null, "description": null, "is_accessible": true, "latitude": -37.5577757, "longitude": 145.1253949 }, "geometry": { "type": "Point", "coordinates": [ 145.1253949, -37.5577757 ] } },
{ "type": "Feature", "properties": { "osm_id": "way/103401904", "name": "Accessible Toilet", "amenity_type": "accessible_toilet", "amenity": "toilets", "wheelchair": null, "toilets:wheelchair": null, "opening_hours": null, "operator": null, "description": null, "is_accessible": true, "latitude": -38.1748254, "longitude": 145.1417594 }, "geometry": { "type": "Point", "coordinates": [ 145.141759400000012, -38.1748254 ] } },
{ "type": "Feature", "properties": { "osm_id": "way/103401907", "name": "Accessible Toilet", "amenity_type": "accessible_toilet", "amenity": "toilets", "wheelchair": "yes", "toilets:wheelchair": null, "opening_hours": null, "operator": null, "description": null, "is_accessible": true, "latitude": -38.174493, "longitude": 145.1404763 }, "geometry": { "type": "Point", "coordinates": [ 145.140476299999989, -38.174493 ] } },
{ "type": "Feature", "properties": { "osm_id": "way/104449889", "name": "Accessible Toilet", "amenity_type": "accessible_toilet", "amenity": "toilets", "wheelchair": null, "toilets:wheelchair": null, "opening_hours": null, "operator": null, "description": null, "is_accessible": true, "latitude": -37.9256786, "longitude": 145.349058 }, "geometry": { "type": "Point", "coordinates": [ 145.349058, -37.9256786 ] } },
{ "type": "Feature", "properties": { "osm_id": "way/104449893", "name": "Accessible Toilet", "amenity_type": "accessible_toilet", "amenity": "toilets", "wheelchair": null, "toilets:wheelchair": null, "opening_hours": null, "operator": null, "description": null, "is_accessible": true, "latitude": -37.927046, "longitude": 145.3485903 }, "geometry": { "type": "Point", "coordinates": [ 145.348590300000012, -37.927046 ] } },
{ "type": "Feature", "properties": { "osm_id": "way/111779978", "name": "Accessible Toilet", "amenity_type": "accessible_toilet", "amenity": "toilets", "wheelchair": null, "toilets:wheelchair": null, "opening_hours": null, "operator": null, "description": null, "is_accessible": true, "latitude": -37.755665, "longitude": 144.9768768 }, "geometry": { "type": "Point", "coordinates": [ 144.976876800000014, -37.755665 ] } },
{ "type": "Feature", "properties": { "osm_id": "way/113662857", "name": "Accessible Toilet", "amenity_type": "accessible_toilet", "amenity": "toilets", "wheelchair": null, "toilets:wheelchair": null, "opening_hours": null, "operator": null, "description": null, "is_accessible": true, "latitude": -37.9084411, "longitude": 145.3560968 }, "geometry": { "type": "Point", "coordinates": [ 145.356096799999989, -37.9084411 ] } },
{ "type": "Feature", "properties": { "osm_id": "way/115824211", "name": "Accessible Toilet", "amenity_type": "accessible_toilet", "amenity": "toilets", "wheelchair": "yes", "toilets:wheelchair": null, "opening_hours": "24/7", "operator": "Moreland City Council", "description": null, "is_accessible": true, "latitude": -37.7744723, "longitude": 144.9766545 }, "geometry": { "type": "Point", "coordinates": [ 144.9766545, -37.7744723 ] } },
{ "type": "Feature", "properties": { "osm_id": "way/115941161", "name": "Accessible Toilet", "amenity_type": "accessible_toilet", "amenity": "toilets", "wheelchair": null, "toilets:wheelchair": null, "opening_hours": null, "operator": "Moreland City Council", "description": null, "is_accessible": true, "latitude": -37.7699133, "longitude": 144.9827466 }, "geometry": { "type": "Point", "coordinates": [ 144.982746600000013, -37.7699133 ] } },
{ "type": "Feature", "properties": { "osm_id": "way/117904625", "name": "Accessible Toilet", "amenity_type": "accessible_toilet", "amenity": "toilets", "wheelchair": null, "toilets:wheelchair": null, "opening_hours": null, "operator": null, "description": null, "is_accessible": true, "latitude": -37.767298, "longitude": 144.9806977 }, "geometry": { "type": "Point", "coordinates": [ 144.9806977, -37.767298 ] } },
{ "type": "Feature", "properties": { "osm_id": "way/117907079", "name": "Public Toilets", "amenity_type": "accessible_toilet", "amenity": "toilets", "wheelchair": null, "toilets:wheelchair": null, "opening_hours": null, "operator": null, "description": null, "is_accessible": true, "latitude": -37.7660784, "longitude": 144.9848706 }, "geometry": { "type": "Point", "coordinates": [ 144.9848706, -37.7660784 ] } },
{ "type": "Feature", "properties": { "osm_id": "way/120144274", "name": "Toilets", "amenity_type": "accessible_toilet", "amenity": "toilets", "wheelchair": null, "toilets:wheelchair": null, "opening_hours": null, "operator": null, "description": null, "is_accessible": true, "latitude": -37.9479062, "longitude": 145.5307954 }, "geometry": { "type": "Point", "coordinates": [ 145.530795399999988, -37.9479062 ] } },
{ "type": "Feature", "properties": { "osm_id": "node/122635024", "name": "Accessible Toilet", "amenity_type": "accessible_toilet", "amenity": "toilets", "wheelchair": null, "toilets:wheelchair": null, "opening_hours": null, "operator": null, "description": null, "is_accessible": true, "latitude": -37.8981008, "longitude": 145.1133574 }, "geometry": { "type": "Point", "coordinates": [ 145.113357400000012, -37.8981008 ] } },
{ "type": "Feature", "properties": { "osm_id": "way/136466950", "name": "Accessible Toilet", "amenity_type": "accessible_toilet", "amenity": "toilets", "wheelchair": "yes", "toilets:wheelchair": null, "opening_hours": null, "operator": null, "description": null, "is_accessible": true, "latitude": -37.7521549, "longitude": 145.0988472 }, "geometry": { "type": "Point", "coordinates": [ 145.0988472, -37.7521549 ] } },
{ "type": "Feature", "properties": { "osm_id": "node/137010639", "name": "Accessible Toilet", "amenity_type": "accessible_toilet", "amenity": "toilets", "wheelchair": "yes", "toilets:wheelchair": null, "opening_hours": null, "operator": null, "description": null, "is_accessible": true, "latitude": -37.8907122, "longitude": 145.1441694 }, "geometry": { "type": "Point", "coordinates": [ 145.14416940000001, -37.8907122 ] } },
{ "type": "Feature", "properties": { "osm_id": "way/147610145", "name": "Accessible Toilet", "amenity_type": "accessible_toilet", "amenity": "toilets", "wheelchair": "yes", "toilets:wheelchair": null, "opening_hours": null, "operator": null, "description": null, "is_accessible": true, "latitude": -38.3193267, "longitude": 144.7131589 }, "geometry": { "type": "Point", "coordinates": [ 144.7131589, -38.3193267 ] } },
{ "type": "Feature", "properties": { "osm_id": "way/148936208", "name": "Accessible Toilet", "amenity_type": "accessible_toilet", "amenity": "toilets", "wheelchair": "yes", "toilets:wheelchair": null, "opening_hours": null, "operator": null, "description": null, "is_accessible": true, "latitude": -37.9264795, "longitude": 145.3543952 }, "geometry": { "type": "Point", "coordinates": [ 145.3543952, -37.9264795 ] } },
{ "type": "Feature", "properties": { "osm_id": "way/154270225", "name": "Accessible Toilet", "amenity_type": "accessible_toilet", "amenity": "toilets", "wheelchair": null, "toilets:wheelchair": null, "opening_hours": null, "operator": null, "description": null, "is_accessible": true, "latitude": -37.8389798, "longitude": 144.9711956 }, "geometry": { "type": "Point", "coordinates": [ 144.971195599999987, -37.8389798 ] } },
{ "type": "Feature", "properties": { "osm_id": "way/154529390", "name": "Beaurepaire Pavillion", "amenity_type": "accessible_toilet", "amenity": "toilets", "wheelchair": null, "toilets:wheelchair": null, "opening_hours": null, "operator": null, "description": null, "is_accessible": true, "latitude": -37.8477948, "longitude": 144.9682384 }, "geometry": { "type": "Point", "coordinates": [ 144.9682384, -37.8477948 ] } },
{ "type": "Feature", "properties": { "osm_id": "way/154532559", "name": "Accessible Toilet", "amenity_type": "accessible_toilet", "amenity": "toilets", "wheelchair": null, "toilets:wheelchair": null, "opening_hours": null, "operator": null, "description": null, "is_accessible": true, "latitude": -37.8490607, "longitude": 144.9664406 }, "geometry": { "type": "Point", "coordinates": [ 144.9664406, -37.8490607 ] } },
{ "type": "Feature", "properties": { "osm_id": "way/154620601", "name": "Accessible Toilet", "amenity_type": "accessible_toilet", "amenity": "toilets", "wheelchair": null, "toilets:wheelchair": null, "opening_hours": null, "operator": null, "description": null, "is_accessible": true, "latitude": -38.1999459, "longitude": 145.4899698 }, "geometry": { "type": "Point", "coordinates": [ 145.489969800000011, -38.1999459 ] } },
{ "type": "Feature", "properties": { "osm_id": "way/154705283", "name": "Accessible Toilet", "amenity_type": "accessible_toilet", "amenity": "toilets", "wheelchair": null, "toilets:wheelchair": null, "opening_hours": null, "operator": null, "description": null, "is_accessible": true, "latitude": -37.8457282, "longitude": 144.9674202 }, "geometry": { "type": "Point", "coordinates": [ 144.9674202, -37.8457282 ] } },
{ "type": "Feature", "properties": { "osm_id": "way/156140715", "name": "Accessible Toilet", "amenity_type": "accessible_toilet", "amenity": "toilets", "wheelchair": null, "toilets:wheelchair": null, "opening_hours": null, "operator": null, "description": null, "is_accessible": true, "latitude": -38.4472855, "longitude": 144.8595653 }, "geometry": { "type": "Point", "coordinates": [ 144.859565300000014, -38.4472855 ] } },
{ "type": "Feature", "properties": { "osm_id": "way/156140767", "name": "Accessible Toilet", "amenity_type": "accessible_toilet", "amenity": "toilets", "wheelchair": null, "toilets:wheelchair": null, "opening_hours": null, "operator": null, "description": null, "is_accessible": true, "latitude": -38.4450949, "longitude": 144.8564464 }, "geometry": { "type": "Point", "coordinates": [ 144.85644640000001, -38.4450949 ] } },
{ "type": "Feature", "properties": { "osm_id": "way/160098928", "name": "Accessible Toilet", "amenity_type": "accessible_toilet", "amenity": "toilets", "wheelchair": "yes", "toilets:wheelchair": null, "opening_hours": null, "operator": null, "description": null, "is_accessible": true, "latitude": -38.3539511, "longitude": 144.9500446 }, "geometry": { "type": "Point", "coordinates": [ 144.950044600000012, -38.3539511 ] } },
{ "type": "Feature", "properties": { "osm_id": "way/169733224", "name": "Accessible Toilet", "amenity_type": "accessible_toilet", "amenity": "toilets", "wheelchair": "no", "toilets:wheelchair": null, "opening_hours": null, "operator": null, "description": null, "is_accessible": true, "latitude": -37.7057669, "longitude": 145.097526 }, "geometry": { "type": "Point", "coordinates": [ 145.097526, -37.7057669 ] } },
{ "type": "Feature", "properties": { "osm_id": "way/169733226", "name": "Accessible Toilet", "amenity_type": "accessible_toilet", "amenity": "toilets", "wheelchair": "no", "toilets:wheelchair": null, "opening_hours": "24/7", "operator": null, "description": null, "is_accessible": true, "latitude": -37.7065567, "longitude": 145.0996655 }, "geometry": { "type": "Point", "coordinates": [ 145.099665499999986, -37.7065567 ] } },
{ "type": "Feature", "properties": { "osm_id": "way/172237653", "name": "Accessible Toilet", "amenity_type": "accessible_toilet", "amenity": "toilets", "wheelchair": "yes", "toilets:wheelchair": null, "opening_hours": null, "operator": null, "description": null, "is_accessible": true, "latitude": -38.4932054, "longitude": 144.8887927 }, "geometry": { "type": "Point", "coordinates": [ 144.88879270000001, -38.4932054 ] } },
{ "type": "Feature", "properties": { "osm_id": "way/172243388", "name": "Accessible Toilet", "amenity_type": "accessible_toilet", "amenity": "toilets", "wheelchair": null, "toilets:wheelchair": null, "opening_hours": null, "operator": null, "description": null, "is_accessible": true, "latitude": -38.47677, "longitude": 144.8933626 }, "geometry": { "type": "Point", "coordinates": [ 144.893362599999989, -38.47677 ] } },
{ "type": "Feature", "properties": { "osm_id": "way/173759102", "name": "Accessible Toilet", "amenity_type": "accessible_toilet", "amenity": "toilets", "wheelchair": "yes", "toilets:wheelchair": null, "opening_hours": "24/7", "operator": null, "description": null, "is_accessible": true, "latitude": -37.8804815, "longitude": 144.7349845 }, "geometry": { "type": "Point", "coordinates": [ 144.7349845, -37.8804815 ] } },
{ "type": "Feature", "properties": { "osm_id": "way/178265664", "name": "Accessible Toilet", "amenity_type": "accessible_toilet", "amenity": "toilets", "wheelchair": "no", "toilets:wheelchair": null, "opening_hours": null, "operator": null, "description": null, "is_accessible": true, "latitude": -37.7121578, "longitude": 145.0414954 }, "geometry": { "type": "Point", "coordinates": [ 145.0414954, -37.7121578 ] } },
{ "type": "Feature", "properties": { "osm_id": "way/178265677", "name": "Accessible Toilet", "amenity_type": "accessible_toilet", "amenity": "toilets", "wheelchair": "yes", "toilets:wheelchair": null, "opening_hours": null, "operator": null, "description": null, "is_accessible": true, "latitude": -37.7128738, "longitude": 145.043659 }, "geometry": { "type": "Point", "coordinates": [ 145.043659, -37.7128738 ] } },
{ "type": "Feature", "properties": { "osm_id": "way/178268570", "name": "Public Toilets", "amenity_type": "accessible_toilet", "amenity": "toilets", "wheelchair": "yes", "toilets:wheelchair": null, "opening_hours": null, "operator": null, "description": null, "is_accessible": true, "latitude": -37.7103269, "longitude": 145.0459643 }, "geometry": { "type": "Point", "coordinates": [ 145.0459643, -37.7103269 ] } },
{ "type": "Feature", "properties": { "osm_id": "way/178268571", "name": "Public Toilets", "amenity_type": "accessible_toilet", "amenity": "toilets", "wheelchair": "yes", "toilets:wheelchair": null, "opening_hours": null, "operator": null, "description": null, "is_accessible": true, "latitude": -37.7086407, "longitude": 145.0462668 }, "geometry": { "type": "Point", "coordinates": [ 145.046266800000012, -37.7086407 ] } },
{ "type": "Feature", "properties": { "osm_id": "way/178572479", "name": "Accessible Toilet", "amenity_type": "accessible_toilet", "amenity": "toilets", "wheelchair": null, "toilets:wheelchair": null, "opening_hours": null, "operator": null, "description": null, "is_accessible": true, "latitude": -37.9202116, "longitude": 144.9878446 }, "geometry": { "type": "Point", "coordinates": [ 144.987844599999988, -37.9202116 ] } },
{ "type": "Feature", "properties": { "osm_id": "way/180072718", "name": "Accessible Toilet", "amenity_type": "accessible_toilet", "amenity": "toilets", "wheelchair": null, "toilets:wheelchair": null, "opening_hours": null, "operator": null, "description": null, "is_accessible": true, "latitude": -37.7553758, "longitude": 144.8910581 }, "geometry": { "type": "Point", "coordinates": [ 144.8910581, -37.7553758 ] } },
{ "type": "Feature", "properties": { "osm_id": "way/190672819", "name": "Accessible Toilet", "amenity_type": "accessible_toilet", "amenity": "toilets", "wheelchair": "yes", "toilets:wheelchair": null, "opening_hours": null, "operator": null, "description": null, "is_accessible": true, "latitude": -37.7773112, "longitude": 145.1444334 }, "geometry": { "type": "Point", "coordinates": [ 145.1444334, -37.7773112 ] } },
{ "type": "Feature", "properties": { "osm_id": "node/191053943", "name": "Accessible Toilet", "amenity_type": "accessible_toilet", "amenity": "toilets", "wheelchair": null, "toilets:wheelchair": null, "opening_hours": null, "operator": null, "description": null, "is_accessible": true, "latitude": -37.8536789, "longitude": 144.9879699 }, "geometry": { "type": "Point", "coordinates": [ 144.9879699, -37.8536789 ] } },
{ "type": "Feature", "properties": { "osm_id": "way/193631400", "name": "Accessible Toilet", "amenity_type": "accessible_toilet", "amenity": "toilets", "wheelchair": "yes", "toilets:wheelchair": null, "opening_hours": null, "operator": null, "description": null, "is_accessible": true, "latitude": 28.079436, "longitude": -80.6007732 }, "geometry": { "type": "Point", "coordinates": [ -80.6007732, 28.079436 ] } },
{ "type": "Feature", "properties": { "osm_id": "way/198108152", "name": "Accessible Toilet", "amenity_type": "accessible_toilet", "amenity": "toilets", "wheelchair": "yes", "toilets:wheelchair": null, "opening_hours": null, "operator": null, "description": null, "is_accessible": true, "latitude": -37.8387303, "longitude": 145.1042537 }, "geometry": { "type": "Point", "coordinates": [ 145.104253699999987, -37.8387303 ] } },
{ "type": "Feature", "properties": { "osm_id": "way/200535707", "name": "Accessible Toilet", "amenity_type": "accessible_toilet", "amenity": "toilets", "wheelchair": null, "toilets:wheelchair": null, "opening_hours": null, "operator": null, "description": null, "is_accessible": true, "latitude": -37.7965566, "longitude": 145.2569692 }, "geometry": { "type": "Point", "coordinates": [ 145.256969199999986, -37.7965566 ] } },
{ "type": "Feature", "properties": { "osm_id": "way/201345291", "name": "Accessible Toilet", "amenity_type": "accessible_toilet", "amenity": "toilets", "wheelchair": null, "toilets:wheelchair": null, "opening_hours": null, "operator": null, "description": null, "is_accessible": true, "latitude": -37.9059148, "longitude": 145.2128288 }, "geometry": { "type": "Point", "coordinates": [ 145.212828800000011, -37.9059148 ] } },
{ "type": "Feature", "properties": { "osm_id": "way/207256011", "name": "Accessible Toilet", "amenity_type": "accessible_toilet", "amenity": "toilets", "wheelchair": null, "toilets:wheelchair": null, "opening_hours": null, "operator": null, "description": null, "is_accessible": true, "latitude": -37.883257, "longitude": 144.9778517 }, "geometry": { "type": "Point", "coordinates": [ 144.9778517, -37.883257 ] } },
{ "type": "Feature", "properties": { "osm_id": "way/217703970", "name": "Accessible Toilet", "amenity_type": "accessible_toilet", "amenity": "toilets", "wheelchair": "yes", "toilets:wheelchair": null, "opening_hours": null, "operator": null, "description": null, "is_accessible": true, "latitude": -37.779313, "longitude": 144.9669206 }, "geometry": { "type": "Point", "coordinates": [ 144.9669206, -37.779313 ] } },
{ "type": "Feature", "properties": { "osm_id": "way/218625474", "name": "Accessible Toilet", "amenity_type": "accessible_toilet", "amenity": "toilets", "wheelchair": "limited", "toilets:wheelchair": null, "opening_hours": null, "operator": "Moreland Council", "description": null, "is_accessible": true, "latitude": -37.7019738, "longitude": 144.9662639 }, "geometry": { "type": "Point", "coordinates": [ 144.9662639, -37.7019738 ] } },
{ "type": "Feature", "properties": { "osm_id": "node/220672394", "name": "Accessible Toilet", "amenity_type": "accessible_toilet", "amenity": "toilets", "wheelchair": "yes", "toilets:wheelchair": null, "opening_hours": null, "operator": null, "description": null, "is_accessible": true, "latitude": -37.7896509, "longitude": 144.9722775 }, "geometry": { "type": "Point", "coordinates": [ 144.9722775, -37.7896509 ] } },
{ "type": "Feature", "properties": { "osm_id": "way/221694906", "name": "Accessible Toilet", "amenity_type": "accessible_toilet", "amenity": "toilets", "wheelchair": null, "toilets:wheelchair": null, "opening_hours": null, "operator": null, "description": null, "is_accessible": true, "latitude": -37.8946151, "longitude": 145.3014996 }, "geometry": { "type": "Point", "coordinates": [ 145.3014996, -37.8946151 ] } },
{ "type": "Feature", "properties": { "osm_id": "way/222110697", "name": "Accessible Toilet", "amenity_type": "accessible_toilet", "amenity": "toilets", "wheelchair": null, "toilets:wheelchair": null, "opening_hours": null, "operator": null, "description": null, "is_accessible": true, "latitude": -37.8314698, "longitude": 145.0245496 }, "geometry": { "type": "Point", "coordinates": [ 145.0245496, -37.8314698 ] } },
{ "type": "Feature", "properties": { "osm_id": "way/222403468", "name": "Accessible Toilet", "amenity_type": "accessible_toilet", "amenity": "toilets", "wheelchair": null, "toilets:wheelchair": null, "opening_hours": null, "operator": null, "description": null, "is_accessible": true, "latitude": -37.7728514, "longitude": 145.0325062 }, "geometry": { "type": "Point", "coordinates": [ 145.0325062, -37.7728514 ] } },
{ "type": "Feature", "properties": { "osm_id": "way/226042303", "name": "Accessible Toilet", "amenity_type": "accessible_toilet", "amenity": "toilets", "wheelchair": "yes", "toilets:wheelchair": null, "opening_hours": null, "operator": null, "description": null, "is_accessible": true, "latitude": -37.7205636, "longitude": 145.0461341 }, "geometry": { "type": "Point", "coordinates": [ 145.046134099999989, -37.7205636 ] } },
{ "type": "Feature", "properties": { "osm_id": "way/226705369", "name": "Accessible Toilet", "amenity_type": "accessible_toilet", "amenity": "toilets", "wheelchair": "yes", "toilets:wheelchair": null, "opening_hours": null, "operator": null, "description": null, "is_accessible": true, "latitude": -37.765755, "longitude": 145.3579957 }, "geometry": { "type": "Point", "coordinates": [ 145.3579957, -37.765755 ] } },
{ "type": "Feature", "properties": { "osm_id": "way/229129061", "name": "Accessible Toilet", "amenity_type": "accessible_toilet", "amenity": "toilets", "wheelchair": null, "toilets:wheelchair": null, "opening_hours": null, "operator": null, "description": null, "is_accessible": true, "latitude": -37.8565923, "longitude": 145.1607684 }, "geometry": { "type": "Point", "coordinates": [ 145.1607684, -37.8565923 ] } },
{ "type": "Feature", "properties": { "osm_id": "way/229692264", "name": "Accessible Toilet", "amenity_type": "accessible_toilet", "amenity": "toilets", "wheelchair": null, "toilets:wheelchair": null, "opening_hours": null, "operator": null, "description": null, "is_accessible": true, "latitude": -37.9916742, "longitude": 145.0405512 }, "geometry": { "type": "Point", "coordinates": [ 145.04055120000001, -37.9916742 ] } },
{ "type": "Feature", "properties": { "osm_id": "way/231408116", "name": "Accessible Toilet", "amenity_type": "accessible_toilet", "amenity": "toilets", "wheelchair": null, "toilets:wheelchair": null, "opening_hours": null, "operator": null, "description": null, "is_accessible": true, "latitude": -38.278079, "longitude": 145.1029779 }, "geometry": { "type": "Point", "coordinates": [ 145.102977900000013, -38.278079 ] } },
{ "type": "Feature", "properties": { "osm_id": "way/231442511", "name": "Accessible Toilet", "amenity_type": "accessible_toilet", "amenity": "toilets", "wheelchair": "yes", "toilets:wheelchair": null, "opening_hours": null, "operator": null, "description": null, "is_accessible": true, "latitude": -38.3451977, "longitude": 144.7266712 }, "geometry": { "type": "Point", "coordinates": [ 144.7266712, -38.3451977 ] } },
{ "type": "Feature", "properties": { "osm_id": "way/231700672", "name": "Accessible Toilet", "amenity_type": "accessible_toilet", "amenity": "toilets", "wheelchair": "yes", "toilets:wheelchair": null, "opening_hours": null, "operator": null, "description": null, "is_accessible": true, "latitude": -37.7138683, "longitude": 144.9609385 }, "geometry": { "type": "Point", "coordinates": [ 144.9609385, -37.7138683 ] } },
{ "type": "Feature", "properties": { "osm_id": "way/231778718", "name": "Accessible Toilet", "amenity_type": "accessible_toilet", "amenity": "toilets", "wheelchair": null, "toilets:wheelchair": null, "opening_hours": null, "operator": null, "description": null, "is_accessible": true, "latitude": -38.0574724, "longitude": 145.2507716 }, "geometry": { "type": "Point", "coordinates": [ 145.2507716, -38.0574724 ] } },
{ "type": "Feature", "properties": { "osm_id": "way/231790923", "name": "Accessible Toilet", "amenity_type": "accessible_toilet", "amenity": "toilets", "wheelchair": null, "toilets:wheelchair": null, "opening_hours": null, "operator": null, "description": null, "is_accessible": true, "latitude": -38.3405077, "longitude": 144.9466623 }, "geometry": { "type": "Point", "coordinates": [ 144.946662300000014, -38.3405077 ] } },
{ "type": "Feature", "properties": { "osm_id": "way/231790924", "name": "Accessible Toilet", "amenity_type": "accessible_toilet", "amenity": "toilets", "wheelchair": null, "toilets:wheelchair": null, "opening_hours": null, "operator": null, "description": null, "is_accessible": true, "latitude": -38.3326464, "longitude": 144.9643224 }, "geometry": { "type": "Point", "coordinates": [ 144.964322399999986, -38.3326464 ] } },
{ "type": "Feature", "properties": { "osm_id": "way/231886820", "name": "Accessible Toilet", "amenity_type": "accessible_toilet", "amenity": "toilets", "wheelchair": null, "toilets:wheelchair": null, "opening_hours": null, "operator": null, "description": null, "is_accessible": true, "latitude": -38.3505803, "longitude": 144.9217142 }, "geometry": { "type": "Point", "coordinates": [ 144.9217142, -38.3505803 ] } },
{ "type": "Feature", "properties": { "osm_id": "way/231886824", "name": "Accessible Toilet", "amenity_type": "accessible_toilet", "amenity": "toilets", "wheelchair": null, "toilets:wheelchair": null, "opening_hours": null, "operator": null, "description": null, "is_accessible": true, "latitude": -38.3354883, "longitude": 144.9586182 }, "geometry": { "type": "Point", "coordinates": [ 144.958618199999989, -38.3354883 ] } },
{ "type": "Feature", "properties": { "osm_id": "way/231886828", "name": "Accessible Toilet", "amenity_type": "accessible_toilet", "amenity": "toilets", "wheelchair": null, "toilets:wheelchair": null, "opening_hours": null, "operator": null, "description": null, "is_accessible": true, "latitude": -38.3464198, "longitude": 144.9324079 }, "geometry": { "type": "Point", "coordinates": [ 144.932407899999987, -38.3464198 ] } },
{ "type": "Feature", "properties": { "osm_id": "way/231886829", "name": "Accessible Toilet", "amenity_type": "accessible_toilet", "amenity": "toilets", "wheelchair": null, "toilets:wheelchair": null, "opening_hours": null, "operator": null, "description": null, "is_accessible": true, "latitude": -38.3517645, "longitude": 144.9166012 }, "geometry": { "type": "Point", "coordinates": [ 144.9166012, -38.3517645 ] } },
{ "type": "Feature", "properties": { "osm_id": "way/231983224", "name": "Accessible Toilet", "amenity_type": "accessible_toilet", "amenity": "toilets", "wheelchair": "yes", "toilets:wheelchair": null, "opening_hours": null, "operator": null, "description": null, "is_accessible": true, "latitude": -38.314046, "longitude": 145.0075435 }, "geometry": { "type": "Point", "coordinates": [ 145.0075435, -38.314046 ] } },
{ "type": "Feature", "properties": { "osm_id": "way/232301232", "name": "Accessible Toilet", "amenity_type": "accessible_toilet", "amenity": "toilets", "wheelchair": null, "toilets:wheelchair": null, "opening_hours": null, "operator": null, "description": null, "is_accessible": true, "latitude": -38.3304697, "longitude": 144.9687778 }, "geometry": { "type": "Point", "coordinates": [ 144.9687778, -38.3304697 ] } },
{ "type": "Feature", "properties": { "osm_id": "way/232303029", "name": "Accessible Toilet", "amenity_type": "accessible_toilet", "amenity": "toilets", "wheelchair": null, "toilets:wheelchair": null, "opening_hours": null, "operator": null, "description": null, "is_accessible": true, "latitude": -38.341323, "longitude": 144.9454595 }, "geometry": { "type": "Point", "coordinates": [ 144.9454595, -38.341323 ] } },
{ "type": "Feature", "properties": { "osm_id": "way/232303031", "name": "Accessible Toilet", "amenity_type": "accessible_toilet", "amenity": "toilets", "wheelchair": null, "toilets:wheelchair": null, "opening_hours": null, "operator": null, "description": null, "is_accessible": true, "latitude": -38.3369083, "longitude": 144.9555682 }, "geometry": { "type": "Point", "coordinates": [ 144.955568199999988, -38.3369083 ] } },
{ "type": "Feature", "properties": { "osm_id": "way/240807522", "name": "Accessible Toilet", "amenity_type": "accessible_toilet", "amenity": "toilets", "wheelchair": null, "toilets:wheelchair": null, "opening_hours": null, "operator": null, "description": null, "is_accessible": true, "latitude": -38.2062976, "longitude": 145.11232 }, "geometry": { "type": "Point", "coordinates": [ 145.11232, -38.2062976 ] } },
{ "type": "Feature", "properties": { "osm_id": "node/242541845", "name": "Accessible Toilet", "amenity_type": "accessible_toilet", "amenity": "toilets", "wheelchair": "yes", "toilets:wheelchair": null, "opening_hours": null, "operator": "Melbourne City Council", "description": null, "is_accessible": true, "latitude": -37.8174779, "longitude": 144.9602846 }, "geometry": { "type": "Point", "coordinates": [ 144.9602846, -37.8174779 ] } },
{ "type": "Feature", "properties": { "osm_id": "node/242809858", "name": "Accessible Toilet", "amenity_type": "accessible_toilet", "amenity": "toilets", "wheelchair": "no", "toilets:wheelchair": null, "opening_hours": null, "operator": null, "description": null, "is_accessible": true, "latitude": -37.8134523, "longitude": 144.9629216 }, "geometry": { "type": "Point", "coordinates": [ 144.962921599999987, -37.8134523 ] } },
{ "type": "Feature", "properties": { "osm_id": "node/242823114", "name": "Accessible Toilet", "amenity_type": "accessible_toilet", "amenity": "toilets", "wheelchair": null, "toilets:wheelchair": null, "opening_hours": null, "operator": "Melbourne City Council", "description": null, "is_accessible": true, "latitude": -37.8026701, "longitude": 144.969847 }, "geometry": { "type": "Point", "coordinates": [ 144.969847, -37.8026701 ] } },
{ "type": "Feature", "properties": { "osm_id": "node/245494315", "name": "Accessible Toilet", "amenity_type": "accessible_toilet", "amenity": "toilets", "wheelchair": "yes", "toilets:wheelchair": null, "opening_hours": null, "operator": null, "description": null, "is_accessible": true, "latitude": -37.7789227, "longitude": 144.9604998 }, "geometry": { "type": "Point", "coordinates": [ 144.9604998, -37.7789227 ] } },
{ "type": "Feature", "properties": { "osm_id": "node/245915476", "name": "Accessible Toilet", "amenity_type": "accessible_toilet", "amenity": "toilets", "wheelchair": "yes", "toilets:wheelchair": null, "opening_hours": null, "operator": null, "description": null, "is_accessible": true, "latitude": -37.7914432, "longitude": 144.9619657 }, "geometry": { "type": "Point", "coordinates": [ 144.9619657, -37.7914432 ] } },
{ "type": "Feature", "properties": { "osm_id": "node/245916608", "name": "Accessible Toilet", "amenity_type": "accessible_toilet", "amenity": "toilets", "wheelchair": "yes", "toilets:wheelchair": null, "opening_hours": null, "operator": null, "description": null, "is_accessible": true, "latitude": -37.7855345, "longitude": 144.9663802 }, "geometry": { "type": "Point", "coordinates": [ 144.9663802, -37.7855345 ] } },
{ "type": "Feature", "properties": { "osm_id": "way/246270449", "name": "Accessible Toilet", "amenity_type": "accessible_toilet", "amenity": "toilets", "wheelchair": null, "toilets:wheelchair": null, "opening_hours": null, "operator": null, "description": null, "is_accessible": true, "latitude": -37.8930101, "longitude": 145.1611789 }, "geometry": { "type": "Point", "coordinates": [ 145.16117890000001, -37.8930101 ] } },
{ "type": "Feature", "properties": { "osm_id": "node/248214933", "name": "Accessible Toilet", "amenity_type": "accessible_toilet", "amenity": "toilets", "wheelchair": null, "toilets:wheelchair": null, "opening_hours": null, "operator": null, "description": null, "is_accessible": true, "latitude": -37.7896454, "longitude": 144.9685968 }, "geometry": { "type": "Point", "coordinates": [ 144.9685968, -37.7896454 ] } },
{ "type": "Feature", "properties": { "osm_id": "node/248838847", "name": "Accessible Toilet", "amenity_type": "accessible_toilet", "amenity": "toilets", "wheelchair": "no", "toilets:wheelchair": null, "opening_hours": null, "operator": null, "description": null, "is_accessible": true, "latitude": -37.8046186, "longitude": 144.9629473 }, "geometry": { "type": "Point", "coordinates": [ 144.9629473, -37.8046186 ] } },
{ "type": "Feature", "properties": { "osm_id": "way/250734725", "name": "Accessible Toilet", "amenity_type": "accessible_toilet", "amenity": "toilets", "wheelchair": null, "toilets:wheelchair": null, "opening_hours": null, "operator": null, "description": null, "is_accessible": true, "latitude": -37.767731, "longitude": 144.9921396 }, "geometry": { "type": "Point", "coordinates": [ 144.9921396, -37.767731 ] } },
{ "type": "Feature", "properties": { "osm_id": "node/256778169", "name": "Accessible Toilet", "amenity_type": "accessible_toilet", "amenity": "toilets", "wheelchair": null, "toilets:wheelchair": null, "opening_hours": null, "operator": null, "description": null, "is_accessible": true, "latitude": -37.8997897, "longitude": 145.0907155 }, "geometry": { "type": "Point", "coordinates": [ 145.090715499999988, -37.8997897 ] } },
{ "type": "Feature", "properties": { "osm_id": "node/257891287", "name": "Accessible Toilet", "amenity_type": "accessible_toilet", "amenity": "toilets", "wheelchair": "yes", "toilets:wheelchair": null, "opening_hours": null, "operator": null, "description": null, "is_accessible": true, "latitude": -37.866332, "longitude": 145.2492765 }, "geometry": { "type": "Point", "coordinates": [ 145.2492765, -37.866332 ] } },
{ "type": "Feature", "properties": { "osm_id": "way/261249082", "name": "Accessible Toilet", "amenity_type": "accessible_toilet", "amenity": "toilets", "wheelchair": null, "toilets:wheelchair": null, "opening_hours": null, "operator": "Whittlesea Council", "description": null, "is_accessible": true, "latitude": -37.671877, "longitude": 145.0166112 }, "geometry": { "type": "Point", "coordinates": [ 145.0166112, -37.671877 ] } },
{ "type": "Feature", "properties": { "osm_id": "node/262901265", "name": "Accessible Toilet", "amenity_type": "accessible_toilet", "amenity": "toilets", "wheelchair": null, "toilets:wheelchair": null, "opening_hours": null, "operator": null, "description": null, "is_accessible": true, "latitude": -37.9112392, "longitude": 145.1036504 }, "geometry": { "type": "Point", "coordinates": [ 145.1036504, -37.9112392 ] } },
{ "type": "Feature", "properties": { "osm_id": "way/263221663", "name": "Accessible Toilet", "amenity_type": "accessible_toilet", "amenity": "toilets", "wheelchair": null, "toilets:wheelchair": null, "opening_hours": null, "operator": null, "description": null, "is_accessible": true, "latitude": -37.7162238, "longitude": 144.9931662 }, "geometry": { "type": "Point", "coordinates": [ 144.9931662, -37.7162238 ] } },
{ "type": "Feature", "properties": { "osm_id": "way/263221665", "name": "Accessible Toilet", "amenity_type": "accessible_toilet", "amenity": "toilets", "wheelchair": null, "toilets:wheelchair": null, "opening_hours": null, "operator": null, "description": null, "is_accessible": true, "latitude": -37.7151304, "longitude": 144.9933203 }, "geometry": { "type": "Point", "coordinates": [ 144.9933203, -37.7151304 ] } },
{ "type": "Feature", "properties": { "osm_id": "way/263221666", "name": "Accessible Toilet", "amenity_type": "accessible_toilet", "amenity": "toilets", "wheelchair": "limited", "toilets:wheelchair": null, "opening_hours": null, "operator": "Darebin Council", "description": null, "is_accessible": true, "latitude": -37.7137655, "longitude": 144.9947935 }, "geometry": { "type": "Point", "coordinates": [ 144.994793499999986, -37.7137655 ] } },
{ "type": "Feature", "properties": { "osm_id": "way/265055742", "name": "Accessible Toilet", "amenity_type": "accessible_toilet", "amenity": "toilets", "wheelchair": "limited", "toilets:wheelchair": null, "opening_hours": null, "operator": "Darebin Council", "description": null, "is_accessible": true, "latitude": -37.7124696, "longitude": 144.9951345 }, "geometry": { "type": "Point", "coordinates": [ 144.9951345, -37.7124696 ] } },
{ "type": "Feature", "properties": { "osm_id": "way/265323765", "name": "Accessible Toilet", "amenity_type": "accessible_toilet", "amenity": "toilets", "wheelchair": "limited", "toilets:wheelchair": null, "opening_hours": null, "operator": null, "description": null, "is_accessible": true, "latitude": -37.7754907, "longitude": 144.9017225 }, "geometry": { "type": "Point", "coordinates": [ 144.9017225, -37.7754907 ] } },
{ "type": "Feature", "properties": { "osm_id": "way/265744858", "name": "Accessible Toilet", "amenity_type": "accessible_toilet", "amenity": "toilets", "wheelchair": null, "toilets:wheelchair": null, "opening_hours": null, "operator": null, "description": null, "is_accessible": true, "latitude": -37.8616199, "longitude": 144.8516279 }, "geometry": { "type": "Point", "coordinates": [ 144.851627900000011, -37.8616199 ] } },
{ "type": "Feature", "properties": { "osm_id": "way/277180584", "name": "Accessible Toilet", "amenity_type": "accessible_toilet", "amenity": "toilets", "wheelchair": "yes", "toilets:wheelchair": null, "opening_hours": null, "operator": null, "description": null, "is_accessible": true, "latitude": -37.7564619, "longitude": 145.0659539 }, "geometry": { "type": "Point", "coordinates": [ 145.065953900000011, -37.7564619 ] } },
{ "type": "Feature", "properties": { "osm_id": "node/279534193", "name": "Accessible Toilet", "amenity_type": "accessible_toilet", "amenity": "toilets", "wheelchair": "yes", "toilets:wheelchair": null, "opening_hours": null, "operator": null, "description": null, "is_accessible": true, "latitude": -37.7844924, "longitude": 144.9515761 }, "geometry": { "type": "Point", "coordinates": [ 144.951576100000011, -37.7844924 ] } },
{ "type": "Feature", "properties": { "osm_id": "node/279539450", "name": "Accessible Toilet", "amenity_type": "accessible_toilet", "amenity": "toilets", "wheelchair": null, "toilets:wheelchair": null, "opening_hours": null, "operator": null, "description": null, "is_accessible": true, "latitude": -37.7859805, "longitude": 144.9501675 }, "geometry": { "type": "Point", "coordinates": [ 144.9501675, -37.7859805 ] } },
{ "type": "Feature", "properties": { "osm_id": "node/279540995", "name": "Accessible Toilet", "amenity_type": "accessible_toilet", "amenity": "toilets", "wheelchair": "yes", "toilets:wheelchair": null, "opening_hours": null, "operator": null, "description": null, "is_accessible": true, "latitude": -37.7825097, "longitude": 144.9511105 }, "geometry": { "type": "Point", "coordinates": [ 144.9511105, -37.7825097 ] } },
{ "type": "Feature", "properties": { "osm_id": "node/281186121", "name": "Accessible Toilet", "amenity_type": "accessible_toilet", "amenity": "toilets", "wheelchair": null, "toilets:wheelchair": null, "opening_hours": null, "operator": null, "description": null, "is_accessible": true, "latitude": -37.7285908, "longitude": 144.9262591 }, "geometry": { "type": "Point", "coordinates": [ 144.92625910000001, -37.7285908 ] } },
{ "type": "Feature", "properties": { "osm_id": "node/281347583", "name": "Accessible Toilet", "amenity_type": "accessible_toilet", "amenity": "toilets", "wheelchair": null, "toilets:wheelchair": null, "opening_hours": null, "operator": null, "description": null, "is_accessible": true, "latitude": -37.726131, "longitude": 144.932106 }, "geometry": { "type": "Point", "coordinates": [ 144.932106, -37.726131 ] } },
{ "type": "Feature", "properties": { "osm_id": "node/281351020", "name": "Accessible Toilet", "amenity_type": "accessible_toilet", "amenity": "toilets", "wheelchair": null, "toilets:wheelchair": null, "opening_hours": null, "operator": null, "description": null, "is_accessible": true, "latitude": -37.721854, "longitude": 144.9392274 }, "geometry": { "type": "Point", "coordinates": [ 144.9392274, -37.721854 ] } },
{ "type": "Feature", "properties": { "osm_id": "node/281355192", "name": "Accessible Toilet", "amenity_type": "accessible_toilet", "amenity": "toilets", "wheelchair": null, "toilets:wheelchair": null, "opening_hours": null, "operator": null, "description": null, "is_accessible": true, "latitude": -37.7069913, "longitude": 144.9188975 }, "geometry": { "type": "Point", "coordinates": [ 144.918897500000014, -37.7069913 ] } },
{ "type": "Feature", "properties": { "osm_id": "way/282436724", "name": "Accessible Toilet", "amenity_type": "accessible_toilet", "amenity": "toilets", "wheelchair": "yes", "toilets:wheelchair": null, "opening_hours": null, "operator": null, "description": null, "is_accessible": true, "latitude": -37.7301989, "longitude": 144.8362815 }, "geometry": { "type": "Point", "coordinates": [ 144.836281500000013, -37.7301989 ] } },
{ "type": "Feature", "properties": { "osm_id": "way/284000128", "name": "Accessible Toilet", "amenity_type": "accessible_toilet", "amenity": "toilets", "wheelchair": null, "toilets:wheelchair": null, "opening_hours": null, "operator": null, "description": null, "is_accessible": true, "latitude": -38.4170862, "longitude": 144.8228373 }, "geometry": { "type": "Point", "coordinates": [ 144.8228373, -38.4170862 ] } },
{ "type": "Feature", "properties": { "osm_id": "way/284010614", "name": "Accessible Toilet", "amenity_type": "accessible_toilet", "amenity": "toilets", "wheelchair": null, "toilets:wheelchair": null, "opening_hours": null, "operator": null, "description": null, "is_accessible": true, "latitude": -38.3201048, "longitude": 144.985457 }, "geometry": { "type": "Point", "coordinates": [ 144.985457, -38.3201048 ] } },
{ "type": "Feature", "properties": { "osm_id": "way/284010616", "name": "Accessible Toilet", "amenity_type": "accessible_toilet", "amenity": "toilets", "wheelchair": null, "toilets:wheelchair": null, "opening_hours": null, "operator": null, "description": null, "is_accessible": true, "latitude": -38.3150134, "longitude": 144.9902145 }, "geometry": { "type": "Point", "coordinates": [ 144.9902145, -38.3150134 ] } },
{ "type": "Feature", "properties": { "osm_id": "way/285378369", "name": "Accessible Toilet", "amenity_type": "accessible_toilet", "amenity": "toilets", "wheelchair": "yes", "toilets:wheelchair": null, "opening_hours": null, "operator": null, "description": null, "is_accessible": true, "latitude": -37.7331171, "longitude": 144.9668846 }, "geometry": { "type": "Point", "coordinates": [ 144.966884599999986, -37.7331171 ] } },
{ "type": "Feature", "properties": { "osm_id": "way/285382587", "name": "Accessible Toilet", "amenity_type": "accessible_toilet", "amenity": "toilets", "wheelchair": null, "toilets:wheelchair": null, "opening_hours": null, "operator": null, "description": null, "is_accessible": true, "latitude": -37.7031149, "longitude": 144.7935185 }, "geometry": { "type": "Point", "coordinates": [ 144.7935185, -37.7031149 ] } },
{ "type": "Feature", "properties": { "osm_id": "node/293576445", "name": "Accessible Toilet", "amenity_type": "accessible_toilet", "amenity": "toilets", "wheelchair": null, "toilets:wheelchair": null, "opening_hours": null, "operator": null, "description": null, "is_accessible": true, "latitude": -37.7759388, "longitude": 144.9387143 }, "geometry": { "type": "Point", "coordinates": [ 144.938714299999987, -37.7759388 ] } },
{ "type": "Feature", "properties": { "osm_id": "way/293852712", "name": "Accessible Toilet", "amenity_type": "accessible_toilet", "amenity": "toilets", "wheelchair": null, "toilets:wheelchair": null, "opening_hours": null, "operator": null, "description": null, "is_accessible": true, "latitude": -37.7221498, "longitude": 144.9661089 }, "geometry": { "type": "Point", "coordinates": [ 144.9661089, -37.7221498 ] } },
{ "type": "Feature", "properties": { "osm_id": "node/294542135", "name": "Accessible Toilet", "amenity_type": "accessible_toilet", "amenity": "toilets", "wheelchair": null, "toilets:wheelchair": null, "opening_hours": null, "operator": null, "description": null, "is_accessible": true, "latitude": -37.7996877, "longitude": 145.0086867 }, "geometry": { "type": "Point", "coordinates": [ 145.0086867, -37.7996877 ] } },
{ "type": "Feature", "properties": { "osm_id": "node/296846628", "name": "Accessible Toilet", "amenity_type": "accessible_toilet", "amenity": "toilets", "wheelchair": "yes", "toilets:wheelchair": null, "opening_hours": null, "operator": null, "description": null, "is_accessible": true, "latitude": -37.7669552, "longitude": 144.9530465 }, "geometry": { "type": "Point", "coordinates": [ 144.9530465, -37.7669552 ] } },
{ "type": "Feature", "properties": { "osm_id": "way/296873830", "name": "Accessible Toilet", "amenity_type": "accessible_toilet", "amenity": "toilets", "wheelchair": null, "toilets:wheelchair": null, "opening_hours": null, "operator": null, "description": null, "is_accessible": true, "latitude": -38.1478468, "longitude": 145.1444705 }, "geometry": { "type": "Point", "coordinates": [ 145.144470500000011, -38.1478468 ] } },
{ "type": "Feature", "properties": { "osm_id": "way/297571495", "name": "Accessible Toilet", "amenity_type": "accessible_toilet", "amenity": "toilets", "wheelchair": null, "toilets:wheelchair": null, "opening_hours": null, "operator": null, "description": null, "is_accessible": true, "latitude": -37.6208465, "longitude": 145.1345994 }, "geometry": { "type": "Point", "coordinates": [ 145.134599400000013, -37.6208465 ] } },
{ "type": "Feature", "properties": { "osm_id": "node/297661149", "name": "Accessible Toilet", "amenity_type": "accessible_toilet", "amenity": "toilets", "wheelchair": null, "toilets:wheelchair": null, "opening_hours": null, "operator": null, "description": null, "is_accessible": true, "latitude": -37.7301541, "longitude": 144.942933 }, "geometry": { "type": "Point", "coordinates": [ 144.942933, -37.7301541 ] } },
{ "type": "Feature", "properties": { "osm_id": "node/299027321", "name": "Accessible Toilet", "amenity_type": "accessible_toilet", "amenity": "toilets", "wheelchair": null, "toilets:wheelchair": null, "opening_hours": null, "operator": null, "description": null, "is_accessible": true, "latitude": -37.8007393, "longitude": 145.0097319 }, "geometry": { "type": "Point", "coordinates": [ 145.0097319, -37.8007393 ] } },
{ "type": "Feature", "properties": { "osm_id": "way/299627795", "name": "Female", "amenity_type": "accessible_toilet", "amenity": "toilets", "wheelchair": null, "toilets:wheelchair": null, "opening_hours": null, "operator": null, "description": null, "is_accessible": true, "latitude": -37.7007991, "longitude": 145.0206535 }, "geometry": { "type": "Point", "coordinates": [ 145.0206535, -37.7007991 ] } },
{ "type": "Feature", "properties": { "osm_id": "way/300233066", "name": "Accessible Toilet", "amenity_type": "accessible_toilet", "amenity": "toilets", "wheelchair": null, "toilets:wheelchair": null, "opening_hours": null, "operator": null, "description": null, "is_accessible": true, "latitude": -38.2677938, "longitude": 145.0138783 }, "geometry": { "type": "Point", "coordinates": [ 145.013878299999988, -38.2677938 ] } },
{ "type": "Feature", "properties": { "osm_id": "way/301067065", "name": "Binnak Park Toilets", "amenity_type": "accessible_toilet", "amenity": "toilets", "wheelchair": null, "toilets:wheelchair": null, "opening_hours": null, "operator": "City of Banyule", "description": null, "is_accessible": true, "latitude": -37.6963038, "longitude": 145.0807514 }, "geometry": { "type": "Point", "coordinates": [ 145.0807514, -37.6963038 ] } },
{ "type": "Feature", "properties": { "osm_id": "way/301069832", "name": "Accessible Toilet", "amenity_type": "accessible_toilet", "amenity": "toilets", "wheelchair": null, "toilets:wheelchair": null, "opening_hours": null, "operator": "City of Banyule", "description": null, "is_accessible": true, "latitude": -37.6919335, "longitude": 145.081216 }, "geometry": { "type": "Point", "coordinates": [ 145.081216, -37.6919335 ] } },
{ "type": "Feature", "properties": { "osm_id": "node/301363626", "name": "Accessible Toilet", "amenity_type": "accessible_toilet", "amenity": "toilets", "wheelchair": "yes", "toilets:wheelchair": null, "opening_hours": null, "operator": null, "description": null, "is_accessible": true, "latitude": -37.7252588, "longitude": 144.9575255 }, "geometry": { "type": "Point", "coordinates": [ 144.9575255, -37.7252588 ] } },
{ "type": "Feature", "properties": { "osm_id": "node/301373712", "name": "Accessible Toilet", "amenity_type": "accessible_toilet", "amenity": "toilets", "wheelchair": "yes", "toilets:wheelchair": null, "opening_hours": null, "operator": null, "description": null, "is_accessible": true, "latitude": -37.7202532, "longitude": 144.9604833 }, "geometry": { "type": "Point", "coordinates": [ 144.9604833, -37.7202532 ] } },
{ "type": "Feature", "properties": { "osm_id": "node/302210905", "name": "Accessible Toilet", "amenity_type": "accessible_toilet", "amenity": "toilets", "wheelchair": "yes", "toilets:wheelchair": null, "opening_hours": null, "operator": null, "description": null, "is_accessible": true, "latitude": -37.8294449, "longitude": 144.9799076 }, "geometry": { "type": "Point", "coordinates": [ 144.9799076, -37.8294449 ] } },
{ "type": "Feature", "properties": { "osm_id": "node/302571953", "name": "Accessible Toilet", "amenity_type": "accessible_toilet", "amenity": "toilets", "wheelchair": "yes", "toilets:wheelchair": null, "opening_hours": "24/7", "operator": null, "description": null, "is_accessible": true, "latitude": -37.802418, "longitude": 144.979111 }, "geometry": { "type": "Point", "coordinates": [ 144.979111, -37.802418 ] } },
{ "type": "Feature", "properties": { "osm_id": "node/305075011", "name": "Toilet 124", "amenity_type": "accessible_toilet", "amenity": "toilets", "wheelchair": "no", "toilets:wheelchair": null, "opening_hours": "24/7", "operator": null, "description": null, "is_accessible": true, "latitude": -37.80944, "longitude": 144.973057 }, "geometry": { "type": "Point", "coordinates": [ 144.973057, -37.80944 ] } },
{ "type": "Feature", "properties": { "osm_id": "node/306574653", "name": "Accessible Toilet", "amenity_type": "accessible_toilet", "amenity": "toilets", "wheelchair": null, "toilets:wheelchair": null, "opening_hours": null, "operator": null, "description": null, "is_accessible": true, "latitude": -37.7195302, "longitude": 145.1424335 }, "geometry": { "type": "Point", "coordinates": [ 145.14243350000001, -37.7195302 ] } },
{ "type": "Feature", "properties": { "osm_id": "node/307365728", "name": "Accessible Toilet", "amenity_type": "accessible_toilet", "amenity": "toilets", "wheelchair": "yes", "toilets:wheelchair": null, "opening_hours": null, "operator": null, "description": null, "is_accessible": true, "latitude": -37.7267549, "longitude": 145.1127258 }, "geometry": { "type": "Point", "coordinates": [ 145.1127258, -37.7267549 ] } },
{ "type": "Feature", "properties": { "osm_id": "way/307404819", "name": "Accessible Toilet", "amenity_type": "accessible_toilet", "amenity": "toilets", "wheelchair": null, "toilets:wheelchair": null, "opening_hours": null, "operator": null, "description": null, "is_accessible": true, "latitude": -37.7859335, "longitude": 144.9822493 }, "geometry": { "type": "Point", "coordinates": [ 144.9822493, -37.7859335 ] } },
{ "type": "Feature", "properties": { "osm_id": "node/307956749", "name": "Accessible Toilet", "amenity_type": "accessible_toilet", "amenity": "toilets", "wheelchair": "yes", "toilets:wheelchair": null, "opening_hours": null, "operator": null, "description": null, "is_accessible": true, "latitude": -37.7536214, "longitude": 145.1158797 }, "geometry": { "type": "Point", "coordinates": [ 145.1158797, -37.7536214 ] } },
{ "type": "Feature", "properties": { "osm_id": "node/308435391", "name": "Accessible Toilet", "amenity_type": "accessible_toilet", "amenity": "toilets", "wheelchair": "yes", "toilets:wheelchair": null, "opening_hours": null, "operator": null, "description": null, "is_accessible": true, "latitude": -37.8347557, "longitude": 144.9657978 }, "geometry": { "type": "Point", "coordinates": [ 144.9657978, -37.8347557 ] } },
{ "type": "Feature", "properties": { "osm_id": "way/308550427", "name": "Accessible Toilet", "amenity_type": "accessible_toilet", "amenity": "toilets", "wheelchair": "yes", "toilets:wheelchair": null, "opening_hours": null, "operator": null, "description": null, "is_accessible": true, "latitude": -38.1464227, "longitude": 145.1173703 }, "geometry": { "type": "Point", "coordinates": [ 145.1173703, -38.1464227 ] } },
{ "type": "Feature", "properties": { "osm_id": "node/310165002", "name": "Accessible Toilet", "amenity_type": "accessible_toilet", "amenity": "toilets", "wheelchair": null, "toilets:wheelchair": null, "opening_hours": null, "operator": null, "description": null, "is_accessible": true, "latitude": -37.9770038, "longitude": 145.0315842 }, "geometry": { "type": "Point", "coordinates": [ 145.0315842, -37.9770038 ] } },
{ "type": "Feature", "properties": { "osm_id": "node/311429156", "name": "Accessible Toilet", "amenity_type": "accessible_toilet", "amenity": "toilets", "wheelchair": null, "toilets:wheelchair": null, "opening_hours": null, "operator": null, "description": null, "is_accessible": true, "latitude": -37.8362651, "longitude": 145.0860377 }, "geometry": { "type": "Point", "coordinates": [ 145.0860377, -37.8362651 ] } },
{ "type": "Feature", "properties": { "osm_id": "node/311673325", "name": "Accessible Toilet", "amenity_type": "accessible_toilet", "amenity": "toilets", "wheelchair": null, "toilets:wheelchair": null, "opening_hours": null, "operator": null, "description": null, "is_accessible": true, "latitude": -37.7549863, "longitude": 145.0080644 }, "geometry": { "type": "Point", "coordinates": [ 145.0080644, -37.7549863 ] } },
{ "type": "Feature", "properties": { "osm_id": "way/311847069", "name": "Accessible Toilet", "amenity_type": "accessible_toilet", "amenity": "toilets", "wheelchair": null, "toilets:wheelchair": null, "opening_hours": null, "operator": null, "description": null, "is_accessible": true, "latitude": -37.7907645, "longitude": 145.0128265 }, "geometry": { "type": "Point", "coordinates": [ 145.012826499999989, -37.7907645 ] } },
{ "type": "Feature", "properties": { "osm_id": "node/311908912", "name": "Accessible Toilet", "amenity_type": "accessible_toilet", "amenity": "toilets", "wheelchair": "no", "toilets:wheelchair": null, "opening_hours": null, "operator": null, "description": null, "is_accessible": true, "latitude": -37.8040188, "longitude": 144.9590003 }, "geometry": { "type": "Point", "coordinates": [ 144.959000300000014, -37.8040188 ] } },
{ "type": "Feature", "properties": { "osm_id": "node/312111605", "name": "Accessible Toilet", "amenity_type": "accessible_toilet", "amenity": "toilets", "wheelchair": "limited", "toilets:wheelchair": null, "opening_hours": null, "operator": null, "description": null, "is_accessible": true, "latitude": -37.7566148, "longitude": 145.0742291 }, "geometry": { "type": "Point", "coordinates": [ 145.0742291, -37.7566148 ] } },
{ "type": "Feature", "properties": { "osm_id": "node/313108214", "name": "Accessible Toilet", "amenity_type": "accessible_toilet", "amenity": "toilets", "wheelchair": "designated", "toilets:wheelchair": null, "opening_hours": null, "operator": null, "description": null, "is_accessible": true, "latitude": -37.86, "longitude": 145.3809263 }, "geometry": { "type": "Point", "coordinates": [ 145.3809263, -37.86 ] } },
{ "type": "Feature", "properties": { "osm_id": "node/313108216", "name": "Accessible Toilet", "amenity_type": "accessible_toilet", "amenity": "toilets", "wheelchair": "designated", "toilets:wheelchair": null, "opening_hours": null, "operator": null, "description": null, "is_accessible": true, "latitude": -37.8262376, "longitude": 145.4057546 }, "geometry": { "type": "Point", "coordinates": [ 145.4057546, -37.8262376 ] } },
{ "type": "Feature", "properties": { "osm_id": "node/313429707", "name": "Accessible Toilet", "amenity_type": "accessible_toilet", "amenity": "toilets", "wheelchair": "yes", "toilets:wheelchair": null, "opening_hours": "Mo-Su 06:00-21:00", "operator": null, "description": null, "is_accessible": true, "latitude": -37.7046506, "longitude": 144.9145448 }, "geometry": { "type": "Point", "coordinates": [ 144.914544799999987, -37.7046506 ] } },
{ "type": "Feature", "properties": { "osm_id": "way/313934006", "name": "Simpson Park Community Facility", "amenity_type": "accessible_toilet", "amenity": "toilets", "wheelchair": "yes", "toilets:wheelchair": null, "opening_hours": "09:00-17:00", "operator": null, "description": null, "is_accessible": true, "latitude": -37.8244392, "longitude": 145.200483 }, "geometry": { "type": "Point", "coordinates": [ 145.200483, -37.8244392 ] } },
{ "type": "Feature", "properties": { "osm_id": "node/315676319", "name": "Accessible Toilet", "amenity_type": "accessible_toilet", "amenity": "toilets", "wheelchair": null, "toilets:wheelchair": null, "opening_hours": null, "operator": null, "description": null, "is_accessible": true, "latitude": -37.8463767, "longitude": 145.1436812 }, "geometry": { "type": "Point", "coordinates": [ 145.1436812, -37.8463767 ] } },
{ "type": "Feature", "properties": { "osm_id": "node/319157917", "name": "Accessible Toilet", "amenity_type": "accessible_toilet", "amenity": "toilets", "wheelchair": "yes", "toilets:wheelchair": null, "opening_hours": null, "operator": "Melbourne City Council", "description": null, "is_accessible": true, "latitude": -37.8062577, "longitude": 144.969196 }, "geometry": { "type": "Point", "coordinates": [ 144.969196, -37.8062577 ] } },
{ "type": "Feature", "properties": { "osm_id": "node/323857221", "name": "Public Toilets", "amenity_type": "accessible_toilet", "amenity": "toilets", "wheelchair": "yes", "toilets:wheelchair": null, "opening_hours": null, "operator": null, "description": null, "is_accessible": true, "latitude": -37.7590831, "longitude": 145.0011583 }, "geometry": { "type": "Point", "coordinates": [ 145.001158299999986, -37.7590831 ] } },
{ "type": "Feature", "properties": { "osm_id": "way/324163655", "name": "Accessible Toilet", "amenity_type": "accessible_toilet", "amenity": "toilets", "wheelchair": null, "toilets:wheelchair": null, "opening_hours": null, "operator": null, "description": null, "is_accessible": true, "latitude": -37.7341038, "longitude": 145.139944 }, "geometry": { "type": "Point", "coordinates": [ 145.139944, -37.7341038 ] } },
{ "type": "Feature", "properties": { "osm_id": "way/324163657", "name": "Accessible Toilet", "amenity_type": "accessible_toilet", "amenity": "toilets", "wheelchair": "yes", "toilets:wheelchair": null, "opening_hours": null, "operator": null, "description": null, "is_accessible": true, "latitude": -37.7343143, "longitude": 145.1421438 }, "geometry": { "type": "Point", "coordinates": [ 145.142143800000014, -37.7343143 ] } },
{ "type": "Feature", "properties": { "osm_id": "node/324209644", "name": "Accessible Toilet", "amenity_type": "accessible_toilet", "amenity": "toilets", "wheelchair": null, "toilets:wheelchair": null, "opening_hours": null, "operator": null, "description": null, "is_accessible": true, "latitude": -37.9057058, "longitude": 145.2011184 }, "geometry": { "type": "Point", "coordinates": [ 145.201118400000013, -37.9057058 ] } },
{ "type": "Feature", "properties": { "osm_id": "node/331120780", "name": "Tirhatuan Park Public Restroom", "amenity_type": "accessible_toilet", "amenity": "toilets", "wheelchair": "yes", "toilets:wheelchair": null, "opening_hours": null, "operator": null, "description": null, "is_accessible": true, "latitude": -37.9462289, "longitude": 145.2228649 }, "geometry": { "type": "Point", "coordinates": [ 145.2228649, -37.9462289 ] } },
{ "type": "Feature", "properties": { "osm_id": "way/338795091", "name": "Accessible Toilet", "amenity_type": "accessible_toilet", "amenity": "toilets", "wheelchair": null, "toilets:wheelchair": null, "opening_hours": null, "operator": null, "description": null, "is_accessible": true, "latitude": -37.8251394, "longitude": 144.9969532 }, "geometry": { "type": "Point", "coordinates": [ 144.9969532, -37.8251394 ] } },
{ "type": "Feature", "properties": { "osm_id": "way/339312070", "name": "Accessible Toilet", "amenity_type": "accessible_toilet", "amenity": "toilets", "wheelchair": null, "toilets:wheelchair": null, "opening_hours": null, "operator": null, "description": null, "is_accessible": true, "latitude": -38.4508309, "longitude": 144.9142271 }, "geometry": { "type": "Point", "coordinates": [ 144.9142271, -38.4508309 ] } },
{ "type": "Feature", "properties": { "osm_id": "node/340189977", "name": "Accessible Toilet", "amenity_type": "accessible_toilet", "amenity": "toilets", "wheelchair": null, "toilets:wheelchair": null, "opening_hours": null, "operator": null, "description": null, "is_accessible": true, "latitude": -37.731941, "longitude": 145.2414224 }, "geometry": { "type": "Point", "coordinates": [ 145.2414224, -37.731941 ] } },
{ "type": "Feature", "properties": { "osm_id": "node/348140972", "name": "Accessible Toilet", "amenity_type": "accessible_toilet", "amenity": "toilets", "wheelchair": null, "toilets:wheelchair": null, "opening_hours": null, "operator": null, "description": null, "is_accessible": true, "latitude": -37.8738609, "longitude": 145.1479275 }, "geometry": { "type": "Point", "coordinates": [ 145.1479275, -37.8738609 ] } },
{ "type": "Feature", "properties": { "osm_id": "node/348189212", "name": "Accessible Toilet", "amenity_type": "accessible_toilet", "amenity": "toilets", "wheelchair": null, "toilets:wheelchair": null, "opening_hours": null, "operator": null, "description": null, "is_accessible": true, "latitude": -37.6284001, "longitude": 144.720969 }, "geometry": { "type": "Point", "coordinates": [ 144.720969, -37.6284001 ] } },
{ "type": "Feature", "properties": { "osm_id": "node/354163710", "name": "Accessible Toilet", "amenity_type": "accessible_toilet", "amenity": "toilets", "wheelchair": null, "toilets:wheelchair": null, "opening_hours": null, "operator": null, "description": null, "is_accessible": true, "latitude": -37.9224621, "longitude": 145.043359 }, "geometry": { "type": "Point", "coordinates": [ 145.043359, -37.9224621 ] } },
{ "type": "Feature", "properties": { "osm_id": "node/356493973", "name": "Accessible Toilet", "amenity_type": "accessible_toilet", "amenity": "toilets", "wheelchair": null, "toilets:wheelchair": null, "opening_hours": null, "operator": null, "description": null, "is_accessible": true, "latitude": -37.8736472, "longitude": 145.3772031 }, "geometry": { "type": "Point", "coordinates": [ 145.3772031, -37.8736472 ] } },
{ "type": "Feature", "properties": { "osm_id": "node/356631072", "name": "Accessible Toilet", "amenity_type": "accessible_toilet", "amenity": "toilets", "wheelchair": "yes", "toilets:wheelchair": null, "opening_hours": null, "operator": null, "description": null, "is_accessible": true, "latitude": -37.8816485, "longitude": 145.359314 }, "geometry": { "type": "Point", "coordinates": [ 145.359314, -37.8816485 ] } },
{ "type": "Feature", "properties": { "osm_id": "node/357080124", "name": "Accessible Toilet", "amenity_type": "accessible_toilet", "amenity": "toilets", "wheelchair": "yes", "toilets:wheelchair": null, "opening_hours": null, "operator": null, "description": null, "is_accessible": true, "latitude": -38.3290893, "longitude": 144.6955876 }, "geometry": { "type": "Point", "coordinates": [ 144.69558760000001, -38.3290893 ] } },
{ "type": "Feature", "properties": { "osm_id": "way/358304352", "name": "Accessible Toilet", "amenity_type": "accessible_toilet", "amenity": "toilets", "wheelchair": null, "toilets:wheelchair": null, "opening_hours": null, "operator": null, "description": null, "is_accessible": true, "latitude": -37.740606, "longitude": 145.0021151 }, "geometry": { "type": "Point", "coordinates": [ 145.0021151, -37.740606 ] } },
{ "type": "Feature", "properties": { "osm_id": "way/361657332", "name": "Accessible Toilet", "amenity_type": "accessible_toilet", "amenity": "toilets", "wheelchair": null, "toilets:wheelchair": null, "opening_hours": null, "operator": null, "description": null, "is_accessible": true, "latitude": -37.7036831, "longitude": 145.0392094 }, "geometry": { "type": "Point", "coordinates": [ 145.0392094, -37.7036831 ] } },
{ "type": "Feature", "properties": { "osm_id": "way/361748843", "name": "Accessible Toilet", "amenity_type": "accessible_toilet", "amenity": "toilets", "wheelchair": "limited", "toilets:wheelchair": null, "opening_hours": null, "operator": "moreland city council", "description": null, "is_accessible": true, "latitude": -37.759928, "longitude": 144.9642269 }, "geometry": { "type": "Point", "coordinates": [ 144.9642269, -37.759928 ] } },
{ "type": "Feature", "properties": { "osm_id": "way/362189952", "name": "Accessible Toilet", "amenity_type": "accessible_toilet", "amenity": "toilets", "wheelchair": null, "toilets:wheelchair": null, "opening_hours": null, "operator": null, "description": null, "is_accessible": true, "latitude": -37.7458381, "longitude": 144.998319 }, "geometry": { "type": "Point", "coordinates": [ 144.998319, -37.7458381 ] } },
{ "type": "Feature", "properties": { "osm_id": "way/362402963", "name": "Accessible Toilet", "amenity_type": "accessible_toilet", "amenity": "toilets", "wheelchair": null, "toilets:wheelchair": null, "opening_hours": null, "operator": null, "description": null, "is_accessible": true, "latitude": -37.7660267, "longitude": 144.9804473 }, "geometry": { "type": "Point", "coordinates": [ 144.9804473, -37.7660267 ] } },
{ "type": "Feature", "properties": { "osm_id": "way/362402964", "name": "Accessible Toilet", "amenity_type": "accessible_toilet", "amenity": "toilets", "wheelchair": null, "toilets:wheelchair": null, "opening_hours": null, "operator": null, "description": null, "is_accessible": true, "latitude": -37.766031, "longitude": 144.9804802 }, "geometry": { "type": "Point", "coordinates": [ 144.980480199999988, -37.766031 ] } },
{ "type": "Feature", "properties": { "osm_id": "node/365531940", "name": "Accessible Toilet", "amenity_type": "accessible_toilet", "amenity": "toilets", "wheelchair": "limited", "toilets:wheelchair": null, "opening_hours": "24/7", "operator": null, "description": null, "is_accessible": true, "latitude": -37.8871538, "longitude": 145.3701571 }, "geometry": { "type": "Point", "coordinates": [ 145.3701571, -37.8871538 ] } },
{ "type": "Feature", "properties": { "osm_id": "node/366885817", "name": "Accessible Toilet", "amenity_type": "accessible_toilet", "amenity": "toilets", "wheelchair": null, "toilets:wheelchair": null, "opening_hours": null, "operator": null, "description": null, "is_accessible": true, "latitude": -37.7656884, "longitude": 144.9519303 }, "geometry": { "type": "Point", "coordinates": [ 144.951930299999987, -37.7656884 ] } },
{ "type": "Feature", "properties": { "osm_id": "node/368131639", "name": "Public Urinals", "amenity_type": "accessible_toilet", "amenity": "toilets", "wheelchair": null, "toilets:wheelchair": "no", "opening_hours": null, "operator": null, "description": "Urinals only", "is_accessible": true, "latitude": -37.7930152, "longitude": 144.9740095 }, "geometry": { "type": "Point", "coordinates": [ 144.9740095, -37.7930152 ] } },
{ "type": "Feature", "properties": { "osm_id": "way/382986490", "name": "Accessible Toilet", "amenity_type": "accessible_toilet", "amenity": "toilets", "wheelchair": null, "toilets:wheelchair": null, "opening_hours": null, "operator": null, "description": null, "is_accessible": true, "latitude": -37.6497993, "longitude": 145.1180633 }, "geometry": { "type": "Point", "coordinates": [ 145.118063299999989, -37.6497993 ] } },
{ "type": "Feature", "properties": { "osm_id": "node/389440327", "name": "Accessible Toilet", "amenity_type": "accessible_toilet", "amenity": "toilets", "wheelchair": "yes", "toilets:wheelchair": null, "opening_hours": "Mo-Su 08:00-18:00", "operator": null, "description": null, "is_accessible": true, "latitude": -37.7050795, "longitude": 144.9536716 }, "geometry": { "type": "Point", "coordinates": [ 144.9536716, -37.7050795 ] } },
{ "type": "Feature", "properties": { "osm_id": "way/391821605", "name": "Accessible Toilet", "amenity_type": "accessible_toilet", "amenity": "toilets", "wheelchair": null, "toilets:wheelchair": null, "opening_hours": null, "operator": null, "description": null, "is_accessible": true, "latitude": -37.8241713, "longitude": 144.8495496 }, "geometry": { "type": "Point", "coordinates": [ 144.849549599999989, -37.8241713 ] } },
{ "type": "Feature", "properties": { "osm_id": "node/393127355", "name": "Accessible Toilet", "amenity_type": "accessible_toilet", "amenity": "toilets", "wheelchair": null, "toilets:wheelchair": null, "opening_hours": null, "operator": null, "description": null, "is_accessible": true, "latitude": -37.7090733, "longitude": 144.960173 }, "geometry": { "type": "Point", "coordinates": [ 144.960173, -37.7090733 ] } },
{ "type": "Feature", "properties": { "osm_id": "node/401507879", "name": "Accessible Toilet", "amenity_type": "accessible_toilet", "amenity": "toilets", "wheelchair": "yes", "toilets:wheelchair": null, "opening_hours": "Mo-Su,PH 07:00-19:00", "operator": null, "description": null, "is_accessible": true, "latitude": -37.7972669, "longitude": 144.9842867 }, "geometry": { "type": "Point", "coordinates": [ 144.984286700000013, -37.7972669 ] } },
{ "type": "Feature", "properties": { "osm_id": "way/404194029", "name": "Accessible Toilet", "amenity_type": "accessible_toilet", "amenity": "toilets", "wheelchair": null, "toilets:wheelchair": null, "opening_hours": null, "operator": null, "description": null, "is_accessible": true, "latitude": -37.9163708, "longitude": 145.3267787 }, "geometry": { "type": "Point", "coordinates": [ 145.3267787, -37.9163708 ] } },
{ "type": "Feature", "properties": { "osm_id": "node/408109046", "name": "Toilet 14", "amenity_type": "accessible_toilet", "amenity": "toilets", "wheelchair": null, "toilets:wheelchair": null, "opening_hours": null, "operator": "Melbourne City Council", "description": null, "is_accessible": true, "latitude": -37.8159838, "longitude": 144.9728004 }, "geometry": { "type": "Point", "coordinates": [ 144.972800400000011, -37.8159838 ] } },
{ "type": "Feature", "properties": { "osm_id": "node/411290389", "name": "Accessible Toilet", "amenity_type": "accessible_toilet", "amenity": "toilets", "wheelchair": null, "toilets:wheelchair": null, "opening_hours": null, "operator": null, "description": null, "is_accessible": true, "latitude": -37.8974242, "longitude": 145.1941245 }, "geometry": { "type": "Point", "coordinates": [ 145.194124499999987, -37.8974242 ] } },
{ "type": "Feature", "properties": { "osm_id": "node/414613148", "name": "Accessible Toilet", "amenity_type": "accessible_toilet", "amenity": "toilets", "wheelchair": "yes", "toilets:wheelchair": null, "opening_hours": null, "operator": null, "description": null, "is_accessible": true, "latitude": -37.7830322, "longitude": 144.941865 }, "geometry": { "type": "Point", "coordinates": [ 144.941865, -37.7830322 ] } },
{ "type": "Feature", "properties": { "osm_id": "node/419632512", "name": "Accessible Toilet", "amenity_type": "accessible_toilet", "amenity": "toilets", "wheelchair": null, "toilets:wheelchair": null, "opening_hours": null, "operator": null, "description": null, "is_accessible": true, "latitude": -37.8179534, "longitude": 144.9945481 }, "geometry": { "type": "Point", "coordinates": [ 144.9945481, -37.8179534 ] } },
{ "type": "Feature", "properties": { "osm_id": "node/420022660", "name": "Accessible Toilet", "amenity_type": "accessible_toilet", "amenity": "toilets", "wheelchair": null, "toilets:wheelchair": null, "opening_hours": null, "operator": null, "description": null, "is_accessible": true, "latitude": -37.8102061, "longitude": 144.9984425 }, "geometry": { "type": "Point", "coordinates": [ 144.99844250000001, -37.8102061 ] } },
{ "type": "Feature", "properties": { "osm_id": "node/427550980", "name": "Accessible Toilet", "amenity_type": "accessible_toilet", "amenity": "toilets", "wheelchair": null, "toilets:wheelchair": null, "opening_hours": null, "operator": null, "description": null, "is_accessible": true, "latitude": -37.7855765, "longitude": 144.9528937 }, "geometry": { "type": "Point", "coordinates": [ 144.9528937, -37.7855765 ] } },
{ "type": "Feature", "properties": { "osm_id": "node/429409145", "name": "Accessible Toilet", "amenity_type": "accessible_toilet", "amenity": "toilets", "wheelchair": null, "toilets:wheelchair": null, "opening_hours": null, "operator": null, "description": null, "is_accessible": true, "latitude": -38.3335111, "longitude": 144.7040744 }, "geometry": { "type": "Point", "coordinates": [ 144.7040744, -38.3335111 ] } },
{ "type": "Feature", "properties": { "osm_id": "way/437414961", "name": "Accessible Toilet", "amenity_type": "accessible_toilet", "amenity": "toilets", "wheelchair": null, "toilets:wheelchair": null, "opening_hours": null, "operator": null, "description": null, "is_accessible": true, "latitude": -37.9753615, "longitude": 145.0153217 }, "geometry": { "type": "Point", "coordinates": [ 145.015321699999987, -37.9753615 ] } },
{ "type": "Feature", "properties": { "osm_id": "way/437414962", "name": "Accessible Toilet", "amenity_type": "accessible_toilet", "amenity": "toilets", "wheelchair": null, "toilets:wheelchair": null, "opening_hours": null, "operator": null, "description": null, "is_accessible": true, "latitude": -37.9751496, "longitude": 145.0152043 }, "geometry": { "type": "Point", "coordinates": [ 145.0152043, -37.9751496 ] } },
{ "type": "Feature", "properties": { "osm_id": "node/442409053", "name": "Accessible Toilet", "amenity_type": "accessible_toilet", "amenity": "toilets", "wheelchair": null, "toilets:wheelchair": null, "opening_hours": null, "operator": null, "description": null, "is_accessible": true, "latitude": -37.9366967, "longitude": 145.3891778 }, "geometry": { "type": "Point", "coordinates": [ 145.3891778, -37.9366967 ] } },
{ "type": "Feature", "properties": { "osm_id": "way/443362023", "name": "Accessible Toilet", "amenity_type": "accessible_toilet", "amenity": "toilets", "wheelchair": "yes", "toilets:wheelchair": null, "opening_hours": null, "operator": null, "description": null, "is_accessible": true, "latitude": -37.7391846, "longitude": 145.269717 }, "geometry": { "type": "Point", "coordinates": [ 145.269717, -37.7391846 ] } },
{ "type": "Feature", "properties": { "osm_id": "node/443559990", "name": "Accessible Toilet", "amenity_type": "accessible_toilet", "amenity": "toilets", "wheelchair": null, "toilets:wheelchair": null, "opening_hours": null, "operator": null, "description": null, "is_accessible": true, "latitude": -37.688172, "longitude": 144.8993014 }, "geometry": { "type": "Point", "coordinates": [ 144.899301400000013, -37.688172 ] } },
{ "type": "Feature", "properties": { "osm_id": "node/445411886", "name": "Comfort Station", "amenity_type": "accessible_toilet", "amenity": "toilets", "wheelchair": null, "toilets:wheelchair": null, "opening_hours": null, "operator": null, "description": null, "is_accessible": true, "latitude": -38.1440875, "longitude": 145.1203638 }, "geometry": { "type": "Point", "coordinates": [ 145.1203638, -38.1440875 ] } },
{ "type": "Feature", "properties": { "osm_id": "way/447604595", "name": "Accessible Toilet", "amenity_type": "accessible_toilet", "amenity": "toilets", "wheelchair": "yes", "toilets:wheelchair": null, "opening_hours": "Mo-Su 09:00-17:00; Dec 25 off", "operator": null, "description": null, "is_accessible": true, "latitude": -38.130539, "longitude": 145.2692483 }, "geometry": { "type": "Point", "coordinates": [ 145.269248299999987, -38.130539 ] } },
{ "type": "Feature", "properties": { "osm_id": "way/452611058", "name": "Accessible Toilet", "amenity_type": "accessible_toilet", "amenity": "toilets", "wheelchair": "yes", "toilets:wheelchair": null, "opening_hours": null, "operator": null, "description": null, "is_accessible": true, "latitude": -37.6138593, "longitude": 145.6044784 }, "geometry": { "type": "Point", "coordinates": [ 145.6044784, -37.6138593 ] } },
{ "type": "Feature", "properties": { "osm_id": "way/465844908", "name": "Accessible Toilet", "amenity_type": "accessible_toilet", "amenity": "toilets", "wheelchair": "no", "toilets:wheelchair": null, "opening_hours": "24/7", "operator": null, "description": null, "is_accessible": true, "latitude": -37.7114314, "longitude": 145.1091056 }, "geometry": { "type": "Point", "coordinates": [ 145.1091056, -37.7114314 ] } },
{ "type": "Feature", "properties": { "osm_id": "node/467008860", "name": "Accessible Toilet", "amenity_type": "accessible_toilet", "amenity": "toilets", "wheelchair": null, "toilets:wheelchair": null, "opening_hours": null, "operator": null, "description": null, "is_accessible": true, "latitude": -37.7648164, "longitude": 144.9512994 }, "geometry": { "type": "Point", "coordinates": [ 144.951299400000011, -37.7648164 ] } },
{ "type": "Feature", "properties": { "osm_id": "node/469738469", "name": "Accessible Toilet", "amenity_type": "accessible_toilet", "amenity": "toilets", "wheelchair": null, "toilets:wheelchair": null, "opening_hours": null, "operator": null, "description": null, "is_accessible": true, "latitude": -37.9913648, "longitude": 145.1263757 }, "geometry": { "type": "Point", "coordinates": [ 145.126375700000011, -37.9913648 ] } },
{ "type": "Feature", "properties": { "osm_id": "way/470112596", "name": "Accessible Toilet", "amenity_type": "accessible_toilet", "amenity": "toilets", "wheelchair": null, "toilets:wheelchair": null, "opening_hours": null, "operator": null, "description": null, "is_accessible": true, "latitude": -37.7225445, "longitude": 144.9966299 }, "geometry": { "type": "Point", "coordinates": [ 144.996629899999988, -37.7225445 ] } },
{ "type": "Feature", "properties": { "osm_id": "node/470222911", "name": "Accessible Toilet", "amenity_type": "accessible_toilet", "amenity": "toilets", "wheelchair": null, "toilets:wheelchair": null, "opening_hours": null, "operator": null, "description": null, "is_accessible": true, "latitude": -37.9511233, "longitude": 145.2506204 }, "geometry": { "type": "Point", "coordinates": [ 145.2506204, -37.9511233 ] } },
{ "type": "Feature", "properties": { "osm_id": "node/472236182", "name": "Public Toilets", "amenity_type": "accessible_toilet", "amenity": "toilets", "wheelchair": "yes", "toilets:wheelchair": null, "opening_hours": null, "operator": null, "description": null, "is_accessible": true, "latitude": -37.8020642, "longitude": 144.9664322 }, "geometry": { "type": "Point", "coordinates": [ 144.966432200000014, -37.8020642 ] } },
{ "type": "Feature", "properties": { "osm_id": "way/474357821", "name": "Accessible Toilet", "amenity_type": "accessible_toilet", "amenity": "toilets", "wheelchair": null, "toilets:wheelchair": null, "opening_hours": null, "operator": null, "description": null, "is_accessible": true, "latitude": -37.8141392, "longitude": 144.8984377 }, "geometry": { "type": "Point", "coordinates": [ 144.898437699999988, -37.8141392 ] } },
{ "type": "Feature", "properties": { "osm_id": "node/474424117", "name": "Accessible Toilet", "amenity_type": "accessible_toilet", "amenity": "toilets", "wheelchair": null, "toilets:wheelchair": null, "opening_hours": null, "operator": null, "description": null, "is_accessible": true, "latitude": -37.9788156, "longitude": 145.0453278 }, "geometry": { "type": "Point", "coordinates": [ 145.0453278, -37.9788156 ] } },
{ "type": "Feature", "properties": { "osm_id": "node/477290060", "name": "Accessible Toilet", "amenity_type": "accessible_toilet", "amenity": "toilets", "wheelchair": null, "toilets:wheelchair": null, "opening_hours": null, "operator": null, "description": null, "is_accessible": true, "latitude": -37.7969738, "longitude": 145.0190034 }, "geometry": { "type": "Point", "coordinates": [ 145.0190034, -37.7969738 ] } },
{ "type": "Feature", "properties": { "osm_id": "node/479754804", "name": "Accessible Toilet", "amenity_type": "accessible_toilet", "amenity": "toilets", "wheelchair": "yes", "toilets:wheelchair": null, "opening_hours": null, "operator": null, "description": null, "is_accessible": true, "latitude": -37.7850873, "longitude": 145.0113339 }, "geometry": { "type": "Point", "coordinates": [ 145.011333900000011, -37.7850873 ] } },
{ "type": "Feature", "properties": { "osm_id": "node/480641704", "name": "Accessible Toilet", "amenity_type": "accessible_toilet", "amenity": "toilets", "wheelchair": null, "toilets:wheelchair": null, "opening_hours": null, "operator": null, "description": null, "is_accessible": true, "latitude": -38.007117, "longitude": 145.1339009 }, "geometry": { "type": "Point", "coordinates": [ 145.133900899999986, -38.007117 ] } },
{ "type": "Feature", "properties": { "osm_id": "way/480772043", "name": "Accessible Toilet", "amenity_type": "accessible_toilet", "amenity": "toilets", "wheelchair": "yes", "toilets:wheelchair": null, "opening_hours": null, "operator": null, "description": null, "is_accessible": true, "latitude": -37.972466, "longitude": 144.6876481 }, "geometry": { "type": "Point", "coordinates": [ 144.6876481, -37.972466 ] } },
{ "type": "Feature", "properties": { "osm_id": "way/480776712", "name": "Accessible Toilet", "amenity_type": "accessible_toilet", "amenity": "toilets", "wheelchair": "yes", "toilets:wheelchair": null, "opening_hours": null, "operator": null, "description": null, "is_accessible": true, "latitude": -37.5207001, "longitude": 145.1106826 }, "geometry": { "type": "Point", "coordinates": [ 145.1106826, -37.5207001 ] } },
{ "type": "Feature", "properties": { "osm_id": "node/481586175", "name": "Accessible Toilet", "amenity_type": "accessible_toilet", "amenity": "toilets", "wheelchair": "yes", "toilets:wheelchair": null, "opening_hours": null, "operator": null, "description": null, "is_accessible": true, "latitude": -37.7414894, "longitude": 145.2096066 }, "geometry": { "type": "Point", "coordinates": [ 145.2096066, -37.7414894 ] } },
{ "type": "Feature", "properties": { "osm_id": "way/484517989", "name": "Accessible Toilet", "amenity_type": "accessible_toilet", "amenity": "toilets", "wheelchair": null, "toilets:wheelchair": null, "opening_hours": null, "operator": null, "description": null, "is_accessible": true, "latitude": -37.7692277, "longitude": 145.0428131 }, "geometry": { "type": "Point", "coordinates": [ 145.042813099999989, -37.7692277 ] } },
{ "type": "Feature", "properties": { "osm_id": "way/489212322", "name": "Accessible Toilet", "amenity_type": "accessible_toilet", "amenity": "toilets", "wheelchair": "yes", "toilets:wheelchair": null, "opening_hours": null, "operator": null, "description": null, "is_accessible": true, "latitude": -38.1826664, "longitude": 145.0915269 }, "geometry": { "type": "Point", "coordinates": [ 145.0915269, -38.1826664 ] } },
{ "type": "Feature", "properties": { "osm_id": "way/490254372", "name": "Accessible Toilet", "amenity_type": "accessible_toilet", "amenity": "toilets", "wheelchair": null, "toilets:wheelchair": null, "opening_hours": null, "operator": null, "description": null, "is_accessible": true, "latitude": -37.8285549, "longitude": 144.8469521 }, "geometry": { "type": "Point", "coordinates": [ 144.84695210000001, -37.8285549 ] } },
{ "type": "Feature", "properties": { "osm_id": "node/493878999", "name": "Accessible Toilet", "amenity_type": "accessible_toilet", "amenity": "toilets", "wheelchair": "yes", "toilets:wheelchair": null, "opening_hours": null, "operator": null, "description": null, "is_accessible": true, "latitude": -37.7937172, "longitude": 144.930359 }, "geometry": { "type": "Point", "coordinates": [ 144.930359, -37.7937172 ] } },
{ "type": "Feature", "properties": { "osm_id": "node/496447183", "name": "Accessible Toilet", "amenity_type": "accessible_toilet", "amenity": "toilets", "wheelchair": null, "toilets:wheelchair": null, "opening_hours": "sunrise-sunset", "operator": null, "description": null, "is_accessible": true, "latitude": -37.7711794, "longitude": 144.9444271 }, "geometry": { "type": "Point", "coordinates": [ 144.944427100000013, -37.7711794 ] } },
{ "type": "Feature", "properties": { "osm_id": "node/498652054", "name": "Accessible Toilet", "amenity_type": "accessible_toilet", "amenity": "toilets", "wheelchair": null, "toilets:wheelchair": null, "opening_hours": null, "operator": null, "description": null, "is_accessible": true, "latitude": -37.7367931, "longitude": 145.223029 }, "geometry": { "type": "Point", "coordinates": [ 145.223029, -37.7367931 ] } },
{ "type": "Feature", "properties": { "osm_id": "way/501388723", "name": "Accessible Toilet", "amenity_type": "accessible_toilet", "amenity": "toilets", "wheelchair": null, "toilets:wheelchair": null, "opening_hours": null, "operator": null, "description": null, "is_accessible": true, "latitude": -37.9334224, "longitude": 145.4402969 }, "geometry": { "type": "Point", "coordinates": [ 145.4402969, -37.9334224 ] } },
{ "type": "Feature", "properties": { "osm_id": "way/503050422", "name": "Accessible Toilet", "amenity_type": "accessible_toilet", "amenity": "toilets", "wheelchair": null, "toilets:wheelchair": null, "opening_hours": null, "operator": null, "description": null, "is_accessible": true, "latitude": -37.9268266, "longitude": 145.3503794 }, "geometry": { "type": "Point", "coordinates": [ 145.3503794, -37.9268266 ] } },
{ "type": "Feature", "properties": { "osm_id": "way/503287065", "name": "Accessible Toilet", "amenity_type": "accessible_toilet", "amenity": "toilets", "wheelchair": null, "toilets:wheelchair": null, "opening_hours": null, "operator": null, "description": null, "is_accessible": true, "latitude": -37.7892726, "longitude": 145.045765 }, "geometry": { "type": "Point", "coordinates": [ 145.045765, -37.7892726 ] } },
{ "type": "Feature", "properties": { "osm_id": "way/515522836", "name": "Accessible Toilet", "amenity_type": "accessible_toilet", "amenity": "toilets", "wheelchair": null, "toilets:wheelchair": null, "opening_hours": null, "operator": null, "description": null, "is_accessible": true, "latitude": -37.7921275, "longitude": 144.9933977 }, "geometry": { "type": "Point", "coordinates": [ 144.9933977, -37.7921275 ] } },
{ "type": "Feature", "properties": { "osm_id": "way/531018973", "name": "Accessible Toilet", "amenity_type": "accessible_toilet", "amenity": "toilets", "wheelchair": "yes", "toilets:wheelchair": null, "opening_hours": "\"from sunrise to sunset\"", "operator": "moreland city council", "description": null, "is_accessible": true, "latitude": -37.7623308, "longitude": 144.9792247 }, "geometry": { "type": "Point", "coordinates": [ 144.9792247, -37.7623308 ] } },
{ "type": "Feature", "properties": { "osm_id": "way/531020349", "name": "Accessible Toilet", "amenity_type": "accessible_toilet", "amenity": "toilets", "wheelchair": null, "toilets:wheelchair": null, "opening_hours": null, "operator": null, "description": null, "is_accessible": true, "latitude": -37.6552212, "longitude": 144.8984542 }, "geometry": { "type": "Point", "coordinates": [ 144.8984542, -37.6552212 ] } },
{ "type": "Feature", "properties": { "osm_id": "node/531390733", "name": "Accessible Toilet", "amenity_type": "accessible_toilet", "amenity": "toilets", "wheelchair": "yes", "toilets:wheelchair": null, "opening_hours": "24/7", "operator": "City of Melbourne", "description": null, "is_accessible": true, "latitude": -37.8217324, "longitude": 144.9474251 }, "geometry": { "type": "Point", "coordinates": [ 144.9474251, -37.8217324 ] } },
{ "type": "Feature", "properties": { "osm_id": "node/535017181", "name": "Accessible Toilet", "amenity_type": "accessible_toilet", "amenity": "toilets", "wheelchair": null, "toilets:wheelchair": null, "opening_hours": null, "operator": null, "description": null, "is_accessible": true, "latitude": -37.8390176, "longitude": 144.987417 }, "geometry": { "type": "Point", "coordinates": [ 144.987417, -37.8390176 ] } },
{ "type": "Feature", "properties": { "osm_id": "way/538981000", "name": "Accessible Toilet", "amenity_type": "accessible_toilet", "amenity": "toilets", "wheelchair": null, "toilets:wheelchair": null, "opening_hours": null, "operator": null, "description": null, "is_accessible": true, "latitude": -37.9666285, "longitude": 145.1756134 }, "geometry": { "type": "Point", "coordinates": [ 145.1756134, -37.9666285 ] } },
{ "type": "Feature", "properties": { "osm_id": "way/543294970", "name": "Accessible Toilet", "amenity_type": "accessible_toilet", "amenity": "toilets", "wheelchair": null, "toilets:wheelchair": null, "opening_hours": null, "operator": null, "description": null, "is_accessible": true, "latitude": -37.9829582, "longitude": 145.2026229 }, "geometry": { "type": "Point", "coordinates": [ 145.2026229, -37.9829582 ] } },
{ "type": "Feature", "properties": { "osm_id": "way/543418853", "name": "Public Toilets", "amenity_type": "accessible_toilet", "amenity": "toilets", "wheelchair": "yes", "toilets:wheelchair": null, "opening_hours": null, "operator": null, "description": null, "is_accessible": true, "latitude": -37.6666844, "longitude": 145.064223 }, "geometry": { "type": "Point", "coordinates": [ 145.064223, -37.6666844 ] } },
{ "type": "Feature", "properties": { "osm_id": "way/544120126", "name": "Accessible Toilet", "amenity_type": "accessible_toilet", "amenity": "toilets", "wheelchair": null, "toilets:wheelchair": null, "opening_hours": null, "operator": null, "description": null, "is_accessible": true, "latitude": -37.9630126, "longitude": 145.1536486 }, "geometry": { "type": "Point", "coordinates": [ 145.1536486, -37.9630126 ] } },
{ "type": "Feature", "properties": { "osm_id": "way/544664789", "name": "Accessible Toilet", "amenity_type": "accessible_toilet", "amenity": "toilets", "wheelchair": "yes", "toilets:wheelchair": null, "opening_hours": null, "operator": null, "description": null, "is_accessible": true, "latitude": -37.9009217, "longitude": 144.6644089 }, "geometry": { "type": "Point", "coordinates": [ 144.664408900000012, -37.9009217 ] } },
{ "type": "Feature", "properties": { "osm_id": "node/551549095", "name": "Accessible Toilet", "amenity_type": "accessible_toilet", "amenity": "toilets", "wheelchair": null, "toilets:wheelchair": null, "opening_hours": null, "operator": null, "description": null, "is_accessible": true, "latitude": -37.8764376, "longitude": 145.128372 }, "geometry": { "type": "Point", "coordinates": [ 145.128372, -37.8764376 ] } },
{ "type": "Feature", "properties": { "osm_id": "way/552095041", "name": "Accessible Toilet", "amenity_type": "accessible_toilet", "amenity": "toilets", "wheelchair": null, "toilets:wheelchair": null, "opening_hours": null, "operator": null, "description": null, "is_accessible": true, "latitude": -37.6531184, "longitude": 145.521977 }, "geometry": { "type": "Point", "coordinates": [ 145.521977, -37.6531184 ] } },
{ "type": "Feature", "properties": { "osm_id": "node/555696508", "name": "Accessible Toilet", "amenity_type": "accessible_toilet", "amenity": "toilets", "wheelchair": "limited", "toilets:wheelchair": null, "opening_hours": null, "operator": null, "description": null, "is_accessible": true, "latitude": -37.8354328, "longitude": 144.9734189 }, "geometry": { "type": "Point", "coordinates": [ 144.973418900000013, -37.8354328 ] } },
{ "type": "Feature", "properties": { "osm_id": "way/556683232", "name": "Accessible Toilet", "amenity_type": "accessible_toilet", "amenity": "toilets", "wheelchair": null, "toilets:wheelchair": null, "opening_hours": null, "operator": null, "description": null, "is_accessible": true, "latitude": -37.8645759, "longitude": 145.2848239 }, "geometry": { "type": "Point", "coordinates": [ 145.2848239, -37.8645759 ] } },
{ "type": "Feature", "properties": { "osm_id": "way/557278770", "name": "Toilet", "amenity_type": "accessible_toilet", "amenity": "toilets", "wheelchair": null, "toilets:wheelchair": null, "opening_hours": null, "operator": null, "description": null, "is_accessible": true, "latitude": -37.8551856, "longitude": 145.3641941 }, "geometry": { "type": "Point", "coordinates": [ 145.3641941, -37.8551856 ] } },
{ "type": "Feature", "properties": { "osm_id": "way/560618751", "name": "Accessible Toilet", "amenity_type": "accessible_toilet", "amenity": "toilets", "wheelchair": null, "toilets:wheelchair": null, "opening_hours": null, "operator": null, "description": null, "is_accessible": true, "latitude": -37.8559838, "longitude": 145.3739503 }, "geometry": { "type": "Point", "coordinates": [ 145.3739503, -37.8559838 ] } },
{ "type": "Feature", "properties": { "osm_id": "way/560618752", "name": "Accessible Toilet", "amenity_type": "accessible_toilet", "amenity": "toilets", "wheelchair": "yes", "toilets:wheelchair": null, "opening_hours": null, "operator": null, "description": null, "is_accessible": true, "latitude": -37.8559753, "longitude": 145.3740176 }, "geometry": { "type": "Point", "coordinates": [ 145.3740176, -37.8559753 ] } },
{ "type": "Feature", "properties": { "osm_id": "way/560618754", "name": "Accessible Toilet", "amenity_type": "accessible_toilet", "amenity": "toilets", "wheelchair": null, "toilets:wheelchair": null, "opening_hours": null, "operator": null, "description": null, "is_accessible": true, "latitude": -37.8559987, "longitude": 145.3741968 }, "geometry": { "type": "Point", "coordinates": [ 145.3741968, -37.8559987 ] } },
{ "type": "Feature", "properties": { "osm_id": "node/563762682", "name": "Accessible Toilet", "amenity_type": "accessible_toilet", "amenity": "toilets", "wheelchair": "no", "toilets:wheelchair": null, "opening_hours": null, "operator": null, "description": null, "is_accessible": true, "latitude": -37.8422436, "longitude": 144.9359947 }, "geometry": { "type": "Point", "coordinates": [ 144.9359947, -37.8422436 ] } },
{ "type": "Feature", "properties": { "osm_id": "node/563762764", "name": "Accessible Toilet", "amenity_type": "accessible_toilet", "amenity": "toilets", "wheelchair": "yes", "toilets:wheelchair": null, "opening_hours": null, "operator": null, "description": null, "is_accessible": true, "latitude": -37.842557, "longitude": 144.93652 }, "geometry": { "type": "Point", "coordinates": [ 144.93652, -37.842557 ] } },
{ "type": "Feature", "properties": { "osm_id": "node/565859987", "name": "Accessible Toilet", "amenity_type": "accessible_toilet", "amenity": "toilets", "wheelchair": null, "toilets:wheelchair": null, "opening_hours": null, "operator": null, "description": null, "is_accessible": true, "latitude": -37.7325439, "longitude": 145.2360498 }, "geometry": { "type": "Point", "coordinates": [ 145.236049799999989, -37.7325439 ] } },
{ "type": "Feature", "properties": { "osm_id": "node/565867404", "name": "Accessible Toilet", "amenity_type": "accessible_toilet", "amenity": "toilets", "wheelchair": null, "toilets:wheelchair": null, "opening_hours": null, "operator": null, "description": null, "is_accessible": true, "latitude": -37.8822274, "longitude": 145.2290615 }, "geometry": { "type": "Point", "coordinates": [ 145.2290615, -37.8822274 ] } },
{ "type": "Feature", "properties": { "osm_id": "way/566268064", "name": "Public Toilets", "amenity_type": "accessible_toilet", "amenity": "toilets", "wheelchair": "yes", "toilets:wheelchair": null, "opening_hours": null, "operator": null, "description": null, "is_accessible": true, "latitude": -37.7756249, "longitude": 145.2194298 }, "geometry": { "type": "Point", "coordinates": [ 145.2194298, -37.7756249 ] } },
{ "type": "Feature", "properties": { "osm_id": "node/566872413", "name": "Accessible Toilet", "amenity_type": "accessible_toilet", "amenity": "toilets", "wheelchair": "no", "toilets:wheelchair": null, "opening_hours": null, "operator": null, "description": null, "is_accessible": true, "latitude": -37.8385092, "longitude": 144.9446271 }, "geometry": { "type": "Point", "coordinates": [ 144.9446271, -37.8385092 ] } },
{ "type": "Feature", "properties": { "osm_id": "way/568998327", "name": "Accessible Toilet", "amenity_type": "accessible_toilet", "amenity": "toilets", "wheelchair": null, "toilets:wheelchair": null, "opening_hours": null, "operator": null, "description": null, "is_accessible": true, "latitude": -37.7755555, "longitude": 145.0716468 }, "geometry": { "type": "Point", "coordinates": [ 145.0716468, -37.7755555 ] } },
{ "type": "Feature", "properties": { "osm_id": "node/571113422", "name": "Accessible Toilet", "amenity_type": "accessible_toilet", "amenity": "toilets", "wheelchair": "yes", "toilets:wheelchair": null, "opening_hours": null, "operator": null, "description": null, "is_accessible": true, "latitude": -37.8621996, "longitude": 144.9722015 }, "geometry": { "type": "Point", "coordinates": [ 144.972201500000011, -37.8621996 ] } },
{ "type": "Feature", "properties": { "osm_id": "way/573824833", "name": "Accessible Toilet", "amenity_type": "accessible_toilet", "amenity": "toilets", "wheelchair": null, "toilets:wheelchair": null, "opening_hours": null, "operator": null, "description": null, "is_accessible": true, "latitude": -37.6390785, "longitude": 144.8678218 }, "geometry": { "type": "Point", "coordinates": [ 144.8678218, -37.6390785 ] } },
{ "type": "Feature", "properties": { "osm_id": "node/575455086", "name": "Accessible Toilet", "amenity_type": "accessible_toilet", "amenity": "toilets", "wheelchair": null, "toilets:wheelchair": null, "opening_hours": null, "operator": null, "description": null, "is_accessible": true, "latitude": -37.8526737, "longitude": 145.0002268 }, "geometry": { "type": "Point", "coordinates": [ 145.0002268, -37.8526737 ] } },
{ "type": "Feature", "properties": { "osm_id": "node/576843553", "name": "Accessible Toilet", "amenity_type": "accessible_toilet", "amenity": "toilets", "wheelchair": null, "toilets:wheelchair": null, "opening_hours": null, "operator": null, "description": null, "is_accessible": true, "latitude": -37.8560042, "longitude": 144.9923935 }, "geometry": { "type": "Point", "coordinates": [ 144.9923935, -37.8560042 ] } },
{ "type": "Feature", "properties": { "osm_id": "node/577243373", "name": "Accessible Toilet", "amenity_type": "accessible_toilet", "amenity": "toilets", "wheelchair": "yes", "toilets:wheelchair": null, "opening_hours": null, "operator": null, "description": null, "is_accessible": true, "latitude": -37.8504843, "longitude": 144.9732146 }, "geometry": { "type": "Point", "coordinates": [ 144.9732146, -37.8504843 ] } },
{ "type": "Feature", "properties": { "osm_id": "way/578836056", "name": "Accessible Toilet", "amenity_type": "accessible_toilet", "amenity": "toilets", "wheelchair": "yes", "toilets:wheelchair": null, "opening_hours": null, "operator": null, "description": null, "is_accessible": true, "latitude": -37.8450181, "longitude": 144.9418802 }, "geometry": { "type": "Point", "coordinates": [ 144.941880200000014, -37.8450181 ] } },
{ "type": "Feature", "properties": { "osm_id": "node/582477989", "name": "Closed", "amenity_type": "accessible_toilet", "amenity": "toilets", "wheelchair": null, "toilets:wheelchair": null, "opening_hours": null, "operator": null, "description": null, "is_accessible": true, "latitude": -37.9097786, "longitude": 145.0858561 }, "geometry": { "type": "Point", "coordinates": [ 145.0858561, -37.9097786 ] } },
{ "type": "Feature", "properties": { "osm_id": "way/584815519", "name": "Accessible Toilet", "amenity_type": "accessible_toilet", "amenity": "toilets", "wheelchair": "no", "toilets:wheelchair": null, "opening_hours": null, "operator": null, "description": null, "is_accessible": true, "latitude": -37.7177433, "longitude": 145.0526329 }, "geometry": { "type": "Point", "coordinates": [ 145.0526329, -37.7177433 ] } },
{ "type": "Feature", "properties": { "osm_id": "node/585128211", "name": "Accessible Toilet", "amenity_type": "accessible_toilet", "amenity": "toilets", "wheelchair": null, "toilets:wheelchair": null, "opening_hours": null, "operator": null, "description": null, "is_accessible": true, "latitude": -37.6955602, "longitude": 145.0220626 }, "geometry": { "type": "Point", "coordinates": [ 145.0220626, -37.6955602 ] } },
{ "type": "Feature", "properties": { "osm_id": "node/586508340", "name": "Accessible Toilet", "amenity_type": "accessible_toilet", "amenity": "toilets", "wheelchair": "limited", "toilets:wheelchair": null, "opening_hours": null, "operator": null, "description": null, "is_accessible": true, "latitude": -37.839989, "longitude": 144.9813236 }, "geometry": { "type": "Point", "coordinates": [ 144.9813236, -37.839989 ] } },
{ "type": "Feature", "properties": { "osm_id": "node/587597015", "name": "Accessible Toilet", "amenity_type": "accessible_toilet", "amenity": "toilets", "wheelchair": null, "toilets:wheelchair": null, "opening_hours": null, "operator": null, "description": null, "is_accessible": true, "latitude": -37.8533841, "longitude": 145.3690593 }, "geometry": { "type": "Point", "coordinates": [ 145.3690593, -37.8533841 ] } },
{ "type": "Feature", "properties": { "osm_id": "node/589396597", "name": "Accessible Toilet", "amenity_type": "accessible_toilet", "amenity": "toilets", "wheelchair": "no", "toilets:wheelchair": null, "opening_hours": null, "operator": "Melbourne City Council", "description": null, "is_accessible": true, "latitude": -37.8122563, "longitude": 144.9738619 }, "geometry": { "type": "Point", "coordinates": [ 144.9738619, -37.8122563 ] } },
{ "type": "Feature", "properties": { "osm_id": "node/589516620", "name": "Accessible Toilet", "amenity_type": "accessible_toilet", "amenity": "toilets", "wheelchair": "no", "toilets:wheelchair": null, "opening_hours": null, "operator": "Melbourne City Council", "description": null, "is_accessible": true, "latitude": -37.8152281, "longitude": 144.9668997 }, "geometry": { "type": "Point", "coordinates": [ 144.9668997, -37.8152281 ] } },
{ "type": "Feature", "properties": { "osm_id": "node/591416771", "name": "Accessible Toilet", "amenity_type": "accessible_toilet", "amenity": "toilets", "wheelchair": "yes", "toilets:wheelchair": null, "opening_hours": null, "operator": "Melbourne City Council", "description": null, "is_accessible": true, "latitude": -37.819412, "longitude": 144.961285 }, "geometry": { "type": "Point", "coordinates": [ 144.961285, -37.819412 ] } },
{ "type": "Feature", "properties": { "osm_id": "way/591924836", "name": "Accessible Toilet", "amenity_type": "accessible_toilet", "amenity": "toilets", "wheelchair": null, "toilets:wheelchair": null, "opening_hours": null, "operator": null, "description": null, "is_accessible": true, "latitude": -37.7403082, "longitude": 145.0005635 }, "geometry": { "type": "Point", "coordinates": [ 145.0005635, -37.7403082 ] } },
{ "type": "Feature", "properties": { "osm_id": "way/592541830", "name": "Accessible Toilet", "amenity_type": "accessible_toilet", "amenity": "toilets", "wheelchair": null, "toilets:wheelchair": null, "opening_hours": null, "operator": null, "description": null, "is_accessible": true, "latitude": -37.7162293, "longitude": 145.0081477 }, "geometry": { "type": "Point", "coordinates": [ 145.0081477, -37.7162293 ] } },
{ "type": "Feature", "properties": { "osm_id": "node/594158872", "name": "Accessible Toilet", "amenity_type": "accessible_toilet", "amenity": "toilets", "wheelchair": null, "toilets:wheelchair": null, "opening_hours": null, "operator": null, "description": null, "is_accessible": true, "latitude": -37.8967257, "longitude": 145.1962944 }, "geometry": { "type": "Point", "coordinates": [ 145.1962944, -37.8967257 ] } },
{ "type": "Feature", "properties": { "osm_id": "node/595594342", "name": "Accessible Toilet", "amenity_type": "accessible_toilet", "amenity": "toilets", "wheelchair": "yes", "toilets:wheelchair": null, "opening_hours": null, "operator": "Melbourne City Council", "description": null, "is_accessible": true, "latitude": -37.8100362, "longitude": 144.9699065 }, "geometry": { "type": "Point", "coordinates": [ 144.9699065, -37.8100362 ] } },
{ "type": "Feature", "properties": { "osm_id": "node/596263048", "name": "Accessible Toilet", "amenity_type": "accessible_toilet", "amenity": "toilets", "wheelchair": "yes", "toilets:wheelchair": null, "opening_hours": null, "operator": null, "description": null, "is_accessible": true, "latitude": -37.8535967, "longitude": 145.0598754 }, "geometry": { "type": "Point", "coordinates": [ 145.05987540000001, -37.8535967 ] } },
{ "type": "Feature", "properties": { "osm_id": "node/606379186", "name": "Accessible Toilet", "amenity_type": "accessible_toilet", "amenity": "toilets", "wheelchair": null, "toilets:wheelchair": null, "opening_hours": null, "operator": null, "description": null, "is_accessible": true, "latitude": -37.9089752, "longitude": 145.3548115 }, "geometry": { "type": "Point", "coordinates": [ 145.354811500000011, -37.9089752 ] } },
{ "type": "Feature", "properties": { "osm_id": "way/609934989", "name": "Accessible Toilet", "amenity_type": "accessible_toilet", "amenity": "toilets", "wheelchair": null, "toilets:wheelchair": null, "opening_hours": null, "operator": null, "description": null, "is_accessible": true, "latitude": -37.8692379, "longitude": 145.2626403 }, "geometry": { "type": "Point", "coordinates": [ 145.262640299999987, -37.8692379 ] } },
{ "type": "Feature", "properties": { "osm_id": "node/610279391", "name": "Accessible Toilet", "amenity_type": "accessible_toilet", "amenity": "toilets", "wheelchair": null, "toilets:wheelchair": null, "opening_hours": null, "operator": null, "description": null, "is_accessible": true, "latitude": -37.6646907, "longitude": 144.7710209 }, "geometry": { "type": "Point", "coordinates": [ 144.7710209, -37.6646907 ] } },
{ "type": "Feature", "properties": { "osm_id": "node/612771755", "name": "Accessible Toilet", "amenity_type": "accessible_toilet", "amenity": "toilets", "wheelchair": "yes", "toilets:wheelchair": null, "opening_hours": null, "operator": null, "description": null, "is_accessible": true, "latitude": -37.7360389, "longitude": 145.199534 }, "geometry": { "type": "Point", "coordinates": [ 145.199534, -37.7360389 ] } },
{ "type": "Feature", "properties": { "osm_id": "node/612842982", "name": "Accessible Toilet", "amenity_type": "accessible_toilet", "amenity": "toilets", "wheelchair": null, "toilets:wheelchair": null, "opening_hours": null, "operator": null, "description": null, "is_accessible": true, "latitude": -37.8627923, "longitude": 145.3541579 }, "geometry": { "type": "Point", "coordinates": [ 145.3541579, -37.8627923 ] } },
{ "type": "Feature", "properties": { "osm_id": "node/612940805", "name": "Accessible Toilet", "amenity_type": "accessible_toilet", "amenity": "toilets", "wheelchair": null, "toilets:wheelchair": null, "opening_hours": null, "operator": null, "description": null, "is_accessible": true, "latitude": -37.9287099, "longitude": 145.4452509 }, "geometry": { "type": "Point", "coordinates": [ 145.4452509, -37.9287099 ] } },
{ "type": "Feature", "properties": { "osm_id": "way/612972934", "name": "Public Toilets", "amenity_type": "accessible_toilet", "amenity": "toilets", "wheelchair": null, "toilets:wheelchair": null, "opening_hours": null, "operator": null, "description": null, "is_accessible": true, "latitude": -37.7812039, "longitude": 144.9968682 }, "geometry": { "type": "Point", "coordinates": [ 144.9968682, -37.7812039 ] } },
{ "type": "Feature", "properties": { "osm_id": "node/614503137", "name": "Accessible Toilet", "amenity_type": "accessible_toilet", "amenity": "toilets", "wheelchair": "yes", "toilets:wheelchair": null, "opening_hours": null, "operator": "Melbourne City Council", "description": null, "is_accessible": true, "latitude": -37.8129204, "longitude": 144.9600238 }, "geometry": { "type": "Point", "coordinates": [ 144.960023799999988, -37.8129204 ] } },
{ "type": "Feature", "properties": { "osm_id": "node/615241067", "name": "Accessible Toilet", "amenity_type": "accessible_toilet", "amenity": "toilets", "wheelchair": "yes", "toilets:wheelchair": null, "opening_hours": null, "operator": null, "description": null, "is_accessible": true, "latitude": -37.8399914, "longitude": 144.8709657 }, "geometry": { "type": "Point", "coordinates": [ 144.8709657, -37.8399914 ] } },
{ "type": "Feature", "properties": { "osm_id": "node/615994541", "name": "Accessible Toilet", "amenity_type": "accessible_toilet", "amenity": "toilets", "wheelchair": null, "toilets:wheelchair": null, "opening_hours": null, "operator": null, "description": null, "is_accessible": true, "latitude": -37.670193, "longitude": 145.0881127 }, "geometry": { "type": "Point", "coordinates": [ 145.088112700000011, -37.670193 ] } },
{ "type": "Feature", "properties": { "osm_id": "way/616339966", "name": "Accessible Toilet", "amenity_type": "accessible_toilet", "amenity": "toilets", "wheelchair": "yes", "toilets:wheelchair": null, "opening_hours": null, "operator": null, "description": null, "is_accessible": true, "latitude": -37.7136919, "longitude": 145.1495329 }, "geometry": { "type": "Point", "coordinates": [ 145.1495329, -37.7136919 ] } },
{ "type": "Feature", "properties": { "osm_id": "node/617532026", "name": "Accessible Toilet", "amenity_type": "accessible_toilet", "amenity": "toilets", "wheelchair": null, "toilets:wheelchair": null, "opening_hours": null, "operator": null, "description": null, "is_accessible": true, "latitude": -38.3741939, "longitude": 145.1258816 }, "geometry": { "type": "Point", "coordinates": [ 145.125881600000014, -38.3741939 ] } },
{ "type": "Feature", "properties": { "osm_id": "node/617539967", "name": "Accessible Toilet", "amenity_type": "accessible_toilet", "amenity": "toilets", "wheelchair": null, "toilets:wheelchair": null, "opening_hours": null, "operator": null, "description": null, "is_accessible": true, "latitude": -38.4228625, "longitude": 145.0708681 }, "geometry": { "type": "Point", "coordinates": [ 145.070868100000013, -38.4228625 ] } },
{ "type": "Feature", "properties": { "osm_id": "node/617540033", "name": "Accessible Toilet", "amenity_type": "accessible_toilet", "amenity": "toilets", "wheelchair": null, "toilets:wheelchair": null, "opening_hours": null, "operator": null, "description": null, "is_accessible": true, "latitude": -38.423191, "longitude": 145.0708614 }, "geometry": { "type": "Point", "coordinates": [ 145.070861400000013, -38.423191 ] } },
{ "type": "Feature", "properties": { "osm_id": "way/617746923", "name": "Accessible Toilet", "amenity_type": "accessible_toilet", "amenity": "toilets", "wheelchair": null, "toilets:wheelchair": null, "opening_hours": null, "operator": null, "description": null, "is_accessible": true, "latitude": -37.5414347, "longitude": 144.9542361 }, "geometry": { "type": "Point", "coordinates": [ 144.9542361, -37.5414347 ] } },
{ "type": "Feature", "properties": { "osm_id": "node/617931515", "name": "Accessible Toilet", "amenity_type": "accessible_toilet", "amenity": "toilets", "wheelchair": null, "toilets:wheelchair": null, "opening_hours": null, "operator": null, "description": null, "is_accessible": true, "latitude": -37.8475209, "longitude": 145.3438266 }, "geometry": { "type": "Point", "coordinates": [ 145.3438266, -37.8475209 ] } },
{ "type": "Feature", "properties": { "osm_id": "node/620511806", "name": "Accessible Toilet", "amenity_type": "accessible_toilet", "amenity": "toilets", "wheelchair": null, "toilets:wheelchair": null, "opening_hours": null, "operator": null, "description": null, "is_accessible": true, "latitude": -37.9838973, "longitude": 145.5956409 }, "geometry": { "type": "Point", "coordinates": [ 145.5956409, -37.9838973 ] } },
{ "type": "Feature", "properties": { "osm_id": "way/620856456", "name": "Accessible Toilet", "amenity_type": "accessible_toilet", "amenity": "toilets", "wheelchair": null, "toilets:wheelchair": null, "opening_hours": null, "operator": null, "description": null, "is_accessible": true, "latitude": -38.0387076, "longitude": 145.2088491 }, "geometry": { "type": "Point", "coordinates": [ 145.2088491, -38.0387076 ] } },
{ "type": "Feature", "properties": { "osm_id": "way/620856457", "name": "Accessible Toilet", "amenity_type": "accessible_toilet", "amenity": "toilets", "wheelchair": null, "toilets:wheelchair": null, "opening_hours": null, "operator": null, "description": null, "is_accessible": true, "latitude": -38.0384964, "longitude": 145.2094853 }, "geometry": { "type": "Point", "coordinates": [ 145.209485300000011, -38.0384964 ] } },
{ "type": "Feature", "properties": { "osm_id": "node/621011165", "name": "Accessible Toilet", "amenity_type": "accessible_toilet", "amenity": "toilets", "wheelchair": null, "toilets:wheelchair": null, "opening_hours": null, "operator": null, "description": null, "is_accessible": true, "latitude": -37.9501508, "longitude": 145.6624632 }, "geometry": { "type": "Point", "coordinates": [ 145.6624632, -37.9501508 ] } },
{ "type": "Feature", "properties": { "osm_id": "node/623898293", "name": "Accessible Toilet", "amenity_type": "accessible_toilet", "amenity": "toilets", "wheelchair": null, "toilets:wheelchair": null, "opening_hours": null, "operator": null, "description": null, "is_accessible": true, "latitude": -38.0312949, "longitude": 145.3464657 }, "geometry": { "type": "Point", "coordinates": [ 145.34646570000001, -38.0312949 ] } },
{ "type": "Feature", "properties": { "osm_id": "way/625867160", "name": "Accessible Toilet", "amenity_type": "accessible_toilet", "amenity": "toilets", "wheelchair": null, "toilets:wheelchair": null, "opening_hours": null, "operator": null, "description": null, "is_accessible": true, "latitude": -37.8886417, "longitude": 144.9940699 }, "geometry": { "type": "Point", "coordinates": [ 144.9940699, -37.8886417 ] } },
{ "type": "Feature", "properties": { "osm_id": "way/630419694", "name": "Accessible Toilet", "amenity_type": "accessible_toilet", "amenity": "toilets", "wheelchair": null, "toilets:wheelchair": null, "opening_hours": null, "operator": null, "description": null, "is_accessible": true, "latitude": -37.7023041, "longitude": 144.73502 }, "geometry": { "type": "Point", "coordinates": [ 144.73502, -37.7023041 ] } },
{ "type": "Feature", "properties": { "osm_id": "node/631457292", "name": "Accessible Toilet", "amenity_type": "accessible_toilet", "amenity": "toilets", "wheelchair": null, "toilets:wheelchair": null, "opening_hours": null, "operator": null, "description": null, "is_accessible": true, "latitude": -38.0718477, "longitude": 145.66338 }, "geometry": { "type": "Point", "coordinates": [ 145.66338, -38.0718477 ] } },
{ "type": "Feature", "properties": { "osm_id": "node/632277182", "name": "Accessible Toilet", "amenity_type": "accessible_toilet", "amenity": "toilets", "wheelchair": null, "toilets:wheelchair": null, "opening_hours": null, "operator": null, "description": null, "is_accessible": true, "latitude": -37.9700832, "longitude": 145.3945819 }, "geometry": { "type": "Point", "coordinates": [ 145.3945819, -37.9700832 ] } },
{ "type": "Feature", "properties": { "osm_id": "way/634561007", "name": "Toilet", "amenity_type": "accessible_toilet", "amenity": "toilets", "wheelchair": null, "toilets:wheelchair": null, "opening_hours": null, "operator": null, "description": null, "is_accessible": true, "latitude": -38.0656831, "longitude": 145.1950465 }, "geometry": { "type": "Point", "coordinates": [ 145.195046499999989, -38.0656831 ] } },
{ "type": "Feature", "properties": { "osm_id": "way/634766833", "name": "Accessible Toilet", "amenity_type": "accessible_toilet", "amenity": "toilets", "wheelchair": null, "toilets:wheelchair": null, "opening_hours": null, "operator": null, "description": null, "is_accessible": true, "latitude": -37.7423686, "longitude": 144.8008911 }, "geometry": { "type": "Point", "coordinates": [ 144.8008911, -37.7423686 ] } },
{ "type": "Feature", "properties": { "osm_id": "node/635705922", "name": "Accessible Toilet", "amenity_type": "accessible_toilet", "amenity": "toilets", "wheelchair": "yes", "toilets:wheelchair": null, "opening_hours": null, "operator": null, "description": null, "is_accessible": true, "latitude": -37.8217408, "longitude": 144.9556032 }, "geometry": { "type": "Point", "coordinates": [ 144.955603200000013, -37.8217408 ] } },
{ "type": "Feature", "properties": { "osm_id": "way/638919929", "name": "Accessible Toilet", "amenity_type": "accessible_toilet", "amenity": "toilets", "wheelchair": null, "toilets:wheelchair": null, "opening_hours": null, "operator": null, "description": null, "is_accessible": true, "latitude": -38.2307049, "longitude": 145.1749622 }, "geometry": { "type": "Point", "coordinates": [ 145.17496220000001, -38.2307049 ] } },
{ "type": "Feature", "properties": { "osm_id": "way/639690012", "name": "Accessible Toilet", "amenity_type": "accessible_toilet", "amenity": "toilets", "wheelchair": "yes", "toilets:wheelchair": null, "opening_hours": null, "operator": null, "description": null, "is_accessible": true, "latitude": -37.893763, "longitude": 145.0775799 }, "geometry": { "type": "Point", "coordinates": [ 145.077579899999989, -37.893763 ] } },
{ "type": "Feature", "properties": { "osm_id": "way/640166523", "name": "Accessible Toilet", "amenity_type": "accessible_toilet", "amenity": "toilets", "wheelchair": null, "toilets:wheelchair": null, "opening_hours": null, "operator": null, "description": null, "is_accessible": true, "latitude": -37.783214, "longitude": 145.0303301 }, "geometry": { "type": "Point", "coordinates": [ 145.030330099999986, -37.783214 ] } },
{ "type": "Feature", "properties": { "osm_id": "way/642053281", "name": "Accessible Toilet", "amenity_type": "accessible_toilet", "amenity": "toilets", "wheelchair": null, "toilets:wheelchair": null, "opening_hours": null, "operator": null, "description": null, "is_accessible": true, "latitude": -38.2245786, "longitude": 145.175978 }, "geometry": { "type": "Point", "coordinates": [ 145.175978, -38.2245786 ] } },
{ "type": "Feature", "properties": { "osm_id": "way/643089655", "name": "Accessible Toilet", "amenity_type": "accessible_toilet", "amenity": "toilets", "wheelchair": null, "toilets:wheelchair": null, "opening_hours": null, "operator": null, "description": null, "is_accessible": true, "latitude": -38.052349, "longitude": 145.1134128 }, "geometry": { "type": "Point", "coordinates": [ 145.1134128, -38.052349 ] } },
{ "type": "Feature", "properties": { "osm_id": "way/645463135", "name": "Accessible Toilet", "amenity_type": "accessible_toilet", "amenity": "toilets", "wheelchair": null, "toilets:wheelchair": null, "opening_hours": null, "operator": null, "description": null, "is_accessible": true, "latitude": -37.8711356, "longitude": 144.9831442 }, "geometry": { "type": "Point", "coordinates": [ 144.9831442, -37.8711356 ] } },
{ "type": "Feature", "properties": { "osm_id": "way/651847272", "name": "Accessible Toilet", "amenity_type": "accessible_toilet", "amenity": "toilets", "wheelchair": null, "toilets:wheelchair": null, "opening_hours": null, "operator": null, "description": null, "is_accessible": true, "latitude": -38.008274, "longitude": 145.084224 }, "geometry": { "type": "Point", "coordinates": [ 145.084224, -38.008274 ] } },
{ "type": "Feature", "properties": { "osm_id": "way/652155694", "name": "Accessible Toilet", "amenity_type": "accessible_toilet", "amenity": "toilets", "wheelchair": "yes", "toilets:wheelchair": null, "opening_hours": null, "operator": null, "description": null, "is_accessible": true, "latitude": -38.1488469, "longitude": 145.1904588 }, "geometry": { "type": "Point", "coordinates": [ 145.190458799999988, -38.1488469 ] } },
{ "type": "Feature", "properties": { "osm_id": "way/652155697", "name": "Accessible Toilet", "amenity_type": "accessible_toilet", "amenity": "toilets", "wheelchair": null, "toilets:wheelchair": null, "opening_hours": null, "operator": null, "description": null, "is_accessible": true, "latitude": -38.148533, "longitude": 145.1885452 }, "geometry": { "type": "Point", "coordinates": [ 145.1885452, -38.148533 ] } },
{ "type": "Feature", "properties": { "osm_id": "way/659271063", "name": "Accessible Toilet", "amenity_type": "accessible_toilet", "amenity": "toilets", "wheelchair": null, "toilets:wheelchair": null, "opening_hours": null, "operator": null, "description": null, "is_accessible": true, "latitude": -37.9456481, "longitude": 144.9973889 }, "geometry": { "type": "Point", "coordinates": [ 144.9973889, -37.9456481 ] } },
{ "type": "Feature", "properties": { "osm_id": "way/659630132", "name": "Accessible Toilet", "amenity_type": "accessible_toilet", "amenity": "toilets", "wheelchair": null, "toilets:wheelchair": null, "opening_hours": null, "operator": null, "description": null, "is_accessible": true, "latitude": -37.9266995, "longitude": 144.9873649 }, "geometry": { "type": "Point", "coordinates": [ 144.987364899999989, -37.9266995 ] } },
{ "type": "Feature", "properties": { "osm_id": "way/659644275", "name": "Accessible Toilet", "amenity_type": "accessible_toilet", "amenity": "toilets", "wheelchair": "yes", "toilets:wheelchair": null, "opening_hours": null, "operator": null, "description": null, "is_accessible": true, "latitude": -38.3442386, "longitude": 144.9519409 }, "geometry": { "type": "Point", "coordinates": [ 144.951940900000011, -38.3442386 ] } },
{ "type": "Feature", "properties": { "osm_id": "way/664750764", "name": "Accessible Toilet", "amenity_type": "accessible_toilet", "amenity": "toilets", "wheelchair": "no", "toilets:wheelchair": null, "opening_hours": null, "operator": null, "description": null, "is_accessible": true, "latitude": -38.093863, "longitude": 145.1254071 }, "geometry": { "type": "Point", "coordinates": [ 145.1254071, -38.093863 ] } },
{ "type": "Feature", "properties": { "osm_id": "way/664750765", "name": "Accessible Toilet", "amenity_type": "accessible_toilet", "amenity": "toilets", "wheelchair": null, "toilets:wheelchair": null, "opening_hours": null, "operator": null, "description": null, "is_accessible": true, "latitude": -38.0886057, "longitude": 145.124848 }, "geometry": { "type": "Point", "coordinates": [ 145.124848, -38.0886057 ] } },
{ "type": "Feature", "properties": { "osm_id": "way/664949938", "name": "Accessible Toilet", "amenity_type": "accessible_toilet", "amenity": "toilets", "wheelchair": "yes", "toilets:wheelchair": null, "opening_hours": null, "operator": null, "description": "2 Flush Toilets", "is_accessible": true, "latitude": -38.121192, "longitude": 145.1246696 }, "geometry": { "type": "Point", "coordinates": [ 145.1246696, -38.121192 ] } },
{ "type": "Feature", "properties": { "osm_id": "way/665242468", "name": "Accessible Toilet", "amenity_type": "accessible_toilet", "amenity": "toilets", "wheelchair": "yes", "toilets:wheelchair": null, "opening_hours": "24/7", "operator": "Werribee South Caravan Park", "description": null, "is_accessible": true, "latitude": -37.9725573, "longitude": 144.690281 }, "geometry": { "type": "Point", "coordinates": [ 144.690281, -37.9725573 ] } },
{ "type": "Feature", "properties": { "osm_id": "way/665242470", "name": "Accessible Toilet", "amenity_type": "accessible_toilet", "amenity": "toilets", "wheelchair": "yes", "toilets:wheelchair": null, "opening_hours": "24/7", "operator": "Werribee South Caravan Park", "description": null, "is_accessible": true, "latitude": -37.9733147, "longitude": 144.6898842 }, "geometry": { "type": "Point", "coordinates": [ 144.6898842, -37.9733147 ] } },
{ "type": "Feature", "properties": { "osm_id": "node/665555689", "name": "Accessible Toilet", "amenity_type": "accessible_toilet", "amenity": "toilets", "wheelchair": null, "toilets:wheelchair": null, "opening_hours": null, "operator": null, "description": null, "is_accessible": true, "latitude": -38.0393004, "longitude": 145.3654566 }, "geometry": { "type": "Point", "coordinates": [ 145.365456599999987, -38.0393004 ] } },
{ "type": "Feature", "properties": { "osm_id": "node/666846428", "name": "Accessible Toilet", "amenity_type": "accessible_toilet", "amenity": "toilets", "wheelchair": null, "toilets:wheelchair": null, "opening_hours": null, "operator": null, "description": null, "is_accessible": true, "latitude": -37.7760306, "longitude": 144.9622929 }, "geometry": { "type": "Point", "coordinates": [ 144.9622929, -37.7760306 ] } },
{ "type": "Feature", "properties": { "osm_id": "node/666846435", "name": "Accessible Toilet", "amenity_type": "accessible_toilet", "amenity": "toilets", "wheelchair": "yes", "toilets:wheelchair": null, "opening_hours": null, "operator": null, "description": null, "is_accessible": true, "latitude": -37.7756891, "longitude": 144.960905 }, "geometry": { "type": "Point", "coordinates": [ 144.960905, -37.7756891 ] } },
{ "type": "Feature", "properties": { "osm_id": "node/667224582", "name": "Accessible Toilet", "amenity_type": "accessible_toilet", "amenity": "toilets", "wheelchair": "yes", "toilets:wheelchair": null, "opening_hours": null, "operator": "Melbourne City Council", "description": null, "is_accessible": true, "latitude": -37.8143428, "longitude": 144.9551331 }, "geometry": { "type": "Point", "coordinates": [ 144.955133100000012, -37.8143428 ] } },
{ "type": "Feature", "properties": { "osm_id": "way/668598720", "name": "Accessible Toilet", "amenity_type": "accessible_toilet", "amenity": "toilets", "wheelchair": "yes", "toilets:wheelchair": null, "opening_hours": null, "operator": null, "description": null, "is_accessible": true, "latitude": -38.3446063, "longitude": 144.9803928 }, "geometry": { "type": "Point", "coordinates": [ 144.9803928, -38.3446063 ] } },
{ "type": "Feature", "properties": { "osm_id": "node/673851229", "name": "Public Toilets", "amenity_type": "accessible_toilet", "amenity": "toilets", "wheelchair": "limited", "toilets:wheelchair": null, "opening_hours": null, "operator": null, "description": null, "is_accessible": true, "latitude": -37.8396817, "longitude": 144.9166335 }, "geometry": { "type": "Point", "coordinates": [ 144.916633499999989, -37.8396817 ] } },
{ "type": "Feature", "properties": { "osm_id": "way/674532771", "name": "Accessible Toilet", "amenity_type": "accessible_toilet", "amenity": "toilets", "wheelchair": "Yes", "toilets:wheelchair": null, "opening_hours": null, "operator": null, "description": null, "is_accessible": true, "latitude": 28.1637028, "longitude": -80.6601239 }, "geometry": { "type": "Point", "coordinates": [ -80.6601239, 28.1637028 ] } },
{ "type": "Feature", "properties": { "osm_id": "way/674532788", "name": "Accessible Toilet", "amenity_type": "accessible_toilet", "amenity": "toilets", "wheelchair": null, "toilets:wheelchair": null, "opening_hours": null, "operator": null, "description": null, "is_accessible": true, "latitude": 28.1589823, "longitude": -80.6610538 }, "geometry": { "type": "Point", "coordinates": [ -80.6610538, 28.1589823 ] } },
{ "type": "Feature", "properties": { "osm_id": "node/675499355", "name": "Accessible Toilet", "amenity_type": "accessible_toilet", "amenity": "toilets", "wheelchair": "yes", "toilets:wheelchair": null, "opening_hours": null, "operator": null, "description": null, "is_accessible": true, "latitude": -37.732131, "longitude": 144.966921 }, "geometry": { "type": "Point", "coordinates": [ 144.966921, -37.732131 ] } },
{ "type": "Feature", "properties": { "osm_id": "way/675793807", "name": "Accessible Toilet", "amenity_type": "accessible_toilet", "amenity": "toilets", "wheelchair": null, "toilets:wheelchair": null, "opening_hours": null, "operator": null, "description": null, "is_accessible": true, "latitude": -37.7357068, "longitude": 145.0860623 }, "geometry": { "type": "Point", "coordinates": [ 145.0860623, -37.7357068 ] } },
{ "type": "Feature", "properties": { "osm_id": "way/676178475", "name": "Accessible Toilet", "amenity_type": "accessible_toilet", "amenity": "toilets", "wheelchair": "yes", "toilets:wheelchair": null, "opening_hours": null, "operator": null, "description": null, "is_accessible": true, "latitude": -37.9739067, "longitude": 144.6928405 }, "geometry": { "type": "Point", "coordinates": [ 144.692840499999988, -37.9739067 ] } },
{ "type": "Feature", "properties": { "osm_id": "node/676421043", "name": "Accessible Toilet", "amenity_type": "accessible_toilet", "amenity": "toilets", "wheelchair": "yes", "toilets:wheelchair": null, "opening_hours": null, "operator": null, "description": null, "is_accessible": true, "latitude": -37.6992223, "longitude": 145.1536188 }, "geometry": { "type": "Point", "coordinates": [ 145.1536188, -37.6992223 ] } },
{ "type": "Feature", "properties": { "osm_id": "node/678444685", "name": "Accessible Toilet", "amenity_type": "accessible_toilet", "amenity": "toilets", "wheelchair": null, "toilets:wheelchair": null, "opening_hours": null, "operator": null, "description": null, "is_accessible": true, "latitude": -37.9543489, "longitude": 145.2834764 }, "geometry": { "type": "Point", "coordinates": [ 145.283476400000012, -37.9543489 ] } },
{ "type": "Feature", "properties": { "osm_id": "way/679136833", "name": "Accessible Toilet", "amenity_type": "accessible_toilet", "amenity": "toilets", "wheelchair": null, "toilets:wheelchair": null, "opening_hours": null, "operator": null, "description": null, "is_accessible": true, "latitude": -38.1835452, "longitude": 145.1779367 }, "geometry": { "type": "Point", "coordinates": [ 145.1779367, -38.1835452 ] } },
{ "type": "Feature", "properties": { "osm_id": "way/679138510", "name": "Accessible Toilet", "amenity_type": "accessible_toilet", "amenity": "toilets", "wheelchair": "yes", "toilets:wheelchair": null, "opening_hours": "24/7", "operator": null, "description": null, "is_accessible": true, "latitude": -37.8657113, "longitude": 145.0497171 }, "geometry": { "type": "Point", "coordinates": [ 145.0497171, -37.8657113 ] } },
{ "type": "Feature", "properties": { "osm_id": "way/679361088", "name": "Accessible Toilet", "amenity_type": "accessible_toilet", "amenity": "toilets", "wheelchair": null, "toilets:wheelchair": null, "opening_hours": null, "operator": null, "description": null, "is_accessible": true, "latitude": -38.2480732, "longitude": 145.1055151 }, "geometry": { "type": "Point", "coordinates": [ 145.1055151, -38.2480732 ] } },
{ "type": "Feature", "properties": { "osm_id": "way/686066383", "name": "Accessible Toilet", "amenity_type": "accessible_toilet", "amenity": "toilets", "wheelchair": "yes", "toilets:wheelchair": null, "opening_hours": null, "operator": null, "description": null, "is_accessible": true, "latitude": -37.8089207, "longitude": 144.9550425 }, "geometry": { "type": "Point", "coordinates": [ 144.9550425, -37.8089207 ] } },
{ "type": "Feature", "properties": { "osm_id": "node/690986013", "name": "Accessible Toilet", "amenity_type": "accessible_toilet", "amenity": "toilets", "wheelchair": null, "toilets:wheelchair": null, "opening_hours": null, "operator": null, "description": null, "is_accessible": true, "latitude": -37.6983252, "longitude": 145.102148 }, "geometry": { "type": "Point", "coordinates": [ 145.102148, -37.6983252 ] } },
{ "type": "Feature", "properties": { "osm_id": "way/693474236", "name": "Accessible Toilet", "amenity_type": "accessible_toilet", "amenity": "toilets", "wheelchair": null, "toilets:wheelchair": null, "opening_hours": null, "operator": null, "description": null, "is_accessible": true, "latitude": -37.8923135, "longitude": 145.1982921 }, "geometry": { "type": "Point", "coordinates": [ 145.1982921, -37.8923135 ] } },
{ "type": "Feature", "properties": { "osm_id": "way/703275426", "name": "Accessible Toilet", "amenity_type": "accessible_toilet", "amenity": "toilets", "wheelchair": null, "toilets:wheelchair": null, "opening_hours": null, "operator": null, "description": null, "is_accessible": true, "latitude": -37.5749844, "longitude": 144.7250272 }, "geometry": { "type": "Point", "coordinates": [ 144.7250272, -37.5749844 ] } },
{ "type": "Feature", "properties": { "osm_id": "way/705538803", "name": "Accessible Toilet", "amenity_type": "accessible_toilet", "amenity": "toilets", "wheelchair": null, "toilets:wheelchair": null, "opening_hours": null, "operator": null, "description": null, "is_accessible": true, "latitude": -37.9165086, "longitude": 145.3598565 }, "geometry": { "type": "Point", "coordinates": [ 145.3598565, -37.9165086 ] } },
{ "type": "Feature", "properties": { "osm_id": "node/706917237", "name": "Accessible Toilet", "amenity_type": "accessible_toilet", "amenity": "toilets", "wheelchair": "yes", "toilets:wheelchair": null, "opening_hours": "24/7", "operator": null, "description": null, "is_accessible": true, "latitude": -37.8176756, "longitude": 144.9683598 }, "geometry": { "type": "Point", "coordinates": [ 144.9683598, -37.8176756 ] } },
{ "type": "Feature", "properties": { "osm_id": "node/710382297", "name": "Accessible Toilet", "amenity_type": "accessible_toilet", "amenity": "toilets", "wheelchair": null, "toilets:wheelchair": null, "opening_hours": null, "operator": null, "description": null, "is_accessible": true, "latitude": -37.9317847, "longitude": 145.1073012 }, "geometry": { "type": "Point", "coordinates": [ 145.1073012, -37.9317847 ] } },
{ "type": "Feature", "properties": { "osm_id": "node/710383136", "name": "Accessible Toilet", "amenity_type": "accessible_toilet", "amenity": "toilets", "wheelchair": null, "toilets:wheelchair": null, "opening_hours": null, "operator": null, "description": null, "is_accessible": true, "latitude": -37.9264053, "longitude": 145.1038465 }, "geometry": { "type": "Point", "coordinates": [ 145.1038465, -37.9264053 ] } },
{ "type": "Feature", "properties": { "osm_id": "node/711360511", "name": "Accessible Toilet", "amenity_type": "accessible_toilet", "amenity": "toilets", "wheelchair": null, "toilets:wheelchair": null, "opening_hours": null, "operator": null, "description": null, "is_accessible": true, "latitude": -37.806377, "longitude": 144.9589866 }, "geometry": { "type": "Point", "coordinates": [ 144.9589866, -37.806377 ] } },
{ "type": "Feature", "properties": { "osm_id": "node/711360774", "name": "Accessible Toilet", "amenity_type": "accessible_toilet", "amenity": "toilets", "wheelchair": "yes", "toilets:wheelchair": null, "opening_hours": "Mo,We 05:00-15:00; Tu,Th 03:00-16:30; Fr 03:00-16:00; Sa 03:00-17:30; Su 03:00-18:00", "operator": null, "description": null, "is_accessible": true, "latitude": -37.806138, "longitude": 144.9566275 }, "geometry": { "type": "Point", "coordinates": [ 144.9566275, -37.806138 ] } },
{ "type": "Feature", "properties": { "osm_id": "way/715716463", "name": "Accessible Toilet", "amenity_type": "accessible_toilet", "amenity": "toilets", "wheelchair": null, "toilets:wheelchair": null, "opening_hours": null, "operator": null, "description": null, "is_accessible": true, "latitude": -37.7961664, "longitude": 144.9993812 }, "geometry": { "type": "Point", "coordinates": [ 144.999381199999988, -37.7961664 ] } },
{ "type": "Feature", "properties": { "osm_id": "node/716718236", "name": "Accessible Toilet", "amenity_type": "accessible_toilet", "amenity": "toilets", "wheelchair": null, "toilets:wheelchair": null, "opening_hours": null, "operator": null, "description": null, "is_accessible": true, "latitude": -37.9044508, "longitude": 145.0629003 }, "geometry": { "type": "Point", "coordinates": [ 145.0629003, -37.9044508 ] } },
{ "type": "Feature", "properties": { "osm_id": "node/718375329", "name": "Accessible Toilet", "amenity_type": "accessible_toilet", "amenity": "toilets", "wheelchair": null, "toilets:wheelchair": null, "opening_hours": null, "operator": null, "description": null, "is_accessible": true, "latitude": -37.6313657, "longitude": 144.8497521 }, "geometry": { "type": "Point", "coordinates": [ 144.849752099999989, -37.6313657 ] } },
{ "type": "Feature", "properties": { "osm_id": "node/718382075", "name": "Accessible Toilet", "amenity_type": "accessible_toilet", "amenity": "toilets", "wheelchair": null, "toilets:wheelchair": null, "opening_hours": null, "operator": null, "description": null, "is_accessible": true, "latitude": -37.6395905, "longitude": 144.8429168 }, "geometry": { "type": "Point", "coordinates": [ 144.842916800000012, -37.6395905 ] } },
{ "type": "Feature", "properties": { "osm_id": "node/718666582", "name": "Accessible Toilet", "amenity_type": "accessible_toilet", "amenity": "toilets", "wheelchair": null, "toilets:wheelchair": null, "opening_hours": null, "operator": null, "description": null, "is_accessible": true, "latitude": -37.7686737, "longitude": 145.0374391 }, "geometry": { "type": "Point", "coordinates": [ 145.0374391, -37.7686737 ] } },
{ "type": "Feature", "properties": { "osm_id": "way/721066241", "name": "Accessible Toilet", "amenity_type": "accessible_toilet", "amenity": "toilets", "wheelchair": "yes", "toilets:wheelchair": null, "opening_hours": "Mo-Su 07:00-23:00", "operator": null, "description": null, "is_accessible": true, "latitude": -37.800662, "longitude": 144.984113 }, "geometry": { "type": "Point", "coordinates": [ 144.984113, -37.800662 ] } },
{ "type": "Feature", "properties": { "osm_id": "way/726068596", "name": "Accessible Toilet", "amenity_type": "accessible_toilet", "amenity": "toilets", "wheelchair": null, "toilets:wheelchair": null, "opening_hours": null, "operator": null, "description": null, "is_accessible": true, "latitude": -37.7424624, "longitude": 145.7367383 }, "geometry": { "type": "Point", "coordinates": [ 145.736738300000013, -37.7424624 ] } },
{ "type": "Feature", "properties": { "osm_id": "way/742760074", "name": "Accessible Toilet", "amenity_type": "accessible_toilet", "amenity": "toilets", "wheelchair": null, "toilets:wheelchair": null, "opening_hours": null, "operator": null, "description": "bluestone", "is_accessible": true, "latitude": -38.1289516, "longitude": 145.1237574 }, "geometry": { "type": "Point", "coordinates": [ 145.123757399999988, -38.1289516 ] } },
{ "type": "Feature", "properties": { "osm_id": "way/752877884", "name": "Accessible Toilet", "amenity_type": "accessible_toilet", "amenity": "toilets", "wheelchair": "yes", "toilets:wheelchair": null, "opening_hours": null, "operator": null, "description": null, "is_accessible": true, "latitude": -37.8977625, "longitude": 145.0725098 }, "geometry": { "type": "Point", "coordinates": [ 145.0725098, -37.8977625 ] } },
{ "type": "Feature", "properties": { "osm_id": "node/768404951", "name": "Accessible Toilet", "amenity_type": "accessible_toilet", "amenity": "toilets", "wheelchair": null, "toilets:wheelchair": null, "opening_hours": null, "operator": null, "description": null, "is_accessible": true, "latitude": -37.6601788, "longitude": 145.3827155 }, "geometry": { "type": "Point", "coordinates": [ 145.382715499999989, -37.6601788 ] } },
{ "type": "Feature", "properties": { "osm_id": "node/772366476", "name": "Accessible Toilet", "amenity_type": "accessible_toilet", "amenity": "toilets", "wheelchair": "yes", "toilets:wheelchair": null, "opening_hours": null, "operator": null, "description": null, "is_accessible": true, "latitude": -38.1522694, "longitude": 145.1599099 }, "geometry": { "type": "Point", "coordinates": [ 145.1599099, -38.1522694 ] } },
{ "type": "Feature", "properties": { "osm_id": "node/775655134", "name": "Accessible Toilet", "amenity_type": "accessible_toilet", "amenity": "toilets", "wheelchair": null, "toilets:wheelchair": null, "opening_hours": null, "operator": null, "description": null, "is_accessible": true, "latitude": -37.7129461, "longitude": 145.6863513 }, "geometry": { "type": "Point", "coordinates": [ 145.686351300000013, -37.7129461 ] } },
{ "type": "Feature", "properties": { "osm_id": "node/775655136", "name": "Accessible Toilet", "amenity_type": "accessible_toilet", "amenity": "toilets", "wheelchair": "yes", "toilets:wheelchair": null, "opening_hours": null, "operator": null, "description": null, "is_accessible": true, "latitude": -37.7070859, "longitude": 145.6821308 }, "geometry": { "type": "Point", "coordinates": [ 145.68213080000001, -37.7070859 ] } },
{ "type": "Feature", "properties": { "osm_id": "way/775886738", "name": "Accessible Toilet", "amenity_type": "accessible_toilet", "amenity": "toilets", "wheelchair": "yes", "toilets:wheelchair": null, "opening_hours": null, "operator": null, "description": null, "is_accessible": true, "latitude": -37.9402464, "longitude": 145.0316232 }, "geometry": { "type": "Point", "coordinates": [ 145.031623200000013, -37.9402464 ] } },
{ "type": "Feature", "properties": { "osm_id": "way/779429803", "name": "Accessible Toilet", "amenity_type": "accessible_toilet", "amenity": "toilets", "wheelchair": null, "toilets:wheelchair": null, "opening_hours": null, "operator": null, "description": null, "is_accessible": true, "latitude": -37.936571, "longitude": 145.0020556 }, "geometry": { "type": "Point", "coordinates": [ 145.0020556, -37.936571 ] } },
{ "type": "Feature", "properties": { "osm_id": "node/786642187", "name": "Accessible Toilet", "amenity_type": "accessible_toilet", "amenity": "toilets", "wheelchair": null, "toilets:wheelchair": null, "opening_hours": null, "operator": null, "description": null, "is_accessible": true, "latitude": -37.8783403, "longitude": 145.1985296 }, "geometry": { "type": "Point", "coordinates": [ 145.1985296, -37.8783403 ] } },
{ "type": "Feature", "properties": { "osm_id": "node/789382279", "name": "Accessible Toilet", "amenity_type": "accessible_toilet", "amenity": "toilets", "wheelchair": null, "toilets:wheelchair": null, "opening_hours": null, "operator": null, "description": null, "is_accessible": true, "latitude": -37.883877, "longitude": 145.190751 }, "geometry": { "type": "Point", "coordinates": [ 145.190751, -37.883877 ] } },
{ "type": "Feature", "properties": { "osm_id": "node/792252457", "name": "Accessible Toilet", "amenity_type": "accessible_toilet", "amenity": "toilets", "wheelchair": null, "toilets:wheelchair": null, "opening_hours": null, "operator": null, "description": null, "is_accessible": true, "latitude": -37.8876042, "longitude": 145.3169392 }, "geometry": { "type": "Point", "coordinates": [ 145.3169392, -37.8876042 ] } },
{ "type": "Feature", "properties": { "osm_id": "way/795580819", "name": "Accessible Toilet", "amenity_type": "accessible_toilet", "amenity": "toilets", "wheelchair": null, "toilets:wheelchair": null, "opening_hours": null, "operator": null, "description": null, "is_accessible": true, "latitude": -37.8240529, "longitude": 145.2305844 }, "geometry": { "type": "Point", "coordinates": [ 145.2305844, -37.8240529 ] } },
{ "type": "Feature", "properties": { "osm_id": "way/798286668", "name": "Accessible Toilet", "amenity_type": "accessible_toilet", "amenity": "toilets", "wheelchair": "yes", "toilets:wheelchair": null, "opening_hours": null, "operator": null, "description": null, "is_accessible": true, "latitude": -37.7758983, "longitude": 145.5278796 }, "geometry": { "type": "Point", "coordinates": [ 145.5278796, -37.7758983 ] } },
{ "type": "Feature", "properties": { "osm_id": "way/799302938", "name": "Accessible Toilet", "amenity_type": "accessible_toilet", "amenity": "toilets", "wheelchair": "yes", "toilets:wheelchair": null, "opening_hours": null, "operator": null, "description": null, "is_accessible": true, "latitude": -37.7955223, "longitude": 144.9521661 }, "geometry": { "type": "Point", "coordinates": [ 144.9521661, -37.7955223 ] } },
{ "type": "Feature", "properties": { "osm_id": "node/802008379", "name": "Accessible Toilet", "amenity_type": "accessible_toilet", "amenity": "toilets", "wheelchair": null, "toilets:wheelchair": null, "opening_hours": null, "operator": null, "description": null, "is_accessible": true, "latitude": -37.7813935, "longitude": 145.6119294 }, "geometry": { "type": "Point", "coordinates": [ 145.6119294, -37.7813935 ] } },
{ "type": "Feature", "properties": { "osm_id": "node/803825177", "name": "Accessible Toilet", "amenity_type": "accessible_toilet", "amenity": "toilets", "wheelchair": null, "toilets:wheelchair": null, "opening_hours": null, "operator": null, "description": null, "is_accessible": true, "latitude": -37.6695842, "longitude": 145.886545 }, "geometry": { "type": "Point", "coordinates": [ 145.886545, -37.6695842 ] } },
{ "type": "Feature", "properties": { "osm_id": "node/805025707", "name": "Accessible Toilet", "amenity_type": "accessible_toilet", "amenity": "toilets", "wheelchair": null, "toilets:wheelchair": null, "opening_hours": null, "operator": null, "description": null, "is_accessible": true, "latitude": -37.6697909, "longitude": 145.8889685 }, "geometry": { "type": "Point", "coordinates": [ 145.8889685, -37.6697909 ] } },
{ "type": "Feature", "properties": { "osm_id": "way/806296972", "name": "Accessible Toilet", "amenity_type": "accessible_toilet", "amenity": "toilets", "wheelchair": "no", "toilets:wheelchair": null, "opening_hours": null, "operator": null, "description": null, "is_accessible": true, "latitude": -37.7981174, "longitude": 144.926422 }, "geometry": { "type": "Point", "coordinates": [ 144.926422, -37.7981174 ] } },
{ "type": "Feature", "properties": { "osm_id": "node/811333124", "name": "Accessible Toilet", "amenity_type": "accessible_toilet", "amenity": "toilets", "wheelchair": null, "toilets:wheelchair": null, "opening_hours": null, "operator": "City of Boroondara", "description": null, "is_accessible": true, "latitude": -37.8134181, "longitude": 145.0851235 }, "geometry": { "type": "Point", "coordinates": [ 145.0851235, -37.8134181 ] } },
{ "type": "Feature", "properties": { "osm_id": "node/812733168", "name": "Accessible Toilet", "amenity_type": "accessible_toilet", "amenity": "toilets", "wheelchair": null, "toilets:wheelchair": null, "opening_hours": null, "operator": null, "description": null, "is_accessible": true, "latitude": -37.9663886, "longitude": 145.3013216 }, "geometry": { "type": "Point", "coordinates": [ 145.3013216, -37.9663886 ] } },
{ "type": "Feature", "properties": { "osm_id": "way/813574517", "name": "Accessible Toilet", "amenity_type": "accessible_toilet", "amenity": "toilets", "wheelchair": "yes", "toilets:wheelchair": null, "opening_hours": null, "operator": null, "description": null, "is_accessible": true, "latitude": -37.9013397, "longitude": 144.6574926 }, "geometry": { "type": "Point", "coordinates": [ 144.657492600000012, -37.9013397 ] } },
{ "type": "Feature", "properties": { "osm_id": "way/815749491", "name": "Accessible Toilet", "amenity_type": "accessible_toilet", "amenity": "toilets", "wheelchair": null, "toilets:wheelchair": null, "opening_hours": null, "operator": null, "description": null, "is_accessible": true, "latitude": -37.7656528, "longitude": 144.9192934 }, "geometry": { "type": "Point", "coordinates": [ 144.919293399999987, -37.7656528 ] } },
{ "type": "Feature", "properties": { "osm_id": "node/816428652", "name": "Accessible Toilet", "amenity_type": "accessible_toilet", "amenity": "toilets", "wheelchair": null, "toilets:wheelchair": null, "opening_hours": null, "operator": null, "description": null, "is_accessible": true, "latitude": -37.7987568, "longitude": 145.2852138 }, "geometry": { "type": "Point", "coordinates": [ 145.2852138, -37.7987568 ] } },
{ "type": "Feature", "properties": { "osm_id": "way/819430223", "name": "Accessible Toilet", "amenity_type": "accessible_toilet", "amenity": "toilets", "wheelchair": "limited", "toilets:wheelchair": null, "opening_hours": null, "operator": null, "description": "Wheelchair access is locked via MLAK key system", "is_accessible": true, "latitude": -37.7967889, "longitude": 144.9519543 }, "geometry": { "type": "Point", "coordinates": [ 144.951954300000011, -37.7967889 ] } },
{ "type": "Feature", "properties": { "osm_id": "way/820336234", "name": "Accessible Toilet", "amenity_type": "accessible_toilet", "amenity": "toilets", "wheelchair": null, "toilets:wheelchair": null, "opening_hours": null, "operator": null, "description": null, "is_accessible": true, "latitude": -38.1310044, "longitude": 145.1526146 }, "geometry": { "type": "Point", "coordinates": [ 145.1526146, -38.1310044 ] } },
{ "type": "Feature", "properties": { "osm_id": "way/823795262", "name": "Accessible Toilet", "amenity_type": "accessible_toilet", "amenity": "toilets", "wheelchair": "yes", "toilets:wheelchair": null, "opening_hours": null, "operator": null, "description": null, "is_accessible": true, "latitude": -37.8492682, "longitude": 144.950933 }, "geometry": { "type": "Point", "coordinates": [ 144.950933, -37.8492682 ] } },
{ "type": "Feature", "properties": { "osm_id": "node/823926678", "name": "Accessible Toilet", "amenity_type": "accessible_toilet", "amenity": "toilets", "wheelchair": "no", "toilets:wheelchair": null, "opening_hours": null, "operator": null, "description": null, "is_accessible": true, "latitude": -37.8735426, "longitude": 145.0916105 }, "geometry": { "type": "Point", "coordinates": [ 145.0916105, -37.8735426 ] } },
{ "type": "Feature", "properties": { "osm_id": "way/829091980", "name": "Accessible Toilet", "amenity_type": "accessible_toilet", "amenity": "toilets", "wheelchair": null, "toilets:wheelchair": null, "opening_hours": null, "operator": null, "description": null, "is_accessible": true, "latitude": -38.1851963, "longitude": 145.0880809 }, "geometry": { "type": "Point", "coordinates": [ 145.0880809, -38.1851963 ] } },
{ "type": "Feature", "properties": { "osm_id": "node/829650929", "name": "Accessible Toilet", "amenity_type": "accessible_toilet", "amenity": "toilets", "wheelchair": null, "toilets:wheelchair": null, "opening_hours": null, "operator": null, "description": null, "is_accessible": true, "latitude": -37.8013841, "longitude": 145.2860342 }, "geometry": { "type": "Point", "coordinates": [ 145.286034199999989, -37.8013841 ] } },
{ "type": "Feature", "properties": { "osm_id": "way/834243346", "name": "Accessible Toilet", "amenity_type": "accessible_toilet", "amenity": "toilets", "wheelchair": "yes", "toilets:wheelchair": null, "opening_hours": null, "operator": null, "description": null, "is_accessible": true, "latitude": -38.4238481, "longitude": 145.0761443 }, "geometry": { "type": "Point", "coordinates": [ 145.07614430000001, -38.4238481 ] } },
{ "type": "Feature", "properties": { "osm_id": "way/834246842", "name": "Accessible Toilet", "amenity_type": "accessible_toilet", "amenity": "toilets", "wheelchair": "limited", "toilets:wheelchair": null, "opening_hours": null, "operator": null, "description": null, "is_accessible": true, "latitude": -38.4821727, "longitude": 145.0172699 }, "geometry": { "type": "Point", "coordinates": [ 145.0172699, -38.4821727 ] } },
{ "type": "Feature", "properties": { "osm_id": "way/834628693", "name": "Accessible Toilet", "amenity_type": "accessible_toilet", "amenity": "toilets", "wheelchair": null, "toilets:wheelchair": null, "opening_hours": null, "operator": null, "description": null, "is_accessible": true, "latitude": -38.4348095, "longitude": 145.0460637 }, "geometry": { "type": "Point", "coordinates": [ 145.0460637, -38.4348095 ] } },
{ "type": "Feature", "properties": { "osm_id": "way/834673289", "name": "Accessible Toilet", "amenity_type": "accessible_toilet", "amenity": "toilets", "wheelchair": null, "toilets:wheelchair": null, "opening_hours": null, "operator": null, "description": null, "is_accessible": true, "latitude": -37.8960962, "longitude": 144.7700891 }, "geometry": { "type": "Point", "coordinates": [ 144.7700891, -37.8960962 ] } },
{ "type": "Feature", "properties": { "osm_id": "node/835059499", "name": "Accessible Toilet", "amenity_type": "accessible_toilet", "amenity": "toilets", "wheelchair": null, "toilets:wheelchair": null, "opening_hours": null, "operator": null, "description": null, "is_accessible": true, "latitude": -37.7549049, "longitude": 145.6538735 }, "geometry": { "type": "Point", "coordinates": [ 145.6538735, -37.7549049 ] } },
{ "type": "Feature", "properties": { "osm_id": "way/837262629", "name": "Accessible Toilet", "amenity_type": "accessible_toilet", "amenity": "toilets", "wheelchair": null, "toilets:wheelchair": null, "opening_hours": null, "operator": null, "description": null, "is_accessible": true, "latitude": -38.1323884, "longitude": 145.1488616 }, "geometry": { "type": "Point", "coordinates": [ 145.1488616, -38.1323884 ] } },
{ "type": "Feature", "properties": { "osm_id": "way/837271835", "name": "Accessible Toilet", "amenity_type": "accessible_toilet", "amenity": "toilets", "wheelchair": null, "toilets:wheelchair": null, "opening_hours": null, "operator": null, "description": null, "is_accessible": true, "latitude": -38.136643, "longitude": 145.1604293 }, "geometry": { "type": "Point", "coordinates": [ 145.1604293, -38.136643 ] } },
{ "type": "Feature", "properties": { "osm_id": "way/845215232", "name": "Accessible Toilet", "amenity_type": "accessible_toilet", "amenity": "toilets", "wheelchair": "yes", "toilets:wheelchair": null, "opening_hours": null, "operator": null, "description": null, "is_accessible": true, "latitude": -37.7932434, "longitude": 144.9056452 }, "geometry": { "type": "Point", "coordinates": [ 144.9056452, -37.7932434 ] } },
{ "type": "Feature", "properties": { "osm_id": "node/846731849", "name": "Accessible Toilet", "amenity_type": "accessible_toilet", "amenity": "toilets", "wheelchair": null, "toilets:wheelchair": null, "opening_hours": null, "operator": null, "description": null, "is_accessible": true, "latitude": -37.754136, "longitude": 145.6847484 }, "geometry": { "type": "Point", "coordinates": [ 145.684748399999989, -37.754136 ] } },
{ "type": "Feature", "properties": { "osm_id": "node/846732021", "name": "Accessible Toilet", "amenity_type": "accessible_toilet", "amenity": "toilets", "wheelchair": "no", "toilets:wheelchair": null, "opening_hours": null, "operator": null, "description": null, "is_accessible": true, "latitude": -37.7509094, "longitude": 145.6959334 }, "geometry": { "type": "Point", "coordinates": [ 145.6959334, -37.7509094 ] } },
{ "type": "Feature", "properties": { "osm_id": "way/846783693", "name": "Accessible Toilet", "amenity_type": "accessible_toilet", "amenity": "toilets", "wheelchair": null, "toilets:wheelchair": null, "opening_hours": null, "operator": null, "description": null, "is_accessible": true, "latitude": -37.794885, "longitude": 145.3828185 }, "geometry": { "type": "Point", "coordinates": [ 145.382818500000013, -37.794885 ] } },
{ "type": "Feature", "properties": { "osm_id": "node/846788385", "name": "Accessible Toilet", "amenity_type": "accessible_toilet", "amenity": "toilets", "wheelchair": null, "toilets:wheelchair": null, "opening_hours": null, "operator": null, "description": null, "is_accessible": true, "latitude": -37.7534808, "longitude": 145.6878252 }, "geometry": { "type": "Point", "coordinates": [ 145.6878252, -37.7534808 ] } },
{ "type": "Feature", "properties": { "osm_id": "node/846788440", "name": "Accessible Toilet", "amenity_type": "accessible_toilet", "amenity": "toilets", "wheelchair": "yes", "toilets:wheelchair": null, "opening_hours": null, "operator": null, "description": null, "is_accessible": true, "latitude": -37.75524, "longitude": 145.6796785 }, "geometry": { "type": "Point", "coordinates": [ 145.6796785, -37.75524 ] } },
{ "type": "Feature", "properties": { "osm_id": "node/849535531", "name": "Accessible Toilet", "amenity_type": "accessible_toilet", "amenity": "toilets", "wheelchair": null, "toilets:wheelchair": null, "opening_hours": null, "operator": null, "description": null, "is_accessible": true, "latitude": -37.7424666, "longitude": 145.7367362 }, "geometry": { "type": "Point", "coordinates": [ 145.7367362, -37.7424666 ] } },
{ "type": "Feature", "properties": { "osm_id": "node/849558222", "name": "Accessible Toilet", "amenity_type": "accessible_toilet", "amenity": "toilets", "wheelchair": null, "toilets:wheelchair": null, "opening_hours": null, "operator": null, "description": null, "is_accessible": true, "latitude": -37.754477, "longitude": 145.7075435 }, "geometry": { "type": "Point", "coordinates": [ 145.707543500000014, -37.754477 ] } },
{ "type": "Feature", "properties": { "osm_id": "node/850371812", "name": "Accessible Toilet", "amenity_type": "accessible_toilet", "amenity": "toilets", "wheelchair": null, "toilets:wheelchair": null, "opening_hours": null, "operator": null, "description": null, "is_accessible": true, "latitude": -37.751323, "longitude": 145.6462894 }, "geometry": { "type": "Point", "coordinates": [ 145.6462894, -37.751323 ] } },
{ "type": "Feature", "properties": { "osm_id": "way/853351300", "name": "Accessible Toilet", "amenity_type": "accessible_toilet", "amenity": "toilets", "wheelchair": null, "toilets:wheelchair": null, "opening_hours": null, "operator": null, "description": null, "is_accessible": true, "latitude": -37.7858913, "longitude": 145.0088748 }, "geometry": { "type": "Point", "coordinates": [ 145.0088748, -37.7858913 ] } },
{ "type": "Feature", "properties": { "osm_id": "node/860810777", "name": "Accessible Toilet", "amenity_type": "accessible_toilet", "amenity": "toilets", "wheelchair": null, "toilets:wheelchair": null, "opening_hours": null, "operator": null, "description": null, "is_accessible": true, "latitude": -37.773649, "longitude": 145.650382 }, "geometry": { "type": "Point", "coordinates": [ 145.650382, -37.773649 ] } },
{ "type": "Feature", "properties": { "osm_id": "way/862444093", "name": "Accessible Toilet", "amenity_type": "accessible_toilet", "amenity": "toilets", "wheelchair": "yes", "toilets:wheelchair": null, "opening_hours": null, "operator": null, "description": null, "is_accessible": true, "latitude": -37.8800842, "longitude": 145.0392198 }, "geometry": { "type": "Point", "coordinates": [ 145.039219800000012, -37.8800842 ] } },
{ "type": "Feature", "properties": { "osm_id": "way/866785241", "name": "Accessible Toilet", "amenity_type": "accessible_toilet", "amenity": "toilets", "wheelchair": null, "toilets:wheelchair": null, "opening_hours": null, "operator": null, "description": null, "is_accessible": true, "latitude": -37.920684, "longitude": 145.2006274 }, "geometry": { "type": "Point", "coordinates": [ 145.2006274, -37.920684 ] } },
{ "type": "Feature", "properties": { "osm_id": "node/870077926", "name": "Accessible Toilet", "amenity_type": "accessible_toilet", "amenity": "toilets", "wheelchair": null, "toilets:wheelchair": null, "opening_hours": null, "operator": null, "description": null, "is_accessible": true, "latitude": -37.946403, "longitude": 145.1755339 }, "geometry": { "type": "Point", "coordinates": [ 145.1755339, -37.946403 ] } },
{ "type": "Feature", "properties": { "osm_id": "way/871826897", "name": "Accessible Toilet", "amenity_type": "accessible_toilet", "amenity": "toilets", "wheelchair": null, "toilets:wheelchair": null, "opening_hours": null, "operator": null, "description": null, "is_accessible": true, "latitude": -38.2129032, "longitude": 145.0331648 }, "geometry": { "type": "Point", "coordinates": [ 145.0331648, -38.2129032 ] } },
{ "type": "Feature", "properties": { "osm_id": "way/871886040", "name": "Accessible Toilet", "amenity_type": "accessible_toilet", "amenity": "toilets", "wheelchair": null, "toilets:wheelchair": null, "opening_hours": null, "operator": null, "description": null, "is_accessible": true, "latitude": -38.4167495, "longitude": 145.0780555 }, "geometry": { "type": "Point", "coordinates": [ 145.0780555, -38.4167495 ] } },
{ "type": "Feature", "properties": { "osm_id": "way/874655770", "name": "Accessible Toilet", "amenity_type": "accessible_toilet", "amenity": "toilets", "wheelchair": null, "toilets:wheelchair": null, "opening_hours": null, "operator": null, "description": null, "is_accessible": true, "latitude": -38.1493935, "longitude": 145.1886687 }, "geometry": { "type": "Point", "coordinates": [ 145.1886687, -38.1493935 ] } },
{ "type": "Feature", "properties": { "osm_id": "way/877539127", "name": "Accessible Toilet", "amenity_type": "accessible_toilet", "amenity": "toilets", "wheelchair": null, "toilets:wheelchair": null, "opening_hours": null, "operator": null, "description": null, "is_accessible": true, "latitude": -37.7374357, "longitude": 145.1551024 }, "geometry": { "type": "Point", "coordinates": [ 145.1551024, -37.7374357 ] } },
{ "type": "Feature", "properties": { "osm_id": "way/881193964", "name": "Accessible Toilet", "amenity_type": "accessible_toilet", "amenity": "toilets", "wheelchair": null, "toilets:wheelchair": null, "opening_hours": null, "operator": null, "description": null, "is_accessible": true, "latitude": -38.4228629, "longitude": 145.0708609 }, "geometry": { "type": "Point", "coordinates": [ 145.070860900000014, -38.4228629 ] } },
{ "type": "Feature", "properties": { "osm_id": "way/885471299", "name": "Accessible Toilet", "amenity_type": "accessible_toilet", "amenity": "toilets", "wheelchair": "yes", "toilets:wheelchair": null, "opening_hours": null, "operator": null, "description": null, "is_accessible": true, "latitude": -38.1012458, "longitude": 145.1287251 }, "geometry": { "type": "Point", "coordinates": [ 145.1287251, -38.1012458 ] } },
{ "type": "Feature", "properties": { "osm_id": "node/887960983", "name": "Accessible Toilet", "amenity_type": "accessible_toilet", "amenity": "toilets", "wheelchair": "yes", "toilets:wheelchair": null, "opening_hours": null, "operator": null, "description": null, "is_accessible": true, "latitude": -37.7885185, "longitude": 144.9310599 }, "geometry": { "type": "Point", "coordinates": [ 144.9310599, -37.7885185 ] } },
{ "type": "Feature", "properties": { "osm_id": "node/890217697", "name": "Public Toilets", "amenity_type": "accessible_toilet", "amenity": "toilets", "wheelchair": null, "toilets:wheelchair": null, "opening_hours": null, "operator": null, "description": null, "is_accessible": true, "latitude": -37.8304713, "longitude": 145.1351359 }, "geometry": { "type": "Point", "coordinates": [ 145.1351359, -37.8304713 ] } },
{ "type": "Feature", "properties": { "osm_id": "node/891277654", "name": "Accessible Toilet", "amenity_type": "accessible_toilet", "amenity": "toilets", "wheelchair": "yes", "toilets:wheelchair": null, "opening_hours": "24/7", "operator": null, "description": null, "is_accessible": true, "latitude": -37.8050518, "longitude": 144.9834162 }, "geometry": { "type": "Point", "coordinates": [ 144.9834162, -37.8050518 ] } },
{ "type": "Feature", "properties": { "osm_id": "node/893718839", "name": "Accessible Toilet", "amenity_type": "accessible_toilet", "amenity": "toilets", "wheelchair": null, "toilets:wheelchair": null, "opening_hours": null, "operator": null, "description": null, "is_accessible": true, "latitude": -37.9206044, "longitude": 145.5762674 }, "geometry": { "type": "Point", "coordinates": [ 145.5762674, -37.9206044 ] } },
{ "type": "Feature", "properties": { "osm_id": "node/893718843", "name": "Accessible Toilet", "amenity_type": "accessible_toilet", "amenity": "toilets", "wheelchair": null, "toilets:wheelchair": null, "opening_hours": null, "operator": null, "description": null, "is_accessible": true, "latitude": -37.9204003, "longitude": 145.5768625 }, "geometry": { "type": "Point", "coordinates": [ 145.5768625, -37.9204003 ] } },
{ "type": "Feature", "properties": { "osm_id": "node/900141412", "name": "Accessible Toilet", "amenity_type": "accessible_toilet", "amenity": "toilets", "wheelchair": "yes", "toilets:wheelchair": null, "opening_hours": null, "operator": null, "description": "Out of service 2024-02", "is_accessible": true, "latitude": -37.834294, "longitude": 145.3704861 }, "geometry": { "type": "Point", "coordinates": [ 145.3704861, -37.834294 ] } },
{ "type": "Feature", "properties": { "osm_id": "way/901182963", "name": "Accessible Toilet", "amenity_type": "accessible_toilet", "amenity": "toilets", "wheelchair": null, "toilets:wheelchair": null, "opening_hours": null, "operator": null, "description": null, "is_accessible": true, "latitude": -38.4280373, "longitude": 145.0569768 }, "geometry": { "type": "Point", "coordinates": [ 145.0569768, -38.4280373 ] } },
{ "type": "Feature", "properties": { "osm_id": "way/907664804", "name": "Accessible Toilet", "amenity_type": "accessible_toilet", "amenity": "toilets", "wheelchair": null, "toilets:wheelchair": null, "opening_hours": null, "operator": null, "description": null, "is_accessible": true, "latitude": -37.784632, "longitude": 145.3785069 }, "geometry": { "type": "Point", "coordinates": [ 145.3785069, -37.784632 ] } },
{ "type": "Feature", "properties": { "osm_id": "way/909178223", "name": "Accessible Toilet", "amenity_type": "accessible_toilet", "amenity": "toilets", "wheelchair": "yes", "toilets:wheelchair": null, "opening_hours": null, "operator": null, "description": null, "is_accessible": true, "latitude": -37.8366824, "longitude": 144.9206 }, "geometry": { "type": "Point", "coordinates": [ 144.9206, -37.8366824 ] } },
{ "type": "Feature", "properties": { "osm_id": "way/909413124", "name": "Accessible Toilet", "amenity_type": "accessible_toilet", "amenity": "toilets", "wheelchair": null, "toilets:wheelchair": null, "opening_hours": null, "operator": null, "description": null, "is_accessible": true, "latitude": -37.6868148, "longitude": 144.8666607 }, "geometry": { "type": "Point", "coordinates": [ 144.866660700000011, -37.6868148 ] } },
{ "type": "Feature", "properties": { "osm_id": "way/909767725", "name": "Accessible Toilet", "amenity_type": "accessible_toilet", "amenity": "toilets", "wheelchair": "yes", "toilets:wheelchair": null, "opening_hours": null, "operator": null, "description": null, "is_accessible": true, "latitude": -37.836735, "longitude": 144.9306991 }, "geometry": { "type": "Point", "coordinates": [ 144.9306991, -37.836735 ] } },
{ "type": "Feature", "properties": { "osm_id": "way/909825250", "name": "Accessible Toilet", "amenity_type": "accessible_toilet", "amenity": "toilets", "wheelchair": "no", "toilets:wheelchair": null, "opening_hours": null, "operator": null, "description": null, "is_accessible": true, "latitude": -37.8371171, "longitude": 144.9350636 }, "geometry": { "type": "Point", "coordinates": [ 144.9350636, -37.8371171 ] } },
{ "type": "Feature", "properties": { "osm_id": "way/911211961", "name": "Accessible Toilet", "amenity_type": "accessible_toilet", "amenity": "toilets", "wheelchair": null, "toilets:wheelchair": null, "opening_hours": null, "operator": null, "description": null, "is_accessible": true, "latitude": -37.6799621, "longitude": 145.0667537 }, "geometry": { "type": "Point", "coordinates": [ 145.0667537, -37.6799621 ] } },
{ "type": "Feature", "properties": { "osm_id": "node/930150274", "name": "Accessible Toilet", "amenity_type": "accessible_toilet", "amenity": "toilets", "wheelchair": null, "toilets:wheelchair": null, "opening_hours": null, "operator": null, "description": null, "is_accessible": true, "latitude": -38.133189, "longitude": 145.2642963 }, "geometry": { "type": "Point", "coordinates": [ 145.264296300000012, -38.133189 ] } },
{ "type": "Feature", "properties": { "osm_id": "way/931948633", "name": "Accessible Toilet", "amenity_type": "accessible_toilet", "amenity": "toilets", "wheelchair": "yes", "toilets:wheelchair": null, "opening_hours": null, "operator": null, "description": null, "is_accessible": true, "latitude": -37.7711106, "longitude": 144.9727913 }, "geometry": { "type": "Point", "coordinates": [ 144.972791300000011, -37.7711106 ] } },
{ "type": "Feature", "properties": { "osm_id": "way/933905481", "name": "Accessible Toilet", "amenity_type": "accessible_toilet", "amenity": "toilets", "wheelchair": "yes", "toilets:wheelchair": null, "opening_hours": null, "operator": null, "description": null, "is_accessible": true, "latitude": -37.7593559, "longitude": 144.9596434 }, "geometry": { "type": "Point", "coordinates": [ 144.9596434, -37.7593559 ] } },
{ "type": "Feature", "properties": { "osm_id": "way/937543652", "name": "Accessible Toilet", "amenity_type": "accessible_toilet", "amenity": "toilets", "wheelchair": "yes", "toilets:wheelchair": null, "opening_hours": null, "operator": null, "description": null, "is_accessible": true, "latitude": -37.7667616, "longitude": 144.9615677 }, "geometry": { "type": "Point", "coordinates": [ 144.961567699999989, -37.7667616 ] } },
{ "type": "Feature", "properties": { "osm_id": "node/941365107", "name": "Accessible Toilet", "amenity_type": "accessible_toilet", "amenity": "toilets", "wheelchair": null, "toilets:wheelchair": null, "opening_hours": null, "operator": null, "description": null, "is_accessible": true, "latitude": -37.9295063, "longitude": 145.4579759 }, "geometry": { "type": "Point", "coordinates": [ 145.4579759, -37.9295063 ] } },
{ "type": "Feature", "properties": { "osm_id": "node/941365108", "name": "Accessible Toilet", "amenity_type": "accessible_toilet", "amenity": "toilets", "wheelchair": null, "toilets:wheelchair": null, "opening_hours": null, "operator": null, "description": null, "is_accessible": true, "latitude": -37.9311984, "longitude": 145.4596624 }, "geometry": { "type": "Point", "coordinates": [ 145.459662400000013, -37.9311984 ] } },
{ "type": "Feature", "properties": { "osm_id": "way/946440271", "name": "Accessible Toilet", "amenity_type": "accessible_toilet", "amenity": "toilets", "wheelchair": "yes", "toilets:wheelchair": null, "opening_hours": null, "operator": null, "description": null, "is_accessible": true, "latitude": -37.5189522, "longitude": 145.1081638 }, "geometry": { "type": "Point", "coordinates": [ 145.1081638, -37.5189522 ] } },
{ "type": "Feature", "properties": { "osm_id": "way/952176697", "name": "Accessible Toilet", "amenity_type": "accessible_toilet", "amenity": "toilets", "wheelchair": null, "toilets:wheelchair": null, "opening_hours": null, "operator": null, "description": null, "is_accessible": true, "latitude": -37.6707483, "longitude": 144.5668736 }, "geometry": { "type": "Point", "coordinates": [ 144.5668736, -37.6707483 ] } },
{ "type": "Feature", "properties": { "osm_id": "way/952176728", "name": "Accessible Toilet", "amenity_type": "accessible_toilet", "amenity": "toilets", "wheelchair": null, "toilets:wheelchair": null, "opening_hours": null, "operator": null, "description": null, "is_accessible": true, "latitude": -37.6754373, "longitude": 144.5532304 }, "geometry": { "type": "Point", "coordinates": [ 144.5532304, -37.6754373 ] } },
{ "type": "Feature", "properties": { "osm_id": "way/958620187", "name": "Accessible Toilet", "amenity_type": "accessible_toilet", "amenity": "toilets", "wheelchair": null, "toilets:wheelchair": null, "opening_hours": null, "operator": null, "description": null, "is_accessible": true, "latitude": -38.3413337, "longitude": 144.7476353 }, "geometry": { "type": "Point", "coordinates": [ 144.747635300000013, -38.3413337 ] } },
{ "type": "Feature", "properties": { "osm_id": "way/965836999", "name": "Accessible Toilet", "amenity_type": "accessible_toilet", "amenity": "toilets", "wheelchair": null, "toilets:wheelchair": null, "opening_hours": null, "operator": null, "description": null, "is_accessible": true, "latitude": -37.6281202, "longitude": 144.8928251 }, "geometry": { "type": "Point", "coordinates": [ 144.89282510000001, -37.6281202 ] } },
{ "type": "Feature", "properties": { "osm_id": "way/965837008", "name": "Accessible Toilet", "amenity_type": "accessible_toilet", "amenity": "toilets", "wheelchair": null, "toilets:wheelchair": null, "opening_hours": null, "operator": null, "description": null, "is_accessible": true, "latitude": -37.6284356, "longitude": 144.8915513 }, "geometry": { "type": "Point", "coordinates": [ 144.8915513, -37.6284356 ] } },
{ "type": "Feature", "properties": { "osm_id": "node/967796164", "name": "Accessible Toilet", "amenity_type": "accessible_toilet", "amenity": "toilets", "wheelchair": null, "toilets:wheelchair": null, "opening_hours": null, "operator": null, "description": null, "is_accessible": true, "latitude": -37.8763253, "longitude": 145.3571129 }, "geometry": { "type": "Point", "coordinates": [ 145.3571129, -37.8763253 ] } },
{ "type": "Feature", "properties": { "osm_id": "node/967796173", "name": "Accessible Toilet", "amenity_type": "accessible_toilet", "amenity": "toilets", "wheelchair": null, "toilets:wheelchair": null, "opening_hours": null, "operator": null, "description": null, "is_accessible": true, "latitude": -37.8757005, "longitude": 145.3469562 }, "geometry": { "type": "Point", "coordinates": [ 145.3469562, -37.8757005 ] } },
{ "type": "Feature", "properties": { "osm_id": "way/968846861", "name": "Accessible Toilet", "amenity_type": "accessible_toilet", "amenity": "toilets", "wheelchair": null, "toilets:wheelchair": null, "opening_hours": null, "operator": null, "description": null, "is_accessible": true, "latitude": -37.8311966, "longitude": 144.9099881 }, "geometry": { "type": "Point", "coordinates": [ 144.9099881, -37.8311966 ] } },
{ "type": "Feature", "properties": { "osm_id": "way/968846925", "name": "Accessible Toilet", "amenity_type": "accessible_toilet", "amenity": "toilets", "wheelchair": "yes", "toilets:wheelchair": null, "opening_hours": null, "operator": null, "description": null, "is_accessible": true, "latitude": -37.822943, "longitude": 144.9709874 }, "geometry": { "type": "Point", "coordinates": [ 144.970987400000013, -37.822943 ] } },
{ "type": "Feature", "properties": { "osm_id": "way/969571975", "name": "Accessible Toilet", "amenity_type": "accessible_toilet", "amenity": "toilets", "wheelchair": "limited", "toilets:wheelchair": null, "opening_hours": null, "operator": null, "description": null, "is_accessible": true, "latitude": -37.830841, "longitude": 144.9751856 }, "geometry": { "type": "Point", "coordinates": [ 144.9751856, -37.830841 ] } },
{ "type": "Feature", "properties": { "osm_id": "node/970245197", "name": "Accessible Toilet", "amenity_type": "accessible_toilet", "amenity": "toilets", "wheelchair": "yes", "toilets:wheelchair": null, "opening_hours": null, "operator": null, "description": null, "is_accessible": true, "latitude": -37.761756, "longitude": 145.1840938 }, "geometry": { "type": "Point", "coordinates": [ 145.1840938, -37.761756 ] } },
{ "type": "Feature", "properties": { "osm_id": "way/975397199", "name": "Accessible Toilet", "amenity_type": "accessible_toilet", "amenity": "toilets", "wheelchair": null, "toilets:wheelchair": null, "opening_hours": null, "operator": null, "description": null, "is_accessible": true, "latitude": -37.8233055, "longitude": 144.9418312 }, "geometry": { "type": "Point", "coordinates": [ 144.9418312, -37.8233055 ] } },
{ "type": "Feature", "properties": { "osm_id": "way/978303643", "name": "Accessible Toilet", "amenity_type": "accessible_toilet", "amenity": "toilets", "wheelchair": null, "toilets:wheelchair": null, "opening_hours": null, "operator": null, "description": null, "is_accessible": true, "latitude": -37.7739522, "longitude": 144.9154168 }, "geometry": { "type": "Point", "coordinates": [ 144.9154168, -37.7739522 ] } },
{ "type": "Feature", "properties": { "osm_id": "way/979916282", "name": "Accessible Toilet", "amenity_type": "accessible_toilet", "amenity": "toilets", "wheelchair": null, "toilets:wheelchair": null, "opening_hours": null, "operator": null, "description": null, "is_accessible": true, "latitude": -37.8203605, "longitude": 145.1500019 }, "geometry": { "type": "Point", "coordinates": [ 145.1500019, -37.8203605 ] } },
{ "type": "Feature", "properties": { "osm_id": "node/980066974", "name": "Accessible Toilet", "amenity_type": "accessible_toilet", "amenity": "toilets", "wheelchair": "no", "toilets:wheelchair": null, "opening_hours": null, "operator": null, "description": null, "is_accessible": true, "latitude": -37.845613, "longitude": 145.3461016 }, "geometry": { "type": "Point", "coordinates": [ 145.3461016, -37.845613 ] } },
{ "type": "Feature", "properties": { "osm_id": "way/980642552", "name": "Accessible Toilet", "amenity_type": "accessible_toilet", "amenity": "toilets", "wheelchair": null, "toilets:wheelchair": null, "opening_hours": null, "operator": null, "description": null, "is_accessible": true, "latitude": -38.2452966, "longitude": 145.0682102 }, "geometry": { "type": "Point", "coordinates": [ 145.06821020000001, -38.2452966 ] } },
{ "type": "Feature", "properties": { "osm_id": "way/980652245", "name": "Accessible Toilet", "amenity_type": "accessible_toilet", "amenity": "toilets", "wheelchair": null, "toilets:wheelchair": null, "opening_hours": null, "operator": null, "description": null, "is_accessible": true, "latitude": -38.2382202, "longitude": 145.0494054 }, "geometry": { "type": "Point", "coordinates": [ 145.049405400000012, -38.2382202 ] } },
{ "type": "Feature", "properties": { "osm_id": "way/983888199", "name": "Accessible Toilet", "amenity_type": "accessible_toilet", "amenity": "toilets", "wheelchair": "yes", "toilets:wheelchair": null, "opening_hours": null, "operator": null, "description": null, "is_accessible": true, "latitude": -37.7389903, "longitude": 145.2172062 }, "geometry": { "type": "Point", "coordinates": [ 145.2172062, -37.7389903 ] } },
{ "type": "Feature", "properties": { "osm_id": "way/985822461", "name": "Accessible Toilet", "amenity_type": "accessible_toilet", "amenity": "toilets", "wheelchair": null, "toilets:wheelchair": null, "opening_hours": null, "operator": null, "description": null, "is_accessible": true, "latitude": -37.6778293, "longitude": 145.1636314 }, "geometry": { "type": "Point", "coordinates": [ 145.163631400000014, -37.6778293 ] } },
{ "type": "Feature", "properties": { "osm_id": "node/986213229", "name": "Accessible Toilet", "amenity_type": "accessible_toilet", "amenity": "toilets", "wheelchair": "yes", "toilets:wheelchair": null, "opening_hours": null, "operator": null, "description": null, "is_accessible": true, "latitude": -37.7670267, "longitude": 144.9218678 }, "geometry": { "type": "Point", "coordinates": [ 144.9218678, -37.7670267 ] } },
{ "type": "Feature", "properties": { "osm_id": "way/986525401", "name": "Accessible Toilet", "amenity_type": "accessible_toilet", "amenity": "toilets", "wheelchair": null, "toilets:wheelchair": null, "opening_hours": null, "operator": null, "description": null, "is_accessible": true, "latitude": -37.6663353, "longitude": 145.182567 }, "geometry": { "type": "Point", "coordinates": [ 145.182567, -37.6663353 ] } },
{ "type": "Feature", "properties": { "osm_id": "way/986525402", "name": "Accessible Toilet", "amenity_type": "accessible_toilet", "amenity": "toilets", "wheelchair": null, "toilets:wheelchair": null, "opening_hours": null, "operator": null, "description": null, "is_accessible": true, "latitude": -37.6663219, "longitude": 145.1826286 }, "geometry": { "type": "Point", "coordinates": [ 145.182628599999987, -37.6663219 ] } },
{ "type": "Feature", "properties": { "osm_id": "way/986588505", "name": "Accessible Toilet", "amenity_type": "accessible_toilet", "amenity": "toilets", "wheelchair": null, "toilets:wheelchair": null, "opening_hours": null, "operator": null, "description": null, "is_accessible": true, "latitude": -37.7767269, "longitude": 145.1330001 }, "geometry": { "type": "Point", "coordinates": [ 145.1330001, -37.7767269 ] } },
{ "type": "Feature", "properties": { "osm_id": "node/988275584", "name": "Accessible Toilet", "amenity_type": "accessible_toilet", "amenity": "toilets", "wheelchair": null, "toilets:wheelchair": null, "opening_hours": null, "operator": null, "description": null, "is_accessible": true, "latitude": -37.9407126, "longitude": 145.1039287 }, "geometry": { "type": "Point", "coordinates": [ 145.103928700000012, -37.9407126 ] } },
{ "type": "Feature", "properties": { "osm_id": "way/989034030", "name": "Accessible Toilet", "amenity_type": "accessible_toilet", "amenity": "toilets", "wheelchair": "yes", "toilets:wheelchair": null, "opening_hours": null, "operator": null, "description": null, "is_accessible": true, "latitude": -37.8152779, "longitude": 144.9776044 }, "geometry": { "type": "Point", "coordinates": [ 144.9776044, -37.8152779 ] } },
{ "type": "Feature", "properties": { "osm_id": "way/989034045", "name": "Accessible Toilet", "amenity_type": "accessible_toilet", "amenity": "toilets", "wheelchair": null, "toilets:wheelchair": null, "opening_hours": null, "operator": null, "description": null, "is_accessible": true, "latitude": -37.8120314, "longitude": 144.9830874 }, "geometry": { "type": "Point", "coordinates": [ 144.983087399999988, -37.8120314 ] } },
{ "type": "Feature", "properties": { "osm_id": "way/991047939", "name": "Accessible Toilet", "amenity_type": "accessible_toilet", "amenity": "toilets", "wheelchair": "limited", "toilets:wheelchair": null, "opening_hours": null, "operator": null, "description": null, "is_accessible": true, "latitude": -37.8301259, "longitude": 144.9650122 }, "geometry": { "type": "Point", "coordinates": [ 144.9650122, -37.8301259 ] } },
{ "type": "Feature", "properties": { "osm_id": "way/991624387", "name": "Accessible Toilet", "amenity_type": "accessible_toilet", "amenity": "toilets", "wheelchair": "yes", "toilets:wheelchair": null, "opening_hours": null, "operator": null, "description": null, "is_accessible": true, "latitude": -37.8210052, "longitude": 144.9759316 }, "geometry": { "type": "Point", "coordinates": [ 144.9759316, -37.8210052 ] } },
{ "type": "Feature", "properties": { "osm_id": "way/991663716", "name": "Accessible Toilet", "amenity_type": "accessible_toilet", "amenity": "toilets", "wheelchair": null, "toilets:wheelchair": null, "opening_hours": null, "operator": null, "description": null, "is_accessible": true, "latitude": -37.8294366, "longitude": 145.0008256 }, "geometry": { "type": "Point", "coordinates": [ 145.000825600000013, -37.8294366 ] } },
{ "type": "Feature", "properties": { "osm_id": "way/991677915", "name": "Accessible Toilet", "amenity_type": "accessible_toilet", "amenity": "toilets", "wheelchair": "yes", "toilets:wheelchair": null, "opening_hours": "Mo-Su 06:00-21:00", "operator": null, "description": null, "is_accessible": true, "latitude": -37.8162803, "longitude": 145.0013077 }, "geometry": { "type": "Point", "coordinates": [ 145.001307700000012, -37.8162803 ] } },
{ "type": "Feature", "properties": { "osm_id": "way/992336275", "name": "Accessible Toilet", "amenity_type": "accessible_toilet", "amenity": "toilets", "wheelchair": "yes", "toilets:wheelchair": null, "opening_hours": null, "operator": null, "description": null, "is_accessible": true, "latitude": -37.9199731, "longitude": 145.2396498 }, "geometry": { "type": "Point", "coordinates": [ 145.2396498, -37.9199731 ] } },
{ "type": "Feature", "properties": { "osm_id": "way/996772763", "name": "Accessible Toilet", "amenity_type": "accessible_toilet", "amenity": "toilets", "wheelchair": null, "toilets:wheelchair": null, "opening_hours": null, "operator": null, "description": null, "is_accessible": true, "latitude": -37.9842187, "longitude": 145.1976341 }, "geometry": { "type": "Point", "coordinates": [ 145.197634099999988, -37.9842187 ] } },
{ "type": "Feature", "properties": { "osm_id": "way/998344422", "name": "Accessible Toilet", "amenity_type": "accessible_toilet", "amenity": "toilets", "wheelchair": null, "toilets:wheelchair": null, "opening_hours": null, "operator": null, "description": null, "is_accessible": true, "latitude": -38.1113703, "longitude": 145.2416841 }, "geometry": { "type": "Point", "coordinates": [ 145.241684099999986, -38.1113703 ] } },
{ "type": "Feature", "properties": { "osm_id": "way/998751253", "name": "Accessible Toilet", "amenity_type": "accessible_toilet", "amenity": "toilets", "wheelchair": "limited", "toilets:wheelchair": null, "opening_hours": null, "operator": null, "description": null, "is_accessible": true, "latitude": -38.121048, "longitude": 145.3129396 }, "geometry": { "type": "Point", "coordinates": [ 145.3129396, -38.121048 ] } },
{ "type": "Feature", "properties": { "osm_id": "way/998980279", "name": "Demolished", "amenity_type": "accessible_toilet", "amenity": "toilets", "wheelchair": null, "toilets:wheelchair": null, "opening_hours": null, "operator": null, "description": null, "is_accessible": true, "latitude": -38.0593669, "longitude": 145.3605086 }, "geometry": { "type": "Point", "coordinates": [ 145.3605086, -38.0593669 ] } },
{ "type": "Feature", "properties": { "osm_id": "way/998985701", "name": "Accessible Toilet", "amenity_type": "accessible_toilet", "amenity": "toilets", "wheelchair": "yes", "toilets:wheelchair": null, "opening_hours": null, "operator": null, "description": null, "is_accessible": true, "latitude": -37.875124, "longitude": 144.8135503 }, "geometry": { "type": "Point", "coordinates": [ 144.8135503, -37.875124 ] } },
{ "type": "Feature", "properties": { "osm_id": "way/1000265845", "name": "Accessible Toilet", "amenity_type": "accessible_toilet", "amenity": "toilets", "wheelchair": "yes", "toilets:wheelchair": null, "opening_hours": null, "operator": null, "description": null, "is_accessible": true, "latitude": -37.8445273, "longitude": 145.2988479 }, "geometry": { "type": "Point", "coordinates": [ 145.2988479, -37.8445273 ] } },
{ "type": "Feature", "properties": { "osm_id": "way/1000388495", "name": "Accessible Toilet", "amenity_type": "accessible_toilet", "amenity": "toilets", "wheelchair": null, "toilets:wheelchair": null, "opening_hours": "24/7", "operator": null, "description": null, "is_accessible": true, "latitude": -38.0282787, "longitude": 145.3479976 }, "geometry": { "type": "Point", "coordinates": [ 145.347997600000014, -38.0282787 ] } },
{ "type": "Feature", "properties": { "osm_id": "way/1000392946", "name": "Accessible Toilet", "amenity_type": "accessible_toilet", "amenity": "toilets", "wheelchair": null, "toilets:wheelchair": null, "opening_hours": null, "operator": null, "description": null, "is_accessible": true, "latitude": -38.0256033, "longitude": 145.3385782 }, "geometry": { "type": "Point", "coordinates": [ 145.3385782, -38.0256033 ] } },
{ "type": "Feature", "properties": { "osm_id": "way/1000420429", "name": "Accessible Toilet", "amenity_type": "accessible_toilet", "amenity": "toilets", "wheelchair": "yes", "toilets:wheelchair": null, "opening_hours": null, "operator": null, "description": null, "is_accessible": true, "latitude": -37.8689842, "longitude": 145.0541927 }, "geometry": { "type": "Point", "coordinates": [ 145.054192699999987, -37.8689842 ] } },
{ "type": "Feature", "properties": { "osm_id": "way/1000788637", "name": "Accessible Toilet", "amenity_type": "accessible_toilet", "amenity": "toilets", "wheelchair": "yes", "toilets:wheelchair": null, "opening_hours": null, "operator": null, "description": null, "is_accessible": true, "latitude": -37.7836703, "longitude": 145.0983236 }, "geometry": { "type": "Point", "coordinates": [ 145.098323599999986, -37.7836703 ] } },
{ "type": "Feature", "properties": { "osm_id": "way/1001469612", "name": "Accessible Toilet", "amenity_type": "accessible_toilet", "amenity": "toilets", "wheelchair": "yes", "toilets:wheelchair": null, "opening_hours": null, "operator": null, "description": null, "is_accessible": true, "latitude": -38.147709, "longitude": 145.1157091 }, "geometry": { "type": "Point", "coordinates": [ 145.1157091, -38.147709 ] } },
{ "type": "Feature", "properties": { "osm_id": "way/1002165858", "name": "Accessible Toilet", "amenity_type": "accessible_toilet", "amenity": "toilets", "wheelchair": null, "toilets:wheelchair": null, "opening_hours": null, "operator": null, "description": null, "is_accessible": true, "latitude": -38.2262968, "longitude": 145.0293396 }, "geometry": { "type": "Point", "coordinates": [ 145.029339599999986, -38.2262968 ] } },
{ "type": "Feature", "properties": { "osm_id": "way/1002271538", "name": "Accessible Toilet", "amenity_type": "accessible_toilet", "amenity": "toilets", "wheelchair": null, "toilets:wheelchair": null, "opening_hours": null, "operator": null, "description": null, "is_accessible": true, "latitude": -38.1086847, "longitude": 145.3271568 }, "geometry": { "type": "Point", "coordinates": [ 145.327156800000012, -38.1086847 ] } },
{ "type": "Feature", "properties": { "osm_id": "node/1002318439", "name": "Accessible Toilet", "amenity_type": "accessible_toilet", "amenity": "toilets", "wheelchair": "yes", "toilets:wheelchair": null, "opening_hours": null, "operator": null, "description": null, "is_accessible": true, "latitude": -37.7747102, "longitude": 144.952982 }, "geometry": { "type": "Point", "coordinates": [ 144.952982, -37.7747102 ] } },
{ "type": "Feature", "properties": { "osm_id": "node/1003623594", "name": "Accessible Toilet", "amenity_type": "accessible_toilet", "amenity": "toilets", "wheelchair": null, "toilets:wheelchair": null, "opening_hours": null, "operator": null, "description": null, "is_accessible": true, "latitude": -37.7726077, "longitude": 144.7772259 }, "geometry": { "type": "Point", "coordinates": [ 144.7772259, -37.7726077 ] } },
{ "type": "Feature", "properties": { "osm_id": "way/1006933138", "name": "Accessible Toilet", "amenity_type": "accessible_toilet", "amenity": "toilets", "wheelchair": "yes", "toilets:wheelchair": null, "opening_hours": null, "operator": null, "description": null, "is_accessible": true, "latitude": -38.0259596, "longitude": 145.3039654 }, "geometry": { "type": "Point", "coordinates": [ 145.30396540000001, -38.0259596 ] } },
{ "type": "Feature", "properties": { "osm_id": "way/1011624528", "name": "Accessible Toilet", "amenity_type": "accessible_toilet", "amenity": "toilets", "wheelchair": "yes", "toilets:wheelchair": null, "opening_hours": null, "operator": null, "description": null, "is_accessible": true, "latitude": -37.8323646, "longitude": 144.9796381 }, "geometry": { "type": "Point", "coordinates": [ 144.979638099999988, -37.8323646 ] } },
{ "type": "Feature", "properties": { "osm_id": "way/1012643159", "name": "Accessible Toilet", "amenity_type": "accessible_toilet", "amenity": "toilets", "wheelchair": "yes", "toilets:wheelchair": null, "opening_hours": null, "operator": null, "description": null, "is_accessible": true, "latitude": -37.7959638, "longitude": 145.2809537 }, "geometry": { "type": "Point", "coordinates": [ 145.2809537, -37.7959638 ] } },
{ "type": "Feature", "properties": { "osm_id": "way/1013430545", "name": "Greenwood Park Public Toilets", "amenity_type": "accessible_toilet", "amenity": "toilets", "wheelchair": null, "toilets:wheelchair": null, "opening_hours": null, "operator": null, "description": null, "is_accessible": true, "latitude": -37.8186364, "longitude": 145.2309339 }, "geometry": { "type": "Point", "coordinates": [ 145.2309339, -37.8186364 ] } },
{ "type": "Feature", "properties": { "osm_id": "way/1014240468", "name": "Accessible Toilet", "amenity_type": "accessible_toilet", "amenity": "toilets", "wheelchair": null, "toilets:wheelchair": null, "opening_hours": null, "operator": null, "description": null, "is_accessible": true, "latitude": -37.8203133, "longitude": 145.1413725 }, "geometry": { "type": "Point", "coordinates": [ 145.141372499999989, -37.8203133 ] } },
{ "type": "Feature", "properties": { "osm_id": "node/1014254769", "name": "Accessible Toilet", "amenity_type": "accessible_toilet", "amenity": "toilets", "wheelchair": "no", "toilets:wheelchair": null, "opening_hours": "24/7", "operator": "Melbourne City Council", "description": null, "is_accessible": true, "latitude": -37.8089361, "longitude": 144.96572 }, "geometry": { "type": "Point", "coordinates": [ 144.96572, -37.8089361 ] } },
{ "type": "Feature", "properties": { "osm_id": "way/1017036303", "name": "Accessible Toilet", "amenity_type": "accessible_toilet", "amenity": "toilets", "wheelchair": null, "toilets:wheelchair": null, "opening_hours": null, "operator": null, "description": null, "is_accessible": true, "latitude": -37.8043354, "longitude": 145.0103056 }, "geometry": { "type": "Point", "coordinates": [ 145.0103056, -37.8043354 ] } },
{ "type": "Feature", "properties": { "osm_id": "way/1017827128", "name": "Accessible Toilet", "amenity_type": "accessible_toilet", "amenity": "toilets", "wheelchair": null, "toilets:wheelchair": null, "opening_hours": null, "operator": null, "description": null, "is_accessible": true, "latitude": -38.0258944, "longitude": 145.3365645 }, "geometry": { "type": "Point", "coordinates": [ 145.3365645, -38.0258944 ] } },
{ "type": "Feature", "properties": { "osm_id": "way/1021349284", "name": "Accessible Toilet", "amenity_type": "accessible_toilet", "amenity": "toilets", "wheelchair": null, "toilets:wheelchair": null, "opening_hours": null, "operator": null, "description": null, "is_accessible": true, "latitude": -38.3480122, "longitude": 144.9287896 }, "geometry": { "type": "Point", "coordinates": [ 144.928789599999988, -38.3480122 ] } },
{ "type": "Feature", "properties": { "osm_id": "way/1021870743", "name": "Accessible Toilet", "amenity_type": "accessible_toilet", "amenity": "toilets", "wheelchair": "yes", "toilets:wheelchair": null, "opening_hours": null, "operator": null, "description": null, "is_accessible": true, "latitude": -37.8829595, "longitude": 145.2961441 }, "geometry": { "type": "Point", "coordinates": [ 145.2961441, -37.8829595 ] } },
{ "type": "Feature", "properties": { "osm_id": "way/1024140231", "name": "Accessible Toilet", "amenity_type": "accessible_toilet", "amenity": "toilets", "wheelchair": "yes", "toilets:wheelchair": null, "opening_hours": null, "operator": null, "description": null, "is_accessible": true, "latitude": -37.795961, "longitude": 145.1763042 }, "geometry": { "type": "Point", "coordinates": [ 145.1763042, -37.795961 ] } },
{ "type": "Feature", "properties": { "osm_id": "way/1025027514", "name": "Accessible Toilet", "amenity_type": "accessible_toilet", "amenity": "toilets", "wheelchair": "yes", "toilets:wheelchair": null, "opening_hours": null, "operator": null, "description": null, "is_accessible": true, "latitude": -38.3935316, "longitude": 145.1571019 }, "geometry": { "type": "Point", "coordinates": [ 145.157101899999986, -38.3935316 ] } },
{ "type": "Feature", "properties": { "osm_id": "way/1025738401", "name": "Accessible Toilet", "amenity_type": "accessible_toilet", "amenity": "toilets", "wheelchair": null, "toilets:wheelchair": null, "opening_hours": null, "operator": null, "description": null, "is_accessible": true, "latitude": -37.7777713, "longitude": 145.4609325 }, "geometry": { "type": "Point", "coordinates": [ 145.460932500000013, -37.7777713 ] } },
{ "type": "Feature", "properties": { "osm_id": "way/1025738406", "name": "Accessible Toilet", "amenity_type": "accessible_toilet", "amenity": "toilets", "wheelchair": null, "toilets:wheelchair": null, "opening_hours": null, "operator": null, "description": null, "is_accessible": true, "latitude": -37.7788363, "longitude": 145.4613878 }, "geometry": { "type": "Point", "coordinates": [ 145.461387800000011, -37.7788363 ] } },
{ "type": "Feature", "properties": { "osm_id": "node/1025866086", "name": "Accessible Toilet", "amenity_type": "accessible_toilet", "amenity": "toilets", "wheelchair": null, "toilets:wheelchair": null, "opening_hours": null, "operator": null, "description": "Untreated water available", "is_accessible": true, "latitude": -37.9466574, "longitude": 145.6727162 }, "geometry": { "type": "Point", "coordinates": [ 145.6727162, -37.9466574 ] } },
{ "type": "Feature", "properties": { "osm_id": "way/1027701220", "name": "Accessible Toilet", "amenity_type": "accessible_toilet", "amenity": "toilets", "wheelchair": null, "toilets:wheelchair": null, "opening_hours": null, "operator": null, "description": null, "is_accessible": true, "latitude": -38.0875556, "longitude": 145.1463935 }, "geometry": { "type": "Point", "coordinates": [ 145.146393499999988, -38.0875556 ] } },
{ "type": "Feature", "properties": { "osm_id": "way/1033655034", "name": "Accessible Toilet", "amenity_type": "accessible_toilet", "amenity": "toilets", "wheelchair": null, "toilets:wheelchair": null, "opening_hours": null, "operator": null, "description": null, "is_accessible": true, "latitude": -37.9151808, "longitude": 144.9949688 }, "geometry": { "type": "Point", "coordinates": [ 144.9949688, -37.9151808 ] } },
{ "type": "Feature", "properties": { "osm_id": "way/1035860621", "name": "Accessible Toilet", "amenity_type": "accessible_toilet", "amenity": "toilets", "wheelchair": null, "toilets:wheelchair": null, "opening_hours": null, "operator": null, "description": null, "is_accessible": true, "latitude": -37.8746594, "longitude": 145.359527 }, "geometry": { "type": "Point", "coordinates": [ 145.359527, -37.8746594 ] } },
{ "type": "Feature", "properties": { "osm_id": "way/1036185139", "name": "Accessible Toilet", "amenity_type": "accessible_toilet", "amenity": "toilets", "wheelchair": null, "toilets:wheelchair": null, "opening_hours": null, "operator": null, "description": null, "is_accessible": true, "latitude": -37.6778548, "longitude": 145.1518272 }, "geometry": { "type": "Point", "coordinates": [ 145.151827200000014, -37.6778548 ] } },
{ "type": "Feature", "properties": { "osm_id": "way/1036259637", "name": "Accessible Toilet", "amenity_type": "accessible_toilet", "amenity": "toilets", "wheelchair": null, "toilets:wheelchair": null, "opening_hours": null, "operator": null, "description": null, "is_accessible": true, "latitude": -37.6734431, "longitude": 145.1524558 }, "geometry": { "type": "Point", "coordinates": [ 145.152455800000013, -37.6734431 ] } },
{ "type": "Feature", "properties": { "osm_id": "way/1037961907", "name": "Accessible Toilet", "amenity_type": "accessible_toilet", "amenity": "toilets", "wheelchair": "yes", "toilets:wheelchair": null, "opening_hours": null, "operator": null, "description": null, "is_accessible": true, "latitude": -37.929326, "longitude": 145.1890497 }, "geometry": { "type": "Point", "coordinates": [ 145.1890497, -37.929326 ] } },
{ "type": "Feature", "properties": { "osm_id": "way/1039544080", "name": "Accessible Toilet", "amenity_type": "accessible_toilet", "amenity": "toilets", "wheelchair": null, "toilets:wheelchair": null, "opening_hours": null, "operator": null, "description": null, "is_accessible": true, "latitude": 28.1504064, "longitude": -80.6591769 }, "geometry": { "type": "Point", "coordinates": [ -80.6591769, 28.1504064 ] } },
{ "type": "Feature", "properties": { "osm_id": "way/1039548766", "name": "Accessible Toilet", "amenity_type": "accessible_toilet", "amenity": "toilets", "wheelchair": null, "toilets:wheelchair": null, "opening_hours": null, "operator": null, "description": null, "is_accessible": true, "latitude": 28.1655826, "longitude": -80.6643258 }, "geometry": { "type": "Point", "coordinates": [ -80.6643258, 28.1655826 ] } },
{ "type": "Feature", "properties": { "osm_id": "way/1039569835", "name": "Accessible Toilet", "amenity_type": "accessible_toilet", "amenity": "toilets", "wheelchair": "no", "toilets:wheelchair": null, "opening_hours": null, "operator": null, "description": null, "is_accessible": true, "latitude": -37.9590831, "longitude": 145.0705134 }, "geometry": { "type": "Point", "coordinates": [ 145.07051340000001, -37.9590831 ] } },
{ "type": "Feature", "properties": { "osm_id": "way/1040072644", "name": "Accessible Toilet", "amenity_type": "accessible_toilet", "amenity": "toilets", "wheelchair": "yes", "toilets:wheelchair": null, "opening_hours": null, "operator": null, "description": null, "is_accessible": true, "latitude": -37.7561646, "longitude": 145.352434 }, "geometry": { "type": "Point", "coordinates": [ 145.352434, -37.7561646 ] } },
{ "type": "Feature", "properties": { "osm_id": "way/1040084051", "name": "Accessible Toilet", "amenity_type": "accessible_toilet", "amenity": "toilets", "wheelchair": null, "toilets:wheelchair": null, "opening_hours": null, "operator": null, "description": null, "is_accessible": true, "latitude": -37.7571966, "longitude": 145.3495762 }, "geometry": { "type": "Point", "coordinates": [ 145.3495762, -37.7571966 ] } },
{ "type": "Feature", "properties": { "osm_id": "way/1040120972", "name": "Accessible Toilet", "amenity_type": "accessible_toilet", "amenity": "toilets", "wheelchair": null, "toilets:wheelchair": null, "opening_hours": null, "operator": null, "description": null, "is_accessible": true, "latitude": -37.8068595, "longitude": 145.0318922 }, "geometry": { "type": "Point", "coordinates": [ 145.031892199999987, -37.8068595 ] } },
{ "type": "Feature", "properties": { "osm_id": "node/1040735028", "name": "Accessible Toilet", "amenity_type": "accessible_toilet", "amenity": "toilets", "wheelchair": null, "toilets:wheelchair": null, "opening_hours": null, "operator": null, "description": null, "is_accessible": true, "latitude": -37.8039382, "longitude": 144.9933889 }, "geometry": { "type": "Point", "coordinates": [ 144.993388900000014, -37.8039382 ] } },
{ "type": "Feature", "properties": { "osm_id": "way/1044419052", "name": "Accessible Toilet", "amenity_type": "accessible_toilet", "amenity": "toilets", "wheelchair": null, "toilets:wheelchair": null, "opening_hours": null, "operator": null, "description": null, "is_accessible": true, "latitude": -38.1502854, "longitude": 145.1142347 }, "geometry": { "type": "Point", "coordinates": [ 145.1142347, -38.1502854 ] } },
{ "type": "Feature", "properties": { "osm_id": "way/1044611853", "name": "Accessible Toilet", "amenity_type": "accessible_toilet", "amenity": "toilets", "wheelchair": null, "toilets:wheelchair": null, "opening_hours": null, "operator": null, "description": null, "is_accessible": true, "latitude": -37.7808828, "longitude": 145.4275809 }, "geometry": { "type": "Point", "coordinates": [ 145.4275809, -37.7808828 ] } },
{ "type": "Feature", "properties": { "osm_id": "way/1044735619", "name": "Accessible Toilet", "amenity_type": "accessible_toilet", "amenity": "toilets", "wheelchair": "limited", "toilets:wheelchair": null, "opening_hours": null, "operator": null, "description": null, "is_accessible": true, "latitude": -37.858338, "longitude": 144.9695263 }, "geometry": { "type": "Point", "coordinates": [ 144.969526300000012, -37.858338 ] } },
{ "type": "Feature", "properties": { "osm_id": "way/1044735620", "name": "Public Toilets", "amenity_type": "accessible_toilet", "amenity": "toilets", "wheelchair": null, "toilets:wheelchair": null, "opening_hours": null, "operator": null, "description": "exeloo", "is_accessible": true, "latitude": -37.8676306, "longitude": 144.9783361 }, "geometry": { "type": "Point", "coordinates": [ 144.9783361, -37.8676306 ] } },
{ "type": "Feature", "properties": { "osm_id": "way/1047368716", "name": "Accessible Toilet", "amenity_type": "accessible_toilet", "amenity": "toilets", "wheelchair": "yes", "toilets:wheelchair": null, "opening_hours": null, "operator": null, "description": null, "is_accessible": true, "latitude": -38.3082409, "longitude": 145.1965443 }, "geometry": { "type": "Point", "coordinates": [ 145.1965443, -38.3082409 ] } },
{ "type": "Feature", "properties": { "osm_id": "way/1047538158", "name": "Accessible Toilet", "amenity_type": "accessible_toilet", "amenity": "toilets", "wheelchair": null, "toilets:wheelchair": null, "opening_hours": null, "operator": null, "description": null, "is_accessible": true, "latitude": -37.788785, "longitude": 145.4247022 }, "geometry": { "type": "Point", "coordinates": [ 145.424702200000013, -37.788785 ] } },
{ "type": "Feature", "properties": { "osm_id": "way/1054935823", "name": "Accessible Toilet", "amenity_type": "accessible_toilet", "amenity": "toilets", "wheelchair": null, "toilets:wheelchair": null, "opening_hours": null, "operator": null, "description": null, "is_accessible": true, "latitude": -37.9961268, "longitude": 145.0711624 }, "geometry": { "type": "Point", "coordinates": [ 145.0711624, -37.9961268 ] } },
{ "type": "Feature", "properties": { "osm_id": "way/1054935829", "name": "Accessible Toilet", "amenity_type": "accessible_toilet", "amenity": "toilets", "wheelchair": null, "toilets:wheelchair": null, "opening_hours": null, "operator": null, "description": null, "is_accessible": true, "latitude": -37.9930565, "longitude": 145.0668954 }, "geometry": { "type": "Point", "coordinates": [ 145.0668954, -37.9930565 ] } },
{ "type": "Feature", "properties": { "osm_id": "way/1056130501", "name": "Accessible Toilet", "amenity_type": "accessible_toilet", "amenity": "toilets", "wheelchair": null, "toilets:wheelchair": null, "opening_hours": null, "operator": null, "description": null, "is_accessible": true, "latitude": -37.8705019, "longitude": 144.6945229 }, "geometry": { "type": "Point", "coordinates": [ 144.69452290000001, -37.8705019 ] } },
{ "type": "Feature", "properties": { "osm_id": "way/1058284242", "name": "Accessible Toilet", "amenity_type": "accessible_toilet", "amenity": "toilets", "wheelchair": "limited", "toilets:wheelchair": null, "opening_hours": null, "operator": null, "description": null, "is_accessible": true, "latitude": -38.263491, "longitude": 145.1688269 }, "geometry": { "type": "Point", "coordinates": [ 145.1688269, -38.263491 ] } },
{ "type": "Feature", "properties": { "osm_id": "way/1058284257", "name": "Accessible Toilet", "amenity_type": "accessible_toilet", "amenity": "toilets", "wheelchair": "yes", "toilets:wheelchair": null, "opening_hours": null, "operator": null, "description": null, "is_accessible": true, "latitude": -38.2625564, "longitude": 145.1687843 }, "geometry": { "type": "Point", "coordinates": [ 145.1687843, -38.2625564 ] } },
{ "type": "Feature", "properties": { "osm_id": "way/1058284258", "name": "Accessible Toilet", "amenity_type": "accessible_toilet", "amenity": "toilets", "wheelchair": "yes", "toilets:wheelchair": null, "opening_hours": null, "operator": null, "description": null, "is_accessible": true, "latitude": -38.2625294, "longitude": 145.1689307 }, "geometry": { "type": "Point", "coordinates": [ 145.1689307, -38.2625294 ] } },
{ "type": "Feature", "properties": { "osm_id": "way/1058284262", "name": "Accessible Toilet", "amenity_type": "accessible_toilet", "amenity": "toilets", "wheelchair": "limited", "toilets:wheelchair": null, "opening_hours": null, "operator": null, "description": null, "is_accessible": true, "latitude": -38.2627422, "longitude": 145.1702404 }, "geometry": { "type": "Point", "coordinates": [ 145.170240400000012, -38.2627422 ] } },
{ "type": "Feature", "properties": { "osm_id": "way/1063498953", "name": "Accessible Toilet", "amenity_type": "accessible_toilet", "amenity": "toilets", "wheelchair": null, "toilets:wheelchair": null, "opening_hours": null, "operator": null, "description": null, "is_accessible": true, "latitude": -37.8243818, "longitude": 144.985666 }, "geometry": { "type": "Point", "coordinates": [ 144.985666, -37.8243818 ] } },
{ "type": "Feature", "properties": { "osm_id": "way/1063760489", "name": "Accessible Toilet", "amenity_type": "accessible_toilet", "amenity": "toilets", "wheelchair": "yes", "toilets:wheelchair": null, "opening_hours": null, "operator": null, "description": null, "is_accessible": true, "latitude": -38.1032904, "longitude": 145.1264764 }, "geometry": { "type": "Point", "coordinates": [ 145.1264764, -38.1032904 ] } },
{ "type": "Feature", "properties": { "osm_id": "way/1063990098", "name": "Accessible Toilet", "amenity_type": "accessible_toilet", "amenity": "toilets", "wheelchair": null, "toilets:wheelchair": null, "opening_hours": null, "operator": null, "description": null, "is_accessible": true, "latitude": -38.3594483, "longitude": 144.8875237 }, "geometry": { "type": "Point", "coordinates": [ 144.8875237, -38.3594483 ] } },
{ "type": "Feature", "properties": { "osm_id": "way/1063990100", "name": "Accessible Toilet", "amenity_type": "accessible_toilet", "amenity": "toilets", "wheelchair": null, "toilets:wheelchair": null, "opening_hours": null, "operator": null, "description": null, "is_accessible": true, "latitude": -38.3596766, "longitude": 144.8866751 }, "geometry": { "type": "Point", "coordinates": [ 144.8866751, -38.3596766 ] } },
{ "type": "Feature", "properties": { "osm_id": "way/1065803654", "name": "Accessible Toilet", "amenity_type": "accessible_toilet", "amenity": "toilets", "wheelchair": null, "toilets:wheelchair": null, "opening_hours": null, "operator": null, "description": null, "is_accessible": true, "latitude": -37.9255409, "longitude": 145.0677898 }, "geometry": { "type": "Point", "coordinates": [ 145.067789800000014, -37.9255409 ] } },
{ "type": "Feature", "properties": { "osm_id": "way/1065803655", "name": "Accessible Toilet", "amenity_type": "accessible_toilet", "amenity": "toilets", "wheelchair": null, "toilets:wheelchair": null, "opening_hours": null, "operator": null, "description": null, "is_accessible": true, "latitude": -37.925492, "longitude": 145.0677948 }, "geometry": { "type": "Point", "coordinates": [ 145.0677948, -37.925492 ] } },
{ "type": "Feature", "properties": { "osm_id": "node/1067157379", "name": "Accessible Toilet", "amenity_type": "accessible_toilet", "amenity": "toilets", "wheelchair": null, "toilets:wheelchair": null, "opening_hours": null, "operator": null, "description": null, "is_accessible": true, "latitude": -37.860711, "longitude": 145.060226 }, "geometry": { "type": "Point", "coordinates": [ 145.060226, -37.860711 ] } },
{ "type": "Feature", "properties": { "osm_id": "way/1067822067", "name": "Accessible Toilet", "amenity_type": "accessible_toilet", "amenity": "toilets", "wheelchair": null, "toilets:wheelchair": null, "opening_hours": null, "operator": null, "description": null, "is_accessible": true, "latitude": -37.892929, "longitude": 145.2359149 }, "geometry": { "type": "Point", "coordinates": [ 145.235914900000012, -37.892929 ] } },
{ "type": "Feature", "properties": { "osm_id": "way/1068902016", "name": "Accessible Toilet", "amenity_type": "accessible_toilet", "amenity": "toilets", "wheelchair": null, "toilets:wheelchair": null, "opening_hours": null, "operator": null, "description": null, "is_accessible": true, "latitude": -38.0516703, "longitude": 145.6772286 }, "geometry": { "type": "Point", "coordinates": [ 145.6772286, -38.0516703 ] } },
{ "type": "Feature", "properties": { "osm_id": "way/1069467157", "name": "Accessible Toilet", "amenity_type": "accessible_toilet", "amenity": "toilets", "wheelchair": null, "toilets:wheelchair": null, "opening_hours": null, "operator": null, "description": null, "is_accessible": true, "latitude": -37.6465667, "longitude": 145.0569733 }, "geometry": { "type": "Point", "coordinates": [ 145.05697330000001, -37.6465667 ] } },
{ "type": "Feature", "properties": { "osm_id": "way/1073030313", "name": "Accessible Toilet", "amenity_type": "accessible_toilet", "amenity": "toilets", "wheelchair": null, "toilets:wheelchair": null, "opening_hours": null, "operator": null, "description": null, "is_accessible": true, "latitude": -37.6088824, "longitude": 145.1203682 }, "geometry": { "type": "Point", "coordinates": [ 145.1203682, -37.6088824 ] } },
{ "type": "Feature", "properties": { "osm_id": "way/1073694419", "name": "Accessible Toilet", "amenity_type": "accessible_toilet", "amenity": "toilets", "wheelchair": null, "toilets:wheelchair": null, "opening_hours": null, "operator": null, "description": null, "is_accessible": true, "latitude": -37.8119989, "longitude": 145.345296 }, "geometry": { "type": "Point", "coordinates": [ 145.345296, -37.8119989 ] } },
{ "type": "Feature", "properties": { "osm_id": "way/1073731330", "name": "Accessible Toilet", "amenity_type": "accessible_toilet", "amenity": "toilets", "wheelchair": "yes", "toilets:wheelchair": null, "opening_hours": null, "operator": null, "description": null, "is_accessible": true, "latitude": -37.8099936, "longitude": 145.3436592 }, "geometry": { "type": "Point", "coordinates": [ 145.3436592, -37.8099936 ] } },
{ "type": "Feature", "properties": { "osm_id": "way/1073791626", "name": "Accessible Toilet", "amenity_type": "accessible_toilet", "amenity": "toilets", "wheelchair": "yes", "toilets:wheelchair": null, "opening_hours": null, "operator": null, "description": null, "is_accessible": true, "latitude": -37.6356879, "longitude": 144.8712632 }, "geometry": { "type": "Point", "coordinates": [ 144.871263199999987, -37.6356879 ] } },
{ "type": "Feature", "properties": { "osm_id": "node/1074602289", "name": "Accessible Toilet", "amenity_type": "accessible_toilet", "amenity": "toilets", "wheelchair": null, "toilets:wheelchair": null, "opening_hours": null, "operator": null, "description": null, "is_accessible": true, "latitude": -38.361418, "longitude": 144.7528526 }, "geometry": { "type": "Point", "coordinates": [ 144.752852600000011, -38.361418 ] } },
{ "type": "Feature", "properties": { "osm_id": "way/1074997243", "name": "Accessible Toilet", "amenity_type": "accessible_toilet", "amenity": "toilets", "wheelchair": "yes", "toilets:wheelchair": null, "opening_hours": null, "operator": null, "description": null, "is_accessible": true, "latitude": -37.5193634, "longitude": 145.1117143 }, "geometry": { "type": "Point", "coordinates": [ 145.111714299999988, -37.5193634 ] } },
{ "type": "Feature", "properties": { "osm_id": "node/1080345291", "name": "Public Toilets", "amenity_type": "accessible_toilet", "amenity": "toilets", "wheelchair": null, "toilets:wheelchair": null, "opening_hours": null, "operator": null, "description": null, "is_accessible": true, "latitude": -37.806995, "longitude": 145.2033757 }, "geometry": { "type": "Point", "coordinates": [ 145.2033757, -37.806995 ] } },
{ "type": "Feature", "properties": { "osm_id": "way/1081956542", "name": "Accessible Toilet", "amenity_type": "accessible_toilet", "amenity": "toilets", "wheelchair": null, "toilets:wheelchair": null, "opening_hours": null, "operator": null, "description": null, "is_accessible": true, "latitude": -37.8431256, "longitude": 144.9817173 }, "geometry": { "type": "Point", "coordinates": [ 144.981717300000014, -37.8431256 ] } },
{ "type": "Feature", "properties": { "osm_id": "way/1083911833", "name": "Public Toilets Eastfield Park", "amenity_type": "accessible_toilet", "amenity": "toilets", "wheelchair": "yes", "toilets:wheelchair": null, "opening_hours": null, "operator": null, "description": null, "is_accessible": true, "latitude": -37.8115816, "longitude": 145.2791969 }, "geometry": { "type": "Point", "coordinates": [ 145.279196899999988, -37.8115816 ] } },
{ "type": "Feature", "properties": { "osm_id": "way/1087422478", "name": "Accessible Toilet", "amenity_type": "accessible_toilet", "amenity": "toilets", "wheelchair": null, "toilets:wheelchair": null, "opening_hours": null, "operator": null, "description": null, "is_accessible": true, "latitude": -38.3822374, "longitude": 144.8971157 }, "geometry": { "type": "Point", "coordinates": [ 144.8971157, -38.3822374 ] } },
{ "type": "Feature", "properties": { "osm_id": "way/1087617708", "name": "Accessible Toilet", "amenity_type": "accessible_toilet", "amenity": "toilets", "wheelchair": null, "toilets:wheelchair": null, "opening_hours": null, "operator": null, "description": null, "is_accessible": true, "latitude": -38.3805364, "longitude": 144.9024129 }, "geometry": { "type": "Point", "coordinates": [ 144.9024129, -38.3805364 ] } },
{ "type": "Feature", "properties": { "osm_id": "way/1088950387", "name": "Accessible Toilet", "amenity_type": "accessible_toilet", "amenity": "toilets", "wheelchair": null, "toilets:wheelchair": null, "opening_hours": null, "operator": null, "description": null, "is_accessible": true, "latitude": -38.1227718, "longitude": 145.3695794 }, "geometry": { "type": "Point", "coordinates": [ 145.3695794, -38.1227718 ] } },
{ "type": "Feature", "properties": { "osm_id": "way/1090140298", "name": "Accessible Toilet", "amenity_type": "accessible_toilet", "amenity": "toilets", "wheelchair": null, "toilets:wheelchair": null, "opening_hours": null, "operator": null, "description": null, "is_accessible": true, "latitude": -37.7872124, "longitude": 144.9091469 }, "geometry": { "type": "Point", "coordinates": [ 144.9091469, -37.7872124 ] } },
{ "type": "Feature", "properties": { "osm_id": "way/1091932017", "name": "Accessible Toilet", "amenity_type": "accessible_toilet", "amenity": "toilets", "wheelchair": null, "toilets:wheelchair": null, "opening_hours": null, "operator": null, "description": null, "is_accessible": true, "latitude": -37.6803973, "longitude": 145.3029168 }, "geometry": { "type": "Point", "coordinates": [ 145.3029168, -37.6803973 ] } },
{ "type": "Feature", "properties": { "osm_id": "way/1093776317", "name": "Accessible Toilet", "amenity_type": "accessible_toilet", "amenity": "toilets", "wheelchair": "yes", "toilets:wheelchair": null, "opening_hours": null, "operator": null, "description": null, "is_accessible": true, "latitude": -37.7980625, "longitude": 144.9211054 }, "geometry": { "type": "Point", "coordinates": [ 144.921105399999988, -37.7980625 ] } },
{ "type": "Feature", "properties": { "osm_id": "way/1093785316", "name": "Accessible Toilet", "amenity_type": "accessible_toilet", "amenity": "toilets", "wheelchair": "yes", "toilets:wheelchair": null, "opening_hours": null, "operator": null, "description": null, "is_accessible": true, "latitude": -37.7901744, "longitude": 144.943669 }, "geometry": { "type": "Point", "coordinates": [ 144.943669, -37.7901744 ] } },
{ "type": "Feature", "properties": { "osm_id": "way/1098708955", "name": "Accessible Toilet", "amenity_type": "accessible_toilet", "amenity": "toilets", "wheelchair": "yes", "toilets:wheelchair": null, "opening_hours": null, "operator": null, "description": null, "is_accessible": true, "latitude": -37.8122743, "longitude": 145.2363277 }, "geometry": { "type": "Point", "coordinates": [ 145.2363277, -37.8122743 ] } },
{ "type": "Feature", "properties": { "osm_id": "way/1102316109", "name": "Accessible Toilet", "amenity_type": "accessible_toilet", "amenity": "toilets", "wheelchair": null, "toilets:wheelchair": null, "opening_hours": null, "operator": null, "description": null, "is_accessible": true, "latitude": -37.8524185, "longitude": 145.3709585 }, "geometry": { "type": "Point", "coordinates": [ 145.3709585, -37.8524185 ] } },
{ "type": "Feature", "properties": { "osm_id": "way/1102479008", "name": "Accessible Toilet", "amenity_type": "accessible_toilet", "amenity": "toilets", "wheelchair": "limited", "toilets:wheelchair": null, "opening_hours": null, "operator": null, "description": null, "is_accessible": true, "latitude": -37.8161718, "longitude": 145.2068678 }, "geometry": { "type": "Point", "coordinates": [ 145.2068678, -37.8161718 ] } },
{ "type": "Feature", "properties": { "osm_id": "way/1103968911", "name": "Accessible Toilet", "amenity_type": "accessible_toilet", "amenity": "toilets", "wheelchair": "yes", "toilets:wheelchair": null, "opening_hours": null, "operator": null, "description": null, "is_accessible": true, "latitude": -37.7801225, "longitude": 145.285603 }, "geometry": { "type": "Point", "coordinates": [ 145.285603, -37.7801225 ] } },
{ "type": "Feature", "properties": { "osm_id": "way/1105406460", "name": "Accessible Toilet", "amenity_type": "accessible_toilet", "amenity": "toilets", "wheelchair": "yes", "toilets:wheelchair": null, "opening_hours": null, "operator": null, "description": null, "is_accessible": true, "latitude": -37.8865097, "longitude": 145.0218911 }, "geometry": { "type": "Point", "coordinates": [ 145.0218911, -37.8865097 ] } },
{ "type": "Feature", "properties": { "osm_id": "way/1106319899", "name": "Accessible Toilet", "amenity_type": "accessible_toilet", "amenity": "toilets", "wheelchair": null, "toilets:wheelchair": null, "opening_hours": null, "operator": null, "description": null, "is_accessible": true, "latitude": -38.3239249, "longitude": 144.9994472 }, "geometry": { "type": "Point", "coordinates": [ 144.9994472, -38.3239249 ] } },
{ "type": "Feature", "properties": { "osm_id": "way/1110152161", "name": "Accessible Toilet", "amenity_type": "accessible_toilet", "amenity": "toilets", "wheelchair": null, "toilets:wheelchair": null, "opening_hours": null, "operator": null, "description": null, "is_accessible": true, "latitude": -37.6546566, "longitude": 145.0584852 }, "geometry": { "type": "Point", "coordinates": [ 145.0584852, -37.6546566 ] } },
{ "type": "Feature", "properties": { "osm_id": "way/1110152162", "name": "Accessible Toilet", "amenity_type": "accessible_toilet", "amenity": "toilets", "wheelchair": null, "toilets:wheelchair": null, "opening_hours": null, "operator": null, "description": null, "is_accessible": true, "latitude": -37.6546896, "longitude": 145.0586273 }, "geometry": { "type": "Point", "coordinates": [ 145.058627300000012, -37.6546896 ] } },
{ "type": "Feature", "properties": { "osm_id": "way/1111065089", "name": "Accessible Toilet", "amenity_type": "accessible_toilet", "amenity": "toilets", "wheelchair": "no", "toilets:wheelchair": null, "opening_hours": null, "operator": null, "description": null, "is_accessible": true, "latitude": -37.7154357, "longitude": 145.1050556 }, "geometry": { "type": "Point", "coordinates": [ 145.105055599999986, -37.7154357 ] } },
{ "type": "Feature", "properties": { "osm_id": "way/1112162936", "name": "Accessible Toilet", "amenity_type": "accessible_toilet", "amenity": "toilets", "wheelchair": null, "toilets:wheelchair": null, "opening_hours": null, "operator": null, "description": null, "is_accessible": true, "latitude": -37.7390154, "longitude": 144.8702598 }, "geometry": { "type": "Point", "coordinates": [ 144.870259800000014, -37.7390154 ] } },
{ "type": "Feature", "properties": { "osm_id": "way/1112162937", "name": "Accessible Toilet", "amenity_type": "accessible_toilet", "amenity": "toilets", "wheelchair": null, "toilets:wheelchair": null, "opening_hours": null, "operator": null, "description": null, "is_accessible": true, "latitude": -37.7390206, "longitude": 144.8703221 }, "geometry": { "type": "Point", "coordinates": [ 144.87032210000001, -37.7390206 ] } },
{ "type": "Feature", "properties": { "osm_id": "way/1112162938", "name": "Accessible Toilet", "amenity_type": "accessible_toilet", "amenity": "toilets", "wheelchair": "no", "toilets:wheelchair": null, "opening_hours": null, "operator": null, "description": null, "is_accessible": true, "latitude": -37.7388441, "longitude": 144.8707436 }, "geometry": { "type": "Point", "coordinates": [ 144.8707436, -37.7388441 ] } },
{ "type": "Feature", "properties": { "osm_id": "way/1112162940", "name": "Accessible Toilet", "amenity_type": "accessible_toilet", "amenity": "toilets", "wheelchair": "yes", "toilets:wheelchair": null, "opening_hours": null, "operator": null, "description": null, "is_accessible": true, "latitude": -37.7389663, "longitude": 144.8703628 }, "geometry": { "type": "Point", "coordinates": [ 144.8703628, -37.7389663 ] } },
{ "type": "Feature", "properties": { "osm_id": "way/1112162941", "name": "Accessible Toilet", "amenity_type": "accessible_toilet", "amenity": "toilets", "wheelchair": "yes", "toilets:wheelchair": null, "opening_hours": null, "operator": null, "description": null, "is_accessible": true, "latitude": -37.7389693, "longitude": 144.8703858 }, "geometry": { "type": "Point", "coordinates": [ 144.8703858, -37.7389693 ] } },
{ "type": "Feature", "properties": { "osm_id": "way/1112162942", "name": "Accessible Toilet", "amenity_type": "accessible_toilet", "amenity": "toilets", "wheelchair": "no", "toilets:wheelchair": null, "opening_hours": null, "operator": null, "description": null, "is_accessible": true, "latitude": -37.7389558, "longitude": 144.8702671 }, "geometry": { "type": "Point", "coordinates": [ 144.8702671, -37.7389558 ] } },
{ "type": "Feature", "properties": { "osm_id": "way/1112162943", "name": "Accessible Toilet", "amenity_type": "accessible_toilet", "amenity": "toilets", "wheelchair": "no", "toilets:wheelchair": null, "opening_hours": null, "operator": null, "description": null, "is_accessible": true, "latitude": -37.7388624, "longitude": 144.8707407 }, "geometry": { "type": "Point", "coordinates": [ 144.8707407, -37.7388624 ] } },
{ "type": "Feature", "properties": { "osm_id": "way/1112162944", "name": "Accessible Toilet", "amenity_type": "accessible_toilet", "amenity": "toilets", "wheelchair": "no", "toilets:wheelchair": null, "opening_hours": null, "operator": null, "description": null, "is_accessible": true, "latitude": -37.7388807, "longitude": 144.8707385 }, "geometry": { "type": "Point", "coordinates": [ 144.870738499999987, -37.7388807 ] } },
{ "type": "Feature", "properties": { "osm_id": "way/1112162945", "name": "Accessible Toilet", "amenity_type": "accessible_toilet", "amenity": "toilets", "wheelchair": "no", "toilets:wheelchair": null, "opening_hours": null, "operator": null, "description": null, "is_accessible": true, "latitude": -37.7389248, "longitude": 144.87073 }, "geometry": { "type": "Point", "coordinates": [ 144.87073, -37.7389248 ] } },
{ "type": "Feature", "properties": { "osm_id": "way/1112162946", "name": "Accessible Toilet", "amenity_type": "accessible_toilet", "amenity": "toilets", "wheelchair": "yes", "toilets:wheelchair": null, "opening_hours": null, "operator": null, "description": null, "is_accessible": true, "latitude": -37.7390635, "longitude": 144.8708636 }, "geometry": { "type": "Point", "coordinates": [ 144.8708636, -37.7390635 ] } },
{ "type": "Feature", "properties": { "osm_id": "way/1112162947", "name": "Accessible Toilet", "amenity_type": "accessible_toilet", "amenity": "toilets", "wheelchair": "yes", "toilets:wheelchair": null, "opening_hours": null, "operator": null, "description": null, "is_accessible": true, "latitude": -37.7390379, "longitude": 144.8708672 }, "geometry": { "type": "Point", "coordinates": [ 144.8708672, -37.7390379 ] } },
{ "type": "Feature", "properties": { "osm_id": "way/1112162948", "name": "Accessible Toilet", "amenity_type": "accessible_toilet", "amenity": "toilets", "wheelchair": "yes", "toilets:wheelchair": null, "opening_hours": null, "operator": null, "description": null, "is_accessible": true, "latitude": -37.7390896, "longitude": 144.8708592 }, "geometry": { "type": "Point", "coordinates": [ 144.870859200000012, -37.7390896 ] } },
{ "type": "Feature", "properties": { "osm_id": "way/1112162958", "name": "Accessible Toilet", "amenity_type": "accessible_toilet", "amenity": "toilets", "wheelchair": null, "toilets:wheelchair": null, "opening_hours": null, "operator": null, "description": null, "is_accessible": true, "latitude": -37.738457, "longitude": 144.8706017 }, "geometry": { "type": "Point", "coordinates": [ 144.8706017, -37.738457 ] } },
{ "type": "Feature", "properties": { "osm_id": "way/1112162959", "name": "Accessible Toilet", "amenity_type": "accessible_toilet", "amenity": "toilets", "wheelchair": null, "toilets:wheelchair": null, "opening_hours": null, "operator": null, "description": null, "is_accessible": true, "latitude": -37.7384489, "longitude": 144.8705253 }, "geometry": { "type": "Point", "coordinates": [ 144.8705253, -37.7384489 ] } },
{ "type": "Feature", "properties": { "osm_id": "way/1112162962", "name": "Accessible Toilet", "amenity_type": "accessible_toilet", "amenity": "toilets", "wheelchair": "yes", "toilets:wheelchair": null, "opening_hours": null, "operator": null, "description": null, "is_accessible": true, "latitude": -37.7389201, "longitude": 144.8701252 }, "geometry": { "type": "Point", "coordinates": [ 144.8701252, -37.7389201 ] } },
{ "type": "Feature", "properties": { "osm_id": "way/1112162963", "name": "Accessible Toilet", "amenity_type": "accessible_toilet", "amenity": "toilets", "wheelchair": "yes", "toilets:wheelchair": null, "opening_hours": null, "operator": null, "description": null, "is_accessible": true, "latitude": -37.738925, "longitude": 144.8701679 }, "geometry": { "type": "Point", "coordinates": [ 144.870167900000013, -37.738925 ] } },
{ "type": "Feature", "properties": { "osm_id": "way/1112162964", "name": "Accessible Toilet", "amenity_type": "accessible_toilet", "amenity": "toilets", "wheelchair": "yes", "toilets:wheelchair": null, "opening_hours": null, "operator": null, "description": null, "is_accessible": true, "latitude": -37.7389141, "longitude": 144.8700693 }, "geometry": { "type": "Point", "coordinates": [ 144.870069300000011, -37.7389141 ] } },
{ "type": "Feature", "properties": { "osm_id": "way/1112415185", "name": "Accessible Toilet", "amenity_type": "accessible_toilet", "amenity": "toilets", "wheelchair": null, "toilets:wheelchair": null, "opening_hours": null, "operator": null, "description": null, "is_accessible": true, "latitude": -37.6723497, "longitude": 145.1564864 }, "geometry": { "type": "Point", "coordinates": [ 145.1564864, -37.6723497 ] } },
{ "type": "Feature", "properties": { "osm_id": "way/1112433705", "name": "Public Toilets Ringwood East", "amenity_type": "accessible_toilet", "amenity": "toilets", "wheelchair": "yes", "toilets:wheelchair": null, "opening_hours": null, "operator": null, "description": null, "is_accessible": true, "latitude": -37.8124213, "longitude": 145.2516386 }, "geometry": { "type": "Point", "coordinates": [ 145.2516386, -37.8124213 ] } },
{ "type": "Feature", "properties": { "osm_id": "way/1112473796", "name": "Accessible Toilet", "amenity_type": "accessible_toilet", "amenity": "toilets", "wheelchair": null, "toilets:wheelchair": null, "opening_hours": null, "operator": null, "description": null, "is_accessible": true, "latitude": -38.355187, "longitude": 144.906671 }, "geometry": { "type": "Point", "coordinates": [ 144.906671, -38.355187 ] } },
{ "type": "Feature", "properties": { "osm_id": "way/1112638713", "name": "Accessible Toilet", "amenity_type": "accessible_toilet", "amenity": "toilets", "wheelchair": null, "toilets:wheelchair": null, "opening_hours": null, "operator": null, "description": null, "is_accessible": true, "latitude": -38.3572463, "longitude": 144.8966912 }, "geometry": { "type": "Point", "coordinates": [ 144.8966912, -38.3572463 ] } },
{ "type": "Feature", "properties": { "osm_id": "way/1112638714", "name": "Accessible Toilet", "amenity_type": "accessible_toilet", "amenity": "toilets", "wheelchair": null, "toilets:wheelchair": null, "opening_hours": null, "operator": null, "description": null, "is_accessible": true, "latitude": -38.3569261, "longitude": 144.8975466 }, "geometry": { "type": "Point", "coordinates": [ 144.8975466, -38.3569261 ] } },
{ "type": "Feature", "properties": { "osm_id": "way/1113212055", "name": "Accessible Toilet", "amenity_type": "accessible_toilet", "amenity": "toilets", "wheelchair": null, "toilets:wheelchair": null, "opening_hours": null, "operator": null, "description": null, "is_accessible": true, "latitude": -38.3551803, "longitude": 144.9024729 }, "geometry": { "type": "Point", "coordinates": [ 144.9024729, -38.3551803 ] } },
{ "type": "Feature", "properties": { "osm_id": "way/1113212064", "name": "Accessible Toilet", "amenity_type": "accessible_toilet", "amenity": "toilets", "wheelchair": null, "toilets:wheelchair": null, "opening_hours": null, "operator": null, "description": null, "is_accessible": true, "latitude": -38.3534087, "longitude": 144.9083558 }, "geometry": { "type": "Point", "coordinates": [ 144.90835580000001, -38.3534087 ] } },
{ "type": "Feature", "properties": { "osm_id": "way/1113332207", "name": "Accessible Toilet", "amenity_type": "accessible_toilet", "amenity": "toilets", "wheelchair": null, "toilets:wheelchair": null, "opening_hours": null, "operator": null, "description": null, "is_accessible": true, "latitude": -38.3585367, "longitude": 144.8929119 }, "geometry": { "type": "Point", "coordinates": [ 144.8929119, -38.3585367 ] } },
{ "type": "Feature", "properties": { "osm_id": "way/1113341395", "name": "Accessible Toilet", "amenity_type": "accessible_toilet", "amenity": "toilets", "wheelchair": null, "toilets:wheelchair": null, "opening_hours": null, "operator": null, "description": null, "is_accessible": true, "latitude": -38.3575072, "longitude": 144.8954124 }, "geometry": { "type": "Point", "coordinates": [ 144.8954124, -38.3575072 ] } },
{ "type": "Feature", "properties": { "osm_id": "way/1114776322", "name": "Accessible Toilet", "amenity_type": "accessible_toilet", "amenity": "toilets", "wheelchair": null, "toilets:wheelchair": null, "opening_hours": null, "operator": null, "description": null, "is_accessible": true, "latitude": -37.8149179, "longitude": 145.2826491 }, "geometry": { "type": "Point", "coordinates": [ 145.282649099999986, -37.8149179 ] } },
{ "type": "Feature", "properties": { "osm_id": "way/1114881727", "name": "Accessible Toilet", "amenity_type": "accessible_toilet", "amenity": "toilets", "wheelchair": null, "toilets:wheelchair": null, "opening_hours": null, "operator": null, "description": null, "is_accessible": true, "latitude": -38.3590953, "longitude": 144.8894145 }, "geometry": { "type": "Point", "coordinates": [ 144.889414499999987, -38.3590953 ] } },
{ "type": "Feature", "properties": { "osm_id": "way/1117019110", "name": "Accessible Toilet", "amenity_type": "accessible_toilet", "amenity": "toilets", "wheelchair": "yes", "toilets:wheelchair": null, "opening_hours": null, "operator": null, "description": null, "is_accessible": true, "latitude": -37.8474518, "longitude": 145.2318829 }, "geometry": { "type": "Point", "coordinates": [ 145.231882899999988, -37.8474518 ] } },
{ "type": "Feature", "properties": { "osm_id": "way/1118278429", "name": "Accessible Toilet", "amenity_type": "accessible_toilet", "amenity": "toilets", "wheelchair": "limited", "toilets:wheelchair": null, "opening_hours": null, "operator": null, "description": null, "is_accessible": true, "latitude": -37.8109289, "longitude": 144.9868657 }, "geometry": { "type": "Point", "coordinates": [ 144.98686570000001, -37.8109289 ] } },
{ "type": "Feature", "properties": { "osm_id": "way/1118567381", "name": "Accessible Toilet", "amenity_type": "accessible_toilet", "amenity": "toilets", "wheelchair": "limited", "toilets:wheelchair": null, "opening_hours": null, "operator": null, "description": null, "is_accessible": true, "latitude": -37.7858138, "longitude": 145.3177973 }, "geometry": { "type": "Point", "coordinates": [ 145.3177973, -37.7858138 ] } },
{ "type": "Feature", "properties": { "osm_id": "way/1119271936", "name": "Accessible Toilet", "amenity_type": "accessible_toilet", "amenity": "toilets", "wheelchair": null, "toilets:wheelchair": null, "opening_hours": null, "operator": "Cherry Hill Orchards", "description": null, "is_accessible": true, "latitude": -37.6784134, "longitude": 145.4592861 }, "geometry": { "type": "Point", "coordinates": [ 145.459286100000014, -37.6784134 ] } },
{ "type": "Feature", "properties": { "osm_id": "node/1121661168", "name": "Accessible Toilet", "amenity_type": "accessible_toilet", "amenity": "toilets", "wheelchair": null, "toilets:wheelchair": null, "opening_hours": null, "operator": null, "description": null, "is_accessible": true, "latitude": -38.117311, "longitude": 145.2957229 }, "geometry": { "type": "Point", "coordinates": [ 145.295722899999987, -38.117311 ] } },
{ "type": "Feature", "properties": { "osm_id": "node/1123204745", "name": "Accessible Toilet", "amenity_type": "accessible_toilet", "amenity": "toilets", "wheelchair": null, "toilets:wheelchair": null, "opening_hours": null, "operator": null, "description": null, "is_accessible": true, "latitude": -38.1063377, "longitude": 145.2826747 }, "geometry": { "type": "Point", "coordinates": [ 145.2826747, -38.1063377 ] } },
{ "type": "Feature", "properties": { "osm_id": "node/1123340517", "name": "Accessible Toilet", "amenity_type": "accessible_toilet", "amenity": "toilets", "wheelchair": null, "toilets:wheelchair": null, "opening_hours": null, "operator": null, "description": null, "is_accessible": true, "latitude": -37.9519345, "longitude": 145.5496099 }, "geometry": { "type": "Point", "coordinates": [ 145.5496099, -37.9519345 ] } },
{ "type": "Feature", "properties": { "osm_id": "way/1126458778", "name": "Accessible Toilet", "amenity_type": "accessible_toilet", "amenity": "toilets", "wheelchair": "yes", "toilets:wheelchair": null, "opening_hours": null, "operator": null, "description": null, "is_accessible": true, "latitude": -37.7391242, "longitude": 144.8708518 }, "geometry": { "type": "Point", "coordinates": [ 144.8708518, -37.7391242 ] } },
{ "type": "Feature", "properties": { "osm_id": "way/1126458779", "name": "Accessible Toilet", "amenity_type": "accessible_toilet", "amenity": "toilets", "wheelchair": "yes", "toilets:wheelchair": null, "opening_hours": null, "operator": null, "description": null, "is_accessible": true, "latitude": -37.7390887, "longitude": 144.8704016 }, "geometry": { "type": "Point", "coordinates": [ 144.8704016, -37.7390887 ] } },
{ "type": "Feature", "properties": { "osm_id": "node/1127671566", "name": "Accessible Toilet", "amenity_type": "accessible_toilet", "amenity": "toilets", "wheelchair": null, "toilets:wheelchair": null, "opening_hours": null, "operator": null, "description": null, "is_accessible": true, "latitude": -37.965012, "longitude": 145.1936362 }, "geometry": { "type": "Point", "coordinates": [ 145.193636199999986, -37.965012 ] } },
{ "type": "Feature", "properties": { "osm_id": "node/1131779520", "name": "Accessible Toilet", "amenity_type": "accessible_toilet", "amenity": "toilets", "wheelchair": null, "toilets:wheelchair": null, "opening_hours": null, "operator": null, "description": null, "is_accessible": true, "latitude": -37.876415, "longitude": 145.4021994 }, "geometry": { "type": "Point", "coordinates": [ 145.4021994, -37.876415 ] } },
{ "type": "Feature", "properties": { "osm_id": "node/1132494145", "name": "Accessible Toilet", "amenity_type": "accessible_toilet", "amenity": "toilets", "wheelchair": null, "toilets:wheelchair": null, "opening_hours": null, "operator": null, "description": null, "is_accessible": true, "latitude": 28.081516, "longitude": -80.6501398 }, "geometry": { "type": "Point", "coordinates": [ -80.6501398, 28.081516 ] } },
{ "type": "Feature", "properties": { "osm_id": "way/1134026509", "name": "Accessible Toilet", "amenity_type": "accessible_toilet", "amenity": "toilets", "wheelchair": "designated", "toilets:wheelchair": null, "opening_hours": null, "operator": null, "description": null, "is_accessible": true, "latitude": -37.8797662, "longitude": 145.1351527 }, "geometry": { "type": "Point", "coordinates": [ 145.1351527, -37.8797662 ] } },
{ "type": "Feature", "properties": { "osm_id": "way/1134179468", "name": "Accessible Toilet", "amenity_type": "accessible_toilet", "amenity": "toilets", "wheelchair": null, "toilets:wheelchair": null, "opening_hours": null, "operator": null, "description": null, "is_accessible": true, "latitude": -37.8712986, "longitude": 144.6963096 }, "geometry": { "type": "Point", "coordinates": [ 144.6963096, -37.8712986 ] } },
{ "type": "Feature", "properties": { "osm_id": "way/1134179469", "name": "Accessible Toilet", "amenity_type": "accessible_toilet", "amenity": "toilets", "wheelchair": null, "toilets:wheelchair": null, "opening_hours": null, "operator": null, "description": null, "is_accessible": true, "latitude": -37.8713255, "longitude": 144.6964002 }, "geometry": { "type": "Point", "coordinates": [ 144.6964002, -37.8713255 ] } },
{ "type": "Feature", "properties": { "osm_id": "way/1134179486", "name": "Accessible Toilet", "amenity_type": "accessible_toilet", "amenity": "toilets", "wheelchair": null, "toilets:wheelchair": null, "opening_hours": null, "operator": null, "description": null, "is_accessible": true, "latitude": -37.8705397, "longitude": 144.6963686 }, "geometry": { "type": "Point", "coordinates": [ 144.6963686, -37.8705397 ] } },
{ "type": "Feature", "properties": { "osm_id": "way/1134179487", "name": "Accessible Toilet", "amenity_type": "accessible_toilet", "amenity": "toilets", "wheelchair": null, "toilets:wheelchair": null, "opening_hours": null, "operator": null, "description": null, "is_accessible": true, "latitude": -37.8705235, "longitude": 144.6963161 }, "geometry": { "type": "Point", "coordinates": [ 144.6963161, -37.8705235 ] } },
{ "type": "Feature", "properties": { "osm_id": "way/1134179531", "name": "Accessible Toilet", "amenity_type": "accessible_toilet", "amenity": "toilets", "wheelchair": null, "toilets:wheelchair": null, "opening_hours": null, "operator": null, "description": null, "is_accessible": true, "latitude": -37.8708626, "longitude": 144.6973617 }, "geometry": { "type": "Point", "coordinates": [ 144.697361699999988, -37.8708626 ] } },
{ "type": "Feature", "properties": { "osm_id": "way/1135836127", "name": "Accessible Toilet", "amenity_type": "accessible_toilet", "amenity": "toilets", "wheelchair": null, "toilets:wheelchair": null, "opening_hours": null, "operator": null, "description": null, "is_accessible": true, "latitude": -37.8410124, "longitude": 144.9659644 }, "geometry": { "type": "Point", "coordinates": [ 144.9659644, -37.8410124 ] } },
{ "type": "Feature", "properties": { "osm_id": "way/1136379298", "name": "Accessible Toilet", "amenity_type": "accessible_toilet", "amenity": "toilets", "wheelchair": "yes", "toilets:wheelchair": null, "opening_hours": null, "operator": null, "description": null, "is_accessible": true, "latitude": -37.6882375, "longitude": 145.224828 }, "geometry": { "type": "Point", "coordinates": [ 145.224828, -37.6882375 ] } },
{ "type": "Feature", "properties": { "osm_id": "way/1137960059", "name": "Accessible Toilet", "amenity_type": "accessible_toilet", "amenity": "toilets", "wheelchair": "yes", "toilets:wheelchair": null, "opening_hours": null, "operator": null, "description": null, "is_accessible": true, "latitude": -37.7384467, "longitude": 144.8704438 }, "geometry": { "type": "Point", "coordinates": [ 144.8704438, -37.7384467 ] } },
{ "type": "Feature", "properties": { "osm_id": "way/1150851018", "name": "Accessible Toilet", "amenity_type": "accessible_toilet", "amenity": "toilets", "wheelchair": "yes", "toilets:wheelchair": null, "opening_hours": null, "operator": "Knox City Council", "description": null, "is_accessible": true, "latitude": -37.888855, "longitude": 145.2999482 }, "geometry": { "type": "Point", "coordinates": [ 145.299948199999989, -37.888855 ] } },
{ "type": "Feature", "properties": { "osm_id": "way/1153095151", "name": "Accessible Toilet", "amenity_type": "accessible_toilet", "amenity": "toilets", "wheelchair": "yes", "toilets:wheelchair": null, "opening_hours": null, "operator": null, "description": null, "is_accessible": true, "latitude": -37.8276688, "longitude": 145.1947612 }, "geometry": { "type": "Point", "coordinates": [ 145.194761199999988, -37.8276688 ] } },
{ "type": "Feature", "properties": { "osm_id": "way/1156483468", "name": "Accessible Toilet", "amenity_type": "accessible_toilet", "amenity": "toilets", "wheelchair": null, "toilets:wheelchair": null, "opening_hours": null, "operator": null, "description": null, "is_accessible": true, "latitude": -37.9500121, "longitude": 145.5482429 }, "geometry": { "type": "Point", "coordinates": [ 145.5482429, -37.9500121 ] } },
{ "type": "Feature", "properties": { "osm_id": "way/1156521465", "name": "Accessible Toilet", "amenity_type": "accessible_toilet", "amenity": "toilets", "wheelchair": "yes", "toilets:wheelchair": null, "opening_hours": null, "operator": null, "description": null, "is_accessible": true, "latitude": -37.7951863, "longitude": 145.2398027 }, "geometry": { "type": "Point", "coordinates": [ 145.239802700000013, -37.7951863 ] } },
{ "type": "Feature", "properties": { "osm_id": "way/1157306689", "name": "Accessible Toilet", "amenity_type": "accessible_toilet", "amenity": "toilets", "wheelchair": null, "toilets:wheelchair": null, "opening_hours": null, "operator": null, "description": null, "is_accessible": true, "latitude": -37.8153834, "longitude": 145.2064426 }, "geometry": { "type": "Point", "coordinates": [ 145.2064426, -37.8153834 ] } },
{ "type": "Feature", "properties": { "osm_id": "way/1157574199", "name": "Accessible Toilet", "amenity_type": "accessible_toilet", "amenity": "toilets", "wheelchair": null, "toilets:wheelchair": null, "opening_hours": null, "operator": null, "description": null, "is_accessible": true, "latitude": -37.9339815, "longitude": 145.439752 }, "geometry": { "type": "Point", "coordinates": [ 145.439752, -37.9339815 ] } },
{ "type": "Feature", "properties": { "osm_id": "way/1158105964", "name": "Accessible Toilet", "amenity_type": "accessible_toilet", "amenity": "toilets", "wheelchair": null, "toilets:wheelchair": null, "opening_hours": null, "operator": null, "description": null, "is_accessible": true, "latitude": -37.9318362, "longitude": 145.4408242 }, "geometry": { "type": "Point", "coordinates": [ 145.4408242, -37.9318362 ] } },
{ "type": "Feature", "properties": { "osm_id": "way/1159379649", "name": "Accessible Toilet", "amenity_type": "accessible_toilet", "amenity": "toilets", "wheelchair": "yes", "toilets:wheelchair": null, "opening_hours": "Apr Su[1]-Oct Su[1] 08:00-18:00 || 07:00-21:00", "operator": "Banyule city council", "description": "Public toilets open 7am-9pm during daylight savings times, and 8am-6pm during non daylight savings times", "is_accessible": true, "latitude": -37.714965, "longitude": 145.1132903 }, "geometry": { "type": "Point", "coordinates": [ 145.113290299999989, -37.714965 ] } },
{ "type": "Feature", "properties": { "osm_id": "way/1164810852", "name": "Accessible Toilet", "amenity_type": "accessible_toilet", "amenity": "toilets", "wheelchair": null, "toilets:wheelchair": null, "opening_hours": null, "operator": null, "description": null, "is_accessible": true, "latitude": -38.3900259, "longitude": 145.0886872 }, "geometry": { "type": "Point", "coordinates": [ 145.08868720000001, -38.3900259 ] } },
{ "type": "Feature", "properties": { "osm_id": "way/1167339158", "name": "Accessible Toilet", "amenity_type": "accessible_toilet", "amenity": "toilets", "wheelchair": "yes", "toilets:wheelchair": null, "opening_hours": "24/7", "operator": null, "description": null, "is_accessible": true, "latitude": -37.8107673, "longitude": 145.0578086 }, "geometry": { "type": "Point", "coordinates": [ 145.057808599999987, -37.8107673 ] } },
{ "type": "Feature", "properties": { "osm_id": "way/1167895569", "name": "Accessible Toilet", "amenity_type": "accessible_toilet", "amenity": "toilets", "wheelchair": null, "toilets:wheelchair": null, "opening_hours": null, "operator": null, "description": null, "is_accessible": true, "latitude": -37.8983803, "longitude": 145.0890329 }, "geometry": { "type": "Point", "coordinates": [ 145.0890329, -37.8983803 ] } },
{ "type": "Feature", "properties": { "osm_id": "way/1168423951", "name": "Accessible Toilet", "amenity_type": "accessible_toilet", "amenity": "toilets", "wheelchair": null, "toilets:wheelchair": null, "opening_hours": null, "operator": null, "description": null, "is_accessible": true, "latitude": -37.8041358, "longitude": 145.3077612 }, "geometry": { "type": "Point", "coordinates": [ 145.307761199999987, -37.8041358 ] } },
{ "type": "Feature", "properties": { "osm_id": "way/1169234160", "name": "Accessible Toilet", "amenity_type": "accessible_toilet", "amenity": "toilets", "wheelchair": "yes", "toilets:wheelchair": null, "opening_hours": null, "operator": null, "description": null, "is_accessible": true, "latitude": -37.853755, "longitude": 144.9604066 }, "geometry": { "type": "Point", "coordinates": [ 144.9604066, -37.853755 ] } },
{ "type": "Feature", "properties": { "osm_id": "way/1170008265", "name": "Accessible Toilet", "amenity_type": "accessible_toilet", "amenity": "toilets", "wheelchair": null, "toilets:wheelchair": null, "opening_hours": null, "operator": null, "description": null, "is_accessible": true, "latitude": -37.7705201, "longitude": 144.8651954 }, "geometry": { "type": "Point", "coordinates": [ 144.8651954, -37.7705201 ] } },
{ "type": "Feature", "properties": { "osm_id": "way/1172983956", "name": "Accessible Toilet", "amenity_type": "accessible_toilet", "amenity": "toilets", "wheelchair": null, "toilets:wheelchair": null, "opening_hours": null, "operator": null, "description": null, "is_accessible": true, "latitude": -37.7308669, "longitude": 144.8320172 }, "geometry": { "type": "Point", "coordinates": [ 144.8320172, -37.7308669 ] } },
{ "type": "Feature", "properties": { "osm_id": "way/1173008986", "name": "Accessible Toilet", "amenity_type": "accessible_toilet", "amenity": "toilets", "wheelchair": null, "toilets:wheelchair": null, "opening_hours": null, "operator": null, "description": null, "is_accessible": true, "latitude": -37.7292927, "longitude": 144.8447352 }, "geometry": { "type": "Point", "coordinates": [ 144.8447352, -37.7292927 ] } },
{ "type": "Feature", "properties": { "osm_id": "way/1175045813", "name": "Accessible Toilet", "amenity_type": "accessible_toilet", "amenity": "toilets", "wheelchair": null, "toilets:wheelchair": null, "opening_hours": null, "operator": null, "description": null, "is_accessible": true, "latitude": -38.1468732, "longitude": 145.1201242 }, "geometry": { "type": "Point", "coordinates": [ 145.1201242, -38.1468732 ] } },
{ "type": "Feature", "properties": { "osm_id": "way/1177772971", "name": "Accessible Toilet", "amenity_type": "accessible_toilet", "amenity": "toilets", "wheelchair": null, "toilets:wheelchair": null, "opening_hours": null, "operator": null, "description": null, "is_accessible": true, "latitude": -37.8306618, "longitude": 145.083127 }, "geometry": { "type": "Point", "coordinates": [ 145.083127, -37.8306618 ] } },
{ "type": "Feature", "properties": { "osm_id": "way/1181266820", "name": "Accessible Toilet", "amenity_type": "accessible_toilet", "amenity": "toilets", "wheelchair": null, "toilets:wheelchair": null, "opening_hours": null, "operator": null, "description": null, "is_accessible": true, "latitude": -37.6372446, "longitude": 145.1932157 }, "geometry": { "type": "Point", "coordinates": [ 145.1932157, -37.6372446 ] } },
{ "type": "Feature", "properties": { "osm_id": "way/1182848041", "name": "Accessible Toilet", "amenity_type": "accessible_toilet", "amenity": "toilets", "wheelchair": null, "toilets:wheelchair": null, "opening_hours": null, "operator": null, "description": null, "is_accessible": true, "latitude": -37.9468675, "longitude": 144.997603 }, "geometry": { "type": "Point", "coordinates": [ 144.997603, -37.9468675 ] } },
{ "type": "Feature", "properties": { "osm_id": "way/1183375785", "name": "Accessible Toilet", "amenity_type": "accessible_toilet", "amenity": "toilets", "wheelchair": null, "toilets:wheelchair": null, "opening_hours": null, "operator": null, "description": null, "is_accessible": true, "latitude": -38.2154198, "longitude": 145.3775275 }, "geometry": { "type": "Point", "coordinates": [ 145.377527500000014, -38.2154198 ] } },
{ "type": "Feature", "properties": { "osm_id": "way/1183375803", "name": "Accessible Toilet", "amenity_type": "accessible_toilet", "amenity": "toilets", "wheelchair": null, "toilets:wheelchair": null, "opening_hours": null, "operator": null, "description": null, "is_accessible": true, "latitude": -38.213021, "longitude": 145.3808416 }, "geometry": { "type": "Point", "coordinates": [ 145.3808416, -38.213021 ] } },
{ "type": "Feature", "properties": { "osm_id": "way/1184922363", "name": "Accessible Toilet", "amenity_type": "accessible_toilet", "amenity": "toilets", "wheelchair": null, "toilets:wheelchair": null, "opening_hours": null, "operator": null, "description": null, "is_accessible": true, "latitude": -37.6604103, "longitude": 145.1800304 }, "geometry": { "type": "Point", "coordinates": [ 145.1800304, -37.6604103 ] } },
{ "type": "Feature", "properties": { "osm_id": "way/1184951936", "name": "Accessible Toilet", "amenity_type": "accessible_toilet", "amenity": "toilets", "wheelchair": null, "toilets:wheelchair": null, "opening_hours": null, "operator": null, "description": null, "is_accessible": true, "latitude": -37.883826, "longitude": 145.3573521 }, "geometry": { "type": "Point", "coordinates": [ 145.357352100000014, -37.883826 ] } },
{ "type": "Feature", "properties": { "osm_id": "node/1190920567", "name": "Accessible Toilet", "amenity_type": "accessible_toilet", "amenity": "toilets", "wheelchair": null, "toilets:wheelchair": null, "opening_hours": null, "operator": null, "description": null, "is_accessible": true, "latitude": -37.9358404, "longitude": 145.4903594 }, "geometry": { "type": "Point", "coordinates": [ 145.490359399999988, -37.9358404 ] } },
{ "type": "Feature", "properties": { "osm_id": "way/1191971558", "name": "Accessible Toilet", "amenity_type": "accessible_toilet", "amenity": "toilets", "wheelchair": null, "toilets:wheelchair": null, "opening_hours": null, "operator": null, "description": null, "is_accessible": true, "latitude": -38.2288499, "longitude": 145.1750459 }, "geometry": { "type": "Point", "coordinates": [ 145.175045899999986, -38.2288499 ] } },
{ "type": "Feature", "properties": { "osm_id": "way/1192012532", "name": "Accessible Toilet", "amenity_type": "accessible_toilet", "amenity": "toilets", "wheelchair": "no", "toilets:wheelchair": null, "opening_hours": null, "operator": null, "description": null, "is_accessible": true, "latitude": -37.7289813, "longitude": 145.1061673 }, "geometry": { "type": "Point", "coordinates": [ 145.10616730000001, -37.7289813 ] } },
{ "type": "Feature", "properties": { "osm_id": "way/1193790490", "name": "Accessible Toilet", "amenity_type": "accessible_toilet", "amenity": "toilets", "wheelchair": "yes", "toilets:wheelchair": null, "opening_hours": null, "operator": "City of Melbourne", "description": null, "is_accessible": true, "latitude": -37.8082356, "longitude": 144.960187 }, "geometry": { "type": "Point", "coordinates": [ 144.960187, -37.8082356 ] } },
{ "type": "Feature", "properties": { "osm_id": "way/1199664718", "name": "Accessible Toilet", "amenity_type": "accessible_toilet", "amenity": "toilets", "wheelchair": null, "toilets:wheelchair": null, "opening_hours": null, "operator": null, "description": null, "is_accessible": true, "latitude": -37.9042837, "longitude": 145.3304011 }, "geometry": { "type": "Point", "coordinates": [ 145.330401099999989, -37.9042837 ] } },
{ "type": "Feature", "properties": { "osm_id": "way/1200761362", "name": "Female Change Rooms", "amenity_type": "accessible_toilet", "amenity": "toilets", "wheelchair": "yes", "toilets:wheelchair": null, "opening_hours": null, "operator": "Peninsula Hot Springs", "description": null, "is_accessible": true, "latitude": -38.4074841, "longitude": 144.8418424 }, "geometry": { "type": "Point", "coordinates": [ 144.8418424, -38.4074841 ] } },
{ "type": "Feature", "properties": { "osm_id": "way/1200764045", "name": "Male Change Rooms", "amenity_type": "accessible_toilet", "amenity": "toilets", "wheelchair": "yes", "toilets:wheelchair": null, "opening_hours": null, "operator": "Peninsula Hot Springs", "description": null, "is_accessible": true, "latitude": -38.4074254, "longitude": 144.8421168 }, "geometry": { "type": "Point", "coordinates": [ 144.842116800000014, -38.4074254 ] } },
{ "type": "Feature", "properties": { "osm_id": "node/1201408136", "name": "Accessible Toilet", "amenity_type": "accessible_toilet", "amenity": "toilets", "wheelchair": null, "toilets:wheelchair": null, "opening_hours": null, "operator": null, "description": null, "is_accessible": true, "latitude": -37.669657, "longitude": 145.8865357 }, "geometry": { "type": "Point", "coordinates": [ 145.8865357, -37.669657 ] } },
{ "type": "Feature", "properties": { "osm_id": "way/1202449009", "name": "Accessible Toilet", "amenity_type": "accessible_toilet", "amenity": "toilets", "wheelchair": "yes", "toilets:wheelchair": null, "opening_hours": null, "operator": null, "description": null, "is_accessible": true, "latitude": -37.7829912, "longitude": 144.8360189 }, "geometry": { "type": "Point", "coordinates": [ 144.8360189, -37.7829912 ] } },
{ "type": "Feature", "properties": { "osm_id": "way/1202786735", "name": "Toilets", "amenity_type": "accessible_toilet", "amenity": "toilets", "wheelchair": null, "toilets:wheelchair": null, "opening_hours": null, "operator": null, "description": null, "is_accessible": true, "latitude": -38.1390517, "longitude": 145.4462927 }, "geometry": { "type": "Point", "coordinates": [ 145.446292699999987, -38.1390517 ] } },
{ "type": "Feature", "properties": { "osm_id": "way/1203423313", "name": "Accessible Toilet", "amenity_type": "accessible_toilet", "amenity": "toilets", "wheelchair": null, "toilets:wheelchair": null, "opening_hours": null, "operator": null, "description": null, "is_accessible": true, "latitude": -37.7874541, "longitude": 144.832435 }, "geometry": { "type": "Point", "coordinates": [ 144.832435, -37.7874541 ] } },
{ "type": "Feature", "properties": { "osm_id": "way/1203964240", "name": "Accessible Toilet", "amenity_type": "accessible_toilet", "amenity": "toilets", "wheelchair": null, "toilets:wheelchair": null, "opening_hours": null, "operator": null, "description": null, "is_accessible": true, "latitude": -37.5839073, "longitude": 145.2065818 }, "geometry": { "type": "Point", "coordinates": [ 145.2065818, -37.5839073 ] } },
{ "type": "Feature", "properties": { "osm_id": "way/1208983167", "name": "Accessible Toilet", "amenity_type": "accessible_toilet", "amenity": "toilets", "wheelchair": null, "toilets:wheelchair": null, "opening_hours": null, "operator": null, "description": null, "is_accessible": true, "latitude": -37.7006495, "longitude": 145.1058872 }, "geometry": { "type": "Point", "coordinates": [ 145.105887200000012, -37.7006495 ] } },
{ "type": "Feature", "properties": { "osm_id": "way/1209074778", "name": "Accessible Toilet", "amenity_type": "accessible_toilet", "amenity": "toilets", "wheelchair": "no", "toilets:wheelchair": null, "opening_hours": "24/7", "operator": null, "description": null, "is_accessible": true, "latitude": -37.7032045, "longitude": 145.1087989 }, "geometry": { "type": "Point", "coordinates": [ 145.108798900000011, -37.7032045 ] } },
{ "type": "Feature", "properties": { "osm_id": "way/1213440019", "name": "Accessible Toilet", "amenity_type": "accessible_toilet", "amenity": "toilets", "wheelchair": "yes", "toilets:wheelchair": null, "opening_hours": null, "operator": null, "description": null, "is_accessible": true, "latitude": -37.9458327, "longitude": 145.1324903 }, "geometry": { "type": "Point", "coordinates": [ 145.1324903, -37.9458327 ] } },
{ "type": "Feature", "properties": { "osm_id": "way/1217118530", "name": "Accessible Toilet", "amenity_type": "accessible_toilet", "amenity": "toilets", "wheelchair": "yes", "toilets:wheelchair": null, "opening_hours": null, "operator": null, "description": null, "is_accessible": true, "latitude": -37.9173969, "longitude": 145.5702223 }, "geometry": { "type": "Point", "coordinates": [ 145.570222300000012, -37.9173969 ] } },
{ "type": "Feature", "properties": { "osm_id": "way/1217241587", "name": "C Block Toilet", "amenity_type": "accessible_toilet", "amenity": "toilets", "wheelchair": null, "toilets:wheelchair": null, "opening_hours": null, "operator": null, "description": null, "is_accessible": true, "latitude": -37.9145669, "longitude": 145.569889 }, "geometry": { "type": "Point", "coordinates": [ 145.569889, -37.9145669 ] } },
{ "type": "Feature", "properties": { "osm_id": "way/1217241589", "name": "B Block Toilet", "amenity_type": "accessible_toilet", "amenity": "toilets", "wheelchair": null, "toilets:wheelchair": null, "opening_hours": null, "operator": null, "description": null, "is_accessible": true, "latitude": -37.9159243, "longitude": 145.5687478 }, "geometry": { "type": "Point", "coordinates": [ 145.568747800000011, -37.9159243 ] } },
{ "type": "Feature", "properties": { "osm_id": "way/1217241590", "name": "D Block toilet", "amenity_type": "accessible_toilet", "amenity": "toilets", "wheelchair": null, "toilets:wheelchair": null, "opening_hours": null, "operator": null, "description": null, "is_accessible": true, "latitude": -37.9162275, "longitude": 145.5722255 }, "geometry": { "type": "Point", "coordinates": [ 145.5722255, -37.9162275 ] } },
{ "type": "Feature", "properties": { "osm_id": "way/1220963268", "name": "Accessible Toilet", "amenity_type": "accessible_toilet", "amenity": "toilets", "wheelchair": "yes", "toilets:wheelchair": null, "opening_hours": null, "operator": null, "description": null, "is_accessible": true, "latitude": -37.9482993, "longitude": 145.1012194 }, "geometry": { "type": "Point", "coordinates": [ 145.1012194, -37.9482993 ] } },
{ "type": "Feature", "properties": { "osm_id": "way/1222650963", "name": "Accessible Toilet", "amenity_type": "accessible_toilet", "amenity": "toilets", "wheelchair": null, "toilets:wheelchair": null, "opening_hours": null, "operator": null, "description": null, "is_accessible": true, "latitude": -37.7205156, "longitude": 145.1439507 }, "geometry": { "type": "Point", "coordinates": [ 145.1439507, -37.7205156 ] } },
{ "type": "Feature", "properties": { "osm_id": "way/1223712091", "name": "Accessible Toilet", "amenity_type": "accessible_toilet", "amenity": "toilets", "wheelchair": null, "toilets:wheelchair": null, "opening_hours": null, "operator": null, "description": null, "is_accessible": true, "latitude": -37.6373519, "longitude": 145.204486 }, "geometry": { "type": "Point", "coordinates": [ 145.204486, -37.6373519 ] } },
{ "type": "Feature", "properties": { "osm_id": "node/1223970636", "name": "Accessible Toilet", "amenity_type": "accessible_toilet", "amenity": "toilets", "wheelchair": null, "toilets:wheelchair": null, "opening_hours": null, "operator": null, "description": null, "is_accessible": true, "latitude": -37.6047291, "longitude": 145.4166721 }, "geometry": { "type": "Point", "coordinates": [ 145.4166721, -37.6047291 ] } },
{ "type": "Feature", "properties": { "osm_id": "node/1224821979", "name": "Accessible Toilet", "amenity_type": "accessible_toilet", "amenity": "toilets", "wheelchair": null, "toilets:wheelchair": null, "opening_hours": null, "operator": null, "description": null, "is_accessible": true, "latitude": -37.8123851, "longitude": 144.9384721 }, "geometry": { "type": "Point", "coordinates": [ 144.938472100000013, -37.8123851 ] } },
{ "type": "Feature", "properties": { "osm_id": "way/1225375780", "name": "Accessible Toilet", "amenity_type": "accessible_toilet", "amenity": "toilets", "wheelchair": "yes", "toilets:wheelchair": null, "opening_hours": "\"I don't see posted hours but I don't think it closes. There is no obvious gate.\"", "operator": null, "description": null, "is_accessible": true, "latitude": -37.8295518, "longitude": 144.9818514 }, "geometry": { "type": "Point", "coordinates": [ 144.981851400000011, -37.8295518 ] } },
{ "type": "Feature", "properties": { "osm_id": "node/1226702996", "name": "Accessible Toilet", "amenity_type": "accessible_toilet", "amenity": "toilets", "wheelchair": null, "toilets:wheelchair": null, "opening_hours": null, "operator": null, "description": null, "is_accessible": true, "latitude": -37.9533512, "longitude": 145.5544498 }, "geometry": { "type": "Point", "coordinates": [ 145.554449799999986, -37.9533512 ] } },
{ "type": "Feature", "properties": { "osm_id": "node/1229993223", "name": "Accessible Toilet", "amenity_type": "accessible_toilet", "amenity": "toilets", "wheelchair": "yes", "toilets:wheelchair": null, "opening_hours": null, "operator": null, "description": null, "is_accessible": true, "latitude": -38.2192697, "longitude": 145.03751 }, "geometry": { "type": "Point", "coordinates": [ 145.03751, -38.2192697 ] } },
{ "type": "Feature", "properties": { "osm_id": "way/1230814345", "name": "Accessible Toilet", "amenity_type": "accessible_toilet", "amenity": "toilets", "wheelchair": null, "toilets:wheelchair": null, "opening_hours": null, "operator": null, "description": null, "is_accessible": true, "latitude": -37.8276355, "longitude": 144.981813 }, "geometry": { "type": "Point", "coordinates": [ 144.981813, -37.8276355 ] } },
{ "type": "Feature", "properties": { "osm_id": "way/1232568814", "name": "Accessible Toilet", "amenity_type": "accessible_toilet", "amenity": "toilets", "wheelchair": "no", "toilets:wheelchair": null, "opening_hours": null, "operator": null, "description": null, "is_accessible": true, "latitude": -37.7033975, "longitude": 145.0968965 }, "geometry": { "type": "Point", "coordinates": [ 145.096896500000014, -37.7033975 ] } },
{ "type": "Feature", "properties": { "osm_id": "way/1236483197", "name": "Accessible Toilet", "amenity_type": "accessible_toilet", "amenity": "toilets", "wheelchair": "yes", "toilets:wheelchair": null, "opening_hours": null, "operator": null, "description": null, "is_accessible": true, "latitude": -37.6683034, "longitude": 144.9846783 }, "geometry": { "type": "Point", "coordinates": [ 144.984678300000013, -37.6683034 ] } },
{ "type": "Feature", "properties": { "osm_id": "way/1237457727", "name": "Accessible Toilet", "amenity_type": "accessible_toilet", "amenity": "toilets", "wheelchair": null, "toilets:wheelchair": null, "opening_hours": null, "operator": null, "description": null, "is_accessible": true, "latitude": -37.9207688, "longitude": 145.4048338 }, "geometry": { "type": "Point", "coordinates": [ 145.4048338, -37.9207688 ] } },
{ "type": "Feature", "properties": { "osm_id": "node/1240896820", "name": "Accessible Toilet", "amenity_type": "accessible_toilet", "amenity": "toilets", "wheelchair": null, "toilets:wheelchair": null, "opening_hours": null, "operator": null, "description": null, "is_accessible": true, "latitude": -38.1426896, "longitude": 145.1222792 }, "geometry": { "type": "Point", "coordinates": [ 145.1222792, -38.1426896 ] } },
{ "type": "Feature", "properties": { "osm_id": "way/1241445643", "name": "Accessible Toilet", "amenity_type": "accessible_toilet", "amenity": "toilets", "wheelchair": null, "toilets:wheelchair": null, "opening_hours": null, "operator": null, "description": null, "is_accessible": true, "latitude": -38.2206337, "longitude": 145.0404927 }, "geometry": { "type": "Point", "coordinates": [ 145.040492699999987, -38.2206337 ] } },
{ "type": "Feature", "properties": { "osm_id": "way/1245231118", "name": "Accessible Toilet", "amenity_type": "accessible_toilet", "amenity": "toilets", "wheelchair": null, "toilets:wheelchair": null, "opening_hours": null, "operator": null, "description": null, "is_accessible": true, "latitude": -37.6052994, "longitude": 145.1377225 }, "geometry": { "type": "Point", "coordinates": [ 145.1377225, -37.6052994 ] } },
{ "type": "Feature", "properties": { "osm_id": "node/1248169185", "name": "Accessible Toilet", "amenity_type": "accessible_toilet", "amenity": "toilets", "wheelchair": "yes", "toilets:wheelchair": null, "opening_hours": null, "operator": null, "description": null, "is_accessible": true, "latitude": -37.8706801, "longitude": 144.8307977 }, "geometry": { "type": "Point", "coordinates": [ 144.8307977, -37.8706801 ] } },
{ "type": "Feature", "properties": { "osm_id": "node/1248169942", "name": "Accessible Toilet", "amenity_type": "accessible_toilet", "amenity": "toilets", "wheelchair": null, "toilets:wheelchair": null, "opening_hours": null, "operator": null, "description": null, "is_accessible": true, "latitude": -37.8700783, "longitude": 144.8288551 }, "geometry": { "type": "Point", "coordinates": [ 144.8288551, -37.8700783 ] } },
{ "type": "Feature", "properties": { "osm_id": "way/1248925728", "name": "Accessible Toilet", "amenity_type": "accessible_toilet", "amenity": "toilets", "wheelchair": null, "toilets:wheelchair": null, "opening_hours": null, "operator": null, "description": null, "is_accessible": true, "latitude": -37.5671944, "longitude": 145.1237587 }, "geometry": { "type": "Point", "coordinates": [ 145.1237587, -37.5671944 ] } },
{ "type": "Feature", "properties": { "osm_id": "way/1250068232", "name": "Accessible Toilet", "amenity_type": "accessible_toilet", "amenity": "toilets", "wheelchair": null, "toilets:wheelchair": null, "opening_hours": null, "operator": null, "description": null, "is_accessible": true, "latitude": -38.092349, "longitude": 145.6768822 }, "geometry": { "type": "Point", "coordinates": [ 145.6768822, -38.092349 ] } },
{ "type": "Feature", "properties": { "osm_id": "way/1250069990", "name": "Accessible Toilet", "amenity_type": "accessible_toilet", "amenity": "toilets", "wheelchair": null, "toilets:wheelchair": null, "opening_hours": null, "operator": null, "description": null, "is_accessible": true, "latitude": -38.0972218, "longitude": 145.7189401 }, "geometry": { "type": "Point", "coordinates": [ 145.7189401, -38.0972218 ] } },
{ "type": "Feature", "properties": { "osm_id": "node/1260367364", "name": "Accessible Toilet", "amenity_type": "accessible_toilet", "amenity": "toilets", "wheelchair": null, "toilets:wheelchair": null, "opening_hours": null, "operator": null, "description": null, "is_accessible": true, "latitude": -37.6876943, "longitude": 145.1083935 }, "geometry": { "type": "Point", "coordinates": [ 145.1083935, -37.6876943 ] } },
{ "type": "Feature", "properties": { "osm_id": "way/1261404364", "name": "Accessible Toilet", "amenity_type": "accessible_toilet", "amenity": "toilets", "wheelchair": "yes", "toilets:wheelchair": null, "opening_hours": null, "operator": null, "description": null, "is_accessible": true, "latitude": -37.9538455, "longitude": 145.2125056 }, "geometry": { "type": "Point", "coordinates": [ 145.212505599999986, -37.9538455 ] } },
{ "type": "Feature", "properties": { "osm_id": "way/1265995361", "name": "Accessible Toilet", "amenity_type": "accessible_toilet", "amenity": "toilets", "wheelchair": null, "toilets:wheelchair": null, "opening_hours": null, "operator": null, "description": null, "is_accessible": true, "latitude": -38.2138918, "longitude": 145.0440209 }, "geometry": { "type": "Point", "coordinates": [ 145.0440209, -38.2138918 ] } },
{ "type": "Feature", "properties": { "osm_id": "way/1266662324", "name": "Accessible Toilet", "amenity_type": "accessible_toilet", "amenity": "toilets", "wheelchair": "yes", "toilets:wheelchair": null, "opening_hours": null, "operator": null, "description": null, "is_accessible": true, "latitude": -37.7857586, "longitude": 145.3141664 }, "geometry": { "type": "Point", "coordinates": [ 145.3141664, -37.7857586 ] } },
{ "type": "Feature", "properties": { "osm_id": "way/1268124767", "name": "Accessible Toilet", "amenity_type": "accessible_toilet", "amenity": "toilets", "wheelchair": null, "toilets:wheelchair": null, "opening_hours": null, "operator": null, "description": null, "is_accessible": true, "latitude": -37.966019, "longitude": 145.2095133 }, "geometry": { "type": "Point", "coordinates": [ 145.2095133, -37.966019 ] } },
{ "type": "Feature", "properties": { "osm_id": "way/1270312731", "name": "Accessible Toilet", "amenity_type": "accessible_toilet", "amenity": "toilets", "wheelchair": null, "toilets:wheelchair": null, "opening_hours": null, "operator": null, "description": null, "is_accessible": true, "latitude": -38.082266, "longitude": 145.5697442 }, "geometry": { "type": "Point", "coordinates": [ 145.5697442, -38.082266 ] } },
{ "type": "Feature", "properties": { "osm_id": "node/1271843682", "name": "Public Toilets", "amenity_type": "accessible_toilet", "amenity": "toilets", "wheelchair": null, "toilets:wheelchair": null, "opening_hours": null, "operator": null, "description": null, "is_accessible": true, "latitude": -37.7391039, "longitude": 145.0292812 }, "geometry": { "type": "Point", "coordinates": [ 145.029281200000014, -37.7391039 ] } },
{ "type": "Feature", "properties": { "osm_id": "node/1271843683", "name": "Public Toilets", "amenity_type": "accessible_toilet", "amenity": "toilets", "wheelchair": null, "toilets:wheelchair": null, "opening_hours": null, "operator": null, "description": null, "is_accessible": true, "latitude": -37.7380735, "longitude": 145.0303675 }, "geometry": { "type": "Point", "coordinates": [ 145.030367500000011, -37.7380735 ] } },
{ "type": "Feature", "properties": { "osm_id": "node/1271843685", "name": "Public Toilets", "amenity_type": "accessible_toilet", "amenity": "toilets", "wheelchair": null, "toilets:wheelchair": null, "opening_hours": null, "operator": null, "description": null, "is_accessible": true, "latitude": -37.7391294, "longitude": 145.0307135 }, "geometry": { "type": "Point", "coordinates": [ 145.0307135, -37.7391294 ] } },
{ "type": "Feature", "properties": { "osm_id": "way/1273091400", "name": "Accessible Toilet", "amenity_type": "accessible_toilet", "amenity": "toilets", "wheelchair": "yes", "toilets:wheelchair": null, "opening_hours": null, "operator": null, "description": null, "is_accessible": true, "latitude": -37.8154444, "longitude": 145.1216513 }, "geometry": { "type": "Point", "coordinates": [ 145.1216513, -37.8154444 ] } },
{ "type": "Feature", "properties": { "osm_id": "way/1274797508", "name": "Accessible Toilet", "amenity_type": "accessible_toilet", "amenity": "toilets", "wheelchair": null, "toilets:wheelchair": null, "opening_hours": null, "operator": null, "description": null, "is_accessible": true, "latitude": -37.8500492, "longitude": 145.3724854 }, "geometry": { "type": "Point", "coordinates": [ 145.372485399999988, -37.8500492 ] } },
{ "type": "Feature", "properties": { "osm_id": "node/1276933021", "name": "Accessible Toilet", "amenity_type": "accessible_toilet", "amenity": "toilets", "wheelchair": "yes", "toilets:wheelchair": null, "opening_hours": null, "operator": null, "description": null, "is_accessible": true, "latitude": -37.6948036, "longitude": 145.0468612 }, "geometry": { "type": "Point", "coordinates": [ 145.0468612, -37.6948036 ] } },
{ "type": "Feature", "properties": { "osm_id": "way/1277826186", "name": "Public Toilets", "amenity_type": "accessible_toilet", "amenity": "toilets", "wheelchair": "limited", "toilets:wheelchair": null, "opening_hours": "24/7", "operator": null, "description": "Wheelchair access is locked via MLAK key system", "is_accessible": true, "latitude": -37.7855952, "longitude": 144.9630425 }, "geometry": { "type": "Point", "coordinates": [ 144.9630425, -37.7855952 ] } },
{ "type": "Feature", "properties": { "osm_id": "way/1277828416", "name": "Accessible Toilet", "amenity_type": "accessible_toilet", "amenity": "toilets", "wheelchair": "limited", "toilets:wheelchair": null, "opening_hours": "24/7", "operator": null, "description": "Wheelchair access is locked via MLAK key system", "is_accessible": true, "latitude": -37.787896, "longitude": 144.9594992 }, "geometry": { "type": "Point", "coordinates": [ 144.95949920000001, -37.787896 ] } },
{ "type": "Feature", "properties": { "osm_id": "way/1278402776", "name": "Accessible Toilet", "amenity_type": "accessible_toilet", "amenity": "toilets", "wheelchair": "yes", "toilets:wheelchair": null, "opening_hours": null, "operator": null, "description": null, "is_accessible": true, "latitude": -37.5922882, "longitude": 145.1000363 }, "geometry": { "type": "Point", "coordinates": [ 145.1000363, -37.5922882 ] } },
{ "type": "Feature", "properties": { "osm_id": "way/1278438343", "name": "Accessible Toilet", "amenity_type": "accessible_toilet", "amenity": "toilets", "wheelchair": null, "toilets:wheelchair": null, "opening_hours": null, "operator": null, "description": null, "is_accessible": true, "latitude": -38.2115398, "longitude": 145.2512253 }, "geometry": { "type": "Point", "coordinates": [ 145.251225299999987, -38.2115398 ] } },
{ "type": "Feature", "properties": { "osm_id": "way/1278438365", "name": "Accessible Toilet", "amenity_type": "accessible_toilet", "amenity": "toilets", "wheelchair": null, "toilets:wheelchair": null, "opening_hours": null, "operator": null, "description": null, "is_accessible": true, "latitude": -38.2134668, "longitude": 145.2509372 }, "geometry": { "type": "Point", "coordinates": [ 145.25093720000001, -38.2134668 ] } },
{ "type": "Feature", "properties": { "osm_id": "way/1278446485", "name": "Accessible Toilet", "amenity_type": "accessible_toilet", "amenity": "toilets", "wheelchair": null, "toilets:wheelchair": null, "opening_hours": null, "operator": null, "description": null, "is_accessible": true, "latitude": -37.8413912, "longitude": 144.9325823 }, "geometry": { "type": "Point", "coordinates": [ 144.9325823, -37.8413912 ] } },
{ "type": "Feature", "properties": { "osm_id": "way/1278446492", "name": "Accessible Toilet", "amenity_type": "accessible_toilet", "amenity": "toilets", "wheelchair": null, "toilets:wheelchair": null, "opening_hours": null, "operator": null, "description": "tram drivers only", "is_accessible": true, "latitude": -37.8409824, "longitude": 144.9329335 }, "geometry": { "type": "Point", "coordinates": [ 144.9329335, -37.8409824 ] } },
{ "type": "Feature", "properties": { "osm_id": "way/1278787206", "name": "Accessible Toilet", "amenity_type": "accessible_toilet", "amenity": "toilets", "wheelchair": null, "toilets:wheelchair": null, "opening_hours": null, "operator": null, "description": null, "is_accessible": true, "latitude": -37.8821148, "longitude": 144.9858394 }, "geometry": { "type": "Point", "coordinates": [ 144.9858394, -37.8821148 ] } },
{ "type": "Feature", "properties": { "osm_id": "way/1278787207", "name": "Accessible Toilet", "amenity_type": "accessible_toilet", "amenity": "toilets", "wheelchair": null, "toilets:wheelchair": null, "opening_hours": null, "operator": null, "description": null, "is_accessible": true, "latitude": -37.8821217, "longitude": 144.9858746 }, "geometry": { "type": "Point", "coordinates": [ 144.985874599999988, -37.8821217 ] } },
{ "type": "Feature", "properties": { "osm_id": "node/1279106976", "name": "Accessible Toilet", "amenity_type": "accessible_toilet", "amenity": "toilets", "wheelchair": "yes", "toilets:wheelchair": null, "opening_hours": null, "operator": null, "description": null, "is_accessible": true, "latitude": -37.768533, "longitude": 145.041797 }, "geometry": { "type": "Point", "coordinates": [ 145.041797, -37.768533 ] } },
{ "type": "Feature", "properties": { "osm_id": "way/1279261057", "name": "Accessible Toilet", "amenity_type": "accessible_toilet", "amenity": "toilets", "wheelchair": "yes", "toilets:wheelchair": null, "opening_hours": "sunrise-sunset", "operator": "Bayside City Council", "description": null, "is_accessible": true, "latitude": -37.9225774, "longitude": 144.9999229 }, "geometry": { "type": "Point", "coordinates": [ 144.9999229, -37.9225774 ] } },
{ "type": "Feature", "properties": { "osm_id": "way/1279352643", "name": "Accessible Toilet", "amenity_type": "accessible_toilet", "amenity": "toilets", "wheelchair": null, "toilets:wheelchair": null, "opening_hours": null, "operator": null, "description": null, "is_accessible": true, "latitude": -38.2149302, "longitude": 145.0341715 }, "geometry": { "type": "Point", "coordinates": [ 145.034171500000014, -38.2149302 ] } },
{ "type": "Feature", "properties": { "osm_id": "way/1279352650", "name": "Accessible Toilet", "amenity_type": "accessible_toilet", "amenity": "toilets", "wheelchair": null, "toilets:wheelchair": null, "opening_hours": null, "operator": null, "description": null, "is_accessible": true, "latitude": -38.2158426, "longitude": 145.0336475 }, "geometry": { "type": "Point", "coordinates": [ 145.0336475, -38.2158426 ] } },
{ "type": "Feature", "properties": { "osm_id": "way/1279873768", "name": "Accessible Toilet", "amenity_type": "accessible_toilet", "amenity": "toilets", "wheelchair": "yes", "toilets:wheelchair": null, "opening_hours": "24/7", "operator": null, "description": null, "is_accessible": true, "latitude": -37.7552934, "longitude": 145.0723087 }, "geometry": { "type": "Point", "coordinates": [ 145.0723087, -37.7552934 ] } },
{ "type": "Feature", "properties": { "osm_id": "way/1281318288", "name": "Accessible Toilet", "amenity_type": "accessible_toilet", "amenity": "toilets", "wheelchair": null, "toilets:wheelchair": null, "opening_hours": null, "operator": null, "description": null, "is_accessible": true, "latitude": -37.8835779, "longitude": 145.2758293 }, "geometry": { "type": "Point", "coordinates": [ 145.2758293, -37.8835779 ] } },
{ "type": "Feature", "properties": { "osm_id": "way/1281884696", "name": "Accessible Toilet", "amenity_type": "accessible_toilet", "amenity": "toilets", "wheelchair": "yes", "toilets:wheelchair": null, "opening_hours": null, "operator": null, "description": null, "is_accessible": true, "latitude": -37.9189011, "longitude": 144.6439365 }, "geometry": { "type": "Point", "coordinates": [ 144.6439365, -37.9189011 ] } },
{ "type": "Feature", "properties": { "osm_id": "way/1281884697", "name": "Accessible Toilet", "amenity_type": "accessible_toilet", "amenity": "toilets", "wheelchair": null, "toilets:wheelchair": null, "opening_hours": null, "operator": null, "description": null, "is_accessible": true, "latitude": -37.8952168, "longitude": 144.5945901 }, "geometry": { "type": "Point", "coordinates": [ 144.5945901, -37.8952168 ] } },
{ "type": "Feature", "properties": { "osm_id": "node/1282432064", "name": "Accessible Toilet", "amenity_type": "accessible_toilet", "amenity": "toilets", "wheelchair": null, "toilets:wheelchair": null, "opening_hours": null, "operator": null, "description": null, "is_accessible": true, "latitude": -37.8278702, "longitude": 145.0238683 }, "geometry": { "type": "Point", "coordinates": [ 145.0238683, -37.8278702 ] } },
{ "type": "Feature", "properties": { "osm_id": "way/1283534671", "name": "Accessible Toilet", "amenity_type": "accessible_toilet", "amenity": "toilets", "wheelchair": null, "toilets:wheelchair": null, "opening_hours": null, "operator": null, "description": null, "is_accessible": true, "latitude": -37.9177052, "longitude": 145.00166 }, "geometry": { "type": "Point", "coordinates": [ 145.00166, -37.9177052 ] } },
{ "type": "Feature", "properties": { "osm_id": "way/1285227742", "name": "Accessible Toilet", "amenity_type": "accessible_toilet", "amenity": "toilets", "wheelchair": null, "toilets:wheelchair": null, "opening_hours": null, "operator": null, "description": null, "is_accessible": true, "latitude": -37.7991954, "longitude": 144.8292536 }, "geometry": { "type": "Point", "coordinates": [ 144.829253599999987, -37.7991954 ] } },
{ "type": "Feature", "properties": { "osm_id": "way/1286234214", "name": "Accessible Toilet", "amenity_type": "accessible_toilet", "amenity": "toilets", "wheelchair": null, "toilets:wheelchair": null, "opening_hours": null, "operator": null, "description": null, "is_accessible": true, "latitude": -37.8183923, "longitude": 144.8782415 }, "geometry": { "type": "Point", "coordinates": [ 144.8782415, -37.8183923 ] } },
{ "type": "Feature", "properties": { "osm_id": "way/1291176934", "name": "Accessible Toilet", "amenity_type": "accessible_toilet", "amenity": "toilets", "wheelchair": null, "toilets:wheelchair": null, "opening_hours": "sunrise-sunset", "operator": "Bayside City Council", "description": null, "is_accessible": true, "latitude": -37.9096889, "longitude": 144.9856835 }, "geometry": { "type": "Point", "coordinates": [ 144.9856835, -37.9096889 ] } },
{ "type": "Feature", "properties": { "osm_id": "node/1291288060", "name": "Accessible Toilet", "amenity_type": "accessible_toilet", "amenity": "toilets", "wheelchair": null, "toilets:wheelchair": null, "opening_hours": null, "operator": null, "description": null, "is_accessible": true, "latitude": -37.91058, "longitude": 145.132304 }, "geometry": { "type": "Point", "coordinates": [ 145.132304, -37.91058 ] } },
{ "type": "Feature", "properties": { "osm_id": "way/1291510824", "name": "Accessible Toilet", "amenity_type": "accessible_toilet", "amenity": "toilets", "wheelchair": null, "toilets:wheelchair": null, "opening_hours": null, "operator": null, "description": null, "is_accessible": true, "latitude": -38.0658997, "longitude": 145.4472315 }, "geometry": { "type": "Point", "coordinates": [ 145.447231499999987, -38.0658997 ] } },
{ "type": "Feature", "properties": { "osm_id": "way/1291993407", "name": "Accessible Toilet", "amenity_type": "accessible_toilet", "amenity": "toilets", "wheelchair": null, "toilets:wheelchair": null, "opening_hours": null, "operator": null, "description": null, "is_accessible": true, "latitude": -37.735888, "longitude": 144.8893719 }, "geometry": { "type": "Point", "coordinates": [ 144.889371899999986, -37.735888 ] } },
{ "type": "Feature", "properties": { "osm_id": "way/1296754517", "name": "Accessible Toilet", "amenity_type": "accessible_toilet", "amenity": "toilets", "wheelchair": null, "toilets:wheelchair": null, "opening_hours": null, "operator": null, "description": null, "is_accessible": true, "latitude": -38.3701576, "longitude": 144.8956379 }, "geometry": { "type": "Point", "coordinates": [ 144.8956379, -38.3701576 ] } },
{ "type": "Feature", "properties": { "osm_id": "node/1297229651", "name": "Accessible Toilet", "amenity_type": "accessible_toilet", "amenity": "toilets", "wheelchair": null, "toilets:wheelchair": null, "opening_hours": null, "operator": null, "description": null, "is_accessible": true, "latitude": -37.6530653, "longitude": 145.5225727 }, "geometry": { "type": "Point", "coordinates": [ 145.522572700000012, -37.6530653 ] } },
{ "type": "Feature", "properties": { "osm_id": "node/1297244959", "name": "Accessible Toilet", "amenity_type": "accessible_toilet", "amenity": "toilets", "wheelchair": null, "toilets:wheelchair": null, "opening_hours": null, "operator": null, "description": null, "is_accessible": true, "latitude": -37.6282403, "longitude": 145.5350487 }, "geometry": { "type": "Point", "coordinates": [ 145.5350487, -37.6282403 ] } },
{ "type": "Feature", "properties": { "osm_id": "way/1298341146", "name": "Accessible Toilet", "amenity_type": "accessible_toilet", "amenity": "toilets", "wheelchair": null, "toilets:wheelchair": null, "opening_hours": null, "operator": null, "description": null, "is_accessible": true, "latitude": -37.7253362, "longitude": 145.3709776 }, "geometry": { "type": "Point", "coordinates": [ 145.3709776, -37.7253362 ] } },
{ "type": "Feature", "properties": { "osm_id": "node/1300533481", "name": "Accessible Toilet", "amenity_type": "accessible_toilet", "amenity": "toilets", "wheelchair": null, "toilets:wheelchair": null, "opening_hours": null, "operator": null, "description": null, "is_accessible": true, "latitude": -37.9200706, "longitude": 145.101126 }, "geometry": { "type": "Point", "coordinates": [ 145.101126, -37.9200706 ] } },
{ "type": "Feature", "properties": { "osm_id": "way/1301208117", "name": "Accessible Toilet", "amenity_type": "accessible_toilet", "amenity": "toilets", "wheelchair": null, "toilets:wheelchair": null, "opening_hours": null, "operator": null, "description": null, "is_accessible": true, "latitude": -37.7067746, "longitude": 144.9007444 }, "geometry": { "type": "Point", "coordinates": [ 144.9007444, -37.7067746 ] } },
{ "type": "Feature", "properties": { "osm_id": "way/1301897655", "name": "Accessible Toilet", "amenity_type": "accessible_toilet", "amenity": "toilets", "wheelchair": "yes", "toilets:wheelchair": null, "opening_hours": null, "operator": null, "description": null, "is_accessible": true, "latitude": -37.9007388, "longitude": 145.0886494 }, "geometry": { "type": "Point", "coordinates": [ 145.0886494, -37.9007388 ] } },
{ "type": "Feature", "properties": { "osm_id": "way/1304345835", "name": "Accessible Toilet", "amenity_type": "accessible_toilet", "amenity": "toilets", "wheelchair": "yes", "toilets:wheelchair": null, "opening_hours": null, "operator": null, "description": null, "is_accessible": true, "latitude": -38.0860502, "longitude": 145.1870664 }, "geometry": { "type": "Point", "coordinates": [ 145.1870664, -38.0860502 ] } },
{ "type": "Feature", "properties": { "osm_id": "way/1305673571", "name": "Accessible Toilet", "amenity_type": "accessible_toilet", "amenity": "toilets", "wheelchair": null, "toilets:wheelchair": null, "opening_hours": null, "operator": null, "description": null, "is_accessible": true, "latitude": -37.8903529, "longitude": 145.2912113 }, "geometry": { "type": "Point", "coordinates": [ 145.291211299999986, -37.8903529 ] } },
{ "type": "Feature", "properties": { "osm_id": "node/1306530067", "name": "Public Toilets", "amenity_type": "accessible_toilet", "amenity": "toilets", "wheelchair": null, "toilets:wheelchair": null, "opening_hours": null, "operator": "Darebin City Council", "description": null, "is_accessible": true, "latitude": -37.7590815, "longitude": 144.9875884 }, "geometry": { "type": "Point", "coordinates": [ 144.9875884, -37.7590815 ] } },
{ "type": "Feature", "properties": { "osm_id": "node/1306530211", "name": "Public Toilets", "amenity_type": "accessible_toilet", "amenity": "toilets", "wheelchair": null, "toilets:wheelchair": null, "opening_hours": null, "operator": "Darebin City Council", "description": null, "is_accessible": true, "latitude": -37.7590756, "longitude": 144.9875407 }, "geometry": { "type": "Point", "coordinates": [ 144.987540700000011, -37.7590756 ] } },
{ "type": "Feature", "properties": { "osm_id": "way/1306695127", "name": "Accessible Toilet", "amenity_type": "accessible_toilet", "amenity": "toilets", "wheelchair": "yes", "toilets:wheelchair": null, "opening_hours": null, "operator": null, "description": null, "is_accessible": true, "latitude": -37.7701548, "longitude": 144.9771846 }, "geometry": { "type": "Point", "coordinates": [ 144.977184599999987, -37.7701548 ] } },
{ "type": "Feature", "properties": { "osm_id": "way/1306983183", "name": "Accessible Toilet", "amenity_type": "accessible_toilet", "amenity": "toilets", "wheelchair": null, "toilets:wheelchair": null, "opening_hours": null, "operator": null, "description": null, "is_accessible": true, "latitude": -37.5701755, "longitude": 144.892879 }, "geometry": { "type": "Point", "coordinates": [ 144.892879, -37.5701755 ] } },
{ "type": "Feature", "properties": { "osm_id": "way/1307481116", "name": "Accessible Toilet", "amenity_type": "accessible_toilet", "amenity": "toilets", "wheelchair": null, "toilets:wheelchair": null, "opening_hours": null, "operator": null, "description": null, "is_accessible": true, "latitude": -38.3665407, "longitude": 144.8635763 }, "geometry": { "type": "Point", "coordinates": [ 144.8635763, -38.3665407 ] } },
{ "type": "Feature", "properties": { "osm_id": "way/1322035910", "name": "Accessible Toilet", "amenity_type": "accessible_toilet", "amenity": "toilets", "wheelchair": "yes", "toilets:wheelchair": null, "opening_hours": null, "operator": null, "description": null, "is_accessible": true, "latitude": -37.8536531, "longitude": 145.3723554 }, "geometry": { "type": "Point", "coordinates": [ 145.3723554, -37.8536531 ] } },
{ "type": "Feature", "properties": { "osm_id": "way/1323573171", "name": "Accessible Toilet", "amenity_type": "accessible_toilet", "amenity": "toilets", "wheelchair": null, "toilets:wheelchair": null, "opening_hours": null, "operator": null, "description": null, "is_accessible": true, "latitude": -38.3064105, "longitude": 145.5215717 }, "geometry": { "type": "Point", "coordinates": [ 145.52157170000001, -38.3064105 ] } },
{ "type": "Feature", "properties": { "osm_id": "node/1327221477", "name": "Accessible Toilet", "amenity_type": "accessible_toilet", "amenity": "toilets", "wheelchair": null, "toilets:wheelchair": null, "opening_hours": null, "operator": null, "description": null, "is_accessible": true, "latitude": -38.1533672, "longitude": 145.1320687 }, "geometry": { "type": "Point", "coordinates": [ 145.1320687, -38.1533672 ] } },
{ "type": "Feature", "properties": { "osm_id": "node/1327221478", "name": "Accessible Toilet", "amenity_type": "accessible_toilet", "amenity": "toilets", "wheelchair": null, "toilets:wheelchair": null, "opening_hours": null, "operator": null, "description": null, "is_accessible": true, "latitude": -38.1533247, "longitude": 145.129424 }, "geometry": { "type": "Point", "coordinates": [ 145.129424, -38.1533247 ] } },
{ "type": "Feature", "properties": { "osm_id": "way/1329295539", "name": "Accessible Toilet", "amenity_type": "accessible_toilet", "amenity": "toilets", "wheelchair": "designated", "toilets:wheelchair": null, "opening_hours": null, "operator": null, "description": null, "is_accessible": true, "latitude": -37.8869742, "longitude": 145.3702242 }, "geometry": { "type": "Point", "coordinates": [ 145.3702242, -37.8869742 ] } },
{ "type": "Feature", "properties": { "osm_id": "way/1329766352", "name": "Accessible Toilet", "amenity_type": "accessible_toilet", "amenity": "toilets", "wheelchair": null, "toilets:wheelchair": null, "opening_hours": null, "operator": null, "description": null, "is_accessible": true, "latitude": -37.9465212, "longitude": 145.1888198 }, "geometry": { "type": "Point", "coordinates": [ 145.1888198, -37.9465212 ] } },
{ "type": "Feature", "properties": { "osm_id": "way/1331525672", "name": "Accessible Toilet", "amenity_type": "accessible_toilet", "amenity": "toilets", "wheelchair": "yes", "toilets:wheelchair": null, "opening_hours": null, "operator": null, "description": null, "is_accessible": true, "latitude": -37.8081641, "longitude": 144.890305 }, "geometry": { "type": "Point", "coordinates": [ 144.890305, -37.8081641 ] } },
{ "type": "Feature", "properties": { "osm_id": "way/1331576987", "name": "Accessible Toilet", "amenity_type": "accessible_toilet", "amenity": "toilets", "wheelchair": "yes", "toilets:wheelchair": null, "opening_hours": null, "operator": null, "description": null, "is_accessible": true, "latitude": -37.6538429, "longitude": 145.5166932 }, "geometry": { "type": "Point", "coordinates": [ 145.5166932, -37.6538429 ] } },
{ "type": "Feature", "properties": { "osm_id": "way/1335335136", "name": "Accessible Toilet", "amenity_type": "accessible_toilet", "amenity": "toilets", "wheelchair": null, "toilets:wheelchair": null, "opening_hours": null, "operator": null, "description": null, "is_accessible": true, "latitude": -37.8725982, "longitude": 145.3199652 }, "geometry": { "type": "Point", "coordinates": [ 145.319965200000013, -37.8725982 ] } },
{ "type": "Feature", "properties": { "osm_id": "node/1336162061", "name": "Laurimar Public Toilet", "amenity_type": "accessible_toilet", "amenity": "toilets", "wheelchair": null, "toilets:wheelchair": null, "opening_hours": null, "operator": null, "description": null, "is_accessible": true, "latitude": -37.5869303, "longitude": 145.127056 }, "geometry": { "type": "Point", "coordinates": [ 145.127056, -37.5869303 ] } },
{ "type": "Feature", "properties": { "osm_id": "way/1338894699", "name": "Accessible Toilet", "amenity_type": "accessible_toilet", "amenity": "toilets", "wheelchair": null, "toilets:wheelchair": null, "opening_hours": null, "operator": null, "description": null, "is_accessible": true, "latitude": -38.2000106, "longitude": 145.0632547 }, "geometry": { "type": "Point", "coordinates": [ 145.063254699999987, -38.2000106 ] } },
{ "type": "Feature", "properties": { "osm_id": "way/1338894734", "name": "Accessible Toilet", "amenity_type": "accessible_toilet", "amenity": "toilets", "wheelchair": null, "toilets:wheelchair": null, "opening_hours": null, "operator": null, "description": null, "is_accessible": true, "latitude": -38.2236138, "longitude": 145.0320013 }, "geometry": { "type": "Point", "coordinates": [ 145.0320013, -38.2236138 ] } },
{ "type": "Feature", "properties": { "osm_id": "way/1339189122", "name": "Accessible Toilet", "amenity_type": "accessible_toilet", "amenity": "toilets", "wheelchair": "yes", "toilets:wheelchair": null, "opening_hours": null, "operator": null, "description": null, "is_accessible": true, "latitude": -37.85739, "longitude": 144.9027027 }, "geometry": { "type": "Point", "coordinates": [ 144.9027027, -37.85739 ] } },
{ "type": "Feature", "properties": { "osm_id": "way/1339980395", "name": "Accessible Toilet", "amenity_type": "accessible_toilet", "amenity": "toilets", "wheelchair": "yes", "toilets:wheelchair": null, "opening_hours": null, "operator": null, "description": null, "is_accessible": true, "latitude": -37.8665613, "longitude": 144.7708816 }, "geometry": { "type": "Point", "coordinates": [ 144.7708816, -37.8665613 ] } },
{ "type": "Feature", "properties": { "osm_id": "way/1343268496", "name": "Accessible Toilet", "amenity_type": "accessible_toilet", "amenity": "toilets", "wheelchair": "yes", "toilets:wheelchair": null, "opening_hours": null, "operator": null, "description": null, "is_accessible": true, "latitude": -37.7574839, "longitude": 145.3133097 }, "geometry": { "type": "Point", "coordinates": [ 145.3133097, -37.7574839 ] } },
{ "type": "Feature", "properties": { "osm_id": "way/1346841607", "name": "Accessible Toilet", "amenity_type": "accessible_toilet", "amenity": "toilets", "wheelchair": "yes", "toilets:wheelchair": null, "opening_hours": null, "operator": null, "description": null, "is_accessible": true, "latitude": -37.9237797, "longitude": 145.3373854 }, "geometry": { "type": "Point", "coordinates": [ 145.337385399999988, -37.9237797 ] } },
{ "type": "Feature", "properties": { "osm_id": "way/1349123254", "name": "Accessible Toilet", "amenity_type": "accessible_toilet", "amenity": "toilets", "wheelchair": null, "toilets:wheelchair": null, "opening_hours": null, "operator": null, "description": null, "is_accessible": true, "latitude": -37.8704414, "longitude": 144.9045642 }, "geometry": { "type": "Point", "coordinates": [ 144.90456420000001, -37.8704414 ] } },
{ "type": "Feature", "properties": { "osm_id": "way/1354870122", "name": "Accessible Toilet", "amenity_type": "accessible_toilet", "amenity": "toilets", "wheelchair": "yes", "toilets:wheelchair": null, "opening_hours": null, "operator": null, "description": null, "is_accessible": true, "latitude": -37.7141349, "longitude": 144.7291316 }, "geometry": { "type": "Point", "coordinates": [ 144.729131599999988, -37.7141349 ] } },
{ "type": "Feature", "properties": { "osm_id": "way/1355601974", "name": "Accessible Toilet", "amenity_type": "accessible_toilet", "amenity": "toilets", "wheelchair": "yes", "toilets:wheelchair": null, "opening_hours": null, "operator": null, "description": null, "is_accessible": true, "latitude": -37.7142372, "longitude": 144.7293493 }, "geometry": { "type": "Point", "coordinates": [ 144.7293493, -37.7142372 ] } },
{ "type": "Feature", "properties": { "osm_id": "way/1357084336", "name": "Accessible Toilet", "amenity_type": "accessible_toilet", "amenity": "toilets", "wheelchair": null, "toilets:wheelchair": null, "opening_hours": null, "operator": null, "description": null, "is_accessible": true, "latitude": -37.7999722, "longitude": 145.1163277 }, "geometry": { "type": "Point", "coordinates": [ 145.1163277, -37.7999722 ] } },
{ "type": "Feature", "properties": { "osm_id": "way/1360285693", "name": "Accessible Toilet", "amenity_type": "accessible_toilet", "amenity": "toilets", "wheelchair": null, "toilets:wheelchair": null, "opening_hours": null, "operator": null, "description": null, "is_accessible": true, "latitude": -38.2907557, "longitude": 145.0057805 }, "geometry": { "type": "Point", "coordinates": [ 145.005780499999986, -38.2907557 ] } },
{ "type": "Feature", "properties": { "osm_id": "node/1363204565", "name": "Accessible Toilet", "amenity_type": "accessible_toilet", "amenity": "toilets", "wheelchair": null, "toilets:wheelchair": null, "opening_hours": null, "operator": null, "description": null, "is_accessible": true, "latitude": -37.9858944, "longitude": 145.0335573 }, "geometry": { "type": "Point", "coordinates": [ 145.033557300000012, -37.9858944 ] } },
{ "type": "Feature", "properties": { "osm_id": "way/1365699976", "name": "Accessible Toilet", "amenity_type": "accessible_toilet", "amenity": "toilets", "wheelchair": null, "toilets:wheelchair": null, "opening_hours": null, "operator": null, "description": null, "is_accessible": true, "latitude": -37.964113, "longitude": 145.1744753 }, "geometry": { "type": "Point", "coordinates": [ 145.174475300000012, -37.964113 ] } },
{ "type": "Feature", "properties": { "osm_id": "way/1368279027", "name": "Accessible Toilet", "amenity_type": "accessible_toilet", "amenity": "toilets", "wheelchair": "yes", "toilets:wheelchair": null, "opening_hours": null, "operator": null, "description": null, "is_accessible": true, "latitude": -37.6687004, "longitude": 145.1571756 }, "geometry": { "type": "Point", "coordinates": [ 145.157175599999988, -37.6687004 ] } },
{ "type": "Feature", "properties": { "osm_id": "way/1368516623", "name": "Accessible Toilet", "amenity_type": "accessible_toilet", "amenity": "toilets", "wheelchair": null, "toilets:wheelchair": null, "opening_hours": null, "operator": "Mornington Peninsula Astronomical Society", "description": null, "is_accessible": true, "latitude": -38.2732161, "longitude": 145.0410756 }, "geometry": { "type": "Point", "coordinates": [ 145.0410756, -38.2732161 ] } },
{ "type": "Feature", "properties": { "osm_id": "node/1368583914", "name": "Accessible Toilet", "amenity_type": "accessible_toilet", "amenity": "toilets", "wheelchair": null, "toilets:wheelchair": null, "opening_hours": null, "operator": null, "description": null, "is_accessible": true, "latitude": -38.3740858, "longitude": 145.1270946 }, "geometry": { "type": "Point", "coordinates": [ 145.1270946, -38.3740858 ] } },
{ "type": "Feature", "properties": { "osm_id": "way/1372565970", "name": "Accessible Toilet", "amenity_type": "accessible_toilet", "amenity": "toilets", "wheelchair": null, "toilets:wheelchair": null, "opening_hours": null, "operator": null, "description": null, "is_accessible": true, "latitude": -38.1260776, "longitude": 145.233809 }, "geometry": { "type": "Point", "coordinates": [ 145.233809, -38.1260776 ] } },
{ "type": "Feature", "properties": { "osm_id": "way/1375183932", "name": "Accessible Toilet", "amenity_type": "accessible_toilet", "amenity": "toilets", "wheelchair": null, "toilets:wheelchair": null, "opening_hours": null, "operator": null, "description": null, "is_accessible": true, "latitude": -37.8732221, "longitude": 144.8170128 }, "geometry": { "type": "Point", "coordinates": [ 144.817012799999986, -37.8732221 ] } },
{ "type": "Feature", "properties": { "osm_id": "node/1375714630", "name": "Accessible Toilet", "amenity_type": "accessible_toilet", "amenity": "toilets", "wheelchair": "yes", "toilets:wheelchair": null, "opening_hours": null, "operator": null, "description": null, "is_accessible": true, "latitude": -37.8288811, "longitude": 145.2458826 }, "geometry": { "type": "Point", "coordinates": [ 145.245882599999987, -37.8288811 ] } },
{ "type": "Feature", "properties": { "osm_id": "way/1377344546", "name": "Accessible Toilet", "amenity_type": "accessible_toilet", "amenity": "toilets", "wheelchair": "yes", "toilets:wheelchair": null, "opening_hours": null, "operator": null, "description": null, "is_accessible": true, "latitude": -37.8672045, "longitude": 144.8297048 }, "geometry": { "type": "Point", "coordinates": [ 144.8297048, -37.8672045 ] } },
{ "type": "Feature", "properties": { "osm_id": "way/1377689380", "name": "Accessible Toilet", "amenity_type": "accessible_toilet", "amenity": "toilets", "wheelchair": null, "toilets:wheelchair": null, "opening_hours": null, "operator": null, "description": null, "is_accessible": true, "latitude": -37.8655624, "longitude": 144.8470565 }, "geometry": { "type": "Point", "coordinates": [ 144.8470565, -37.8655624 ] } },
{ "type": "Feature", "properties": { "osm_id": "node/1381294504", "name": "Accessible Toilet", "amenity_type": "accessible_toilet", "amenity": "toilets", "wheelchair": null, "toilets:wheelchair": null, "opening_hours": null, "operator": null, "description": null, "is_accessible": true, "latitude": -37.7060383, "longitude": 144.9167999 }, "geometry": { "type": "Point", "coordinates": [ 144.9167999, -37.7060383 ] } },
{ "type": "Feature", "properties": { "osm_id": "way/1382520203", "name": "Accessible Toilet", "amenity_type": "accessible_toilet", "amenity": "toilets", "wheelchair": null, "toilets:wheelchair": null, "opening_hours": null, "operator": null, "description": null, "is_accessible": true, "latitude": -37.682321, "longitude": 144.9355586 }, "geometry": { "type": "Point", "coordinates": [ 144.9355586, -37.682321 ] } },
{ "type": "Feature", "properties": { "osm_id": "way/1382520204", "name": "Accessible Toilet", "amenity_type": "accessible_toilet", "amenity": "toilets", "wheelchair": null, "toilets:wheelchair": null, "opening_hours": null, "operator": null, "description": null, "is_accessible": true, "latitude": -37.6862264, "longitude": 144.9363456 }, "geometry": { "type": "Point", "coordinates": [ 144.93634560000001, -37.6862264 ] } },
{ "type": "Feature", "properties": { "osm_id": "way/1382520206", "name": "Accessible Toilet", "amenity_type": "accessible_toilet", "amenity": "toilets", "wheelchair": null, "toilets:wheelchair": null, "opening_hours": null, "operator": null, "description": null, "is_accessible": true, "latitude": -37.6882148, "longitude": 144.9378161 }, "geometry": { "type": "Point", "coordinates": [ 144.9378161, -37.6882148 ] } },
{ "type": "Feature", "properties": { "osm_id": "node/1382865219", "name": "Accessible Toilet", "amenity_type": "accessible_toilet", "amenity": "toilets", "wheelchair": "yes", "toilets:wheelchair": null, "opening_hours": "Mo-Su 09:00-17:00; Dec 25 off", "operator": null, "description": null, "is_accessible": true, "latitude": -38.1377619, "longitude": 145.2830224 }, "geometry": { "type": "Point", "coordinates": [ 145.2830224, -38.1377619 ] } },
{ "type": "Feature", "properties": { "osm_id": "way/1388715164", "name": "Accessible Toilet", "amenity_type": "accessible_toilet", "amenity": "toilets", "wheelchair": null, "toilets:wheelchair": null, "opening_hours": "Dec-Apr 00:00-24:00; Sa-Su 00:00-24:00", "operator": null, "description": null, "is_accessible": true, "latitude": -38.3282446, "longitude": 144.9732321 }, "geometry": { "type": "Point", "coordinates": [ 144.9732321, -38.3282446 ] } },
{ "type": "Feature", "properties": { "osm_id": "node/1389552274", "name": "Public Toilets", "amenity_type": "accessible_toilet", "amenity": "toilets", "wheelchair": "yes", "toilets:wheelchair": null, "opening_hours": null, "operator": null, "description": null, "is_accessible": true, "latitude": -37.7686059, "longitude": 145.0060061 }, "geometry": { "type": "Point", "coordinates": [ 145.0060061, -37.7686059 ] } },
{ "type": "Feature", "properties": { "osm_id": "way/1390622207", "name": "Accessible Toilet", "amenity_type": "accessible_toilet", "amenity": "toilets", "wheelchair": "yes", "toilets:wheelchair": null, "opening_hours": "24/7", "operator": null, "description": "\"Changing Places\" room with Wheelchair access is locked via MLAK key system", "is_accessible": true, "latitude": -37.7168565, "longitude": 145.1454348 }, "geometry": { "type": "Point", "coordinates": [ 145.1454348, -37.7168565 ] } },
{ "type": "Feature", "properties": { "osm_id": "node/1398618755", "name": "Accessible Toilet", "amenity_type": "accessible_toilet", "amenity": "toilets", "wheelchair": null, "toilets:wheelchair": null, "opening_hours": null, "operator": null, "description": null, "is_accessible": true, "latitude": -37.7318085, "longitude": 145.444774 }, "geometry": { "type": "Point", "coordinates": [ 145.444774, -37.7318085 ] } },
{ "type": "Feature", "properties": { "osm_id": "node/1399688680", "name": "Accessible Toilet", "amenity_type": "accessible_toilet", "amenity": "toilets", "wheelchair": "yes", "toilets:wheelchair": null, "opening_hours": null, "operator": null, "description": null, "is_accessible": true, "latitude": -37.6431575, "longitude": 145.5499546 }, "geometry": { "type": "Point", "coordinates": [ 145.5499546, -37.6431575 ] } },
{ "type": "Feature", "properties": { "osm_id": "node/1399722250", "name": "Accessible Toilet", "amenity_type": "accessible_toilet", "amenity": "toilets", "wheelchair": null, "toilets:wheelchair": null, "opening_hours": null, "operator": null, "description": null, "is_accessible": true, "latitude": -37.6687856, "longitude": 145.5369551 }, "geometry": { "type": "Point", "coordinates": [ 145.5369551, -37.6687856 ] } },
{ "type": "Feature", "properties": { "osm_id": "node/1406600270", "name": "Accessible Toilet", "amenity_type": "accessible_toilet", "amenity": "toilets", "wheelchair": null, "toilets:wheelchair": null, "opening_hours": null, "operator": null, "description": null, "is_accessible": true, "latitude": -37.8627668, "longitude": 144.9048036 }, "geometry": { "type": "Point", "coordinates": [ 144.9048036, -37.8627668 ] } },
{ "type": "Feature", "properties": { "osm_id": "node/1406762367", "name": "Public Toilets", "amenity_type": "accessible_toilet", "amenity": "toilets", "wheelchair": null, "toilets:wheelchair": null, "opening_hours": null, "operator": null, "description": null, "is_accessible": true, "latitude": -37.867812, "longitude": 144.893679 }, "geometry": { "type": "Point", "coordinates": [ 144.893679, -37.867812 ] } },
{ "type": "Feature", "properties": { "osm_id": "way/1414421121", "name": "Public Toilets", "amenity_type": "accessible_toilet", "amenity": "toilets", "wheelchair": "yes", "toilets:wheelchair": null, "opening_hours": "24/7", "operator": null, "description": null, "is_accessible": true, "latitude": -37.7671742, "longitude": 145.1845978 }, "geometry": { "type": "Point", "coordinates": [ 145.1845978, -37.7671742 ] } },
{ "type": "Feature", "properties": { "osm_id": "node/1416810048", "name": "Accessible Toilet", "amenity_type": "accessible_toilet", "amenity": "toilets", "wheelchair": null, "toilets:wheelchair": null, "opening_hours": null, "operator": null, "description": null, "is_accessible": true, "latitude": -37.6611939, "longitude": 145.2919223 }, "geometry": { "type": "Point", "coordinates": [ 145.29192230000001, -37.6611939 ] } },
{ "type": "Feature", "properties": { "osm_id": "way/1416899343", "name": "Accessible Toilet", "amenity_type": "accessible_toilet", "amenity": "toilets", "wheelchair": "yes", "toilets:wheelchair": null, "opening_hours": null, "operator": null, "description": null, "is_accessible": true, "latitude": -37.7621972, "longitude": 144.9226463 }, "geometry": { "type": "Point", "coordinates": [ 144.9226463, -37.7621972 ] } },
{ "type": "Feature", "properties": { "osm_id": "way/1421669542", "name": "Accessible Toilet", "amenity_type": "accessible_toilet", "amenity": "toilets", "wheelchair": null, "toilets:wheelchair": null, "opening_hours": null, "operator": null, "description": null, "is_accessible": true, "latitude": -37.8266456, "longitude": 145.0593516 }, "geometry": { "type": "Point", "coordinates": [ 145.059351600000014, -37.8266456 ] } },
{ "type": "Feature", "properties": { "osm_id": "node/1422760875", "name": "Accessible Toilet", "amenity_type": "accessible_toilet", "amenity": "toilets", "wheelchair": "yes", "toilets:wheelchair": null, "opening_hours": null, "operator": null, "description": null, "is_accessible": true, "latitude": -38.2156671, "longitude": 145.3413001 }, "geometry": { "type": "Point", "coordinates": [ 145.341300100000012, -38.2156671 ] } },
{ "type": "Feature", "properties": { "osm_id": "node/1422961923", "name": "Public Toilets", "amenity_type": "accessible_toilet", "amenity": "toilets", "wheelchair": "yes", "toilets:wheelchair": null, "opening_hours": null, "operator": null, "description": null, "is_accessible": true, "latitude": -37.7495644, "longitude": 145.0422626 }, "geometry": { "type": "Point", "coordinates": [ 145.042262599999987, -37.7495644 ] } },
{ "type": "Feature", "properties": { "osm_id": "node/1426013261", "name": "Accessible Toilet", "amenity_type": "accessible_toilet", "amenity": "toilets", "wheelchair": null, "toilets:wheelchair": null, "opening_hours": null, "operator": null, "description": null, "is_accessible": true, "latitude": -37.8204631, "longitude": 144.9656863 }, "geometry": { "type": "Point", "coordinates": [ 144.965686299999987, -37.8204631 ] } },
{ "type": "Feature", "properties": { "osm_id": "way/1427048699", "name": "Accessible Toilet", "amenity_type": "accessible_toilet", "amenity": "toilets", "wheelchair": "yes", "toilets:wheelchair": null, "opening_hours": null, "operator": null, "description": null, "is_accessible": true, "latitude": -37.8895792, "longitude": 145.3174384 }, "geometry": { "type": "Point", "coordinates": [ 145.317438399999986, -37.8895792 ] } },
{ "type": "Feature", "properties": { "osm_id": "node/1428927244", "name": "Accessible Toilet", "amenity_type": "accessible_toilet", "amenity": "toilets", "wheelchair": "yes", "toilets:wheelchair": null, "opening_hours": null, "operator": null, "description": null, "is_accessible": true, "latitude": -37.8032289, "longitude": 145.3117778 }, "geometry": { "type": "Point", "coordinates": [ 145.311777799999987, -37.8032289 ] } },
{ "type": "Feature", "properties": { "osm_id": "node/1430614862", "name": "Accessible Toilet", "amenity_type": "accessible_toilet", "amenity": "toilets", "wheelchair": "yes", "toilets:wheelchair": null, "opening_hours": null, "operator": null, "description": null, "is_accessible": true, "latitude": -37.8451877, "longitude": 144.9826187 }, "geometry": { "type": "Point", "coordinates": [ 144.982618699999989, -37.8451877 ] } },
{ "type": "Feature", "properties": { "osm_id": "way/1430765862", "name": "Accessible Toilet", "amenity_type": "accessible_toilet", "amenity": "toilets", "wheelchair": null, "toilets:wheelchair": null, "opening_hours": null, "operator": null, "description": null, "is_accessible": true, "latitude": -37.6855249, "longitude": 145.5723402 }, "geometry": { "type": "Point", "coordinates": [ 145.572340200000014, -37.6855249 ] } },
{ "type": "Feature", "properties": { "osm_id": "node/1432590899", "name": "Accessible Toilet", "amenity_type": "accessible_toilet", "amenity": "toilets", "wheelchair": null, "toilets:wheelchair": null, "opening_hours": null, "operator": null, "description": null, "is_accessible": true, "latitude": -37.635589, "longitude": 145.0979851 }, "geometry": { "type": "Point", "coordinates": [ 145.097985099999988, -37.635589 ] } },
{ "type": "Feature", "properties": { "osm_id": "node/1433505999", "name": "Accessible Toilet", "amenity_type": "accessible_toilet", "amenity": "toilets", "wheelchair": null, "toilets:wheelchair": null, "opening_hours": null, "operator": null, "description": "Toilets currently closed (locked)", "is_accessible": true, "latitude": -37.558735, "longitude": 145.8872778 }, "geometry": { "type": "Point", "coordinates": [ 145.8872778, -37.558735 ] } },
{ "type": "Feature", "properties": { "osm_id": "node/1433986465", "name": "Accessible Toilet", "amenity_type": "accessible_toilet", "amenity": "toilets", "wheelchair": null, "toilets:wheelchair": null, "opening_hours": null, "operator": null, "description": null, "is_accessible": true, "latitude": -37.8891318, "longitude": 144.9839785 }, "geometry": { "type": "Point", "coordinates": [ 144.9839785, -37.8891318 ] } },
{ "type": "Feature", "properties": { "osm_id": "way/1434540117", "name": "Accessible Toilet", "amenity_type": "accessible_toilet", "amenity": "toilets", "wheelchair": "yes", "toilets:wheelchair": null, "opening_hours": "24/7", "operator": null, "description": null, "is_accessible": true, "latitude": -37.7124327, "longitude": 145.147063 }, "geometry": { "type": "Point", "coordinates": [ 145.147063, -37.7124327 ] } },
{ "type": "Feature", "properties": { "osm_id": "node/1439321285", "name": "Accessible Toilet", "amenity_type": "accessible_toilet", "amenity": "toilets", "wheelchair": "yes", "toilets:wheelchair": null, "opening_hours": null, "operator": null, "description": "3 cubicles (1 has disabled access), pit drop system, rain water tank with tap", "is_accessible": true, "latitude": -37.900109, "longitude": 145.5753638 }, "geometry": { "type": "Point", "coordinates": [ 145.5753638, -37.900109 ] } },
{ "type": "Feature", "properties": { "osm_id": "node/1439321313", "name": "Accessible Toilet", "amenity_type": "accessible_toilet", "amenity": "toilets", "wheelchair": "limited", "toilets:wheelchair": null, "opening_hours": null, "operator": null, "description": null, "is_accessible": true, "latitude": -37.897921, "longitude": 145.5839234 }, "geometry": { "type": "Point", "coordinates": [ 145.5839234, -37.897921 ] } },
{ "type": "Feature", "properties": { "osm_id": "way/1445098369", "name": "Accessible Toilet", "amenity_type": "accessible_toilet", "amenity": "toilets", "wheelchair": "yes", "toilets:wheelchair": null, "opening_hours": null, "operator": null, "description": null, "is_accessible": true, "latitude": -38.034206, "longitude": 145.3072717 }, "geometry": { "type": "Point", "coordinates": [ 145.3072717, -38.034206 ] } },
{ "type": "Feature", "properties": { "osm_id": "way/1445211577", "name": "Accessible Toilet", "amenity_type": "accessible_toilet", "amenity": "toilets", "wheelchair": "no", "toilets:wheelchair": "no", "opening_hours": "24/7", "operator": null, "description": null, "is_accessible": true, "latitude": 28.1478914, "longitude": -80.6616677 }, "geometry": { "type": "Point", "coordinates": [ -80.6616677, 28.1478914 ] } },
{ "type": "Feature", "properties": { "osm_id": "way/1445211578", "name": "Accessible Toilet", "amenity_type": "accessible_toilet", "amenity": "toilets", "wheelchair": "no", "toilets:wheelchair": null, "opening_hours": null, "operator": null, "description": null, "is_accessible": true, "latitude": 28.1479328, "longitude": -80.6616685 }, "geometry": { "type": "Point", "coordinates": [ -80.6616685, 28.1479328 ] } },
{ "type": "Feature", "properties": { "osm_id": "way/1446673604", "name": "Accessible Toilet", "amenity_type": "accessible_toilet", "amenity": "toilets", "wheelchair": null, "toilets:wheelchair": null, "opening_hours": null, "operator": null, "description": null, "is_accessible": true, "latitude": -38.0510304, "longitude": 145.3663552 }, "geometry": { "type": "Point", "coordinates": [ 145.366355199999987, -38.0510304 ] } },
{ "type": "Feature", "properties": { "osm_id": "way/1447378867", "name": "Accessible Toilet", "amenity_type": "accessible_toilet", "amenity": "toilets", "wheelchair": "yes", "toilets:wheelchair": null, "opening_hours": "Mo-Su 09:00-17:00; Dec 25 off", "operator": null, "description": null, "is_accessible": true, "latitude": -38.129341, "longitude": 145.27087 }, "geometry": { "type": "Point", "coordinates": [ 145.27087, -38.129341 ] } },
{ "type": "Feature", "properties": { "osm_id": "node/1447778360", "name": "Accessible Toilet", "amenity_type": "accessible_toilet", "amenity": "toilets", "wheelchair": null, "toilets:wheelchair": null, "opening_hours": null, "operator": null, "description": null, "is_accessible": true, "latitude": -38.3606901, "longitude": 144.7796566 }, "geometry": { "type": "Point", "coordinates": [ 144.77965660000001, -38.3606901 ] } },
{ "type": "Feature", "properties": { "osm_id": "node/1448098626", "name": "Accessible Toilet", "amenity_type": "accessible_toilet", "amenity": "toilets", "wheelchair": null, "toilets:wheelchair": null, "opening_hours": null, "operator": null, "description": null, "is_accessible": true, "latitude": -38.3701021, "longitude": 144.8591634 }, "geometry": { "type": "Point", "coordinates": [ 144.8591634, -38.3701021 ] } },
{ "type": "Feature", "properties": { "osm_id": "way/1448103848", "name": "Accessible Toilet", "amenity_type": "accessible_toilet", "amenity": "toilets", "wheelchair": "yes", "toilets:wheelchair": null, "opening_hours": "Mo-Su 07:00-18:30", "operator": null, "description": "Opening hours:- Summer 6:30am-10:00pm, Winter 7:00am-6:30pm", "is_accessible": true, "latitude": -38.1286069, "longitude": 145.330196 }, "geometry": { "type": "Point", "coordinates": [ 145.330196, -38.1286069 ] } },
{ "type": "Feature", "properties": { "osm_id": "way/1448195932", "name": "Accessible Toilet", "amenity_type": "accessible_toilet", "amenity": "toilets", "wheelchair": null, "toilets:wheelchair": null, "opening_hours": null, "operator": null, "description": null, "is_accessible": true, "latitude": -38.0454423, "longitude": 145.3675173 }, "geometry": { "type": "Point", "coordinates": [ 145.3675173, -38.0454423 ] } },
{ "type": "Feature", "properties": { "osm_id": "way/1448571760", "name": "Accessible Toilet", "amenity_type": "accessible_toilet", "amenity": "toilets", "wheelchair": null, "toilets:wheelchair": null, "opening_hours": null, "operator": null, "description": null, "is_accessible": true, "latitude": -38.1710792, "longitude": 145.1609641 }, "geometry": { "type": "Point", "coordinates": [ 145.1609641, -38.1710792 ] } },
{ "type": "Feature", "properties": { "osm_id": "node/1449395214", "name": "Accessible Toilet", "amenity_type": "accessible_toilet", "amenity": "toilets", "wheelchair": "yes", "toilets:wheelchair": null, "opening_hours": null, "operator": null, "description": null, "is_accessible": true, "latitude": -38.3697507, "longitude": 145.0131984 }, "geometry": { "type": "Point", "coordinates": [ 145.0131984, -38.3697507 ] } },
{ "type": "Feature", "properties": { "osm_id": "way/1450816535", "name": "Accessible Toilet", "amenity_type": "accessible_toilet", "amenity": "toilets", "wheelchair": "yes", "toilets:wheelchair": null, "opening_hours": null, "operator": null, "description": null, "is_accessible": true, "latitude": -37.7972282, "longitude": 145.282813 }, "geometry": { "type": "Point", "coordinates": [ 145.282813, -37.7972282 ] } },
{ "type": "Feature", "properties": { "osm_id": "way/1451857703", "name": "Accessible Toilet", "amenity_type": "accessible_toilet", "amenity": "toilets", "wheelchair": "yes", "toilets:wheelchair": null, "opening_hours": null, "operator": null, "description": null, "is_accessible": true, "latitude": -37.8195531, "longitude": 145.3676188 }, "geometry": { "type": "Point", "coordinates": [ 145.3676188, -37.8195531 ] } },
{ "type": "Feature", "properties": { "osm_id": "way/1453335724", "name": "Accessible Toilet", "amenity_type": "accessible_toilet", "amenity": "toilets", "wheelchair": "yes", "toilets:wheelchair": null, "opening_hours": "24/7", "operator": null, "description": null, "is_accessible": true, "latitude": -37.8026959, "longitude": 144.9622826 }, "geometry": { "type": "Point", "coordinates": [ 144.9622826, -37.8026959 ] } },
{ "type": "Feature", "properties": { "osm_id": "way/1455900598", "name": "Accessible Toilet", "amenity_type": "accessible_toilet", "amenity": "toilets", "wheelchair": "yes", "toilets:wheelchair": null, "opening_hours": "sunrise-sunset", "operator": "Manningham City Council", "description": null, "is_accessible": true, "latitude": -37.7678111, "longitude": 145.1061169 }, "geometry": { "type": "Point", "coordinates": [ 145.106116899999989, -37.7678111 ] } },
{ "type": "Feature", "properties": { "osm_id": "way/1456185403", "name": "Accessible Toilet", "amenity_type": "accessible_toilet", "amenity": "toilets", "wheelchair": null, "toilets:wheelchair": null, "opening_hours": null, "operator": null, "description": null, "is_accessible": true, "latitude": -37.8679794, "longitude": 144.8451975 }, "geometry": { "type": "Point", "coordinates": [ 144.845197500000012, -37.8679794 ] } },
{ "type": "Feature", "properties": { "osm_id": "way/1467195912", "name": "Accessible Toilet", "amenity_type": "accessible_toilet", "amenity": "toilets", "wheelchair": null, "toilets:wheelchair": null, "opening_hours": null, "operator": null, "description": null, "is_accessible": true, "latitude": -37.8207984, "longitude": 145.0389249 }, "geometry": { "type": "Point", "coordinates": [ 145.038924900000012, -37.8207984 ] } },
{ "type": "Feature", "properties": { "osm_id": "way/1468136120", "name": "Gumbaya Beach Hut", "amenity_type": "accessible_toilet", "amenity": "toilets", "wheelchair": null, "toilets:wheelchair": null, "opening_hours": null, "operator": null, "description": null, "is_accessible": true, "latitude": -38.0699343, "longitude": 145.6610762 }, "geometry": { "type": "Point", "coordinates": [ 145.6610762, -38.0699343 ] } },
{ "type": "Feature", "properties": { "osm_id": "way/1469691368", "name": "Accessible Toilet", "amenity_type": "accessible_toilet", "amenity": "toilets", "wheelchair": null, "toilets:wheelchair": null, "opening_hours": null, "operator": null, "description": null, "is_accessible": true, "latitude": -37.8172607, "longitude": 145.3793196 }, "geometry": { "type": "Point", "coordinates": [ 145.3793196, -37.8172607 ] } },
{ "type": "Feature", "properties": { "osm_id": "node/1470174564", "name": "Accessible Toilet", "amenity_type": "accessible_toilet", "amenity": "toilets", "wheelchair": null, "toilets:wheelchair": null, "opening_hours": null, "operator": null, "description": null, "is_accessible": true, "latitude": -37.8194508, "longitude": 144.9849415 }, "geometry": { "type": "Point", "coordinates": [ 144.9849415, -37.8194508 ] } },
{ "type": "Feature", "properties": { "osm_id": "node/1473872954", "name": "Accessible Toilet", "amenity_type": "accessible_toilet", "amenity": "toilets", "wheelchair": null, "toilets:wheelchair": null, "opening_hours": null, "operator": null, "description": null, "is_accessible": true, "latitude": -37.8800295, "longitude": 145.0469908 }, "geometry": { "type": "Point", "coordinates": [ 145.0469908, -37.8800295 ] } },
{ "type": "Feature", "properties": { "osm_id": "node/1474075473", "name": "Accessible Toilet", "amenity_type": "accessible_toilet", "amenity": "toilets", "wheelchair": null, "toilets:wheelchair": null, "opening_hours": null, "operator": null, "description": null, "is_accessible": true, "latitude": -37.8844324, "longitude": 145.5971451 }, "geometry": { "type": "Point", "coordinates": [ 145.5971451, -37.8844324 ] } },
{ "type": "Feature", "properties": { "osm_id": "way/1482509415", "name": "Accessible Toilet", "amenity_type": "accessible_toilet", "amenity": "toilets", "wheelchair": null, "toilets:wheelchair": null, "opening_hours": null, "operator": null, "description": null, "is_accessible": true, "latitude": -38.0590919, "longitude": 145.410646 }, "geometry": { "type": "Point", "coordinates": [ 145.410646, -38.0590919 ] } },
{ "type": "Feature", "properties": { "osm_id": "node/1486593394", "name": "Accessible Toilet", "amenity_type": "accessible_toilet", "amenity": "toilets", "wheelchair": null, "toilets:wheelchair": null, "opening_hours": null, "operator": null, "description": null, "is_accessible": true, "latitude": -37.7162307, "longitude": 145.0081478 }, "geometry": { "type": "Point", "coordinates": [ 145.008147799999989, -37.7162307 ] } },
{ "type": "Feature", "properties": { "osm_id": "node/1494299993", "name": "Accessible Toilet", "amenity_type": "accessible_toilet", "amenity": "toilets", "wheelchair": null, "toilets:wheelchair": null, "opening_hours": null, "operator": null, "description": null, "is_accessible": true, "latitude": 28.1245083, "longitude": -80.6253384 }, "geometry": { "type": "Point", "coordinates": [ -80.6253384, 28.1245083 ] } },
{ "type": "Feature", "properties": { "osm_id": "way/1497273519", "name": "Gracedale Park Toilets", "amenity_type": "accessible_toilet", "amenity": "toilets", "wheelchair": null, "toilets:wheelchair": null, "opening_hours": null, "operator": null, "description": null, "is_accessible": true, "latitude": -37.8218129, "longitude": 145.262543 }, "geometry": { "type": "Point", "coordinates": [ 145.262543, -37.8218129 ] } },
{ "type": "Feature", "properties": { "osm_id": "node/1498111331", "name": "Accessible Toilet", "amenity_type": "accessible_toilet", "amenity": "toilets", "wheelchair": null, "toilets:wheelchair": null, "opening_hours": null, "operator": null, "description": null, "is_accessible": true, "latitude": -38.0277757, "longitude": 145.3371102 }, "geometry": { "type": "Point", "coordinates": [ 145.337110200000012, -38.0277757 ] } },
{ "type": "Feature", "properties": { "osm_id": "way/1498378827", "name": "Accessible Toilet", "amenity_type": "accessible_toilet", "amenity": "toilets", "wheelchair": null, "toilets:wheelchair": null, "opening_hours": null, "operator": null, "description": null, "is_accessible": true, "latitude": -37.9384647, "longitude": 145.0029693 }, "geometry": { "type": "Point", "coordinates": [ 145.0029693, -37.9384647 ] } },
{ "type": "Feature", "properties": { "osm_id": "way/1500237307", "name": "Accessible Toilet", "amenity_type": "accessible_toilet", "amenity": "toilets", "wheelchair": "yes", "toilets:wheelchair": null, "opening_hours": "Mo-Su 06:00-21:00", "operator": null, "description": null, "is_accessible": true, "latitude": -37.7165517, "longitude": 145.1216799 }, "geometry": { "type": "Point", "coordinates": [ 145.1216799, -37.7165517 ] } },
{ "type": "Feature", "properties": { "osm_id": "way/1500240814", "name": "Accessible Toilet", "amenity_type": "accessible_toilet", "amenity": "toilets", "wheelchair": "yes", "toilets:wheelchair": null, "opening_hours": "Mo-Su 06:00-21:00", "operator": null, "description": null, "is_accessible": true, "latitude": -37.7108074, "longitude": 145.0829572 }, "geometry": { "type": "Point", "coordinates": [ 145.08295720000001, -37.7108074 ] } },
{ "type": "Feature", "properties": { "osm_id": "way/1500720484", "name": "Accessible Toilet", "amenity_type": "accessible_toilet", "amenity": "toilets", "wheelchair": null, "toilets:wheelchair": null, "opening_hours": null, "operator": null, "description": null, "is_accessible": true, "latitude": -37.8217014, "longitude": 144.9527792 }, "geometry": { "type": "Point", "coordinates": [ 144.9527792, -37.8217014 ] } },
{ "type": "Feature", "properties": { "osm_id": "way/1500950129", "name": "Accessible Toilet", "amenity_type": "accessible_toilet", "amenity": "toilets", "wheelchair": null, "toilets:wheelchair": null, "opening_hours": null, "operator": null, "description": null, "is_accessible": true, "latitude": -37.6844157, "longitude": 145.5301805 }, "geometry": { "type": "Point", "coordinates": [ 145.5301805, -37.6844157 ] } },
{ "type": "Feature", "properties": { "osm_id": "way/1501663484", "name": "Accessible Toilet", "amenity_type": "accessible_toilet", "amenity": "toilets", "wheelchair": "yes", "toilets:wheelchair": null, "opening_hours": null, "operator": null, "description": null, "is_accessible": true, "latitude": -37.8118437, "longitude": 145.2113645 }, "geometry": { "type": "Point", "coordinates": [ 145.2113645, -37.8118437 ] } },
{ "type": "Feature", "properties": { "osm_id": "node/1503133901", "name": "Accessible Toilet", "amenity_type": "accessible_toilet", "amenity": "toilets", "wheelchair": null, "toilets:wheelchair": null, "opening_hours": null, "operator": null, "description": null, "is_accessible": true, "latitude": -38.1408851, "longitude": 145.1243528 }, "geometry": { "type": "Point", "coordinates": [ 145.1243528, -38.1408851 ] } },
{ "type": "Feature", "properties": { "osm_id": "node/1503133902", "name": "Accessible Toilet", "amenity_type": "accessible_toilet", "amenity": "toilets", "wheelchair": null, "toilets:wheelchair": null, "opening_hours": null, "operator": null, "description": null, "is_accessible": true, "latitude": -38.1425282, "longitude": 145.1207696 }, "geometry": { "type": "Point", "coordinates": [ 145.120769599999988, -38.1425282 ] } },
{ "type": "Feature", "properties": { "osm_id": "node/1505786601", "name": "Accessible Toilet", "amenity_type": "accessible_toilet", "amenity": "toilets", "wheelchair": null, "toilets:wheelchair": null, "opening_hours": null, "operator": null, "description": null, "is_accessible": true, "latitude": -37.9057256, "longitude": 145.0112346 }, "geometry": { "type": "Point", "coordinates": [ 145.0112346, -37.9057256 ] } },
{ "type": "Feature", "properties": { "osm_id": "way/1509455100", "name": "Accessible Toilet", "amenity_type": "accessible_toilet", "amenity": "toilets", "wheelchair": "designated", "toilets:wheelchair": null, "opening_hours": null, "operator": null, "description": null, "is_accessible": true, "latitude": -37.8310315, "longitude": 145.2934364 }, "geometry": { "type": "Point", "coordinates": [ 145.2934364, -37.8310315 ] } },
{ "type": "Feature", "properties": { "osm_id": "way/1509653669", "name": "Accessible Toilet", "amenity_type": "accessible_toilet", "amenity": "toilets", "wheelchair": null, "toilets:wheelchair": null, "opening_hours": null, "operator": null, "description": null, "is_accessible": true, "latitude": -37.8590885, "longitude": 144.7432074 }, "geometry": { "type": "Point", "coordinates": [ 144.743207399999989, -37.8590885 ] } },
{ "type": "Feature", "properties": { "osm_id": "node/1517692005", "name": "Accessible Toilet", "amenity_type": "accessible_toilet", "amenity": "toilets", "wheelchair": null, "toilets:wheelchair": null, "opening_hours": null, "operator": null, "description": null, "is_accessible": true, "latitude": -38.3759965, "longitude": 144.8615553 }, "geometry": { "type": "Point", "coordinates": [ 144.8615553, -38.3759965 ] } },
{ "type": "Feature", "properties": { "osm_id": "node/1526166383", "name": "Accessible Toilet", "amenity_type": "accessible_toilet", "amenity": "toilets", "wheelchair": null, "toilets:wheelchair": null, "opening_hours": null, "operator": null, "description": null, "is_accessible": true, "latitude": -38.3620323, "longitude": 144.764408 }, "geometry": { "type": "Point", "coordinates": [ 144.764408, -38.3620323 ] } },
{ "type": "Feature", "properties": { "osm_id": "node/1532401714", "name": "Accessible Toilet", "amenity_type": "accessible_toilet", "amenity": "toilets", "wheelchair": "yes", "toilets:wheelchair": null, "opening_hours": null, "operator": null, "description": null, "is_accessible": true, "latitude": -37.8607106, "longitude": 145.7447943 }, "geometry": { "type": "Point", "coordinates": [ 145.7447943, -37.8607106 ] } },
{ "type": "Feature", "properties": { "osm_id": "node/1532401992", "name": "Accessible Toilet", "amenity_type": "accessible_toilet", "amenity": "toilets", "wheelchair": "limited", "toilets:wheelchair": null, "opening_hours": null, "operator": null, "description": null, "is_accessible": true, "latitude": -37.863823, "longitude": 145.7525011 }, "geometry": { "type": "Point", "coordinates": [ 145.752501099999989, -37.863823 ] } },
{ "type": "Feature", "properties": { "osm_id": "node/1532445359", "name": "Accessible Toilet", "amenity_type": "accessible_toilet", "amenity": "toilets", "wheelchair": null, "toilets:wheelchair": null, "opening_hours": null, "operator": null, "description": null, "is_accessible": true, "latitude": -37.7709, "longitude": 145.7563489 }, "geometry": { "type": "Point", "coordinates": [ 145.7563489, -37.7709 ] } },
{ "type": "Feature", "properties": { "osm_id": "node/1540329534", "name": "Accessible Toilet", "amenity_type": "accessible_toilet", "amenity": "toilets", "wheelchair": "yes", "toilets:wheelchair": null, "opening_hours": null, "operator": null, "description": null, "is_accessible": true, "latitude": -37.7883638, "longitude": 145.1487902 }, "geometry": { "type": "Point", "coordinates": [ 145.1487902, -37.7883638 ] } },
{ "type": "Feature", "properties": { "osm_id": "node/1561162706", "name": "Accessible Toilet", "amenity_type": "accessible_toilet", "amenity": "toilets", "wheelchair": null, "toilets:wheelchair": null, "opening_hours": null, "operator": null, "description": null, "is_accessible": true, "latitude": -37.9435655, "longitude": 145.0805749 }, "geometry": { "type": "Point", "coordinates": [ 145.080574899999988, -37.9435655 ] } },
{ "type": "Feature", "properties": { "osm_id": "node/1561197123", "name": "Accessible Toilet", "amenity_type": "accessible_toilet", "amenity": "toilets", "wheelchair": "yes", "toilets:wheelchair": null, "opening_hours": null, "operator": null, "description": null, "is_accessible": true, "latitude": -37.9527972, "longitude": 145.004081 }, "geometry": { "type": "Point", "coordinates": [ 145.004081, -37.9527972 ] } },
{ "type": "Feature", "properties": { "osm_id": "node/1562157879", "name": "Accessible Toilet", "amenity_type": "accessible_toilet", "amenity": "toilets", "wheelchair": null, "toilets:wheelchair": null, "opening_hours": null, "operator": null, "description": null, "is_accessible": true, "latitude": -37.9903265, "longitude": 145.0284336 }, "geometry": { "type": "Point", "coordinates": [ 145.0284336, -37.9903265 ] } },
{ "type": "Feature", "properties": { "osm_id": "node/1564877000", "name": "Accessible Toilet", "amenity_type": "accessible_toilet", "amenity": "toilets", "wheelchair": null, "toilets:wheelchair": null, "opening_hours": null, "operator": null, "description": null, "is_accessible": true, "latitude": -38.3899228, "longitude": 145.1642712 }, "geometry": { "type": "Point", "coordinates": [ 145.1642712, -38.3899228 ] } },
{ "type": "Feature", "properties": { "osm_id": "node/1564961539", "name": "Accessible Toilet", "amenity_type": "accessible_toilet", "amenity": "toilets", "wheelchair": null, "toilets:wheelchair": null, "opening_hours": null, "operator": null, "description": null, "is_accessible": true, "latitude": -38.3346076, "longitude": 144.7052826 }, "geometry": { "type": "Point", "coordinates": [ 144.7052826, -38.3346076 ] } },
{ "type": "Feature", "properties": { "osm_id": "node/1600670853", "name": "Accessible Toilet", "amenity_type": "accessible_toilet", "amenity": "toilets", "wheelchair": null, "toilets:wheelchair": null, "opening_hours": null, "operator": null, "description": null, "is_accessible": true, "latitude": -37.8712782, "longitude": 145.0851982 }, "geometry": { "type": "Point", "coordinates": [ 145.0851982, -37.8712782 ] } },
{ "type": "Feature", "properties": { "osm_id": "node/1606015075", "name": "Accessible Toilet", "amenity_type": "accessible_toilet", "amenity": "toilets", "wheelchair": "yes", "toilets:wheelchair": null, "opening_hours": null, "operator": null, "description": "There is exactly one toilet.", "is_accessible": true, "latitude": -37.6840016, "longitude": 145.1165317 }, "geometry": { "type": "Point", "coordinates": [ 145.1165317, -37.6840016 ] } },
{ "type": "Feature", "properties": { "osm_id": "node/1608195235", "name": "Accessible Toilet", "amenity_type": "accessible_toilet", "amenity": "toilets", "wheelchair": null, "toilets:wheelchair": null, "opening_hours": null, "operator": null, "description": null, "is_accessible": true, "latitude": -37.6975278, "longitude": 145.0967222 }, "geometry": { "type": "Point", "coordinates": [ 145.096722199999988, -37.6975278 ] } },
{ "type": "Feature", "properties": { "osm_id": "node/1631764942", "name": "Bentleigh Sunday Market Exeloo", "amenity_type": "accessible_toilet", "amenity": "toilets", "wheelchair": "yes", "toilets:wheelchair": null, "opening_hours": null, "operator": null, "description": null, "is_accessible": true, "latitude": -37.9175956, "longitude": 145.0376179 }, "geometry": { "type": "Point", "coordinates": [ 145.037617899999987, -37.9175956 ] } },
{ "type": "Feature", "properties": { "osm_id": "node/1631770447", "name": "Public Library Exeloo", "amenity_type": "accessible_toilet", "amenity": "toilets", "wheelchair": "yes", "toilets:wheelchair": null, "opening_hours": null, "operator": null, "description": null, "is_accessible": true, "latitude": -37.9192801, "longitude": 145.0414033 }, "geometry": { "type": "Point", "coordinates": [ 145.041403300000013, -37.9192801 ] } },
{ "type": "Feature", "properties": { "osm_id": "node/1646788132", "name": "Accessible Toilet", "amenity_type": "accessible_toilet", "amenity": "toilets", "wheelchair": null, "toilets:wheelchair": null, "opening_hours": null, "operator": null, "description": null, "is_accessible": true, "latitude": -37.6447634, "longitude": 145.5518156 }, "geometry": { "type": "Point", "coordinates": [ 145.5518156, -37.6447634 ] } },
{ "type": "Feature", "properties": { "osm_id": "node/1653675104", "name": "Accessible Toilet", "amenity_type": "accessible_toilet", "amenity": "toilets", "wheelchair": "yes", "toilets:wheelchair": null, "opening_hours": null, "operator": null, "description": null, "is_accessible": true, "latitude": -37.867566, "longitude": 144.9050545 }, "geometry": { "type": "Point", "coordinates": [ 144.9050545, -37.867566 ] } },
{ "type": "Feature", "properties": { "osm_id": "node/1666782908", "name": "Public Toilets", "amenity_type": "accessible_toilet", "amenity": "toilets", "wheelchair": "yes", "toilets:wheelchair": null, "opening_hours": null, "operator": null, "description": null, "is_accessible": true, "latitude": -37.7204768, "longitude": 145.0486618 }, "geometry": { "type": "Point", "coordinates": [ 145.0486618, -37.7204768 ] } },
{ "type": "Feature", "properties": { "osm_id": "node/1670091532", "name": "Accessible Toilet", "amenity_type": "accessible_toilet", "amenity": "toilets", "wheelchair": null, "toilets:wheelchair": null, "opening_hours": null, "operator": null, "description": null, "is_accessible": true, "latitude": -37.9306118, "longitude": 145.4597534 }, "geometry": { "type": "Point", "coordinates": [ 145.459753400000011, -37.9306118 ] } },
{ "type": "Feature", "properties": { "osm_id": "node/1671657800", "name": "Accessible Toilet", "amenity_type": "accessible_toilet", "amenity": "toilets", "wheelchair": null, "toilets:wheelchair": null, "opening_hours": null, "operator": null, "description": null, "is_accessible": true, "latitude": -37.7771723, "longitude": 145.3044693 }, "geometry": { "type": "Point", "coordinates": [ 145.3044693, -37.7771723 ] } },
{ "type": "Feature", "properties": { "osm_id": "node/1682313109", "name": "Accessible Toilet", "amenity_type": "accessible_toilet", "amenity": "toilets", "wheelchair": null, "toilets:wheelchair": null, "opening_hours": null, "operator": null, "description": null, "is_accessible": true, "latitude": -37.9278713, "longitude": 145.0391577 }, "geometry": { "type": "Point", "coordinates": [ 145.0391577, -37.9278713 ] } },
{ "type": "Feature", "properties": { "osm_id": "node/1682313198", "name": "Accessible Toilet", "amenity_type": "accessible_toilet", "amenity": "toilets", "wheelchair": null, "toilets:wheelchair": null, "opening_hours": null, "operator": null, "description": null, "is_accessible": true, "latitude": -37.9278841, "longitude": 145.0390771 }, "geometry": { "type": "Point", "coordinates": [ 145.039077099999986, -37.9278841 ] } },
{ "type": "Feature", "properties": { "osm_id": "node/1694249233", "name": "Accessible Toilet", "amenity_type": "accessible_toilet", "amenity": "toilets", "wheelchair": null, "toilets:wheelchair": null, "opening_hours": null, "operator": null, "description": null, "is_accessible": true, "latitude": -37.7426191, "longitude": 145.0638632 }, "geometry": { "type": "Point", "coordinates": [ 145.063863199999986, -37.7426191 ] } },
{ "type": "Feature", "properties": { "osm_id": "node/1701123047", "name": "Accessible Toilet", "amenity_type": "accessible_toilet", "amenity": "toilets", "wheelchair": null, "toilets:wheelchair": null, "opening_hours": null, "operator": null, "description": null, "is_accessible": true, "latitude": -38.3649741, "longitude": 144.7983659 }, "geometry": { "type": "Point", "coordinates": [ 144.7983659, -38.3649741 ] } },
{ "type": "Feature", "properties": { "osm_id": "node/1705310831", "name": "Accessible Toilet", "amenity_type": "accessible_toilet", "amenity": "toilets", "wheelchair": null, "toilets:wheelchair": null, "opening_hours": null, "operator": null, "description": null, "is_accessible": true, "latitude": -38.1925271, "longitude": 145.1444163 }, "geometry": { "type": "Point", "coordinates": [ 145.144416299999989, -38.1925271 ] } },
{ "type": "Feature", "properties": { "osm_id": "node/1709525542", "name": "Accessible Toilet", "amenity_type": "accessible_toilet", "amenity": "toilets", "wheelchair": null, "toilets:wheelchair": null, "opening_hours": null, "operator": null, "description": null, "is_accessible": true, "latitude": -37.845849, "longitude": 145.0456089 }, "geometry": { "type": "Point", "coordinates": [ 145.0456089, -37.845849 ] } },
{ "type": "Feature", "properties": { "osm_id": "node/1709525545", "name": "Accessible Toilet", "amenity_type": "accessible_toilet", "amenity": "toilets", "wheelchair": null, "toilets:wheelchair": null, "opening_hours": null, "operator": null, "description": null, "is_accessible": true, "latitude": -37.8509576, "longitude": 145.0535429 }, "geometry": { "type": "Point", "coordinates": [ 145.0535429, -37.8509576 ] } },
{ "type": "Feature", "properties": { "osm_id": "node/1709816326", "name": "Accessible Toilet", "amenity_type": "accessible_toilet", "amenity": "toilets", "wheelchair": null, "toilets:wheelchair": null, "opening_hours": null, "operator": null, "description": null, "is_accessible": true, "latitude": -38.2655552, "longitude": 145.0161326 }, "geometry": { "type": "Point", "coordinates": [ 145.0161326, -38.2655552 ] } },
{ "type": "Feature", "properties": { "osm_id": "node/1710026203", "name": "Accessible Toilet", "amenity_type": "accessible_toilet", "amenity": "toilets", "wheelchair": null, "toilets:wheelchair": null, "opening_hours": null, "operator": null, "description": null, "is_accessible": true, "latitude": -38.2682588, "longitude": 145.0431422 }, "geometry": { "type": "Point", "coordinates": [ 145.0431422, -38.2682588 ] } },
{ "type": "Feature", "properties": { "osm_id": "node/1717721673", "name": "Accessible Toilet", "amenity_type": "accessible_toilet", "amenity": "toilets", "wheelchair": null, "toilets:wheelchair": null, "opening_hours": null, "operator": null, "description": null, "is_accessible": true, "latitude": -38.2677144, "longitude": 145.0188534 }, "geometry": { "type": "Point", "coordinates": [ 145.018853400000012, -38.2677144 ] } },
{ "type": "Feature", "properties": { "osm_id": "node/1720439314", "name": "Accessible Toilet", "amenity_type": "accessible_toilet", "amenity": "toilets", "wheelchair": null, "toilets:wheelchair": null, "opening_hours": null, "operator": null, "description": null, "is_accessible": true, "latitude": -38.2632194, "longitude": 145.0168817 }, "geometry": { "type": "Point", "coordinates": [ 145.0168817, -38.2632194 ] } },
{ "type": "Feature", "properties": { "osm_id": "node/1726401505", "name": "Accessible Toilet", "amenity_type": "accessible_toilet", "amenity": "toilets", "wheelchair": "yes", "toilets:wheelchair": null, "opening_hours": null, "operator": null, "description": null, "is_accessible": true, "latitude": -38.358218, "longitude": 144.9477907 }, "geometry": { "type": "Point", "coordinates": [ 144.947790700000013, -38.358218 ] } },
{ "type": "Feature", "properties": { "osm_id": "node/1730219036", "name": "Accessible Toilet", "amenity_type": "accessible_toilet", "amenity": "toilets", "wheelchair": null, "toilets:wheelchair": null, "opening_hours": null, "operator": null, "description": null, "is_accessible": true, "latitude": -37.8537335, "longitude": 145.0675685 }, "geometry": { "type": "Point", "coordinates": [ 145.0675685, -37.8537335 ] } },
{ "type": "Feature", "properties": { "osm_id": "node/1733878864", "name": "Accessible Toilet", "amenity_type": "accessible_toilet", "amenity": "toilets", "wheelchair": null, "toilets:wheelchair": null, "opening_hours": null, "operator": null, "description": null, "is_accessible": true, "latitude": -37.819542, "longitude": 145.016086 }, "geometry": { "type": "Point", "coordinates": [ 145.016086, -37.819542 ] } },
{ "type": "Feature", "properties": { "osm_id": "node/1734852016", "name": "Accessible Toilet", "amenity_type": "accessible_toilet", "amenity": "toilets", "wheelchair": null, "toilets:wheelchair": null, "opening_hours": null, "operator": null, "description": null, "is_accessible": true, "latitude": -37.9801322, "longitude": 145.2083595 }, "geometry": { "type": "Point", "coordinates": [ 145.2083595, -37.9801322 ] } },
{ "type": "Feature", "properties": { "osm_id": "node/1744157736", "name": "Accessible Toilet", "amenity_type": "accessible_toilet", "amenity": "toilets", "wheelchair": null, "toilets:wheelchair": null, "opening_hours": null, "operator": null, "description": null, "is_accessible": true, "latitude": -38.386597, "longitude": 145.140082 }, "geometry": { "type": "Point", "coordinates": [ 145.140082, -38.386597 ] } },
{ "type": "Feature", "properties": { "osm_id": "node/1744157746", "name": "Accessible Toilet", "amenity_type": "accessible_toilet", "amenity": "toilets", "wheelchair": "yes", "toilets:wheelchair": null, "opening_hours": null, "operator": null, "description": null, "is_accessible": true, "latitude": -38.387374, "longitude": 145.140882 }, "geometry": { "type": "Point", "coordinates": [ 145.140882, -38.387374 ] } },
{ "type": "Feature", "properties": { "osm_id": "node/1749638367", "name": "Accessible Toilet", "amenity_type": "accessible_toilet", "amenity": "toilets", "wheelchair": "yes", "toilets:wheelchair": null, "opening_hours": null, "operator": null, "description": null, "is_accessible": true, "latitude": -38.3092718, "longitude": 144.6795977 }, "geometry": { "type": "Point", "coordinates": [ 144.679597699999988, -38.3092718 ] } },
{ "type": "Feature", "properties": { "osm_id": "node/1749638368", "name": "Accessible Toilet", "amenity_type": "accessible_toilet", "amenity": "toilets", "wheelchair": "yes", "toilets:wheelchair": null, "opening_hours": null, "operator": null, "description": null, "is_accessible": true, "latitude": -38.3091115, "longitude": 144.6796187 }, "geometry": { "type": "Point", "coordinates": [ 144.6796187, -38.3091115 ] } },
{ "type": "Feature", "properties": { "osm_id": "node/1749638437", "name": "Accessible Toilet", "amenity_type": "accessible_toilet", "amenity": "toilets", "wheelchair": "yes", "toilets:wheelchair": null, "opening_hours": null, "operator": null, "description": null, "is_accessible": true, "latitude": -38.3030992, "longitude": 144.6527684 }, "geometry": { "type": "Point", "coordinates": [ 144.652768400000014, -38.3030992 ] } },
{ "type": "Feature", "properties": { "osm_id": "node/1805611683", "name": "Accessible Toilet", "amenity_type": "accessible_toilet", "amenity": "toilets", "wheelchair": "no", "toilets:wheelchair": null, "opening_hours": null, "operator": null, "description": null, "is_accessible": true, "latitude": -37.6693344, "longitude": 145.328264 }, "geometry": { "type": "Point", "coordinates": [ 145.328264, -37.6693344 ] } },
{ "type": "Feature", "properties": { "osm_id": "node/1813160416", "name": "Accessible Toilet", "amenity_type": "accessible_toilet", "amenity": "toilets", "wheelchair": null, "toilets:wheelchair": null, "opening_hours": "Mo-Su 06:30-18:30", "operator": null, "description": null, "is_accessible": true, "latitude": -37.787658, "longitude": 144.927856 }, "geometry": { "type": "Point", "coordinates": [ 144.927856, -37.787658 ] } },
{ "type": "Feature", "properties": { "osm_id": "node/1813483575", "name": "Accessible Toilet", "amenity_type": "accessible_toilet", "amenity": "toilets", "wheelchair": null, "toilets:wheelchair": null, "opening_hours": null, "operator": null, "description": null, "is_accessible": true, "latitude": -37.7466592, "longitude": 144.944055 }, "geometry": { "type": "Point", "coordinates": [ 144.944055, -37.7466592 ] } },
{ "type": "Feature", "properties": { "osm_id": "node/1828495239", "name": "Accessible Toilet", "amenity_type": "accessible_toilet", "amenity": "toilets", "wheelchair": null, "toilets:wheelchair": null, "opening_hours": null, "operator": null, "description": null, "is_accessible": true, "latitude": -37.9310795, "longitude": 145.4586209 }, "geometry": { "type": "Point", "coordinates": [ 145.4586209, -37.9310795 ] } },
{ "type": "Feature", "properties": { "osm_id": "node/1862660729", "name": "Accessible Toilet", "amenity_type": "accessible_toilet", "amenity": "toilets", "wheelchair": null, "toilets:wheelchair": null, "opening_hours": null, "operator": null, "description": null, "is_accessible": true, "latitude": -38.2653303, "longitude": 145.5627113 }, "geometry": { "type": "Point", "coordinates": [ 145.562711299999989, -38.2653303 ] } },
{ "type": "Feature", "properties": { "osm_id": "node/1864187452", "name": "Public Toilets", "amenity_type": "accessible_toilet", "amenity": "toilets", "wheelchair": null, "toilets:wheelchair": null, "opening_hours": null, "operator": null, "description": null, "is_accessible": true, "latitude": -37.823155, "longitude": 145.2540274 }, "geometry": { "type": "Point", "coordinates": [ 145.254027400000012, -37.823155 ] } },
{ "type": "Feature", "properties": { "osm_id": "node/1877111742", "name": "Accessible Toilet", "amenity_type": "accessible_toilet", "amenity": "toilets", "wheelchair": null, "toilets:wheelchair": null, "opening_hours": null, "operator": null, "description": null, "is_accessible": true, "latitude": -37.8214632, "longitude": 145.0414934 }, "geometry": { "type": "Point", "coordinates": [ 145.0414934, -37.8214632 ] } },
{ "type": "Feature", "properties": { "osm_id": "node/1881747643", "name": "Accessible Toilet", "amenity_type": "accessible_toilet", "amenity": "toilets", "wheelchair": null, "toilets:wheelchair": null, "opening_hours": null, "operator": null, "description": null, "is_accessible": true, "latitude": -38.2528385, "longitude": 145.0427191 }, "geometry": { "type": "Point", "coordinates": [ 145.0427191, -38.2528385 ] } },
{ "type": "Feature", "properties": { "osm_id": "node/1886300607", "name": "Accessible Toilet", "amenity_type": "accessible_toilet", "amenity": "toilets", "wheelchair": "yes", "toilets:wheelchair": null, "opening_hours": null, "operator": null, "description": null, "is_accessible": true, "latitude": -37.8882063, "longitude": 145.3171703 }, "geometry": { "type": "Point", "coordinates": [ 145.317170299999987, -37.8882063 ] } },
{ "type": "Feature", "properties": { "osm_id": "node/1889074995", "name": "Accessible Toilet", "amenity_type": "accessible_toilet", "amenity": "toilets", "wheelchair": "limited", "toilets:wheelchair": null, "opening_hours": null, "operator": null, "description": null, "is_accessible": true, "latitude": -37.9867602, "longitude": 145.0548367 }, "geometry": { "type": "Point", "coordinates": [ 145.05483670000001, -37.9867602 ] } },
{ "type": "Feature", "properties": { "osm_id": "node/1892871097", "name": "Accessible Toilet", "amenity_type": "accessible_toilet", "amenity": "toilets", "wheelchair": "limited", "toilets:wheelchair": null, "opening_hours": null, "operator": null, "description": null, "is_accessible": true, "latitude": -37.8661977, "longitude": 144.9741912 }, "geometry": { "type": "Point", "coordinates": [ 144.9741912, -37.8661977 ] } },
{ "type": "Feature", "properties": { "osm_id": "node/1893013576", "name": "Accessible Toilet", "amenity_type": "accessible_toilet", "amenity": "toilets", "wheelchair": null, "toilets:wheelchair": null, "opening_hours": null, "operator": null, "description": null, "is_accessible": true, "latitude": -37.7581977, "longitude": 145.0844019 }, "geometry": { "type": "Point", "coordinates": [ 145.084401899999989, -37.7581977 ] } },
{ "type": "Feature", "properties": { "osm_id": "node/1893013694", "name": "Accessible Toilet", "amenity_type": "accessible_toilet", "amenity": "toilets", "wheelchair": null, "toilets:wheelchair": null, "opening_hours": null, "operator": null, "description": null, "is_accessible": true, "latitude": -37.758553, "longitude": 145.0811819 }, "geometry": { "type": "Point", "coordinates": [ 145.0811819, -37.758553 ] } },
{ "type": "Feature", "properties": { "osm_id": "node/1896017998", "name": "Accessible Toilet", "amenity_type": "accessible_toilet", "amenity": "toilets", "wheelchair": null, "toilets:wheelchair": null, "opening_hours": null, "operator": null, "description": null, "is_accessible": true, "latitude": -38.0102424, "longitude": 145.0936894 }, "geometry": { "type": "Point", "coordinates": [ 145.093689399999988, -38.0102424 ] } },
{ "type": "Feature", "properties": { "osm_id": "node/1901714591", "name": "Accessible Toilet", "amenity_type": "accessible_toilet", "amenity": "toilets", "wheelchair": "no", "toilets:wheelchair": null, "opening_hours": null, "operator": null, "description": null, "is_accessible": true, "latitude": -37.9697209, "longitude": 145.3010197 }, "geometry": { "type": "Point", "coordinates": [ 145.301019700000012, -37.9697209 ] } },
{ "type": "Feature", "properties": { "osm_id": "node/1905073551", "name": "Accessible Toilet", "amenity_type": "accessible_toilet", "amenity": "toilets", "wheelchair": "yes", "toilets:wheelchair": null, "opening_hours": null, "operator": "Boroondara City Council", "description": null, "is_accessible": true, "latitude": -37.811044, "longitude": 145.0914677 }, "geometry": { "type": "Point", "coordinates": [ 145.09146770000001, -37.811044 ] } },
{ "type": "Feature", "properties": { "osm_id": "node/1928209665", "name": "Accessible Toilet", "amenity_type": "accessible_toilet", "amenity": "toilets", "wheelchair": null, "toilets:wheelchair": null, "opening_hours": null, "operator": null, "description": null, "is_accessible": true, "latitude": -37.8094522, "longitude": 144.9697711 }, "geometry": { "type": "Point", "coordinates": [ 144.9697711, -37.8094522 ] } },
{ "type": "Feature", "properties": { "osm_id": "node/1935139518", "name": "Accessible Toilet", "amenity_type": "accessible_toilet", "amenity": "toilets", "wheelchair": null, "toilets:wheelchair": null, "opening_hours": null, "operator": null, "description": null, "is_accessible": true, "latitude": -37.5386716, "longitude": 144.6499057 }, "geometry": { "type": "Point", "coordinates": [ 144.6499057, -37.5386716 ] } },
{ "type": "Feature", "properties": { "osm_id": "node/1940739958", "name": "Accessible Toilet", "amenity_type": "accessible_toilet", "amenity": "toilets", "wheelchair": null, "toilets:wheelchair": null, "opening_hours": null, "operator": null, "description": null, "is_accessible": true, "latitude": -37.9935271, "longitude": 145.0311337 }, "geometry": { "type": "Point", "coordinates": [ 145.0311337, -37.9935271 ] } },
{ "type": "Feature", "properties": { "osm_id": "node/1940758958", "name": "Accessible Toilet", "amenity_type": "accessible_toilet", "amenity": "toilets", "wheelchair": null, "toilets:wheelchair": null, "opening_hours": null, "operator": null, "description": null, "is_accessible": true, "latitude": -38.009531, "longitude": 145.0857193 }, "geometry": { "type": "Point", "coordinates": [ 145.0857193, -38.009531 ] } },
{ "type": "Feature", "properties": { "osm_id": "node/1962333582", "name": "Accessible Toilet", "amenity_type": "accessible_toilet", "amenity": "toilets", "wheelchair": null, "toilets:wheelchair": null, "opening_hours": null, "operator": null, "description": null, "is_accessible": true, "latitude": -37.799432, "longitude": 144.9007336 }, "geometry": { "type": "Point", "coordinates": [ 144.9007336, -37.799432 ] } },
{ "type": "Feature", "properties": { "osm_id": "node/1969747364", "name": "Accessible Toilet", "amenity_type": "accessible_toilet", "amenity": "toilets", "wheelchair": null, "toilets:wheelchair": null, "opening_hours": null, "operator": null, "description": null, "is_accessible": true, "latitude": -37.7587337, "longitude": 144.7954875 }, "geometry": { "type": "Point", "coordinates": [ 144.7954875, -37.7587337 ] } },
{ "type": "Feature", "properties": { "osm_id": "node/2017694397", "name": "Accessible Toilet", "amenity_type": "accessible_toilet", "amenity": "toilets", "wheelchair": "yes", "toilets:wheelchair": null, "opening_hours": null, "operator": null, "description": null, "is_accessible": true, "latitude": -37.8688242, "longitude": 145.0738586 }, "geometry": { "type": "Point", "coordinates": [ 145.0738586, -37.8688242 ] } },
{ "type": "Feature", "properties": { "osm_id": "node/2034042023", "name": "Accessible Toilet", "amenity_type": "accessible_toilet", "amenity": "toilets", "wheelchair": null, "toilets:wheelchair": null, "opening_hours": null, "operator": null, "description": null, "is_accessible": true, "latitude": -37.7850387, "longitude": 145.2689236 }, "geometry": { "type": "Point", "coordinates": [ 145.2689236, -37.7850387 ] } },
{ "type": "Feature", "properties": { "osm_id": "node/2038238519", "name": "Accessible Toilet", "amenity_type": "accessible_toilet", "amenity": "toilets", "wheelchair": null, "toilets:wheelchair": null, "opening_hours": null, "operator": null, "description": null, "is_accessible": true, "latitude": -37.8679028, "longitude": 145.1323029 }, "geometry": { "type": "Point", "coordinates": [ 145.132302900000013, -37.8679028 ] } },
{ "type": "Feature", "properties": { "osm_id": "node/2038238520", "name": "Accessible Toilet", "amenity_type": "accessible_toilet", "amenity": "toilets", "wheelchair": null, "toilets:wheelchair": null, "opening_hours": null, "operator": null, "description": null, "is_accessible": true, "latitude": -37.8677799, "longitude": 145.1323164 }, "geometry": { "type": "Point", "coordinates": [ 145.1323164, -37.8677799 ] } },
{ "type": "Feature", "properties": { "osm_id": "node/2038238531", "name": "Accessible Toilet", "amenity_type": "accessible_toilet", "amenity": "toilets", "wheelchair": null, "toilets:wheelchair": null, "opening_hours": null, "operator": null, "description": null, "is_accessible": true, "latitude": -37.8688365, "longitude": 145.1331532 }, "geometry": { "type": "Point", "coordinates": [ 145.13315320000001, -37.8688365 ] } },
{ "type": "Feature", "properties": { "osm_id": "node/2038238540", "name": "Accessible Toilet", "amenity_type": "accessible_toilet", "amenity": "toilets", "wheelchair": null, "toilets:wheelchair": null, "opening_hours": null, "operator": null, "description": null, "is_accessible": true, "latitude": -37.8678435, "longitude": 145.1327616 }, "geometry": { "type": "Point", "coordinates": [ 145.1327616, -37.8678435 ] } },
{ "type": "Feature", "properties": { "osm_id": "node/2041590408", "name": "Public Toilets", "amenity_type": "accessible_toilet", "amenity": "toilets", "wheelchair": "yes", "toilets:wheelchair": null, "opening_hours": null, "operator": null, "description": null, "is_accessible": true, "latitude": -37.8358174, "longitude": 145.1655242 }, "geometry": { "type": "Point", "coordinates": [ 145.1655242, -37.8358174 ] } },
{ "type": "Feature", "properties": { "osm_id": "node/2047481618", "name": "The village @ Carrum Downs Rest Rooms", "amenity_type": "accessible_toilet", "amenity": "toilets", "wheelchair": null, "toilets:wheelchair": null, "opening_hours": null, "operator": null, "description": null, "is_accessible": true, "latitude": -38.0887455, "longitude": 145.1826885 }, "geometry": { "type": "Point", "coordinates": [ 145.182688500000012, -38.0887455 ] } },
{ "type": "Feature", "properties": { "osm_id": "node/2049059875", "name": "Accessible Toilet", "amenity_type": "accessible_toilet", "amenity": "toilets", "wheelchair": null, "toilets:wheelchair": null, "opening_hours": null, "operator": null, "description": null, "is_accessible": true, "latitude": -37.7371976, "longitude": 145.0033276 }, "geometry": { "type": "Point", "coordinates": [ 145.0033276, -37.7371976 ] } },
{ "type": "Feature", "properties": { "osm_id": "node/2052391119", "name": "Accessible Toilet", "amenity_type": "accessible_toilet", "amenity": "toilets", "wheelchair": null, "toilets:wheelchair": null, "opening_hours": null, "operator": null, "description": null, "is_accessible": true, "latitude": -37.9054956, "longitude": 145.1626914 }, "geometry": { "type": "Point", "coordinates": [ 145.1626914, -37.9054956 ] } },
{ "type": "Feature", "properties": { "osm_id": "node/2055880389", "name": "Accessible Toilet", "amenity_type": "accessible_toilet", "amenity": "toilets", "wheelchair": "yes", "toilets:wheelchair": null, "opening_hours": null, "operator": null, "description": null, "is_accessible": true, "latitude": -37.8373072, "longitude": 145.1840038 }, "geometry": { "type": "Point", "coordinates": [ 145.1840038, -37.8373072 ] } },
{ "type": "Feature", "properties": { "osm_id": "node/2090602754", "name": "Accessible Toilet", "amenity_type": "accessible_toilet", "amenity": "toilets", "wheelchair": null, "toilets:wheelchair": null, "opening_hours": null, "operator": null, "description": null, "is_accessible": true, "latitude": -37.79903, "longitude": 144.978622 }, "geometry": { "type": "Point", "coordinates": [ 144.978622, -37.79903 ] } },
{ "type": "Feature", "properties": { "osm_id": "node/2155274957", "name": "Accessible Toilet", "amenity_type": "accessible_toilet", "amenity": "toilets", "wheelchair": null, "toilets:wheelchair": null, "opening_hours": null, "operator": null, "description": null, "is_accessible": true, "latitude": -37.7146433, "longitude": 144.9004567 }, "geometry": { "type": "Point", "coordinates": [ 144.9004567, -37.7146433 ] } },
{ "type": "Feature", "properties": { "osm_id": "node/2155463928", "name": "Accessible Toilet", "amenity_type": "accessible_toilet", "amenity": "toilets", "wheelchair": null, "toilets:wheelchair": null, "opening_hours": "24/7", "operator": null, "description": null, "is_accessible": true, "latitude": -37.7555742, "longitude": 144.9324376 }, "geometry": { "type": "Point", "coordinates": [ 144.932437599999986, -37.7555742 ] } },
{ "type": "Feature", "properties": { "osm_id": "node/2156912196", "name": "Accessible Toilet", "amenity_type": "accessible_toilet", "amenity": "toilets", "wheelchair": null, "toilets:wheelchair": null, "opening_hours": null, "operator": null, "description": null, "is_accessible": true, "latitude": -37.8669846, "longitude": 145.0852457 }, "geometry": { "type": "Point", "coordinates": [ 145.0852457, -37.8669846 ] } },
{ "type": "Feature", "properties": { "osm_id": "node/2158647622", "name": "Accessible Toilet", "amenity_type": "accessible_toilet", "amenity": "toilets", "wheelchair": null, "toilets:wheelchair": null, "opening_hours": null, "operator": null, "description": null, "is_accessible": true, "latitude": -37.6575877, "longitude": 145.3741329 }, "geometry": { "type": "Point", "coordinates": [ 145.3741329, -37.6575877 ] } },
{ "type": "Feature", "properties": { "osm_id": "node/2160285703", "name": "Accessible Toilet", "amenity_type": "accessible_toilet", "amenity": "toilets", "wheelchair": null, "toilets:wheelchair": null, "opening_hours": null, "operator": null, "description": null, "is_accessible": true, "latitude": -37.8753462, "longitude": 145.4077345 }, "geometry": { "type": "Point", "coordinates": [ 145.4077345, -37.8753462 ] } },
{ "type": "Feature", "properties": { "osm_id": "node/2162438776", "name": "Accessible Toilet", "amenity_type": "accessible_toilet", "amenity": "toilets", "wheelchair": null, "toilets:wheelchair": null, "opening_hours": null, "operator": null, "description": null, "is_accessible": true, "latitude": -37.7948647, "longitude": 145.3828724 }, "geometry": { "type": "Point", "coordinates": [ 145.3828724, -37.7948647 ] } },
{ "type": "Feature", "properties": { "osm_id": "node/2176332851", "name": "Accessible Toilet", "amenity_type": "accessible_toilet", "amenity": "toilets", "wheelchair": null, "toilets:wheelchair": null, "opening_hours": null, "operator": null, "description": null, "is_accessible": true, "latitude": -38.3388918, "longitude": 144.7401393 }, "geometry": { "type": "Point", "coordinates": [ 144.74013930000001, -38.3388918 ] } },
{ "type": "Feature", "properties": { "osm_id": "node/2187985872", "name": "Accessible Toilet", "amenity_type": "accessible_toilet", "amenity": "toilets", "wheelchair": null, "toilets:wheelchair": null, "opening_hours": null, "operator": null, "description": null, "is_accessible": true, "latitude": -37.9956153, "longitude": 145.0381516 }, "geometry": { "type": "Point", "coordinates": [ 145.0381516, -37.9956153 ] } },
{ "type": "Feature", "properties": { "osm_id": "node/2190697205", "name": "Accessible Toilet", "amenity_type": "accessible_toilet", "amenity": "toilets", "wheelchair": null, "toilets:wheelchair": null, "opening_hours": null, "operator": "Melbourne Polytechnic", "description": null, "is_accessible": true, "latitude": -37.7414684, "longitude": 144.9950061 }, "geometry": { "type": "Point", "coordinates": [ 144.995006100000012, -37.7414684 ] } },
{ "type": "Feature", "properties": { "osm_id": "node/2241665136", "name": "Accessible Toilet", "amenity_type": "accessible_toilet", "amenity": "toilets", "wheelchair": null, "toilets:wheelchair": null, "opening_hours": null, "operator": null, "description": null, "is_accessible": true, "latitude": -37.9554461, "longitude": 145.5503094 }, "geometry": { "type": "Point", "coordinates": [ 145.5503094, -37.9554461 ] } },
{ "type": "Feature", "properties": { "osm_id": "node/2245737806", "name": "Accessible Toilet", "amenity_type": "accessible_toilet", "amenity": "toilets", "wheelchair": null, "toilets:wheelchair": null, "opening_hours": null, "operator": null, "description": null, "is_accessible": true, "latitude": -37.90324, "longitude": 145.0400343 }, "geometry": { "type": "Point", "coordinates": [ 145.0400343, -37.90324 ] } },
{ "type": "Feature", "properties": { "osm_id": "node/2251903469", "name": "Accessible Toilet", "amenity_type": "accessible_toilet", "amenity": "toilets", "wheelchair": null, "toilets:wheelchair": null, "opening_hours": null, "operator": null, "description": null, "is_accessible": true, "latitude": -38.0222751, "longitude": 145.1179 }, "geometry": { "type": "Point", "coordinates": [ 145.1179, -38.0222751 ] } },
{ "type": "Feature", "properties": { "osm_id": "node/2261279076", "name": "Accessible Toilet", "amenity_type": "accessible_toilet", "amenity": "toilets", "wheelchair": null, "toilets:wheelchair": null, "opening_hours": null, "operator": null, "description": null, "is_accessible": true, "latitude": -37.8564143, "longitude": 145.1818072 }, "geometry": { "type": "Point", "coordinates": [ 145.1818072, -37.8564143 ] } },
{ "type": "Feature", "properties": { "osm_id": "node/2274645088", "name": "Accessible Toilet", "amenity_type": "accessible_toilet", "amenity": "toilets", "wheelchair": null, "toilets:wheelchair": null, "opening_hours": null, "operator": null, "description": null, "is_accessible": true, "latitude": -37.8748203, "longitude": 145.4086589 }, "geometry": { "type": "Point", "coordinates": [ 145.4086589, -37.8748203 ] } },
{ "type": "Feature", "properties": { "osm_id": "node/2275180675", "name": "Accessible Toilet", "amenity_type": "accessible_toilet", "amenity": "toilets", "wheelchair": null, "toilets:wheelchair": null, "opening_hours": null, "operator": null, "description": null, "is_accessible": true, "latitude": -37.946485, "longitude": 145.6876144 }, "geometry": { "type": "Point", "coordinates": [ 145.6876144, -37.946485 ] } },
{ "type": "Feature", "properties": { "osm_id": "node/2278040241", "name": "Toilet 46", "amenity_type": "accessible_toilet", "amenity": "toilets", "wheelchair": "yes", "toilets:wheelchair": null, "opening_hours": null, "operator": "City of Melbourne", "description": null, "is_accessible": true, "latitude": -37.8132343, "longitude": 144.966902 }, "geometry": { "type": "Point", "coordinates": [ 144.966902, -37.8132343 ] } },
{ "type": "Feature", "properties": { "osm_id": "node/2288769470", "name": "Accessible Toilet", "amenity_type": "accessible_toilet", "amenity": "toilets", "wheelchair": null, "toilets:wheelchair": null, "opening_hours": null, "operator": null, "description": null, "is_accessible": true, "latitude": -37.8027251, "longitude": 145.0032426 }, "geometry": { "type": "Point", "coordinates": [ 145.0032426, -37.8027251 ] } },
{ "type": "Feature", "properties": { "osm_id": "node/2288833542", "name": "Accessible Toilet", "amenity_type": "accessible_toilet", "amenity": "toilets", "wheelchair": null, "toilets:wheelchair": null, "opening_hours": null, "operator": null, "description": null, "is_accessible": true, "latitude": -37.885744, "longitude": 144.6321903 }, "geometry": { "type": "Point", "coordinates": [ 144.6321903, -37.885744 ] } },
{ "type": "Feature", "properties": { "osm_id": "node/2292034250", "name": "Accessible Toilet", "amenity_type": "accessible_toilet", "amenity": "toilets", "wheelchair": null, "toilets:wheelchair": null, "opening_hours": null, "operator": null, "description": null, "is_accessible": true, "latitude": -37.6786157, "longitude": 145.005959 }, "geometry": { "type": "Point", "coordinates": [ 145.005959, -37.6786157 ] } },
{ "type": "Feature", "properties": { "osm_id": "node/2300742485", "name": "Accessible Toilet", "amenity_type": "accessible_toilet", "amenity": "toilets", "wheelchair": null, "toilets:wheelchair": null, "opening_hours": null, "operator": null, "description": null, "is_accessible": true, "latitude": -38.1269909, "longitude": 145.2705678 }, "geometry": { "type": "Point", "coordinates": [ 145.2705678, -38.1269909 ] } },
{ "type": "Feature", "properties": { "osm_id": "node/2314320276", "name": "Accessible Toilet", "amenity_type": "accessible_toilet", "amenity": "toilets", "wheelchair": null, "toilets:wheelchair": null, "opening_hours": null, "operator": null, "description": null, "is_accessible": true, "latitude": -37.8223698, "longitude": 145.1349847 }, "geometry": { "type": "Point", "coordinates": [ 145.1349847, -37.8223698 ] } },
{ "type": "Feature", "properties": { "osm_id": "node/2319158031", "name": "Accessible Toilet", "amenity_type": "accessible_toilet", "amenity": "toilets", "wheelchair": null, "toilets:wheelchair": null, "opening_hours": null, "operator": null, "description": null, "is_accessible": true, "latitude": -37.871195, "longitude": 144.983096 }, "geometry": { "type": "Point", "coordinates": [ 144.983096, -37.871195 ] } },
{ "type": "Feature", "properties": { "osm_id": "node/2320594853", "name": "Accessible Toilet", "amenity_type": "accessible_toilet", "amenity": "toilets", "wheelchair": "yes", "toilets:wheelchair": null, "opening_hours": null, "operator": null, "description": null, "is_accessible": true, "latitude": -37.4930549, "longitude": 145.2509979 }, "geometry": { "type": "Point", "coordinates": [ 145.250997899999987, -37.4930549 ] } },
{ "type": "Feature", "properties": { "osm_id": "node/2350736822", "name": "Accessible Toilet", "amenity_type": "accessible_toilet", "amenity": "toilets", "wheelchair": null, "toilets:wheelchair": null, "opening_hours": null, "operator": null, "description": null, "is_accessible": true, "latitude": -37.684327, "longitude": 145.5321188 }, "geometry": { "type": "Point", "coordinates": [ 145.5321188, -37.684327 ] } },
{ "type": "Feature", "properties": { "osm_id": "node/2350736969", "name": "Accessible Toilet", "amenity_type": "accessible_toilet", "amenity": "toilets", "wheelchair": null, "toilets:wheelchair": null, "opening_hours": null, "operator": null, "description": null, "is_accessible": true, "latitude": -37.6818305, "longitude": 145.5314871 }, "geometry": { "type": "Point", "coordinates": [ 145.5314871, -37.6818305 ] } },
{ "type": "Feature", "properties": { "osm_id": "node/2353039151", "name": "Accessible Toilet", "amenity_type": "accessible_toilet", "amenity": "toilets", "wheelchair": "yes", "toilets:wheelchair": null, "opening_hours": null, "operator": null, "description": null, "is_accessible": true, "latitude": -37.7974343, "longitude": 144.9590333 }, "geometry": { "type": "Point", "coordinates": [ 144.959033299999987, -37.7974343 ] } },
{ "type": "Feature", "properties": { "osm_id": "node/2355778762", "name": "Accessible Toilet", "amenity_type": "accessible_toilet", "amenity": "toilets", "wheelchair": "yes", "toilets:wheelchair": null, "opening_hours": null, "operator": null, "description": null, "is_accessible": true, "latitude": -37.8204967, "longitude": 145.1753252 }, "geometry": { "type": "Point", "coordinates": [ 145.1753252, -37.8204967 ] } },
{ "type": "Feature", "properties": { "osm_id": "node/2355803752", "name": "Accessible Toilet", "amenity_type": "accessible_toilet", "amenity": "toilets", "wheelchair": null, "toilets:wheelchair": null, "opening_hours": null, "operator": null, "description": null, "is_accessible": true, "latitude": -37.7959586, "longitude": 145.2857419 }, "geometry": { "type": "Point", "coordinates": [ 145.2857419, -37.7959586 ] } },
{ "type": "Feature", "properties": { "osm_id": "node/2355803757", "name": "Accessible Toilet", "amenity_type": "accessible_toilet", "amenity": "toilets", "wheelchair": null, "toilets:wheelchair": null, "opening_hours": null, "operator": null, "description": null, "is_accessible": true, "latitude": -37.8090839, "longitude": 145.2463635 }, "geometry": { "type": "Point", "coordinates": [ 145.2463635, -37.8090839 ] } },
{ "type": "Feature", "properties": { "osm_id": "node/2355812750", "name": "Accessible Toilet", "amenity_type": "accessible_toilet", "amenity": "toilets", "wheelchair": null, "toilets:wheelchair": null, "opening_hours": null, "operator": null, "description": null, "is_accessible": true, "latitude": -37.8413312, "longitude": 145.2666548 }, "geometry": { "type": "Point", "coordinates": [ 145.2666548, -37.8413312 ] } },
{ "type": "Feature", "properties": { "osm_id": "node/2355812753", "name": "Public Toilets", "amenity_type": "accessible_toilet", "amenity": "toilets", "wheelchair": null, "toilets:wheelchair": null, "opening_hours": null, "operator": null, "description": null, "is_accessible": true, "latitude": -37.8424676, "longitude": 145.2665066 }, "geometry": { "type": "Point", "coordinates": [ 145.266506600000014, -37.8424676 ] } },
{ "type": "Feature", "properties": { "osm_id": "node/2355849913", "name": "Accessible Toilet", "amenity_type": "accessible_toilet", "amenity": "toilets", "wheelchair": null, "toilets:wheelchair": null, "opening_hours": null, "operator": null, "description": null, "is_accessible": true, "latitude": -37.825116, "longitude": 145.0819097 }, "geometry": { "type": "Point", "coordinates": [ 145.081909700000011, -37.825116 ] } },
{ "type": "Feature", "properties": { "osm_id": "node/2355849934", "name": "Accessible Toilet", "amenity_type": "accessible_toilet", "amenity": "toilets", "wheelchair": null, "toilets:wheelchair": null, "opening_hours": null, "operator": null, "description": null, "is_accessible": true, "latitude": -37.8240422, "longitude": 145.080632 }, "geometry": { "type": "Point", "coordinates": [ 145.080632, -37.8240422 ] } },
{ "type": "Feature", "properties": { "osm_id": "node/2355855782", "name": "Accessible Toilet", "amenity_type": "accessible_toilet", "amenity": "toilets", "wheelchair": "yes", "toilets:wheelchair": null, "opening_hours": null, "operator": null, "description": null, "is_accessible": true, "latitude": -37.8207242, "longitude": 145.1049595 }, "geometry": { "type": "Point", "coordinates": [ 145.1049595, -37.8207242 ] } },
{ "type": "Feature", "properties": { "osm_id": "node/2355855786", "name": "Accessible Toilet", "amenity_type": "accessible_toilet", "amenity": "toilets", "wheelchair": null, "toilets:wheelchair": null, "opening_hours": null, "operator": null, "description": null, "is_accessible": true, "latitude": -37.8194572, "longitude": 145.1204278 }, "geometry": { "type": "Point", "coordinates": [ 145.120427799999987, -37.8194572 ] } },
{ "type": "Feature", "properties": { "osm_id": "node/2355892317", "name": "Accessible Toilet", "amenity_type": "accessible_toilet", "amenity": "toilets", "wheelchair": null, "toilets:wheelchair": null, "opening_hours": null, "operator": null, "description": null, "is_accessible": true, "latitude": -37.7997794, "longitude": 145.0820794 }, "geometry": { "type": "Point", "coordinates": [ 145.0820794, -37.7997794 ] } },
{ "type": "Feature", "properties": { "osm_id": "node/2355892319", "name": "Accessible Toilet", "amenity_type": "accessible_toilet", "amenity": "toilets", "wheelchair": null, "toilets:wheelchair": null, "opening_hours": null, "operator": "City of Boroondara", "description": null, "is_accessible": true, "latitude": -37.800703, "longitude": 145.0735486 }, "geometry": { "type": "Point", "coordinates": [ 145.0735486, -37.800703 ] } },
{ "type": "Feature", "properties": { "osm_id": "node/2355896522", "name": "Accessible Toilet", "amenity_type": "accessible_toilet", "amenity": "toilets", "wheelchair": null, "toilets:wheelchair": null, "opening_hours": null, "operator": null, "description": null, "is_accessible": true, "latitude": -37.807616, "longitude": 145.0345224 }, "geometry": { "type": "Point", "coordinates": [ 145.034522399999986, -37.807616 ] } },
{ "type": "Feature", "properties": { "osm_id": "node/2355896523", "name": "Accessible Toilet", "amenity_type": "accessible_toilet", "amenity": "toilets", "wheelchair": null, "toilets:wheelchair": null, "opening_hours": null, "operator": null, "description": null, "is_accessible": true, "latitude": -37.8210649, "longitude": 145.0352573 }, "geometry": { "type": "Point", "coordinates": [ 145.035257300000012, -37.8210649 ] } },
{ "type": "Feature", "properties": { "osm_id": "node/2355896525", "name": "Accessible Toilet", "amenity_type": "accessible_toilet", "amenity": "toilets", "wheelchair": null, "toilets:wheelchair": null, "opening_hours": null, "operator": null, "description": null, "is_accessible": true, "latitude": -37.8204148, "longitude": 145.0219466 }, "geometry": { "type": "Point", "coordinates": [ 145.0219466, -37.8204148 ] } },
{ "type": "Feature", "properties": { "osm_id": "node/2355896526", "name": "Accessible Toilet", "amenity_type": "accessible_toilet", "amenity": "toilets", "wheelchair": null, "toilets:wheelchair": null, "opening_hours": null, "operator": null, "description": null, "is_accessible": true, "latitude": -37.8215099, "longitude": 145.0363945 }, "geometry": { "type": "Point", "coordinates": [ 145.0363945, -37.8215099 ] } },
{ "type": "Feature", "properties": { "osm_id": "node/2355896527", "name": "Accessible Toilet", "amenity_type": "accessible_toilet", "amenity": "toilets", "wheelchair": null, "toilets:wheelchair": null, "opening_hours": null, "operator": null, "description": null, "is_accessible": true, "latitude": -37.8019811, "longitude": 145.0466432 }, "geometry": { "type": "Point", "coordinates": [ 145.0466432, -37.8019811 ] } },
{ "type": "Feature", "properties": { "osm_id": "node/2355906418", "name": "Accessible Toilet", "amenity_type": "accessible_toilet", "amenity": "toilets", "wheelchair": "yes", "toilets:wheelchair": null, "opening_hours": null, "operator": null, "description": null, "is_accessible": true, "latitude": -37.8205529, "longitude": 145.0538353 }, "geometry": { "type": "Point", "coordinates": [ 145.0538353, -37.8205529 ] } },
{ "type": "Feature", "properties": { "osm_id": "node/2355906421", "name": "Accessible Toilet", "amenity_type": "accessible_toilet", "amenity": "toilets", "wheelchair": "no", "toilets:wheelchair": null, "opening_hours": null, "operator": null, "description": null, "is_accessible": true, "latitude": -37.8266434, "longitude": 145.059365 }, "geometry": { "type": "Point", "coordinates": [ 145.059365, -37.8266434 ] } },
{ "type": "Feature", "properties": { "osm_id": "node/2355906424", "name": "Accessible Toilet", "amenity_type": "accessible_toilet", "amenity": "toilets", "wheelchair": null, "toilets:wheelchair": null, "opening_hours": null, "operator": null, "description": null, "is_accessible": true, "latitude": -37.8389971, "longitude": 145.0956772 }, "geometry": { "type": "Point", "coordinates": [ 145.095677200000011, -37.8389971 ] } },
{ "type": "Feature", "properties": { "osm_id": "node/2355906427", "name": "Accessible Toilet", "amenity_type": "accessible_toilet", "amenity": "toilets", "wheelchair": "yes", "toilets:wheelchair": null, "opening_hours": null, "operator": null, "description": null, "is_accessible": true, "latitude": -37.8294738, "longitude": 145.056479 }, "geometry": { "type": "Point", "coordinates": [ 145.056479, -37.8294738 ] } },
{ "type": "Feature", "properties": { "osm_id": "node/2355906430", "name": "Accessible Toilet", "amenity_type": "accessible_toilet", "amenity": "toilets", "wheelchair": null, "toilets:wheelchair": null, "opening_hours": null, "operator": null, "description": null, "is_accessible": true, "latitude": -37.83125, "longitude": 145.0579213 }, "geometry": { "type": "Point", "coordinates": [ 145.0579213, -37.83125 ] } },
{ "type": "Feature", "properties": { "osm_id": "node/2355910127", "name": "Accessible Toilet", "amenity_type": "accessible_toilet", "amenity": "toilets", "wheelchair": null, "toilets:wheelchair": null, "opening_hours": null, "operator": null, "description": null, "is_accessible": true, "latitude": -37.8753931, "longitude": 145.1275522 }, "geometry": { "type": "Point", "coordinates": [ 145.1275522, -37.8753931 ] } },
{ "type": "Feature", "properties": { "osm_id": "node/2356990374", "name": "Accessible Toilet", "amenity_type": "accessible_toilet", "amenity": "toilets", "wheelchair": "yes", "toilets:wheelchair": null, "opening_hours": null, "operator": null, "description": null, "is_accessible": true, "latitude": -37.8179862, "longitude": 144.9670143 }, "geometry": { "type": "Point", "coordinates": [ 144.967014299999988, -37.8179862 ] } },
{ "type": "Feature", "properties": { "osm_id": "node/2365479000", "name": "Accessible Toilet", "amenity_type": "accessible_toilet", "amenity": "toilets", "wheelchair": null, "toilets:wheelchair": null, "opening_hours": null, "operator": null, "description": null, "is_accessible": true, "latitude": -37.796462, "longitude": 145.2546654 }, "geometry": { "type": "Point", "coordinates": [ 145.2546654, -37.796462 ] } },
{ "type": "Feature", "properties": { "osm_id": "node/2379949116", "name": "Accessible Toilet", "amenity_type": "accessible_toilet", "amenity": "toilets", "wheelchair": null, "toilets:wheelchair": null, "opening_hours": null, "operator": null, "description": null, "is_accessible": true, "latitude": -37.8104421, "longitude": 145.1908442 }, "geometry": { "type": "Point", "coordinates": [ 145.190844199999987, -37.8104421 ] } },
{ "type": "Feature", "properties": { "osm_id": "node/2379990142", "name": "Public Toilets", "amenity_type": "accessible_toilet", "amenity": "toilets", "wheelchair": null, "toilets:wheelchair": null, "opening_hours": null, "operator": null, "description": null, "is_accessible": true, "latitude": -37.747823, "longitude": 145.2078361 }, "geometry": { "type": "Point", "coordinates": [ 145.2078361, -37.747823 ] } },
{ "type": "Feature", "properties": { "osm_id": "node/2382275611", "name": "Accessible Toilet", "amenity_type": "accessible_toilet", "amenity": "toilets", "wheelchair": null, "toilets:wheelchair": null, "opening_hours": null, "operator": null, "description": null, "is_accessible": true, "latitude": -37.8171033, "longitude": 145.1855041 }, "geometry": { "type": "Point", "coordinates": [ 145.1855041, -37.8171033 ] } },
{ "type": "Feature", "properties": { "osm_id": "node/2387042180", "name": "Accessible Toilet", "amenity_type": "accessible_toilet", "amenity": "toilets", "wheelchair": null, "toilets:wheelchair": null, "opening_hours": null, "operator": null, "description": null, "is_accessible": true, "latitude": -37.8984306, "longitude": 144.6247743 }, "geometry": { "type": "Point", "coordinates": [ 144.624774300000013, -37.8984306 ] } },
{ "type": "Feature", "properties": { "osm_id": "node/2388369397", "name": "Accessible Toilet", "amenity_type": "accessible_toilet", "amenity": "toilets", "wheelchair": null, "toilets:wheelchair": null, "opening_hours": null, "operator": null, "description": null, "is_accessible": true, "latitude": -37.7295655, "longitude": 144.9920059 }, "geometry": { "type": "Point", "coordinates": [ 144.9920059, -37.7295655 ] } },
{ "type": "Feature", "properties": { "osm_id": "node/2396280321", "name": "Accessible Toilet", "amenity_type": "accessible_toilet", "amenity": "toilets", "wheelchair": null, "toilets:wheelchair": null, "opening_hours": null, "operator": null, "description": null, "is_accessible": true, "latitude": -37.950065, "longitude": 145.174158 }, "geometry": { "type": "Point", "coordinates": [ 145.174158, -37.950065 ] } },
{ "type": "Feature", "properties": { "osm_id": "node/2406220757", "name": "Accessible Toilet", "amenity_type": "accessible_toilet", "amenity": "toilets", "wheelchair": "yes", "toilets:wheelchair": null, "opening_hours": null, "operator": null, "description": null, "is_accessible": true, "latitude": 28.1589833, "longitude": -80.6610524 }, "geometry": { "type": "Point", "coordinates": [ -80.6610524, 28.1589833 ] } },
{ "type": "Feature", "properties": { "osm_id": "node/2406536873", "name": "Accessible Toilet", "amenity_type": "accessible_toilet", "amenity": "toilets", "wheelchair": "limited", "toilets:wheelchair": null, "opening_hours": null, "operator": null, "description": null, "is_accessible": true, "latitude": -38.36539, "longitude": 145.203628 }, "geometry": { "type": "Point", "coordinates": [ 145.203628, -38.36539 ] } },
{ "type": "Feature", "properties": { "osm_id": "node/2408857997", "name": "Accessible Toilet", "amenity_type": "accessible_toilet", "amenity": "toilets", "wheelchair": "limited", "toilets:wheelchair": null, "opening_hours": "24/7", "operator": null, "description": "Wheelchair access is locked via MLAK key system", "is_accessible": true, "latitude": -37.7924915, "longitude": 144.9568631 }, "geometry": { "type": "Point", "coordinates": [ 144.9568631, -37.7924915 ] } },
{ "type": "Feature", "properties": { "osm_id": "node/2408858000", "name": "Accessible Toilet", "amenity_type": "accessible_toilet", "amenity": "toilets", "wheelchair": null, "toilets:wheelchair": null, "opening_hours": null, "operator": null, "description": null, "is_accessible": true, "latitude": -37.7954092, "longitude": 145.006443 }, "geometry": { "type": "Point", "coordinates": [ 145.006443, -37.7954092 ] } },
{ "type": "Feature", "properties": { "osm_id": "node/2421601637", "name": "Accessible Toilet", "amenity_type": "accessible_toilet", "amenity": "toilets", "wheelchair": "yes", "toilets:wheelchair": null, "opening_hours": null, "operator": null, "description": null, "is_accessible": true, "latitude": -37.8246692, "longitude": 144.9549281 }, "geometry": { "type": "Point", "coordinates": [ 144.954928099999989, -37.8246692 ] } },
{ "type": "Feature", "properties": { "osm_id": "node/2443742583", "name": "Accessible Toilet", "amenity_type": "accessible_toilet", "amenity": "toilets", "wheelchair": null, "toilets:wheelchair": null, "opening_hours": null, "operator": null, "description": null, "is_accessible": true, "latitude": -38.041906, "longitude": 145.3434428 }, "geometry": { "type": "Point", "coordinates": [ 145.3434428, -38.041906 ] } },
{ "type": "Feature", "properties": { "osm_id": "node/2443742584", "name": "Accessible Toilet", "amenity_type": "accessible_toilet", "amenity": "toilets", "wheelchair": null, "toilets:wheelchair": null, "opening_hours": null, "operator": null, "description": null, "is_accessible": true, "latitude": -38.0423517, "longitude": 145.3430726 }, "geometry": { "type": "Point", "coordinates": [ 145.3430726, -38.0423517 ] } },
{ "type": "Feature", "properties": { "osm_id": "node/2443742585", "name": "Accessible Toilet", "amenity_type": "accessible_toilet", "amenity": "toilets", "wheelchair": null, "toilets:wheelchair": null, "opening_hours": null, "operator": null, "description": null, "is_accessible": true, "latitude": -38.0426031, "longitude": 145.3437405 }, "geometry": { "type": "Point", "coordinates": [ 145.3437405, -38.0426031 ] } },
{ "type": "Feature", "properties": { "osm_id": "node/2443742586", "name": "Accessible Toilet", "amenity_type": "accessible_toilet", "amenity": "toilets", "wheelchair": null, "toilets:wheelchair": null, "opening_hours": null, "operator": null, "description": null, "is_accessible": true, "latitude": -38.0426834, "longitude": 145.342673 }, "geometry": { "type": "Point", "coordinates": [ 145.342673, -38.0426834 ] } },
{ "type": "Feature", "properties": { "osm_id": "node/2443742587", "name": "Accessible Toilet", "amenity_type": "accessible_toilet", "amenity": "toilets", "wheelchair": null, "toilets:wheelchair": null, "opening_hours": null, "operator": null, "description": null, "is_accessible": true, "latitude": -38.0433509, "longitude": 145.3433221 }, "geometry": { "type": "Point", "coordinates": [ 145.3433221, -38.0433509 ] } },
{ "type": "Feature", "properties": { "osm_id": "node/2449261651", "name": "Accessible Toilet", "amenity_type": "accessible_toilet", "amenity": "toilets", "wheelchair": "yes", "toilets:wheelchair": null, "opening_hours": null, "operator": null, "description": null, "is_accessible": true, "latitude": -37.7525969, "longitude": 145.6958413 }, "geometry": { "type": "Point", "coordinates": [ 145.695841300000012, -37.7525969 ] } },
{ "type": "Feature", "properties": { "osm_id": "node/2450105717", "name": "Accessible Toilet", "amenity_type": "accessible_toilet", "amenity": "toilets", "wheelchair": "yes", "toilets:wheelchair": null, "opening_hours": null, "operator": null, "description": null, "is_accessible": true, "latitude": -37.813412, "longitude": 144.9774394 }, "geometry": { "type": "Point", "coordinates": [ 144.9774394, -37.813412 ] } },
{ "type": "Feature", "properties": { "osm_id": "node/2456386433", "name": "Accessible Toilet", "amenity_type": "accessible_toilet", "amenity": "toilets", "wheelchair": null, "toilets:wheelchair": null, "opening_hours": null, "operator": null, "description": null, "is_accessible": true, "latitude": -37.8954298, "longitude": 145.0551724 }, "geometry": { "type": "Point", "coordinates": [ 145.0551724, -37.8954298 ] } },
{ "type": "Feature", "properties": { "osm_id": "node/2459881620", "name": "Accessible Toilet", "amenity_type": "accessible_toilet", "amenity": "toilets", "wheelchair": "yes", "toilets:wheelchair": null, "opening_hours": "24/7", "operator": null, "description": null, "is_accessible": true, "latitude": -37.7994504, "longitude": 145.0623072 }, "geometry": { "type": "Point", "coordinates": [ 145.0623072, -37.7994504 ] } },
{ "type": "Feature", "properties": { "osm_id": "node/2467254134", "name": "Accessible Toilet", "amenity_type": "accessible_toilet", "amenity": "toilets", "wheelchair": "yes", "toilets:wheelchair": null, "opening_hours": null, "operator": null, "description": null, "is_accessible": true, "latitude": -37.8556464, "longitude": 145.035279 }, "geometry": { "type": "Point", "coordinates": [ 145.035279, -37.8556464 ] } },
{ "type": "Feature", "properties": { "osm_id": "node/2483459674", "name": "Accessible Toilet", "amenity_type": "accessible_toilet", "amenity": "toilets", "wheelchair": "yes", "toilets:wheelchair": null, "opening_hours": null, "operator": "Hobsons Bay Council", "description": null, "is_accessible": true, "latitude": -37.8630291, "longitude": 144.7717919 }, "geometry": { "type": "Point", "coordinates": [ 144.771791900000011, -37.8630291 ] } },
{ "type": "Feature", "properties": { "osm_id": "node/2484880748", "name": "Accessible Toilet", "amenity_type": "accessible_toilet", "amenity": "toilets", "wheelchair": null, "toilets:wheelchair": null, "opening_hours": null, "operator": null, "description": null, "is_accessible": true, "latitude": -37.6446548, "longitude": 145.5470307 }, "geometry": { "type": "Point", "coordinates": [ 145.5470307, -37.6446548 ] } },
{ "type": "Feature", "properties": { "osm_id": "node/2484908414", "name": "Accessible Toilet", "amenity_type": "accessible_toilet", "amenity": "toilets", "wheelchair": "yes", "toilets:wheelchair": null, "opening_hours": null, "operator": null, "description": null, "is_accessible": true, "latitude": -37.6565561, "longitude": 145.3734851 }, "geometry": { "type": "Point", "coordinates": [ 145.373485100000011, -37.6565561 ] } },
{ "type": "Feature", "properties": { "osm_id": "node/2491999496", "name": "Accessible Toilet", "amenity_type": "accessible_toilet", "amenity": "toilets", "wheelchair": null, "toilets:wheelchair": null, "opening_hours": null, "operator": null, "description": null, "is_accessible": true, "latitude": -38.3655527, "longitude": 144.8010868 }, "geometry": { "type": "Point", "coordinates": [ 144.8010868, -38.3655527 ] } },
{ "type": "Feature", "properties": { "osm_id": "node/2492000733", "name": "Accessible Toilet", "amenity_type": "accessible_toilet", "amenity": "toilets", "wheelchair": null, "toilets:wheelchair": null, "opening_hours": null, "operator": null, "description": null, "is_accessible": true, "latitude": -38.3668078, "longitude": 144.8071931 }, "geometry": { "type": "Point", "coordinates": [ 144.8071931, -38.3668078 ] } },
{ "type": "Feature", "properties": { "osm_id": "node/2493308704", "name": "Accessible Toilet", "amenity_type": "accessible_toilet", "amenity": "toilets", "wheelchair": "yes", "toilets:wheelchair": null, "opening_hours": null, "operator": null, "description": null, "is_accessible": true, "latitude": -37.7905504, "longitude": 145.2443957 }, "geometry": { "type": "Point", "coordinates": [ 145.244395700000013, -37.7905504 ] } },
{ "type": "Feature", "properties": { "osm_id": "node/2493725851", "name": "Accessible Toilet", "amenity_type": "accessible_toilet", "amenity": "toilets", "wheelchair": null, "toilets:wheelchair": null, "opening_hours": null, "operator": "Hume Council", "description": null, "is_accessible": true, "latitude": -37.6793688, "longitude": 144.9660108 }, "geometry": { "type": "Point", "coordinates": [ 144.9660108, -37.6793688 ] } },
{ "type": "Feature", "properties": { "osm_id": "node/2514691647", "name": "Accessible Toilet", "amenity_type": "accessible_toilet", "amenity": "toilets", "wheelchair": "no", "toilets:wheelchair": null, "opening_hours": null, "operator": null, "description": null, "is_accessible": true, "latitude": -37.7345362, "longitude": 145.0114476 }, "geometry": { "type": "Point", "coordinates": [ 145.0114476, -37.7345362 ] } },
{ "type": "Feature", "properties": { "osm_id": "node/2522172093", "name": "Accessible Toilet", "amenity_type": "accessible_toilet", "amenity": "toilets", "wheelchair": "yes", "toilets:wheelchair": null, "opening_hours": null, "operator": "Moreland Council", "description": null, "is_accessible": true, "latitude": -37.7344898, "longitude": 144.9687273 }, "geometry": { "type": "Point", "coordinates": [ 144.968727300000012, -37.7344898 ] } },
{ "type": "Feature", "properties": { "osm_id": "node/2531895842", "name": "Accessible Toilet", "amenity_type": "accessible_toilet", "amenity": "toilets", "wheelchair": null, "toilets:wheelchair": null, "opening_hours": null, "operator": null, "description": null, "is_accessible": true, "latitude": -38.1470053, "longitude": 145.1164365 }, "geometry": { "type": "Point", "coordinates": [ 145.1164365, -38.1470053 ] } },
{ "type": "Feature", "properties": { "osm_id": "node/2531895846", "name": "Accessible Toilet", "amenity_type": "accessible_toilet", "amenity": "toilets", "wheelchair": null, "toilets:wheelchair": null, "opening_hours": null, "operator": null, "description": null, "is_accessible": true, "latitude": -38.1442578, "longitude": 145.1184334 }, "geometry": { "type": "Point", "coordinates": [ 145.118433399999986, -38.1442578 ] } },
{ "type": "Feature", "properties": { "osm_id": "node/2531895850", "name": "Accessible Toilet", "amenity_type": "accessible_toilet", "amenity": "toilets", "wheelchair": null, "toilets:wheelchair": null, "opening_hours": null, "operator": null, "description": null, "is_accessible": true, "latitude": -38.1426989, "longitude": 145.1186721 }, "geometry": { "type": "Point", "coordinates": [ 145.1186721, -38.1426989 ] } },
{ "type": "Feature", "properties": { "osm_id": "node/2531895882", "name": "Accessible Toilet", "amenity_type": "accessible_toilet", "amenity": "toilets", "wheelchair": null, "toilets:wheelchair": null, "opening_hours": null, "operator": null, "description": null, "is_accessible": true, "latitude": -38.1541061, "longitude": 145.10911 }, "geometry": { "type": "Point", "coordinates": [ 145.10911, -38.1541061 ] } },
{ "type": "Feature", "properties": { "osm_id": "node/2531897735", "name": "Accessible Toilet", "amenity_type": "accessible_toilet", "amenity": "toilets", "wheelchair": null, "toilets:wheelchair": null, "opening_hours": null, "operator": null, "description": null, "is_accessible": true, "latitude": -38.1727255, "longitude": 145.08195 }, "geometry": { "type": "Point", "coordinates": [ 145.08195, -38.1727255 ] } },
{ "type": "Feature", "properties": { "osm_id": "node/2531903555", "name": "Accessible Toilet", "amenity_type": "accessible_toilet", "amenity": "toilets", "wheelchair": null, "toilets:wheelchair": null, "opening_hours": null, "operator": null, "description": null, "is_accessible": true, "latitude": -38.2148468, "longitude": 145.0390972 }, "geometry": { "type": "Point", "coordinates": [ 145.039097199999986, -38.2148468 ] } },
{ "type": "Feature", "properties": { "osm_id": "node/2548289317", "name": "Accessible Toilet", "amenity_type": "accessible_toilet", "amenity": "toilets", "wheelchair": null, "toilets:wheelchair": null, "opening_hours": null, "operator": null, "description": null, "is_accessible": true, "latitude": -37.8288302, "longitude": 144.984415 }, "geometry": { "type": "Point", "coordinates": [ 144.984415, -37.8288302 ] } },
{ "type": "Feature", "properties": { "osm_id": "node/2548300615", "name": "Accessible Toilet", "amenity_type": "accessible_toilet", "amenity": "toilets", "wheelchair": "yes", "toilets:wheelchair": null, "opening_hours": null, "operator": null, "description": null, "is_accessible": true, "latitude": -37.8310797, "longitude": 144.983562 }, "geometry": { "type": "Point", "coordinates": [ 144.983562, -37.8310797 ] } },
{ "type": "Feature", "properties": { "osm_id": "node/2621725305", "name": "Accessible Toilet", "amenity_type": "accessible_toilet", "amenity": "toilets", "wheelchair": null, "toilets:wheelchair": null, "opening_hours": null, "operator": null, "description": null, "is_accessible": true, "latitude": -37.7425701, "longitude": 144.9818613 }, "geometry": { "type": "Point", "coordinates": [ 144.9818613, -37.7425701 ] } },
{ "type": "Feature", "properties": { "osm_id": "node/2622213111", "name": "Accessible Toilet", "amenity_type": "accessible_toilet", "amenity": "toilets", "wheelchair": null, "toilets:wheelchair": null, "opening_hours": null, "operator": null, "description": null, "is_accessible": true, "latitude": -37.9773596, "longitude": 145.0938975 }, "geometry": { "type": "Point", "coordinates": [ 145.0938975, -37.9773596 ] } },
{ "type": "Feature", "properties": { "osm_id": "node/2631777284", "name": "Accessible Toilet", "amenity_type": "accessible_toilet", "amenity": "toilets", "wheelchair": null, "toilets:wheelchair": null, "opening_hours": null, "operator": null, "description": null, "is_accessible": true, "latitude": -37.7945081, "longitude": 144.9028257 }, "geometry": { "type": "Point", "coordinates": [ 144.9028257, -37.7945081 ] } },
{ "type": "Feature", "properties": { "osm_id": "node/2632092295", "name": "Accessible Toilet", "amenity_type": "accessible_toilet", "amenity": "toilets", "wheelchair": null, "toilets:wheelchair": null, "opening_hours": null, "operator": null, "description": null, "is_accessible": true, "latitude": -37.7471496, "longitude": 144.9098397 }, "geometry": { "type": "Point", "coordinates": [ 144.9098397, -37.7471496 ] } },
{ "type": "Feature", "properties": { "osm_id": "node/2637878932", "name": "Accessible Toilet", "amenity_type": "accessible_toilet", "amenity": "toilets", "wheelchair": "yes", "toilets:wheelchair": null, "opening_hours": null, "operator": null, "description": null, "is_accessible": true, "latitude": -37.6752984, "longitude": 144.886513 }, "geometry": { "type": "Point", "coordinates": [ 144.886513, -37.6752984 ] } },
{ "type": "Feature", "properties": { "osm_id": "node/2640261281", "name": "Accessible Toilet", "amenity_type": "accessible_toilet", "amenity": "toilets", "wheelchair": "yes", "toilets:wheelchair": null, "opening_hours": null, "operator": null, "description": null, "is_accessible": true, "latitude": -37.7434641, "longitude": 144.9117132 }, "geometry": { "type": "Point", "coordinates": [ 144.9117132, -37.7434641 ] } },
{ "type": "Feature", "properties": { "osm_id": "node/2642106137", "name": "Accessible Toilet", "amenity_type": "accessible_toilet", "amenity": "toilets", "wheelchair": null, "toilets:wheelchair": null, "opening_hours": null, "operator": null, "description": null, "is_accessible": true, "latitude": -37.834547, "longitude": 145.0771373 }, "geometry": { "type": "Point", "coordinates": [ 145.0771373, -37.834547 ] } },
{ "type": "Feature", "properties": { "osm_id": "node/2670100935", "name": "Accessible Toilet", "amenity_type": "accessible_toilet", "amenity": "toilets", "wheelchair": null, "toilets:wheelchair": null, "opening_hours": null, "operator": null, "description": null, "is_accessible": true, "latitude": -37.8094998, "longitude": 144.9958317 }, "geometry": { "type": "Point", "coordinates": [ 144.9958317, -37.8094998 ] } },
{ "type": "Feature", "properties": { "osm_id": "node/2674596351", "name": "Accessible Toilet", "amenity_type": "accessible_toilet", "amenity": "toilets", "wheelchair": null, "toilets:wheelchair": null, "opening_hours": null, "operator": null, "description": null, "is_accessible": true, "latitude": -37.7329464, "longitude": 144.8664334 }, "geometry": { "type": "Point", "coordinates": [ 144.8664334, -37.7329464 ] } },
{ "type": "Feature", "properties": { "osm_id": "node/2695720627", "name": "Accessible Toilet", "amenity_type": "accessible_toilet", "amenity": "toilets", "wheelchair": null, "toilets:wheelchair": null, "opening_hours": null, "operator": null, "description": null, "is_accessible": true, "latitude": -37.8031474, "longitude": 145.0057756 }, "geometry": { "type": "Point", "coordinates": [ 145.0057756, -37.8031474 ] } },
{ "type": "Feature", "properties": { "osm_id": "node/2695948360", "name": "A Block Toilets", "amenity_type": "accessible_toilet", "amenity": "toilets", "wheelchair": null, "toilets:wheelchair": null, "opening_hours": null, "operator": null, "description": null, "is_accessible": true, "latitude": -37.9189967, "longitude": 145.5687404 }, "geometry": { "type": "Point", "coordinates": [ 145.5687404, -37.9189967 ] } },
{ "type": "Feature", "properties": { "osm_id": "node/2707924964", "name": "Accessible Toilet", "amenity_type": "accessible_toilet", "amenity": "toilets", "wheelchair": null, "toilets:wheelchair": null, "opening_hours": null, "operator": null, "description": null, "is_accessible": true, "latitude": -37.7819812, "longitude": 144.9146629 }, "geometry": { "type": "Point", "coordinates": [ 144.9146629, -37.7819812 ] } },
{ "type": "Feature", "properties": { "osm_id": "node/2707944748", "name": "Accessible Toilet", "amenity_type": "accessible_toilet", "amenity": "toilets", "wheelchair": "yes", "toilets:wheelchair": null, "opening_hours": null, "operator": null, "description": null, "is_accessible": true, "latitude": -37.7790743, "longitude": 144.9122655 }, "geometry": { "type": "Point", "coordinates": [ 144.9122655, -37.7790743 ] } },
{ "type": "Feature", "properties": { "osm_id": "node/2713602912", "name": "Accessible Toilet", "amenity_type": "accessible_toilet", "amenity": "toilets", "wheelchair": null, "toilets:wheelchair": null, "opening_hours": null, "operator": null, "description": null, "is_accessible": true, "latitude": -37.9562413, "longitude": 145.0072046 }, "geometry": { "type": "Point", "coordinates": [ 145.0072046, -37.9562413 ] } },
{ "type": "Feature", "properties": { "osm_id": "node/2725962588", "name": "Accessible Toilet", "amenity_type": "accessible_toilet", "amenity": "toilets", "wheelchair": "yes", "toilets:wheelchair": null, "opening_hours": null, "operator": "Melbourne City Council", "description": null, "is_accessible": true, "latitude": -37.817883, "longitude": 144.966235 }, "geometry": { "type": "Point", "coordinates": [ 144.966235, -37.817883 ] } },
{ "type": "Feature", "properties": { "osm_id": "node/2766190783", "name": "Accessible Toilet", "amenity_type": "accessible_toilet", "amenity": "toilets", "wheelchair": null, "toilets:wheelchair": null, "opening_hours": null, "operator": null, "description": null, "is_accessible": true, "latitude": -37.8320963, "longitude": 145.0573895 }, "geometry": { "type": "Point", "coordinates": [ 145.0573895, -37.8320963 ] } },
{ "type": "Feature", "properties": { "osm_id": "node/2778453335", "name": "Accessible Toilet", "amenity_type": "accessible_toilet", "amenity": "toilets", "wheelchair": null, "toilets:wheelchair": null, "opening_hours": null, "operator": null, "description": null, "is_accessible": true, "latitude": -37.7653563, "longitude": 144.8999435 }, "geometry": { "type": "Point", "coordinates": [ 144.8999435, -37.7653563 ] } },
{ "type": "Feature", "properties": { "osm_id": "node/2787586067", "name": "Public Toilets", "amenity_type": "accessible_toilet", "amenity": "toilets", "wheelchair": null, "toilets:wheelchair": null, "opening_hours": null, "operator": null, "description": null, "is_accessible": true, "latitude": -37.7737504, "longitude": 145.2184426 }, "geometry": { "type": "Point", "coordinates": [ 145.2184426, -37.7737504 ] } },
{ "type": "Feature", "properties": { "osm_id": "node/2796384426", "name": "Accessible Toilet", "amenity_type": "accessible_toilet", "amenity": "toilets", "wheelchair": null, "toilets:wheelchair": null, "opening_hours": null, "operator": null, "description": null, "is_accessible": true, "latitude": -37.7431919, "longitude": 144.965541 }, "geometry": { "type": "Point", "coordinates": [ 144.965541, -37.7431919 ] } },
{ "type": "Feature", "properties": { "osm_id": "node/2815233997", "name": "HE Parker Reserve Pavilion Toilets", "amenity_type": "accessible_toilet", "amenity": "toilets", "wheelchair": "designated", "toilets:wheelchair": null, "opening_hours": "Mo-Su 07:00-19:00", "operator": null, "description": null, "is_accessible": true, "latitude": -37.8345521, "longitude": 145.2535401 }, "geometry": { "type": "Point", "coordinates": [ 145.2535401, -37.8345521 ] } },
{ "type": "Feature", "properties": { "osm_id": "node/2835052495", "name": "Accessible Toilet", "amenity_type": "accessible_toilet", "amenity": "toilets", "wheelchair": null, "toilets:wheelchair": null, "opening_hours": null, "operator": null, "description": null, "is_accessible": true, "latitude": -38.0737272, "longitude": 145.3383489 }, "geometry": { "type": "Point", "coordinates": [ 145.3383489, -38.0737272 ] } },
{ "type": "Feature", "properties": { "osm_id": "node/2837108931", "name": "Accessible Toilet", "amenity_type": "accessible_toilet", "amenity": "toilets", "wheelchair": null, "toilets:wheelchair": null, "opening_hours": null, "operator": null, "description": null, "is_accessible": true, "latitude": -38.211217, "longitude": 145.109188 }, "geometry": { "type": "Point", "coordinates": [ 145.109188, -38.211217 ] } },
{ "type": "Feature", "properties": { "osm_id": "node/2837108932", "name": "Accessible Toilet", "amenity_type": "accessible_toilet", "amenity": "toilets", "wheelchair": null, "toilets:wheelchair": null, "opening_hours": null, "operator": null, "description": null, "is_accessible": true, "latitude": -38.2110421, "longitude": 145.1091749 }, "geometry": { "type": "Point", "coordinates": [ 145.1091749, -38.2110421 ] } },
{ "type": "Feature", "properties": { "osm_id": "node/2865405674", "name": "Accessible Toilet", "amenity_type": "accessible_toilet", "amenity": "toilets", "wheelchair": "yes", "toilets:wheelchair": null, "opening_hours": null, "operator": null, "description": null, "is_accessible": true, "latitude": -37.7329653, "longitude": 144.9524677 }, "geometry": { "type": "Point", "coordinates": [ 144.9524677, -37.7329653 ] } },
{ "type": "Feature", "properties": { "osm_id": "node/2872179122", "name": "Accessible Toilet", "amenity_type": "accessible_toilet", "amenity": "toilets", "wheelchair": null, "toilets:wheelchair": null, "opening_hours": null, "operator": null, "description": null, "is_accessible": true, "latitude": -37.7548016, "longitude": 145.0744141 }, "geometry": { "type": "Point", "coordinates": [ 145.074414100000013, -37.7548016 ] } },
{ "type": "Feature", "properties": { "osm_id": "node/2918617881", "name": "Accessible Toilet", "amenity_type": "accessible_toilet", "amenity": "toilets", "wheelchair": null, "toilets:wheelchair": null, "opening_hours": null, "operator": null, "description": null, "is_accessible": true, "latitude": -37.6972577, "longitude": 145.0583841 }, "geometry": { "type": "Point", "coordinates": [ 145.058384100000012, -37.6972577 ] } },
{ "type": "Feature", "properties": { "osm_id": "node/2926943809", "name": "Accessible Toilet", "amenity_type": "accessible_toilet", "amenity": "toilets", "wheelchair": null, "toilets:wheelchair": null, "opening_hours": null, "operator": null, "description": null, "is_accessible": true, "latitude": -37.7317941, "longitude": 144.9782672 }, "geometry": { "type": "Point", "coordinates": [ 144.9782672, -37.7317941 ] } },
{ "type": "Feature", "properties": { "osm_id": "node/2930607343", "name": "Accessible Toilet", "amenity_type": "accessible_toilet", "amenity": "toilets", "wheelchair": "yes", "toilets:wheelchair": null, "opening_hours": null, "operator": null, "description": null, "is_accessible": true, "latitude": -37.8382398, "longitude": 144.9843969 }, "geometry": { "type": "Point", "coordinates": [ 144.9843969, -37.8382398 ] } },
{ "type": "Feature", "properties": { "osm_id": "node/2940164769", "name": "Accessible Toilet", "amenity_type": "accessible_toilet", "amenity": "toilets", "wheelchair": null, "toilets:wheelchair": null, "opening_hours": null, "operator": null, "description": null, "is_accessible": true, "latitude": -37.9934052, "longitude": 145.2168945 }, "geometry": { "type": "Point", "coordinates": [ 145.2168945, -37.9934052 ] } },
{ "type": "Feature", "properties": { "osm_id": "node/2943516682", "name": "Accessible Toilet", "amenity_type": "accessible_toilet", "amenity": "toilets", "wheelchair": null, "toilets:wheelchair": null, "opening_hours": null, "operator": null, "description": null, "is_accessible": true, "latitude": -37.9254496, "longitude": 145.1189026 }, "geometry": { "type": "Point", "coordinates": [ 145.118902600000013, -37.9254496 ] } },
{ "type": "Feature", "properties": { "osm_id": "node/2945204676", "name": "Accessible Toilet", "amenity_type": "accessible_toilet", "amenity": "toilets", "wheelchair": null, "toilets:wheelchair": null, "opening_hours": null, "operator": null, "description": null, "is_accessible": true, "latitude": -37.7390553, "longitude": 145.0013414 }, "geometry": { "type": "Point", "coordinates": [ 145.0013414, -37.7390553 ] } },
{ "type": "Feature", "properties": { "osm_id": "node/2975288565", "name": "Accessible Toilet", "amenity_type": "accessible_toilet", "amenity": "toilets", "wheelchair": null, "toilets:wheelchair": null, "opening_hours": null, "operator": null, "description": null, "is_accessible": true, "latitude": -37.7673525, "longitude": 145.2992047 }, "geometry": { "type": "Point", "coordinates": [ 145.2992047, -37.7673525 ] } },
{ "type": "Feature", "properties": { "osm_id": "node/2982739150", "name": "Accessible Toilet", "amenity_type": "accessible_toilet", "amenity": "toilets", "wheelchair": null, "toilets:wheelchair": null, "opening_hours": null, "operator": null, "description": null, "is_accessible": true, "latitude": -37.9673226, "longitude": 145.1407815 }, "geometry": { "type": "Point", "coordinates": [ 145.1407815, -37.9673226 ] } },
{ "type": "Feature", "properties": { "osm_id": "node/2982739215", "name": "Accessible Toilet", "amenity_type": "accessible_toilet", "amenity": "toilets", "wheelchair": null, "toilets:wheelchair": null, "opening_hours": null, "operator": null, "description": null, "is_accessible": true, "latitude": -37.9570696, "longitude": 145.1321423 }, "geometry": { "type": "Point", "coordinates": [ 145.1321423, -37.9570696 ] } },
{ "type": "Feature", "properties": { "osm_id": "node/2983959064", "name": "Accessible Toilet", "amenity_type": "accessible_toilet", "amenity": "toilets", "wheelchair": null, "toilets:wheelchair": null, "opening_hours": null, "operator": null, "description": null, "is_accessible": true, "latitude": -38.1516306, "longitude": 145.1918099 }, "geometry": { "type": "Point", "coordinates": [ 145.19180990000001, -38.1516306 ] } },
{ "type": "Feature", "properties": { "osm_id": "node/2984024369", "name": "Accessible Toilet", "amenity_type": "accessible_toilet", "amenity": "toilets", "wheelchair": null, "toilets:wheelchair": null, "opening_hours": null, "operator": null, "description": null, "is_accessible": true, "latitude": -38.1231768, "longitude": 145.1528953 }, "geometry": { "type": "Point", "coordinates": [ 145.152895300000012, -38.1231768 ] } },
{ "type": "Feature", "properties": { "osm_id": "node/2987227433", "name": "Accessible Toilet", "amenity_type": "accessible_toilet", "amenity": "toilets", "wheelchair": null, "toilets:wheelchair": null, "opening_hours": null, "operator": null, "description": null, "is_accessible": true, "latitude": -37.788539, "longitude": 144.983633 }, "geometry": { "type": "Point", "coordinates": [ 144.983633, -37.788539 ] } },
{ "type": "Feature", "properties": { "osm_id": "node/2993300933", "name": "Accessible Toilet", "amenity_type": "accessible_toilet", "amenity": "toilets", "wheelchair": null, "toilets:wheelchair": null, "opening_hours": null, "operator": null, "description": null, "is_accessible": true, "latitude": -37.7741018, "longitude": 145.0725055 }, "geometry": { "type": "Point", "coordinates": [ 145.0725055, -37.7741018 ] } },
{ "type": "Feature", "properties": { "osm_id": "node/3001939629", "name": "Accessible Toilet", "amenity_type": "accessible_toilet", "amenity": "toilets", "wheelchair": null, "toilets:wheelchair": null, "opening_hours": null, "operator": null, "description": null, "is_accessible": true, "latitude": -38.3708861, "longitude": 144.8338182 }, "geometry": { "type": "Point", "coordinates": [ 144.8338182, -38.3708861 ] } },
{ "type": "Feature", "properties": { "osm_id": "node/3004075422", "name": "Accessible Toilet", "amenity_type": "accessible_toilet", "amenity": "toilets", "wheelchair": null, "toilets:wheelchair": null, "opening_hours": null, "operator": null, "description": null, "is_accessible": true, "latitude": -37.9108922, "longitude": 145.0383211 }, "geometry": { "type": "Point", "coordinates": [ 145.0383211, -37.9108922 ] } },
{ "type": "Feature", "properties": { "osm_id": "node/3013289647", "name": "Accessible Toilet", "amenity_type": "accessible_toilet", "amenity": "toilets", "wheelchair": "yes", "toilets:wheelchair": "yes", "opening_hours": null, "operator": null, "description": null, "is_accessible": true, "latitude": -37.9555217, "longitude": 145.0493513 }, "geometry": { "type": "Point", "coordinates": [ 145.049351300000012, -37.9555217 ] } },
{ "type": "Feature", "properties": { "osm_id": "node/3036985261", "name": "Accessible Toilet", "amenity_type": "accessible_toilet", "amenity": "toilets", "wheelchair": "yes", "toilets:wheelchair": null, "opening_hours": null, "operator": "exeloo", "description": null, "is_accessible": true, "latitude": -37.8161837, "longitude": 144.8894209 }, "geometry": { "type": "Point", "coordinates": [ 144.8894209, -37.8161837 ] } },
{ "type": "Feature", "properties": { "osm_id": "node/3049708435", "name": "Accessible Toilet", "amenity_type": "accessible_toilet", "amenity": "toilets", "wheelchair": "yes", "toilets:wheelchair": null, "opening_hours": null, "operator": null, "description": null, "is_accessible": true, "latitude": -37.7927798, "longitude": 145.0721509 }, "geometry": { "type": "Point", "coordinates": [ 145.0721509, -37.7927798 ] } },
{ "type": "Feature", "properties": { "osm_id": "node/3058699578", "name": "Accessible Toilet", "amenity_type": "accessible_toilet", "amenity": "toilets", "wheelchair": null, "toilets:wheelchair": null, "opening_hours": null, "operator": null, "description": null, "is_accessible": true, "latitude": -37.6770494, "longitude": 144.9570814 }, "geometry": { "type": "Point", "coordinates": [ 144.9570814, -37.6770494 ] } },
{ "type": "Feature", "properties": { "osm_id": "node/3060646600", "name": "Accessible Toilet", "amenity_type": "accessible_toilet", "amenity": "toilets", "wheelchair": null, "toilets:wheelchair": null, "opening_hours": null, "operator": null, "description": null, "is_accessible": true, "latitude": -37.5978179, "longitude": 144.9405006 }, "geometry": { "type": "Point", "coordinates": [ 144.9405006, -37.5978179 ] } },
{ "type": "Feature", "properties": { "osm_id": "node/3071447781", "name": "Accessible Toilet", "amenity_type": "accessible_toilet", "amenity": "toilets", "wheelchair": null, "toilets:wheelchair": null, "opening_hours": null, "operator": null, "description": null, "is_accessible": true, "latitude": -37.5844113, "longitude": 144.7425381 }, "geometry": { "type": "Point", "coordinates": [ 144.7425381, -37.5844113 ] } },
{ "type": "Feature", "properties": { "osm_id": "node/3077886245", "name": "Accessible Toilet", "amenity_type": "accessible_toilet", "amenity": "toilets", "wheelchair": null, "toilets:wheelchair": null, "opening_hours": null, "operator": null, "description": null, "is_accessible": true, "latitude": -37.9916727, "longitude": 145.082424 }, "geometry": { "type": "Point", "coordinates": [ 145.082424, -37.9916727 ] } },
{ "type": "Feature", "properties": { "osm_id": "node/3096926498", "name": "Accessible Toilet", "amenity_type": "accessible_toilet", "amenity": "toilets", "wheelchair": "yes", "toilets:wheelchair": null, "opening_hours": null, "operator": null, "description": null, "is_accessible": true, "latitude": -37.8942848, "longitude": 145.1003811 }, "geometry": { "type": "Point", "coordinates": [ 145.1003811, -37.8942848 ] } },
{ "type": "Feature", "properties": { "osm_id": "node/3101556449", "name": "Accessible Toilet", "amenity_type": "accessible_toilet", "amenity": "toilets", "wheelchair": null, "toilets:wheelchair": null, "opening_hours": null, "operator": null, "description": null, "is_accessible": true, "latitude": -37.9405183, "longitude": 145.1396278 }, "geometry": { "type": "Point", "coordinates": [ 145.1396278, -37.9405183 ] } },
{ "type": "Feature", "properties": { "osm_id": "node/3127149464", "name": "Accessible Toilet", "amenity_type": "accessible_toilet", "amenity": "toilets", "wheelchair": null, "toilets:wheelchair": null, "opening_hours": null, "operator": null, "description": null, "is_accessible": true, "latitude": -38.0355137, "longitude": 145.1187157 }, "geometry": { "type": "Point", "coordinates": [ 145.1187157, -38.0355137 ] } },
{ "type": "Feature", "properties": { "osm_id": "node/3128835339", "name": "Accessible Toilet", "amenity_type": "accessible_toilet", "amenity": "toilets", "wheelchair": null, "toilets:wheelchair": null, "opening_hours": null, "operator": null, "description": null, "is_accessible": true, "latitude": -37.9023505, "longitude": 145.0602961 }, "geometry": { "type": "Point", "coordinates": [ 145.060296099999988, -37.9023505 ] } },
{ "type": "Feature", "properties": { "osm_id": "node/3164334096", "name": "Accessible Toilet", "amenity_type": "accessible_toilet", "amenity": "toilets", "wheelchair": "yes", "toilets:wheelchair": null, "opening_hours": null, "operator": null, "description": null, "is_accessible": true, "latitude": -37.8727325, "longitude": 145.0343303 }, "geometry": { "type": "Point", "coordinates": [ 145.0343303, -37.8727325 ] } },
{ "type": "Feature", "properties": { "osm_id": "node/3164334097", "name": "Accessible Toilet", "amenity_type": "accessible_toilet", "amenity": "toilets", "wheelchair": "yes", "toilets:wheelchair": null, "opening_hours": null, "operator": null, "description": null, "is_accessible": true, "latitude": -37.8726182, "longitude": 145.0253696 }, "geometry": { "type": "Point", "coordinates": [ 145.0253696, -37.8726182 ] } },
{ "type": "Feature", "properties": { "osm_id": "node/3182189290", "name": "Accessible Toilet", "amenity_type": "accessible_toilet", "amenity": "toilets", "wheelchair": null, "toilets:wheelchair": null, "opening_hours": null, "operator": null, "description": null, "is_accessible": true, "latitude": -37.8401055, "longitude": 144.9815275 }, "geometry": { "type": "Point", "coordinates": [ 144.9815275, -37.8401055 ] } },
{ "type": "Feature", "properties": { "osm_id": "node/3200919961", "name": "Accessible Toilet", "amenity_type": "accessible_toilet", "amenity": "toilets", "wheelchair": null, "toilets:wheelchair": null, "opening_hours": null, "operator": null, "description": null, "is_accessible": true, "latitude": -37.886213, "longitude": 145.038932 }, "geometry": { "type": "Point", "coordinates": [ 145.038932, -37.886213 ] } },
{ "type": "Feature", "properties": { "osm_id": "node/3223129117", "name": "Accessible Toilet", "amenity_type": "accessible_toilet", "amenity": "toilets", "wheelchair": "yes", "toilets:wheelchair": null, "opening_hours": "24/7", "operator": null, "description": null, "is_accessible": true, "latitude": -37.7758993, "longitude": 145.1079204 }, "geometry": { "type": "Point", "coordinates": [ 145.107920400000012, -37.7758993 ] } },
{ "type": "Feature", "properties": { "osm_id": "node/3235737085", "name": "Accessible Toilet", "amenity_type": "accessible_toilet", "amenity": "toilets", "wheelchair": "yes", "toilets:wheelchair": null, "opening_hours": null, "operator": null, "description": null, "is_accessible": true, "latitude": -37.8031463, "longitude": 145.1025573 }, "geometry": { "type": "Point", "coordinates": [ 145.1025573, -37.8031463 ] } },
{ "type": "Feature", "properties": { "osm_id": "node/3237805923", "name": "Accessible Toilet", "amenity_type": "accessible_toilet", "amenity": "toilets", "wheelchair": null, "toilets:wheelchair": null, "opening_hours": null, "operator": null, "description": null, "is_accessible": true, "latitude": -37.7723121, "longitude": 145.1131488 }, "geometry": { "type": "Point", "coordinates": [ 145.1131488, -37.7723121 ] } },
{ "type": "Feature", "properties": { "osm_id": "node/3261246651", "name": "Accessible Toilet", "amenity_type": "accessible_toilet", "amenity": "toilets", "wheelchair": null, "toilets:wheelchair": null, "opening_hours": null, "operator": null, "description": null, "is_accessible": true, "latitude": -37.8157062, "longitude": 145.192226 }, "geometry": { "type": "Point", "coordinates": [ 145.192226, -37.8157062 ] } },
{ "type": "Feature", "properties": { "osm_id": "node/3274372810", "name": "Accessible Toilet", "amenity_type": "accessible_toilet", "amenity": "toilets", "wheelchair": "yes", "toilets:wheelchair": null, "opening_hours": null, "operator": null, "description": null, "is_accessible": true, "latitude": -37.7912183, "longitude": 145.0951479 }, "geometry": { "type": "Point", "coordinates": [ 145.0951479, -37.7912183 ] } },
{ "type": "Feature", "properties": { "osm_id": "node/3275349301", "name": "Accessible Toilet", "amenity_type": "accessible_toilet", "amenity": "toilets", "wheelchair": null, "toilets:wheelchair": null, "opening_hours": null, "operator": null, "description": null, "is_accessible": true, "latitude": -37.8449469, "longitude": 144.9310635 }, "geometry": { "type": "Point", "coordinates": [ 144.9310635, -37.8449469 ] } },
{ "type": "Feature", "properties": { "osm_id": "node/3297550513", "name": "Accessible Toilet", "amenity_type": "accessible_toilet", "amenity": "toilets", "wheelchair": null, "toilets:wheelchair": null, "opening_hours": null, "operator": null, "description": null, "is_accessible": true, "latitude": -37.7792062, "longitude": 145.5294944 }, "geometry": { "type": "Point", "coordinates": [ 145.5294944, -37.7792062 ] } },
{ "type": "Feature", "properties": { "osm_id": "node/3311933669", "name": "Accessible Toilet", "amenity_type": "accessible_toilet", "amenity": "toilets", "wheelchair": "yes", "toilets:wheelchair": null, "opening_hours": null, "operator": null, "description": null, "is_accessible": true, "latitude": -37.9211381, "longitude": 144.6663417 }, "geometry": { "type": "Point", "coordinates": [ 144.6663417, -37.9211381 ] } },
{ "type": "Feature", "properties": { "osm_id": "node/3317808086", "name": "Accessible Toilet", "amenity_type": "accessible_toilet", "amenity": "toilets", "wheelchair": null, "toilets:wheelchair": null, "opening_hours": null, "operator": null, "description": null, "is_accessible": true, "latitude": -37.4190604, "longitude": 145.1290506 }, "geometry": { "type": "Point", "coordinates": [ 145.1290506, -37.4190604 ] } },
{ "type": "Feature", "properties": { "osm_id": "node/3349670852", "name": "Accessible Toilet", "amenity_type": "accessible_toilet", "amenity": "toilets", "wheelchair": "yes", "toilets:wheelchair": null, "opening_hours": null, "operator": null, "description": null, "is_accessible": true, "latitude": -37.7867632, "longitude": 145.0862718 }, "geometry": { "type": "Point", "coordinates": [ 145.0862718, -37.7867632 ] } },
{ "type": "Feature", "properties": { "osm_id": "node/3351498716", "name": "Accessible Toilet", "amenity_type": "accessible_toilet", "amenity": "toilets", "wheelchair": null, "toilets:wheelchair": null, "opening_hours": null, "operator": null, "description": null, "is_accessible": true, "latitude": -37.8809907, "longitude": 145.365572 }, "geometry": { "type": "Point", "coordinates": [ 145.365572, -37.8809907 ] } },
{ "type": "Feature", "properties": { "osm_id": "node/3377435093", "name": "Accessible Toilet", "amenity_type": "accessible_toilet", "amenity": "toilets", "wheelchair": null, "toilets:wheelchair": null, "opening_hours": null, "operator": null, "description": null, "is_accessible": true, "latitude": -37.9337098, "longitude": 145.4607236 }, "geometry": { "type": "Point", "coordinates": [ 145.4607236, -37.9337098 ] } },
{ "type": "Feature", "properties": { "osm_id": "node/3377468675", "name": "Accessible Toilet", "amenity_type": "accessible_toilet", "amenity": "toilets", "wheelchair": "yes", "toilets:wheelchair": null, "opening_hours": null, "operator": null, "description": null, "is_accessible": true, "latitude": -37.8389329, "longitude": 144.9923338 }, "geometry": { "type": "Point", "coordinates": [ 144.992333800000011, -37.8389329 ] } },
{ "type": "Feature", "properties": { "osm_id": "node/3377514751", "name": "Accessible Toilet", "amenity_type": "accessible_toilet", "amenity": "toilets", "wheelchair": null, "toilets:wheelchair": null, "opening_hours": null, "operator": null, "description": null, "is_accessible": true, "latitude": -38.0188543, "longitude": 145.3064104 }, "geometry": { "type": "Point", "coordinates": [ 145.3064104, -38.0188543 ] } },
{ "type": "Feature", "properties": { "osm_id": "node/3399238660", "name": "Accessible Toilet", "amenity_type": "accessible_toilet", "amenity": "toilets", "wheelchair": "yes", "toilets:wheelchair": null, "opening_hours": null, "operator": null, "description": null, "is_accessible": true, "latitude": -37.7402493, "longitude": 145.0053175 }, "geometry": { "type": "Point", "coordinates": [ 145.0053175, -37.7402493 ] } },
{ "type": "Feature", "properties": { "osm_id": "node/3403671356", "name": "Accessible Toilet", "amenity_type": "accessible_toilet", "amenity": "toilets", "wheelchair": null, "toilets:wheelchair": null, "opening_hours": null, "operator": null, "description": null, "is_accessible": true, "latitude": -37.6825846, "longitude": 145.0709697 }, "geometry": { "type": "Point", "coordinates": [ 145.0709697, -37.6825846 ] } },
{ "type": "Feature", "properties": { "osm_id": "node/3412040821", "name": "Accessible Toilet", "amenity_type": "accessible_toilet", "amenity": "toilets", "wheelchair": null, "toilets:wheelchair": null, "opening_hours": null, "operator": null, "description": null, "is_accessible": true, "latitude": -38.2205353, "longitude": 145.0382672 }, "geometry": { "type": "Point", "coordinates": [ 145.0382672, -38.2205353 ] } },
{ "type": "Feature", "properties": { "osm_id": "node/3426353057", "name": "Accessible Toilet", "amenity_type": "accessible_toilet", "amenity": "toilets", "wheelchair": "no", "toilets:wheelchair": null, "opening_hours": null, "operator": null, "description": null, "is_accessible": true, "latitude": -37.751492, "longitude": 144.7580086 }, "geometry": { "type": "Point", "coordinates": [ 144.758008600000011, -37.751492 ] } },
{ "type": "Feature", "properties": { "osm_id": "node/3437078581", "name": "Accessible Toilet", "amenity_type": "accessible_toilet", "amenity": "toilets", "wheelchair": null, "toilets:wheelchair": null, "opening_hours": null, "operator": null, "description": null, "is_accessible": true, "latitude": -37.7123973, "longitude": 145.0477785 }, "geometry": { "type": "Point", "coordinates": [ 145.0477785, -37.7123973 ] } },
{ "type": "Feature", "properties": { "osm_id": "node/3453867626", "name": "Accessible Toilet", "amenity_type": "accessible_toilet", "amenity": "toilets", "wheelchair": "yes", "toilets:wheelchair": null, "opening_hours": null, "operator": null, "description": null, "is_accessible": true, "latitude": -37.8510157, "longitude": 144.9547051 }, "geometry": { "type": "Point", "coordinates": [ 144.954705100000012, -37.8510157 ] } },
{ "type": "Feature", "properties": { "osm_id": "node/3472628035", "name": "Accessible Toilet", "amenity_type": "accessible_toilet", "amenity": "toilets", "wheelchair": "no", "toilets:wheelchair": null, "opening_hours": null, "operator": null, "description": null, "is_accessible": true, "latitude": -37.8138602, "longitude": 144.9631264 }, "geometry": { "type": "Point", "coordinates": [ 144.9631264, -37.8138602 ] } },
{ "type": "Feature", "properties": { "osm_id": "node/3500422089", "name": "Accessible Toilet", "amenity_type": "accessible_toilet", "amenity": "toilets", "wheelchair": "yes", "toilets:wheelchair": null, "opening_hours": null, "operator": "City of Boroondara", "description": null, "is_accessible": true, "latitude": -37.8213205, "longitude": 145.0356999 }, "geometry": { "type": "Point", "coordinates": [ 145.0356999, -37.8213205 ] } },
{ "type": "Feature", "properties": { "osm_id": "node/3510204744", "name": "Accessible Toilet", "amenity_type": "accessible_toilet", "amenity": "toilets", "wheelchair": "yes", "toilets:wheelchair": null, "opening_hours": null, "operator": null, "description": null, "is_accessible": true, "latitude": -37.8321504, "longitude": 145.0714405 }, "geometry": { "type": "Point", "coordinates": [ 145.0714405, -37.8321504 ] } },
{ "type": "Feature", "properties": { "osm_id": "node/3521547576", "name": "Accessible Toilet", "amenity_type": "accessible_toilet", "amenity": "toilets", "wheelchair": null, "toilets:wheelchair": null, "opening_hours": null, "operator": null, "description": null, "is_accessible": true, "latitude": -38.071905, "longitude": 145.127029 }, "geometry": { "type": "Point", "coordinates": [ 145.127029, -38.071905 ] } },
{ "type": "Feature", "properties": { "osm_id": "node/3523510825", "name": "Toilet 146", "amenity_type": "accessible_toilet", "amenity": "toilets", "wheelchair": "no", "toilets:wheelchair": null, "opening_hours": "Mo-Su 07:00-17:00", "operator": null, "description": null, "is_accessible": true, "latitude": -37.8067944, "longitude": 144.9626473 }, "geometry": { "type": "Point", "coordinates": [ 144.962647299999986, -37.8067944 ] } },
{ "type": "Feature", "properties": { "osm_id": "node/3578042312", "name": "Accessible Toilet", "amenity_type": "accessible_toilet", "amenity": "toilets", "wheelchair": "yes", "toilets:wheelchair": null, "opening_hours": null, "operator": null, "description": null, "is_accessible": true, "latitude": -37.8568462, "longitude": 145.316003 }, "geometry": { "type": "Point", "coordinates": [ 145.316003, -37.8568462 ] } },
{ "type": "Feature", "properties": { "osm_id": "node/3580502142", "name": "Accessible Toilet", "amenity_type": "accessible_toilet", "amenity": "toilets", "wheelchair": "yes", "toilets:wheelchair": null, "opening_hours": null, "operator": null, "description": null, "is_accessible": true, "latitude": -37.867356, "longitude": 144.8889432 }, "geometry": { "type": "Point", "coordinates": [ 144.8889432, -37.867356 ] } },
{ "type": "Feature", "properties": { "osm_id": "node/3580517809", "name": "Accessible Toilet", "amenity_type": "accessible_toilet", "amenity": "toilets", "wheelchair": null, "toilets:wheelchair": null, "opening_hours": null, "operator": null, "description": null, "is_accessible": true, "latitude": -37.8747691, "longitude": 144.8131464 }, "geometry": { "type": "Point", "coordinates": [ 144.8131464, -37.8747691 ] } },
{ "type": "Feature", "properties": { "osm_id": "node/3591956537", "name": "Accessible Toilet", "amenity_type": "accessible_toilet", "amenity": "toilets", "wheelchair": null, "toilets:wheelchair": null, "opening_hours": null, "operator": null, "description": null, "is_accessible": true, "latitude": -37.9131198, "longitude": 145.3931104 }, "geometry": { "type": "Point", "coordinates": [ 145.393110400000012, -37.9131198 ] } },
{ "type": "Feature", "properties": { "osm_id": "node/3591959230", "name": "Accessible Toilet", "amenity_type": "accessible_toilet", "amenity": "toilets", "wheelchair": null, "toilets:wheelchair": null, "opening_hours": null, "operator": null, "description": null, "is_accessible": true, "latitude": -37.9131626, "longitude": 145.3930845 }, "geometry": { "type": "Point", "coordinates": [ 145.393084499999986, -37.9131626 ] } },
{ "type": "Feature", "properties": { "osm_id": "node/3614815241", "name": "Accessible Toilet", "amenity_type": "accessible_toilet", "amenity": "toilets", "wheelchair": "yes", "toilets:wheelchair": null, "opening_hours": null, "operator": null, "description": null, "is_accessible": true, "latitude": -37.7910102, "longitude": 145.1705827 }, "geometry": { "type": "Point", "coordinates": [ 145.170582700000011, -37.7910102 ] } },
{ "type": "Feature", "properties": { "osm_id": "node/3616576935", "name": "Accessible Toilet", "amenity_type": "accessible_toilet", "amenity": "toilets", "wheelchair": "yes", "toilets:wheelchair": null, "opening_hours": null, "operator": null, "description": null, "is_accessible": true, "latitude": -37.9143442, "longitude": 145.0320961 }, "geometry": { "type": "Point", "coordinates": [ 145.0320961, -37.9143442 ] } },
{ "type": "Feature", "properties": { "osm_id": "node/3616576937", "name": "Accessible Toilet", "amenity_type": "accessible_toilet", "amenity": "toilets", "wheelchair": "yes", "toilets:wheelchair": null, "opening_hours": null, "operator": null, "description": null, "is_accessible": true, "latitude": -37.914486, "longitude": 145.0320988 }, "geometry": { "type": "Point", "coordinates": [ 145.0320988, -37.914486 ] } },
{ "type": "Feature", "properties": { "osm_id": "node/3616583728", "name": "Accessible Toilet", "amenity_type": "accessible_toilet", "amenity": "toilets", "wheelchair": null, "toilets:wheelchair": null, "opening_hours": null, "operator": null, "description": null, "is_accessible": true, "latitude": -37.8886297, "longitude": 144.9940524 }, "geometry": { "type": "Point", "coordinates": [ 144.994052399999987, -37.8886297 ] } },
{ "type": "Feature", "properties": { "osm_id": "node/3632433710", "name": "Accessible Toilet", "amenity_type": "accessible_toilet", "amenity": "toilets", "wheelchair": null, "toilets:wheelchair": null, "opening_hours": null, "operator": null, "description": null, "is_accessible": true, "latitude": -37.6822234, "longitude": 145.5329702 }, "geometry": { "type": "Point", "coordinates": [ 145.5329702, -37.6822234 ] } },
{ "type": "Feature", "properties": { "osm_id": "node/3632433712", "name": "Parents Room", "amenity_type": "accessible_toilet", "amenity": "toilets", "wheelchair": null, "toilets:wheelchair": null, "opening_hours": null, "operator": null, "description": null, "is_accessible": true, "latitude": -37.6824006, "longitude": 145.53305 }, "geometry": { "type": "Point", "coordinates": [ 145.53305, -37.6824006 ] } },
{ "type": "Feature", "properties": { "osm_id": "node/3636389176", "name": "Accessible Toilet", "amenity_type": "accessible_toilet", "amenity": "toilets", "wheelchair": null, "toilets:wheelchair": null, "opening_hours": null, "operator": null, "description": null, "is_accessible": true, "latitude": -37.8008071, "longitude": 145.3214149 }, "geometry": { "type": "Point", "coordinates": [ 145.3214149, -37.8008071 ] } },
{ "type": "Feature", "properties": { "osm_id": "node/3649876836", "name": "Accessible Toilet", "amenity_type": "accessible_toilet", "amenity": "toilets", "wheelchair": null, "toilets:wheelchair": null, "opening_hours": null, "operator": null, "description": null, "is_accessible": true, "latitude": -37.7318179, "longitude": 145.0143051 }, "geometry": { "type": "Point", "coordinates": [ 145.0143051, -37.7318179 ] } },
{ "type": "Feature", "properties": { "osm_id": "node/3661108598", "name": "Westport Reserve Toilets", "amenity_type": "accessible_toilet", "amenity": "toilets", "wheelchair": "yes", "toilets:wheelchair": null, "opening_hours": null, "operator": null, "description": null, "is_accessible": true, "latitude": -37.8392334, "longitude": 144.9197399 }, "geometry": { "type": "Point", "coordinates": [ 144.9197399, -37.8392334 ] } },
{ "type": "Feature", "properties": { "osm_id": "node/3674401655", "name": "Accessible Toilet", "amenity_type": "accessible_toilet", "amenity": "toilets", "wheelchair": null, "toilets:wheelchair": null, "opening_hours": null, "operator": null, "description": null, "is_accessible": true, "latitude": -38.2052731, "longitude": 145.1366047 }, "geometry": { "type": "Point", "coordinates": [ 145.1366047, -38.2052731 ] } },
{ "type": "Feature", "properties": { "osm_id": "node/3687984038", "name": "Accessible Toilet", "amenity_type": "accessible_toilet", "amenity": "toilets", "wheelchair": "yes", "toilets:wheelchair": null, "opening_hours": null, "operator": null, "description": null, "is_accessible": true, "latitude": -37.5107829, "longitude": 145.1187095 }, "geometry": { "type": "Point", "coordinates": [ 145.1187095, -37.5107829 ] } },
{ "type": "Feature", "properties": { "osm_id": "node/3710185544", "name": "Accessible Toilet", "amenity_type": "accessible_toilet", "amenity": "toilets", "wheelchair": "yes", "toilets:wheelchair": null, "opening_hours": null, "operator": null, "description": null, "is_accessible": true, "latitude": -37.8494815, "longitude": 144.9926765 }, "geometry": { "type": "Point", "coordinates": [ 144.992676499999988, -37.8494815 ] } },
{ "type": "Feature", "properties": { "osm_id": "node/3714809882", "name": "Accessible Toilet", "amenity_type": "accessible_toilet", "amenity": "toilets", "wheelchair": null, "toilets:wheelchair": null, "opening_hours": null, "operator": null, "description": null, "is_accessible": true, "latitude": -37.7023967, "longitude": 144.8000626 }, "geometry": { "type": "Point", "coordinates": [ 144.8000626, -37.7023967 ] } },
{ "type": "Feature", "properties": { "osm_id": "node/3716610795", "name": "Accessible Toilet", "amenity_type": "accessible_toilet", "amenity": "toilets", "wheelchair": null, "toilets:wheelchair": null, "opening_hours": null, "operator": null, "description": null, "is_accessible": true, "latitude": -37.858173, "longitude": 144.9928518 }, "geometry": { "type": "Point", "coordinates": [ 144.992851800000011, -37.858173 ] } },
{ "type": "Feature", "properties": { "osm_id": "node/3761325373", "name": "Accessible Toilet", "amenity_type": "accessible_toilet", "amenity": "toilets", "wheelchair": "limited", "toilets:wheelchair": null, "opening_hours": null, "operator": null, "description": null, "is_accessible": true, "latitude": -37.965095, "longitude": 145.227139 }, "geometry": { "type": "Point", "coordinates": [ 145.227139, -37.965095 ] } },
{ "type": "Feature", "properties": { "osm_id": "node/3764750757", "name": "Accessible Toilet", "amenity_type": "accessible_toilet", "amenity": "toilets", "wheelchair": "yes", "toilets:wheelchair": null, "opening_hours": null, "operator": null, "description": null, "is_accessible": true, "latitude": -37.5133034, "longitude": 145.1179672 }, "geometry": { "type": "Point", "coordinates": [ 145.11796720000001, -37.5133034 ] } },
{ "type": "Feature", "properties": { "osm_id": "node/3775880957", "name": "Accessible Toilet", "amenity_type": "accessible_toilet", "amenity": "toilets", "wheelchair": "yes", "toilets:wheelchair": null, "opening_hours": null, "operator": null, "description": null, "is_accessible": true, "latitude": -37.768252, "longitude": 145.00197 }, "geometry": { "type": "Point", "coordinates": [ 145.00197, -37.768252 ] } },
{ "type": "Feature", "properties": { "osm_id": "node/3815024898", "name": "Accessible Toilet", "amenity_type": "accessible_toilet", "amenity": "toilets", "wheelchair": null, "toilets:wheelchair": null, "opening_hours": null, "operator": null, "description": null, "is_accessible": true, "latitude": -38.3359337, "longitude": 145.1776021 }, "geometry": { "type": "Point", "coordinates": [ 145.1776021, -38.3359337 ] } },
{ "type": "Feature", "properties": { "osm_id": "node/3822171422", "name": "Accessible Toilet", "amenity_type": "accessible_toilet", "amenity": "toilets", "wheelchair": null, "toilets:wheelchair": null, "opening_hours": null, "operator": null, "description": null, "is_accessible": true, "latitude": -37.7905607, "longitude": 145.0836223 }, "geometry": { "type": "Point", "coordinates": [ 145.0836223, -37.7905607 ] } },
{ "type": "Feature", "properties": { "osm_id": "node/3833940362", "name": "Accessible Toilet", "amenity_type": "accessible_toilet", "amenity": "toilets", "wheelchair": null, "toilets:wheelchair": null, "opening_hours": null, "operator": null, "description": null, "is_accessible": true, "latitude": -38.00018, "longitude": 145.1967588 }, "geometry": { "type": "Point", "coordinates": [ 145.1967588, -38.00018 ] } },
{ "type": "Feature", "properties": { "osm_id": "node/3853905804", "name": "Accessible Toilet", "amenity_type": "accessible_toilet", "amenity": "toilets", "wheelchair": null, "toilets:wheelchair": null, "opening_hours": null, "operator": null, "description": null, "is_accessible": true, "latitude": -37.8497287, "longitude": 145.0948403 }, "geometry": { "type": "Point", "coordinates": [ 145.094840299999987, -37.8497287 ] } },
{ "type": "Feature", "properties": { "osm_id": "node/3864684471", "name": "Accessible Toilet", "amenity_type": "accessible_toilet", "amenity": "toilets", "wheelchair": null, "toilets:wheelchair": null, "opening_hours": null, "operator": null, "description": null, "is_accessible": true, "latitude": -37.6387289, "longitude": 144.8424896 }, "geometry": { "type": "Point", "coordinates": [ 144.8424896, -37.6387289 ] } },
{ "type": "Feature", "properties": { "osm_id": "node/3868252362", "name": "Accessible Toilet", "amenity_type": "accessible_toilet", "amenity": "toilets", "wheelchair": null, "toilets:wheelchair": null, "opening_hours": null, "operator": null, "description": null, "is_accessible": true, "latitude": -37.8976907, "longitude": 145.0042051 }, "geometry": { "type": "Point", "coordinates": [ 145.0042051, -37.8976907 ] } },
{ "type": "Feature", "properties": { "osm_id": "node/3872680760", "name": "Accessible Toilet", "amenity_type": "accessible_toilet", "amenity": "toilets", "wheelchair": null, "toilets:wheelchair": null, "opening_hours": null, "operator": null, "description": null, "is_accessible": true, "latitude": -37.8201625, "longitude": 145.1498399 }, "geometry": { "type": "Point", "coordinates": [ 145.149839899999989, -37.8201625 ] } },
{ "type": "Feature", "properties": { "osm_id": "node/3889897788", "name": "Accessible Toilet", "amenity_type": "accessible_toilet", "amenity": "toilets", "wheelchair": "yes", "toilets:wheelchair": null, "opening_hours": null, "operator": null, "description": null, "is_accessible": true, "latitude": -37.8425994, "longitude": 144.9953759 }, "geometry": { "type": "Point", "coordinates": [ 144.9953759, -37.8425994 ] } },
{ "type": "Feature", "properties": { "osm_id": "node/3894560040", "name": "Accessible Toilet", "amenity_type": "accessible_toilet", "amenity": "toilets", "wheelchair": null, "toilets:wheelchair": null, "opening_hours": null, "operator": null, "description": null, "is_accessible": true, "latitude": -37.8627093, "longitude": 145.0783992 }, "geometry": { "type": "Point", "coordinates": [ 145.0783992, -37.8627093 ] } },
{ "type": "Feature", "properties": { "osm_id": "node/3907280757", "name": "Accessible Toilet", "amenity_type": "accessible_toilet", "amenity": "toilets", "wheelchair": "limited", "toilets:wheelchair": null, "opening_hours": null, "operator": null, "description": null, "is_accessible": true, "latitude": -37.8612179, "longitude": 145.0277389 }, "geometry": { "type": "Point", "coordinates": [ 145.0277389, -37.8612179 ] } },
{ "type": "Feature", "properties": { "osm_id": "node/3907321225", "name": "Accessible Toilet", "amenity_type": "accessible_toilet", "amenity": "toilets", "wheelchair": null, "toilets:wheelchair": null, "opening_hours": null, "operator": null, "description": null, "is_accessible": true, "latitude": -38.2455424, "longitude": 145.5374323 }, "geometry": { "type": "Point", "coordinates": [ 145.5374323, -38.2455424 ] } },
{ "type": "Feature", "properties": { "osm_id": "node/3935352675", "name": "Accessible Toilet", "amenity_type": "accessible_toilet", "amenity": "toilets", "wheelchair": "yes", "toilets:wheelchair": null, "opening_hours": null, "operator": null, "description": null, "is_accessible": true, "latitude": -37.9223968, "longitude": 144.6673925 }, "geometry": { "type": "Point", "coordinates": [ 144.6673925, -37.9223968 ] } },
{ "type": "Feature", "properties": { "osm_id": "node/3940600958", "name": "Accessible Toilet", "amenity_type": "accessible_toilet", "amenity": "toilets", "wheelchair": null, "toilets:wheelchair": null, "opening_hours": null, "operator": null, "description": null, "is_accessible": true, "latitude": -37.5767666, "longitude": 144.9179388 }, "geometry": { "type": "Point", "coordinates": [ 144.9179388, -37.5767666 ] } },
{ "type": "Feature", "properties": { "osm_id": "node/3951321358", "name": "Accessible Toilet", "amenity_type": "accessible_toilet", "amenity": "toilets", "wheelchair": null, "toilets:wheelchair": null, "opening_hours": null, "operator": null, "description": null, "is_accessible": true, "latitude": -37.8687771, "longitude": 144.9752072 }, "geometry": { "type": "Point", "coordinates": [ 144.9752072, -37.8687771 ] } },
{ "type": "Feature", "properties": { "osm_id": "node/3953229710", "name": "Accessible Toilet", "amenity_type": "accessible_toilet", "amenity": "toilets", "wheelchair": null, "toilets:wheelchair": null, "opening_hours": null, "operator": null, "description": null, "is_accessible": true, "latitude": -37.6878114, "longitude": 144.9594661 }, "geometry": { "type": "Point", "coordinates": [ 144.959466099999986, -37.6878114 ] } },
{ "type": "Feature", "properties": { "osm_id": "node/3956028389", "name": "Accessible Toilet", "amenity_type": "accessible_toilet", "amenity": "toilets", "wheelchair": "yes", "toilets:wheelchair": null, "opening_hours": null, "operator": null, "description": null, "is_accessible": true, "latitude": -37.862773, "longitude": 144.8391734 }, "geometry": { "type": "Point", "coordinates": [ 144.8391734, -37.862773 ] } },
{ "type": "Feature", "properties": { "osm_id": "node/3956126838", "name": "Accessible Toilet", "amenity_type": "accessible_toilet", "amenity": "toilets", "wheelchair": "yes", "toilets:wheelchair": null, "opening_hours": null, "operator": null, "description": null, "is_accessible": true, "latitude": -37.861839, "longitude": 144.8342602 }, "geometry": { "type": "Point", "coordinates": [ 144.834260199999989, -37.861839 ] } },
{ "type": "Feature", "properties": { "osm_id": "node/3980840972", "name": "Accessible Toilet", "amenity_type": "accessible_toilet", "amenity": "toilets", "wheelchair": null, "toilets:wheelchair": null, "opening_hours": null, "operator": null, "description": null, "is_accessible": true, "latitude": -38.4432101, "longitude": 144.9289352 }, "geometry": { "type": "Point", "coordinates": [ 144.928935200000012, -38.4432101 ] } },
{ "type": "Feature", "properties": { "osm_id": "node/3991845986", "name": "Accessible Toilet", "amenity_type": "accessible_toilet", "amenity": "toilets", "wheelchair": null, "toilets:wheelchair": null, "opening_hours": null, "operator": null, "description": null, "is_accessible": true, "latitude": -37.7102868, "longitude": 145.7106116 }, "geometry": { "type": "Point", "coordinates": [ 145.7106116, -37.7102868 ] } },
{ "type": "Feature", "properties": { "osm_id": "node/3992753497", "name": "Accessible Toilet", "amenity_type": "accessible_toilet", "amenity": "toilets", "wheelchair": null, "toilets:wheelchair": null, "opening_hours": null, "operator": null, "description": null, "is_accessible": true, "latitude": 28.0983501, "longitude": -80.6305297 }, "geometry": { "type": "Point", "coordinates": [ -80.6305297, 28.0983501 ] } },
{ "type": "Feature", "properties": { "osm_id": "node/4005148166", "name": "Accessible Toilet", "amenity_type": "accessible_toilet", "amenity": "toilets", "wheelchair": null, "toilets:wheelchair": null, "opening_hours": null, "operator": null, "description": null, "is_accessible": true, "latitude": -37.6915727, "longitude": 144.9358863 }, "geometry": { "type": "Point", "coordinates": [ 144.9358863, -37.6915727 ] } },
{ "type": "Feature", "properties": { "osm_id": "node/4010457759", "name": "Accessible Toilet", "amenity_type": "accessible_toilet", "amenity": "toilets", "wheelchair": null, "toilets:wheelchair": null, "opening_hours": null, "operator": null, "description": null, "is_accessible": true, "latitude": -37.7003568, "longitude": 144.7748526 }, "geometry": { "type": "Point", "coordinates": [ 144.7748526, -37.7003568 ] } },
{ "type": "Feature", "properties": { "osm_id": "node/4017426049", "name": "Accessible Toilet", "amenity_type": "accessible_toilet", "amenity": "toilets", "wheelchair": "yes", "toilets:wheelchair": null, "opening_hours": null, "operator": null, "description": null, "is_accessible": true, "latitude": -37.8425346, "longitude": 144.8822747 }, "geometry": { "type": "Point", "coordinates": [ 144.882274700000011, -37.8425346 ] } },
{ "type": "Feature", "properties": { "osm_id": "node/4039522556", "name": "Accessible Toilet", "amenity_type": "accessible_toilet", "amenity": "toilets", "wheelchair": null, "toilets:wheelchair": null, "opening_hours": null, "operator": null, "description": null, "is_accessible": true, "latitude": -38.010891, "longitude": 145.0901221 }, "geometry": { "type": "Point", "coordinates": [ 145.0901221, -38.010891 ] } },
{ "type": "Feature", "properties": { "osm_id": "node/4045530475", "name": "Accessible Toilet", "amenity_type": "accessible_toilet", "amenity": "toilets", "wheelchair": null, "toilets:wheelchair": null, "opening_hours": null, "operator": null, "description": null, "is_accessible": true, "latitude": -37.6849328, "longitude": 144.589288 }, "geometry": { "type": "Point", "coordinates": [ 144.589288, -37.6849328 ] } },
{ "type": "Feature", "properties": { "osm_id": "node/4064509756", "name": "Accessible Toilet", "amenity_type": "accessible_toilet", "amenity": "toilets", "wheelchair": null, "toilets:wheelchair": null, "opening_hours": null, "operator": null, "description": null, "is_accessible": true, "latitude": -37.9838702, "longitude": 145.134241 }, "geometry": { "type": "Point", "coordinates": [ 145.134241, -37.9838702 ] } },
{ "type": "Feature", "properties": { "osm_id": "node/4066505273", "name": "Accessible Toilet", "amenity_type": "accessible_toilet", "amenity": "toilets", "wheelchair": null, "toilets:wheelchair": null, "opening_hours": null, "operator": null, "description": null, "is_accessible": true, "latitude": -37.8984681, "longitude": 145.2314238 }, "geometry": { "type": "Point", "coordinates": [ 145.231423799999988, -37.8984681 ] } },
{ "type": "Feature", "properties": { "osm_id": "node/4072843550", "name": "Accessible Toilet", "amenity_type": "accessible_toilet", "amenity": "toilets", "wheelchair": "no", "toilets:wheelchair": null, "opening_hours": null, "operator": "Glenn College", "description": null, "is_accessible": true, "latitude": -37.7205285, "longitude": 145.0512256 }, "geometry": { "type": "Point", "coordinates": [ 145.0512256, -37.7205285 ] } },
{ "type": "Feature", "properties": { "osm_id": "node/4072843551", "name": "Accessible Toilet", "amenity_type": "accessible_toilet", "amenity": "toilets", "wheelchair": "no", "toilets:wheelchair": null, "opening_hours": null, "operator": "Glenn College", "description": null, "is_accessible": true, "latitude": -37.720573, "longitude": 145.0514348 }, "geometry": { "type": "Point", "coordinates": [ 145.05143480000001, -37.720573 ] } },
{ "type": "Feature", "properties": { "osm_id": "node/4074272589", "name": "Accessible Toilet", "amenity_type": "accessible_toilet", "amenity": "toilets", "wheelchair": "yes", "toilets:wheelchair": null, "opening_hours": null, "operator": null, "description": null, "is_accessible": true, "latitude": -37.7788184, "longitude": 145.1609356 }, "geometry": { "type": "Point", "coordinates": [ 145.160935599999988, -37.7788184 ] } },
{ "type": "Feature", "properties": { "osm_id": "node/4094589136", "name": "Accessible Toilet", "amenity_type": "accessible_toilet", "amenity": "toilets", "wheelchair": null, "toilets:wheelchair": null, "opening_hours": null, "operator": null, "description": null, "is_accessible": true, "latitude": -37.5799376, "longitude": 144.7359788 }, "geometry": { "type": "Point", "coordinates": [ 144.7359788, -37.5799376 ] } },
{ "type": "Feature", "properties": { "osm_id": "node/4127640613", "name": "Accessible Toilet", "amenity_type": "accessible_toilet", "amenity": "toilets", "wheelchair": "no", "toilets:wheelchair": null, "opening_hours": null, "operator": null, "description": null, "is_accessible": true, "latitude": -37.777994, "longitude": 145.0497924 }, "geometry": { "type": "Point", "coordinates": [ 145.0497924, -37.777994 ] } },
{ "type": "Feature", "properties": { "osm_id": "node/4142403697", "name": "Accessible Toilet", "amenity_type": "accessible_toilet", "amenity": "toilets", "wheelchair": null, "toilets:wheelchair": null, "opening_hours": null, "operator": null, "description": null, "is_accessible": true, "latitude": -37.7664069, "longitude": 144.9246285 }, "geometry": { "type": "Point", "coordinates": [ 144.924628500000011, -37.7664069 ] } },
{ "type": "Feature", "properties": { "osm_id": "node/4186008544", "name": "Accessible Toilet", "amenity_type": "accessible_toilet", "amenity": "toilets", "wheelchair": null, "toilets:wheelchair": null, "opening_hours": null, "operator": null, "description": null, "is_accessible": true, "latitude": -37.8978948, "longitude": 144.9863042 }, "geometry": { "type": "Point", "coordinates": [ 144.9863042, -37.8978948 ] } },
{ "type": "Feature", "properties": { "osm_id": "node/4194557573", "name": "Accessible Toilet", "amenity_type": "accessible_toilet", "amenity": "toilets", "wheelchair": null, "toilets:wheelchair": null, "opening_hours": null, "operator": null, "description": null, "is_accessible": true, "latitude": -37.8843544, "longitude": 144.7355504 }, "geometry": { "type": "Point", "coordinates": [ 144.7355504, -37.8843544 ] } },
{ "type": "Feature", "properties": { "osm_id": "node/4234705030", "name": "Accessible Toilet", "amenity_type": "accessible_toilet", "amenity": "toilets", "wheelchair": "yes", "toilets:wheelchair": null, "opening_hours": null, "operator": null, "description": null, "is_accessible": true, "latitude": -37.9405948, "longitude": 145.0535845 }, "geometry": { "type": "Point", "coordinates": [ 145.0535845, -37.9405948 ] } },
{ "type": "Feature", "properties": { "osm_id": "node/4256462572", "name": "Accessible Toilet", "amenity_type": "accessible_toilet", "amenity": "toilets", "wheelchair": null, "toilets:wheelchair": null, "opening_hours": null, "operator": null, "description": null, "is_accessible": true, "latitude": -37.8869111, "longitude": 145.0102495 }, "geometry": { "type": "Point", "coordinates": [ 145.010249499999986, -37.8869111 ] } },
{ "type": "Feature", "properties": { "osm_id": "node/4258262516", "name": "Accessible Toilet", "amenity_type": "accessible_toilet", "amenity": "toilets", "wheelchair": "yes", "toilets:wheelchair": null, "opening_hours": null, "operator": null, "description": null, "is_accessible": true, "latitude": -37.7081725, "longitude": 145.0729084 }, "geometry": { "type": "Point", "coordinates": [ 145.072908399999989, -37.7081725 ] } },
{ "type": "Feature", "properties": { "osm_id": "node/4296241314", "name": "Inside Centre", "amenity_type": "accessible_toilet", "amenity": "toilets", "wheelchair": null, "toilets:wheelchair": null, "opening_hours": null, "operator": null, "description": null, "is_accessible": true, "latitude": -37.7805908, "longitude": 144.8313359 }, "geometry": { "type": "Point", "coordinates": [ 144.8313359, -37.7805908 ] } },
{ "type": "Feature", "properties": { "osm_id": "node/4303831641", "name": "Accessible Toilet", "amenity_type": "accessible_toilet", "amenity": "toilets", "wheelchair": null, "toilets:wheelchair": null, "opening_hours": null, "operator": null, "description": null, "is_accessible": true, "latitude": -38.0794586, "longitude": 145.4846424 }, "geometry": { "type": "Point", "coordinates": [ 145.484642400000013, -38.0794586 ] } },
{ "type": "Feature", "properties": { "osm_id": "node/4319205455", "name": "Kalang Pavilion public toilet", "amenity_type": "accessible_toilet", "amenity": "toilets", "wheelchair": null, "toilets:wheelchair": null, "opening_hours": null, "operator": "City of Whitehorse", "description": "Open daylight hours only", "is_accessible": true, "latitude": -37.8280262, "longitude": 145.1427841 }, "geometry": { "type": "Point", "coordinates": [ 145.1427841, -37.8280262 ] } },
{ "type": "Feature", "properties": { "osm_id": "node/4330537883", "name": "Accessible Toilet", "amenity_type": "accessible_toilet", "amenity": "toilets", "wheelchair": null, "toilets:wheelchair": null, "opening_hours": null, "operator": null, "description": null, "is_accessible": true, "latitude": -37.6361938, "longitude": 145.1025001 }, "geometry": { "type": "Point", "coordinates": [ 145.102500099999986, -37.6361938 ] } },
{ "type": "Feature", "properties": { "osm_id": "node/4334869027", "name": "Accessible Toilet", "amenity_type": "accessible_toilet", "amenity": "toilets", "wheelchair": "yes", "toilets:wheelchair": null, "opening_hours": null, "operator": null, "description": null, "is_accessible": true, "latitude": -37.9117739, "longitude": 145.132399 }, "geometry": { "type": "Point", "coordinates": [ 145.132399, -37.9117739 ] } },
{ "type": "Feature", "properties": { "osm_id": "node/4334869028", "name": "Accessible Toilet", "amenity_type": "accessible_toilet", "amenity": "toilets", "wheelchair": null, "toilets:wheelchair": null, "opening_hours": null, "operator": null, "description": null, "is_accessible": true, "latitude": -37.9117781, "longitude": 145.1333861 }, "geometry": { "type": "Point", "coordinates": [ 145.1333861, -37.9117781 ] } },
{ "type": "Feature", "properties": { "osm_id": "node/4358215766", "name": "Accessible Toilet", "amenity_type": "accessible_toilet", "amenity": "toilets", "wheelchair": null, "toilets:wheelchair": null, "opening_hours": null, "operator": null, "description": null, "is_accessible": true, "latitude": -38.1546492, "longitude": 145.1187318 }, "geometry": { "type": "Point", "coordinates": [ 145.1187318, -38.1546492 ] } },
{ "type": "Feature", "properties": { "osm_id": "node/4381725090", "name": "Accessible Toilet", "amenity_type": "accessible_toilet", "amenity": "toilets", "wheelchair": null, "toilets:wheelchair": null, "opening_hours": null, "operator": null, "description": null, "is_accessible": true, "latitude": -37.7885395, "longitude": 144.990552 }, "geometry": { "type": "Point", "coordinates": [ 144.990552, -37.7885395 ] } },
{ "type": "Feature", "properties": { "osm_id": "node/4407995424", "name": "Accessible Toilet", "amenity_type": "accessible_toilet", "amenity": "toilets", "wheelchair": null, "toilets:wheelchair": null, "opening_hours": null, "operator": null, "description": null, "is_accessible": true, "latitude": -37.7616132, "longitude": 145.4484419 }, "geometry": { "type": "Point", "coordinates": [ 145.4484419, -37.7616132 ] } },
{ "type": "Feature", "properties": { "osm_id": "node/4407995425", "name": "Accessible Toilet", "amenity_type": "accessible_toilet", "amenity": "toilets", "wheelchair": null, "toilets:wheelchair": null, "opening_hours": null, "operator": null, "description": null, "is_accessible": true, "latitude": -37.7655625, "longitude": 145.4449103 }, "geometry": { "type": "Point", "coordinates": [ 145.4449103, -37.7655625 ] } },
{ "type": "Feature", "properties": { "osm_id": "node/4424433995", "name": "Accessible Toilet", "amenity_type": "accessible_toilet", "amenity": "toilets", "wheelchair": null, "toilets:wheelchair": null, "opening_hours": null, "operator": null, "description": null, "is_accessible": true, "latitude": 28.1661648, "longitude": -80.663262 }, "geometry": { "type": "Point", "coordinates": [ -80.663262, 28.1661648 ] } },
{ "type": "Feature", "properties": { "osm_id": "node/4431763414", "name": "Accessible Toilet", "amenity_type": "accessible_toilet", "amenity": "toilets", "wheelchair": null, "toilets:wheelchair": null, "opening_hours": null, "operator": null, "description": null, "is_accessible": true, "latitude": -37.8391742, "longitude": 145.2678944 }, "geometry": { "type": "Point", "coordinates": [ 145.267894399999989, -37.8391742 ] } },
{ "type": "Feature", "properties": { "osm_id": "node/4440070239", "name": "Accessible Toilet", "amenity_type": "accessible_toilet", "amenity": "toilets", "wheelchair": null, "toilets:wheelchair": null, "opening_hours": null, "operator": null, "description": null, "is_accessible": true, "latitude": -38.0074447, "longitude": 145.0860174 }, "geometry": { "type": "Point", "coordinates": [ 145.0860174, -38.0074447 ] } },
{ "type": "Feature", "properties": { "osm_id": "node/4448642012", "name": "Accessible Toilet", "amenity_type": "accessible_toilet", "amenity": "toilets", "wheelchair": "yes", "toilets:wheelchair": null, "opening_hours": null, "operator": "City of Boroondara", "description": null, "is_accessible": true, "latitude": -37.8107311, "longitude": 145.0895164 }, "geometry": { "type": "Point", "coordinates": [ 145.0895164, -37.8107311 ] } },
{ "type": "Feature", "properties": { "osm_id": "node/4451211159", "name": "Accessible Toilet", "amenity_type": "accessible_toilet", "amenity": "toilets", "wheelchair": "yes", "toilets:wheelchair": null, "opening_hours": null, "operator": null, "description": null, "is_accessible": true, "latitude": -37.8530864, "longitude": 145.1484561 }, "geometry": { "type": "Point", "coordinates": [ 145.1484561, -37.8530864 ] } },
{ "type": "Feature", "properties": { "osm_id": "node/4451211169", "name": "Accessible Toilet", "amenity_type": "accessible_toilet", "amenity": "toilets", "wheelchair": null, "toilets:wheelchair": null, "opening_hours": null, "operator": null, "description": null, "is_accessible": true, "latitude": -37.8533638, "longitude": 145.1512104 }, "geometry": { "type": "Point", "coordinates": [ 145.1512104, -37.8533638 ] } },
{ "type": "Feature", "properties": { "osm_id": "node/4466038290", "name": "Accessible Toilet", "amenity_type": "accessible_toilet", "amenity": "toilets", "wheelchair": null, "toilets:wheelchair": null, "opening_hours": null, "operator": null, "description": null, "is_accessible": true, "latitude": -37.8268965, "longitude": 144.9746555 }, "geometry": { "type": "Point", "coordinates": [ 144.974655500000011, -37.8268965 ] } },
{ "type": "Feature", "properties": { "osm_id": "node/4466279582", "name": "Accessible Toilet", "amenity_type": "accessible_toilet", "amenity": "toilets", "wheelchair": null, "toilets:wheelchair": null, "opening_hours": null, "operator": null, "description": null, "is_accessible": true, "latitude": -37.7818524, "longitude": 144.8315093 }, "geometry": { "type": "Point", "coordinates": [ 144.8315093, -37.7818524 ] } },
{ "type": "Feature", "properties": { "osm_id": "node/4469488590", "name": "Accessible Toilet", "amenity_type": "accessible_toilet", "amenity": "toilets", "wheelchair": null, "toilets:wheelchair": null, "opening_hours": null, "operator": null, "description": null, "is_accessible": true, "latitude": -37.8102553, "longitude": 144.9768469 }, "geometry": { "type": "Point", "coordinates": [ 144.9768469, -37.8102553 ] } },
{ "type": "Feature", "properties": { "osm_id": "node/4469529790", "name": "Accessible Toilet", "amenity_type": "accessible_toilet", "amenity": "toilets", "wheelchair": null, "toilets:wheelchair": null, "opening_hours": "Mo-Su 09:00-17:00", "operator": null, "description": null, "is_accessible": true, "latitude": -37.814944, "longitude": 144.9792162 }, "geometry": { "type": "Point", "coordinates": [ 144.9792162, -37.814944 ] } },
{ "type": "Feature", "properties": { "osm_id": "node/4474353258", "name": "Accessible Toilet", "amenity_type": "accessible_toilet", "amenity": "toilets", "wheelchair": null, "toilets:wheelchair": null, "opening_hours": null, "operator": null, "description": null, "is_accessible": true, "latitude": -38.3682248, "longitude": 144.8127753 }, "geometry": { "type": "Point", "coordinates": [ 144.8127753, -38.3682248 ] } },
{ "type": "Feature", "properties": { "osm_id": "node/4474359420", "name": "Accessible Toilet", "amenity_type": "accessible_toilet", "amenity": "toilets", "wheelchair": "yes", "toilets:wheelchair": null, "opening_hours": null, "operator": null, "description": null, "is_accessible": true, "latitude": -38.3701778, "longitude": 144.8226394 }, "geometry": { "type": "Point", "coordinates": [ 144.822639400000014, -38.3701778 ] } },
{ "type": "Feature", "properties": { "osm_id": "node/4474359855", "name": "Accessible Toilet", "amenity_type": "accessible_toilet", "amenity": "toilets", "wheelchair": null, "toilets:wheelchair": null, "opening_hours": null, "operator": null, "description": null, "is_accessible": true, "latitude": -37.8283686, "longitude": 145.0502561 }, "geometry": { "type": "Point", "coordinates": [ 145.050256100000013, -37.8283686 ] } },
{ "type": "Feature", "properties": { "osm_id": "node/4540647817", "name": "Accessible Toilet", "amenity_type": "accessible_toilet", "amenity": "toilets", "wheelchair": "yes", "toilets:wheelchair": null, "opening_hours": null, "operator": null, "description": null, "is_accessible": true, "latitude": -37.7219821, "longitude": 144.9398971 }, "geometry": { "type": "Point", "coordinates": [ 144.9398971, -37.7219821 ] } },
{ "type": "Feature", "properties": { "osm_id": "node/4550665865", "name": "Accessible Toilet", "amenity_type": "accessible_toilet", "amenity": "toilets", "wheelchair": null, "toilets:wheelchair": null, "opening_hours": null, "operator": null, "description": null, "is_accessible": true, "latitude": -37.7656604, "longitude": 144.9830819 }, "geometry": { "type": "Point", "coordinates": [ 144.9830819, -37.7656604 ] } },
{ "type": "Feature", "properties": { "osm_id": "node/4564648842", "name": "Accessible Toilet", "amenity_type": "accessible_toilet", "amenity": "toilets", "wheelchair": null, "toilets:wheelchair": null, "opening_hours": null, "operator": null, "description": null, "is_accessible": true, "latitude": -38.4767091, "longitude": 145.0246892 }, "geometry": { "type": "Point", "coordinates": [ 145.024689200000012, -38.4767091 ] } },
{ "type": "Feature", "properties": { "osm_id": "node/4585115034", "name": "Accessible Toilet", "amenity_type": "accessible_toilet", "amenity": "toilets", "wheelchair": null, "toilets:wheelchair": null, "opening_hours": null, "operator": null, "description": null, "is_accessible": true, "latitude": -38.31043, "longitude": 145.197469 }, "geometry": { "type": "Point", "coordinates": [ 145.197469, -38.31043 ] } },
{ "type": "Feature", "properties": { "osm_id": "node/4601496276", "name": "Accessible Toilet", "amenity_type": "accessible_toilet", "amenity": "toilets", "wheelchair": null, "toilets:wheelchair": null, "opening_hours": null, "operator": null, "description": null, "is_accessible": true, "latitude": -37.6916142, "longitude": 144.5887929 }, "geometry": { "type": "Point", "coordinates": [ 144.588792899999987, -37.6916142 ] } },
{ "type": "Feature", "properties": { "osm_id": "node/4601497299", "name": "Accessible Toilet", "amenity_type": "accessible_toilet", "amenity": "toilets", "wheelchair": "yes", "toilets:wheelchair": null, "opening_hours": null, "operator": null, "description": null, "is_accessible": true, "latitude": -37.8389753, "longitude": 144.966586 }, "geometry": { "type": "Point", "coordinates": [ 144.966586, -37.8389753 ] } },
{ "type": "Feature", "properties": { "osm_id": "node/4605036051", "name": "Accessible Toilet", "amenity_type": "accessible_toilet", "amenity": "toilets", "wheelchair": null, "toilets:wheelchair": null, "opening_hours": null, "operator": null, "description": null, "is_accessible": true, "latitude": -38.0636197, "longitude": 145.4557314 }, "geometry": { "type": "Point", "coordinates": [ 145.4557314, -38.0636197 ] } },
{ "type": "Feature", "properties": { "osm_id": "node/4605036689", "name": "Accessible Toilet", "amenity_type": "accessible_toilet", "amenity": "toilets", "wheelchair": null, "toilets:wheelchair": null, "opening_hours": null, "operator": null, "description": null, "is_accessible": true, "latitude": -38.369788, "longitude": 144.8194962 }, "geometry": { "type": "Point", "coordinates": [ 144.8194962, -38.369788 ] } },
{ "type": "Feature", "properties": { "osm_id": "node/4619723846", "name": "Accessible Toilet", "amenity_type": "accessible_toilet", "amenity": "toilets", "wheelchair": null, "toilets:wheelchair": null, "opening_hours": null, "operator": null, "description": null, "is_accessible": true, "latitude": -37.8061123, "longitude": 145.0315896 }, "geometry": { "type": "Point", "coordinates": [ 145.0315896, -37.8061123 ] } },
{ "type": "Feature", "properties": { "osm_id": "node/4626523520", "name": "Accessible Toilet", "amenity_type": "accessible_toilet", "amenity": "toilets", "wheelchair": "yes", "toilets:wheelchair": null, "opening_hours": null, "operator": null, "description": null, "is_accessible": true, "latitude": -37.8390601, "longitude": 144.966424 }, "geometry": { "type": "Point", "coordinates": [ 144.966424, -37.8390601 ] } },
{ "type": "Feature", "properties": { "osm_id": "node/4643371787", "name": "Accessible Toilet", "amenity_type": "accessible_toilet", "amenity": "toilets", "wheelchair": null, "toilets:wheelchair": null, "opening_hours": null, "operator": null, "description": null, "is_accessible": true, "latitude": -38.2025018, "longitude": 145.2326634 }, "geometry": { "type": "Point", "coordinates": [ 145.2326634, -38.2025018 ] } },
{ "type": "Feature", "properties": { "osm_id": "node/4643371890", "name": "Accessible Toilet", "amenity_type": "accessible_toilet", "amenity": "toilets", "wheelchair": null, "toilets:wheelchair": null, "opening_hours": null, "operator": null, "description": "Not sure if this is open every day.  Subject to removal.", "is_accessible": true, "latitude": -37.9917685, "longitude": 145.0893379 }, "geometry": { "type": "Point", "coordinates": [ 145.0893379, -37.9917685 ] } },
{ "type": "Feature", "properties": { "osm_id": "node/4654385370", "name": "Accessible Toilet", "amenity_type": "accessible_toilet", "amenity": "toilets", "wheelchair": "yes", "toilets:wheelchair": null, "opening_hours": null, "operator": null, "description": null, "is_accessible": true, "latitude": -37.7669507, "longitude": 145.2379191 }, "geometry": { "type": "Point", "coordinates": [ 145.2379191, -37.7669507 ] } },
{ "type": "Feature", "properties": { "osm_id": "node/4677404873", "name": "Accessible Toilet", "amenity_type": "accessible_toilet", "amenity": "toilets", "wheelchair": "limited", "toilets:wheelchair": null, "opening_hours": null, "operator": "Melbourne Airport", "description": null, "is_accessible": true, "latitude": -37.67075, "longitude": 144.8485534 }, "geometry": { "type": "Point", "coordinates": [ 144.848553399999986, -37.67075 ] } },
{ "type": "Feature", "properties": { "osm_id": "node/4677404874", "name": "Accessible Toilet", "amenity_type": "accessible_toilet", "amenity": "toilets", "wheelchair": null, "toilets:wheelchair": null, "opening_hours": null, "operator": "Melbourne Airport", "description": null, "is_accessible": true, "latitude": -37.6707711, "longitude": 144.8485571 }, "geometry": { "type": "Point", "coordinates": [ 144.8485571, -37.6707711 ] } },
{ "type": "Feature", "properties": { "osm_id": "node/4678134787", "name": "Accessible Toilet", "amenity_type": "accessible_toilet", "amenity": "toilets", "wheelchair": null, "toilets:wheelchair": null, "opening_hours": null, "operator": null, "description": null, "is_accessible": true, "latitude": -37.7214809, "longitude": 144.87659 }, "geometry": { "type": "Point", "coordinates": [ 144.87659, -37.7214809 ] } },
{ "type": "Feature", "properties": { "osm_id": "node/4681500789", "name": "Accessible Toilet", "amenity_type": "accessible_toilet", "amenity": "toilets", "wheelchair": "yes", "toilets:wheelchair": null, "opening_hours": null, "operator": "exeloo", "description": null, "is_accessible": true, "latitude": -37.8163507, "longitude": 144.8893291 }, "geometry": { "type": "Point", "coordinates": [ 144.8893291, -37.8163507 ] } },
{ "type": "Feature", "properties": { "osm_id": "node/4702454553", "name": "Accessible Toilet", "amenity_type": "accessible_toilet", "amenity": "toilets", "wheelchair": null, "toilets:wheelchair": null, "opening_hours": null, "operator": null, "description": null, "is_accessible": true, "latitude": -37.9657751, "longitude": 145.0494575 }, "geometry": { "type": "Point", "coordinates": [ 145.049457499999988, -37.9657751 ] } },
{ "type": "Feature", "properties": { "osm_id": "node/4706176296", "name": "Accessible Toilet", "amenity_type": "accessible_toilet", "amenity": "toilets", "wheelchair": null, "toilets:wheelchair": null, "opening_hours": null, "operator": null, "description": null, "is_accessible": true, "latitude": -37.812753, "longitude": 145.5094385 }, "geometry": { "type": "Point", "coordinates": [ 145.509438499999987, -37.812753 ] } },
{ "type": "Feature", "properties": { "osm_id": "node/4708952307", "name": "Accessible Toilet", "amenity_type": "accessible_toilet", "amenity": "toilets", "wheelchair": null, "toilets:wheelchair": null, "opening_hours": null, "operator": null, "description": null, "is_accessible": true, "latitude": -37.8301548, "longitude": 145.0517833 }, "geometry": { "type": "Point", "coordinates": [ 145.051783300000011, -37.8301548 ] } },
{ "type": "Feature", "properties": { "osm_id": "node/4719447382", "name": "Hays Paddock Public Restoom", "amenity_type": "accessible_toilet", "amenity": "toilets", "wheelchair": "yes", "toilets:wheelchair": null, "opening_hours": "24/7", "operator": null, "description": null, "is_accessible": true, "latitude": -37.7892133, "longitude": 145.0579255 }, "geometry": { "type": "Point", "coordinates": [ 145.05792550000001, -37.7892133 ] } },
{ "type": "Feature", "properties": { "osm_id": "node/4783046364", "name": "Accessible Toilet", "amenity_type": "accessible_toilet", "amenity": "toilets", "wheelchair": null, "toilets:wheelchair": null, "opening_hours": null, "operator": null, "description": null, "is_accessible": true, "latitude": -37.7043877, "longitude": 145.0756024 }, "geometry": { "type": "Point", "coordinates": [ 145.0756024, -37.7043877 ] } },
{ "type": "Feature", "properties": { "osm_id": "node/4787668023", "name": "Accessible Toilet", "amenity_type": "accessible_toilet", "amenity": "toilets", "wheelchair": "yes", "toilets:wheelchair": null, "opening_hours": null, "operator": null, "description": null, "is_accessible": true, "latitude": -37.8626332, "longitude": 144.9718879 }, "geometry": { "type": "Point", "coordinates": [ 144.971887900000013, -37.8626332 ] } },
{ "type": "Feature", "properties": { "osm_id": "node/4787886823", "name": "Accessible Toilet", "amenity_type": "accessible_toilet", "amenity": "toilets", "wheelchair": "yes", "toilets:wheelchair": null, "opening_hours": null, "operator": null, "description": null, "is_accessible": true, "latitude": -37.6683598, "longitude": 144.8466614 }, "geometry": { "type": "Point", "coordinates": [ 144.846661399999988, -37.6683598 ] } },
{ "type": "Feature", "properties": { "osm_id": "node/4787886938", "name": "Accessible Toilet", "amenity_type": "accessible_toilet", "amenity": "toilets", "wheelchair": "yes", "toilets:wheelchair": null, "opening_hours": null, "operator": null, "description": null, "is_accessible": true, "latitude": -37.6691173, "longitude": 144.8474807 }, "geometry": { "type": "Point", "coordinates": [ 144.8474807, -37.6691173 ] } },
{ "type": "Feature", "properties": { "osm_id": "node/4788099877", "name": "Accessible Toilet", "amenity_type": "accessible_toilet", "amenity": "toilets", "wheelchair": null, "toilets:wheelchair": null, "opening_hours": null, "operator": null, "description": null, "is_accessible": true, "latitude": -37.855012, "longitude": 145.3646107 }, "geometry": { "type": "Point", "coordinates": [ 145.364610699999986, -37.855012 ] } },
{ "type": "Feature", "properties": { "osm_id": "node/4827983551", "name": "Accessible Toilet", "amenity_type": "accessible_toilet", "amenity": "toilets", "wheelchair": null, "toilets:wheelchair": null, "opening_hours": null, "operator": null, "description": null, "is_accessible": true, "latitude": -37.8937352, "longitude": 145.0492485 }, "geometry": { "type": "Point", "coordinates": [ 145.0492485, -37.8937352 ] } },
{ "type": "Feature", "properties": { "osm_id": "node/4867867390", "name": "Accessible Toilet", "amenity_type": "accessible_toilet", "amenity": "toilets", "wheelchair": null, "toilets:wheelchair": null, "opening_hours": null, "operator": null, "description": null, "is_accessible": true, "latitude": -37.7809442, "longitude": 145.5671152 }, "geometry": { "type": "Point", "coordinates": [ 145.567115199999989, -37.7809442 ] } },
{ "type": "Feature", "properties": { "osm_id": "node/4879607291", "name": "Accessible Toilet", "amenity_type": "accessible_toilet", "amenity": "toilets", "wheelchair": null, "toilets:wheelchair": null, "opening_hours": null, "operator": null, "description": null, "is_accessible": true, "latitude": -37.8639511, "longitude": 145.4256831 }, "geometry": { "type": "Point", "coordinates": [ 145.425683099999986, -37.8639511 ] } },
{ "type": "Feature", "properties": { "osm_id": "node/4898640323", "name": "Accessible Toilet", "amenity_type": "accessible_toilet", "amenity": "toilets", "wheelchair": null, "toilets:wheelchair": null, "opening_hours": null, "operator": null, "description": null, "is_accessible": true, "latitude": -37.652943, "longitude": 145.517369 }, "geometry": { "type": "Point", "coordinates": [ 145.517369, -37.652943 ] } },
{ "type": "Feature", "properties": { "osm_id": "node/4898664822", "name": "Accessible Toilet", "amenity_type": "accessible_toilet", "amenity": "toilets", "wheelchair": "yes", "toilets:wheelchair": null, "opening_hours": null, "operator": null, "description": null, "is_accessible": true, "latitude": -37.652443, "longitude": 145.518375 }, "geometry": { "type": "Point", "coordinates": [ 145.518375, -37.652443 ] } },
{ "type": "Feature", "properties": { "osm_id": "node/4908321373", "name": "Accessible Toilet", "amenity_type": "accessible_toilet", "amenity": "toilets", "wheelchair": null, "toilets:wheelchair": null, "opening_hours": null, "operator": null, "description": null, "is_accessible": true, "latitude": -37.7007527, "longitude": 144.9588003 }, "geometry": { "type": "Point", "coordinates": [ 144.9588003, -37.7007527 ] } },
{ "type": "Feature", "properties": { "osm_id": "node/4931987444", "name": "Accessible Toilet", "amenity_type": "accessible_toilet", "amenity": "toilets", "wheelchair": "limited", "toilets:wheelchair": null, "opening_hours": null, "operator": null, "description": null, "is_accessible": true, "latitude": -37.9265517, "longitude": 145.0214647 }, "geometry": { "type": "Point", "coordinates": [ 145.0214647, -37.9265517 ] } },
{ "type": "Feature", "properties": { "osm_id": "node/4936339020", "name": "Accessible Toilet", "amenity_type": "accessible_toilet", "amenity": "toilets", "wheelchair": null, "toilets:wheelchair": null, "opening_hours": null, "operator": null, "description": null, "is_accessible": true, "latitude": -37.8767658, "longitude": 144.7958691 }, "geometry": { "type": "Point", "coordinates": [ 144.7958691, -37.8767658 ] } },
{ "type": "Feature", "properties": { "osm_id": "node/4950816213", "name": "Accessible Toilet", "amenity_type": "accessible_toilet", "amenity": "toilets", "wheelchair": "yes", "toilets:wheelchair": null, "opening_hours": null, "operator": null, "description": null, "is_accessible": true, "latitude": -38.3132022, "longitude": 144.6952285 }, "geometry": { "type": "Point", "coordinates": [ 144.695228500000013, -38.3132022 ] } },
{ "type": "Feature", "properties": { "osm_id": "node/4950869871", "name": "Accessible Toilet", "amenity_type": "accessible_toilet", "amenity": "toilets", "wheelchair": null, "toilets:wheelchair": null, "opening_hours": null, "operator": null, "description": null, "is_accessible": true, "latitude": -38.3353689, "longitude": 144.7419128 }, "geometry": { "type": "Point", "coordinates": [ 144.7419128, -38.3353689 ] } },
{ "type": "Feature", "properties": { "osm_id": "node/4958263481", "name": "Accessible Toilet", "amenity_type": "accessible_toilet", "amenity": "toilets", "wheelchair": null, "toilets:wheelchair": null, "opening_hours": null, "operator": null, "description": null, "is_accessible": true, "latitude": -38.0048178, "longitude": 145.4098617 }, "geometry": { "type": "Point", "coordinates": [ 145.4098617, -38.0048178 ] } },
{ "type": "Feature", "properties": { "osm_id": "node/4960750581", "name": "Accessible Toilet", "amenity_type": "accessible_toilet", "amenity": "toilets", "wheelchair": null, "toilets:wheelchair": null, "opening_hours": null, "operator": null, "description": null, "is_accessible": true, "latitude": -37.8873391, "longitude": 144.6501624 }, "geometry": { "type": "Point", "coordinates": [ 144.6501624, -37.8873391 ] } },
{ "type": "Feature", "properties": { "osm_id": "node/4961163033", "name": "Accessible Toilet", "amenity_type": "accessible_toilet", "amenity": "toilets", "wheelchair": null, "toilets:wheelchair": null, "opening_hours": null, "operator": null, "description": null, "is_accessible": true, "latitude": -37.9046177, "longitude": 144.6542758 }, "geometry": { "type": "Point", "coordinates": [ 144.6542758, -37.9046177 ] } },
{ "type": "Feature", "properties": { "osm_id": "node/4965683012", "name": "Accessible Toilet", "amenity_type": "accessible_toilet", "amenity": "toilets", "wheelchair": null, "toilets:wheelchair": null, "opening_hours": null, "operator": null, "description": null, "is_accessible": true, "latitude": -37.9619836, "longitude": 144.4967833 }, "geometry": { "type": "Point", "coordinates": [ 144.4967833, -37.9619836 ] } },
{ "type": "Feature", "properties": { "osm_id": "node/5001302980", "name": "Accessible Toilet", "amenity_type": "accessible_toilet", "amenity": "toilets", "wheelchair": "yes", "toilets:wheelchair": null, "opening_hours": null, "operator": null, "description": null, "is_accessible": true, "latitude": -37.8203792, "longitude": 145.1500024 }, "geometry": { "type": "Point", "coordinates": [ 145.1500024, -37.8203792 ] } },
{ "type": "Feature", "properties": { "osm_id": "node/5002592910", "name": "Accessible Toilet", "amenity_type": "accessible_toilet", "amenity": "toilets", "wheelchair": null, "toilets:wheelchair": null, "opening_hours": null, "operator": null, "description": null, "is_accessible": true, "latitude": -37.8125638, "longitude": 144.9511444 }, "geometry": { "type": "Point", "coordinates": [ 144.9511444, -37.8125638 ] } },
{ "type": "Feature", "properties": { "osm_id": "node/5045968657", "name": "Accessible Toilet", "amenity_type": "accessible_toilet", "amenity": "toilets", "wheelchair": null, "toilets:wheelchair": null, "opening_hours": null, "operator": null, "description": null, "is_accessible": true, "latitude": -37.8123513, "longitude": 145.0676943 }, "geometry": { "type": "Point", "coordinates": [ 145.0676943, -37.8123513 ] } },
{ "type": "Feature", "properties": { "osm_id": "node/5070413719", "name": "Accessible Toilet", "amenity_type": "accessible_toilet", "amenity": "toilets", "wheelchair": null, "toilets:wheelchair": null, "opening_hours": null, "operator": null, "description": null, "is_accessible": true, "latitude": -37.9643761, "longitude": 144.4993151 }, "geometry": { "type": "Point", "coordinates": [ 144.4993151, -37.9643761 ] } },
{ "type": "Feature", "properties": { "osm_id": "node/5129775672", "name": "Accessible Toilet", "amenity_type": "accessible_toilet", "amenity": "toilets", "wheelchair": "yes", "toilets:wheelchair": null, "opening_hours": null, "operator": null, "description": "male", "is_accessible": true, "latitude": -37.8387459, "longitude": 144.9563965 }, "geometry": { "type": "Point", "coordinates": [ 144.956396500000011, -37.8387459 ] } },
{ "type": "Feature", "properties": { "osm_id": "node/5129777171", "name": "Accessible Toilet", "amenity_type": "accessible_toilet", "amenity": "toilets", "wheelchair": "yes", "toilets:wheelchair": null, "opening_hours": null, "operator": null, "description": "female and male toilets", "is_accessible": true, "latitude": -37.8386088, "longitude": 144.9570671 }, "geometry": { "type": "Point", "coordinates": [ 144.957067099999989, -37.8386088 ] } },
{ "type": "Feature", "properties": { "osm_id": "node/5129777227", "name": "Accessible Toilet", "amenity_type": "accessible_toilet", "amenity": "toilets", "wheelchair": null, "toilets:wheelchair": null, "opening_hours": null, "operator": null, "description": null, "is_accessible": true, "latitude": -38.1140407, "longitude": 145.2838885 }, "geometry": { "type": "Point", "coordinates": [ 145.283888499999989, -38.1140407 ] } },
{ "type": "Feature", "properties": { "osm_id": "node/5149040124", "name": "Accessible Toilet", "amenity_type": "accessible_toilet", "amenity": "toilets", "wheelchair": null, "toilets:wheelchair": null, "opening_hours": null, "operator": null, "description": null, "is_accessible": true, "latitude": -37.818368, "longitude": 144.9652435 }, "geometry": { "type": "Point", "coordinates": [ 144.965243500000014, -37.818368 ] } },
{ "type": "Feature", "properties": { "osm_id": "node/5152897328", "name": "Accessible Toilet", "amenity_type": "accessible_toilet", "amenity": "toilets", "wheelchair": "yes", "toilets:wheelchair": null, "opening_hours": null, "operator": null, "description": null, "is_accessible": true, "latitude": -38.0849594, "longitude": 145.2913802 }, "geometry": { "type": "Point", "coordinates": [ 145.2913802, -38.0849594 ] } },
{ "type": "Feature", "properties": { "osm_id": "node/5174083922", "name": "Accessible Toilet", "amenity_type": "accessible_toilet", "amenity": "toilets", "wheelchair": "yes", "toilets:wheelchair": null, "opening_hours": null, "operator": null, "description": null, "is_accessible": true, "latitude": -37.8172808, "longitude": 144.9525371 }, "geometry": { "type": "Point", "coordinates": [ 144.9525371, -37.8172808 ] } },
{ "type": "Feature", "properties": { "osm_id": "node/5177182640", "name": "Accessible Toilet", "amenity_type": "accessible_toilet", "amenity": "toilets", "wheelchair": "yes", "toilets:wheelchair": null, "opening_hours": null, "operator": null, "description": null, "is_accessible": true, "latitude": -38.10252, "longitude": 145.1849347 }, "geometry": { "type": "Point", "coordinates": [ 145.184934700000014, -38.10252 ] } },
{ "type": "Feature", "properties": { "osm_id": "node/5187993662", "name": "Accessible Toilet", "amenity_type": "accessible_toilet", "amenity": "toilets", "wheelchair": null, "toilets:wheelchair": null, "opening_hours": null, "operator": null, "description": null, "is_accessible": true, "latitude": -37.9620683, "longitude": 145.1428862 }, "geometry": { "type": "Point", "coordinates": [ 145.1428862, -37.9620683 ] } },
{ "type": "Feature", "properties": { "osm_id": "node/5195525704", "name": "Accessible Toilet", "amenity_type": "accessible_toilet", "amenity": "toilets", "wheelchair": null, "toilets:wheelchair": null, "opening_hours": null, "operator": null, "description": null, "is_accessible": true, "latitude": -37.9508166, "longitude": 145.151832 }, "geometry": { "type": "Point", "coordinates": [ 145.151832, -37.9508166 ] } },
{ "type": "Feature", "properties": { "osm_id": "node/5200292059", "name": "Accessible Toilet", "amenity_type": "accessible_toilet", "amenity": "toilets", "wheelchair": null, "toilets:wheelchair": null, "opening_hours": null, "operator": null, "description": null, "is_accessible": true, "latitude": -37.9503779, "longitude": 145.1518996 }, "geometry": { "type": "Point", "coordinates": [ 145.1518996, -37.9503779 ] } },
{ "type": "Feature", "properties": { "osm_id": "node/5203746963", "name": "Accessible Toilet", "amenity_type": "accessible_toilet", "amenity": "toilets", "wheelchair": "yes", "toilets:wheelchair": null, "opening_hours": null, "operator": null, "description": null, "is_accessible": true, "latitude": -37.9488923, "longitude": 145.1505857 }, "geometry": { "type": "Point", "coordinates": [ 145.1505857, -37.9488923 ] } },
{ "type": "Feature", "properties": { "osm_id": "node/5213706358", "name": "Accessible Toilet", "amenity_type": "accessible_toilet", "amenity": "toilets", "wheelchair": null, "toilets:wheelchair": null, "opening_hours": null, "operator": null, "description": null, "is_accessible": true, "latitude": -37.9515196, "longitude": 145.1515693 }, "geometry": { "type": "Point", "coordinates": [ 145.1515693, -37.9515196 ] } },
{ "type": "Feature", "properties": { "osm_id": "node/5215371182", "name": "Accessible Toilet", "amenity_type": "accessible_toilet", "amenity": "toilets", "wheelchair": "yes", "toilets:wheelchair": null, "opening_hours": null, "operator": null, "description": null, "is_accessible": true, "latitude": -38.0722255, "longitude": 145.2485894 }, "geometry": { "type": "Point", "coordinates": [ 145.248589399999986, -38.0722255 ] } },
{ "type": "Feature", "properties": { "osm_id": "node/5242064486", "name": "Accessible Toilet", "amenity_type": "accessible_toilet", "amenity": "toilets", "wheelchair": null, "toilets:wheelchair": null, "opening_hours": null, "operator": null, "description": null, "is_accessible": true, "latitude": -37.9269397, "longitude": 145.118643 }, "geometry": { "type": "Point", "coordinates": [ 145.118643, -37.9269397 ] } },
{ "type": "Feature", "properties": { "osm_id": "node/5242180605", "name": "Accessible Toilet", "amenity_type": "accessible_toilet", "amenity": "toilets", "wheelchair": null, "toilets:wheelchair": null, "opening_hours": null, "operator": null, "description": null, "is_accessible": true, "latitude": -37.992645, "longitude": 145.268507 }, "geometry": { "type": "Point", "coordinates": [ 145.268507, -37.992645 ] } },
{ "type": "Feature", "properties": { "osm_id": "node/5242188583", "name": "Accessible Toilet", "amenity_type": "accessible_toilet", "amenity": "toilets", "wheelchair": null, "toilets:wheelchair": null, "opening_hours": null, "operator": null, "description": null, "is_accessible": true, "latitude": -37.9855149, "longitude": 145.2516441 }, "geometry": { "type": "Point", "coordinates": [ 145.2516441, -37.9855149 ] } },
{ "type": "Feature", "properties": { "osm_id": "node/5243455598", "name": "Accessible Toilet", "amenity_type": "accessible_toilet", "amenity": "toilets", "wheelchair": null, "toilets:wheelchair": null, "opening_hours": null, "operator": null, "description": null, "is_accessible": true, "latitude": -37.829602, "longitude": 144.8328331 }, "geometry": { "type": "Point", "coordinates": [ 144.832833099999988, -37.829602 ] } },
{ "type": "Feature", "properties": { "osm_id": "node/5279184835", "name": "Accessible Toilet", "amenity_type": "accessible_toilet", "amenity": "toilets", "wheelchair": null, "toilets:wheelchair": null, "opening_hours": null, "operator": null, "description": null, "is_accessible": true, "latitude": -37.9001171, "longitude": 145.1192769 }, "geometry": { "type": "Point", "coordinates": [ 145.119276899999988, -37.9001171 ] } },
{ "type": "Feature", "properties": { "osm_id": "node/5283411567", "name": "Accessible Toilet", "amenity_type": "accessible_toilet", "amenity": "toilets", "wheelchair": "yes", "toilets:wheelchair": null, "opening_hours": null, "operator": null, "description": null, "is_accessible": true, "latitude": -37.886095, "longitude": 145.0579617 }, "geometry": { "type": "Point", "coordinates": [ 145.0579617, -37.886095 ] } },
{ "type": "Feature", "properties": { "osm_id": "node/5283411605", "name": "Accessible Toilet", "amenity_type": "accessible_toilet", "amenity": "toilets", "wheelchair": null, "toilets:wheelchair": null, "opening_hours": null, "operator": null, "description": null, "is_accessible": true, "latitude": -37.8880515, "longitude": 145.0561778 }, "geometry": { "type": "Point", "coordinates": [ 145.0561778, -37.8880515 ] } },
{ "type": "Feature", "properties": { "osm_id": "node/5285524994", "name": "Accessible Toilet", "amenity_type": "accessible_toilet", "amenity": "toilets", "wheelchair": null, "toilets:wheelchair": null, "opening_hours": null, "operator": null, "description": null, "is_accessible": true, "latitude": -37.9856817, "longitude": 145.2150708 }, "geometry": { "type": "Point", "coordinates": [ 145.2150708, -37.9856817 ] } },
{ "type": "Feature", "properties": { "osm_id": "node/5288820468", "name": "Public Toilets", "amenity_type": "accessible_toilet", "amenity": "toilets", "wheelchair": "no", "toilets:wheelchair": null, "opening_hours": null, "operator": null, "description": null, "is_accessible": true, "latitude": -37.703867, "longitude": 145.0866334 }, "geometry": { "type": "Point", "coordinates": [ 145.086633400000011, -37.703867 ] } },
{ "type": "Feature", "properties": { "osm_id": "node/5309750662", "name": "Accessible Toilet", "amenity_type": "accessible_toilet", "amenity": "toilets", "wheelchair": null, "toilets:wheelchair": null, "opening_hours": null, "operator": null, "description": null, "is_accessible": true, "latitude": -37.6492212, "longitude": 144.8683323 }, "geometry": { "type": "Point", "coordinates": [ 144.8683323, -37.6492212 ] } },
{ "type": "Feature", "properties": { "osm_id": "node/5347920660", "name": "Accessible Toilet", "amenity_type": "accessible_toilet", "amenity": "toilets", "wheelchair": null, "toilets:wheelchair": null, "opening_hours": null, "operator": null, "description": null, "is_accessible": true, "latitude": -37.7219382, "longitude": 144.6626675 }, "geometry": { "type": "Point", "coordinates": [ 144.6626675, -37.7219382 ] } },
{ "type": "Feature", "properties": { "osm_id": "node/5368892744", "name": "Accessible Toilet", "amenity_type": "accessible_toilet", "amenity": "toilets", "wheelchair": null, "toilets:wheelchair": null, "opening_hours": null, "operator": null, "description": null, "is_accessible": true, "latitude": -37.8444814, "longitude": 145.0358658 }, "geometry": { "type": "Point", "coordinates": [ 145.03586580000001, -37.8444814 ] } },
{ "type": "Feature", "properties": { "osm_id": "node/5406506306", "name": "Accessible Toilet", "amenity_type": "accessible_toilet", "amenity": "toilets", "wheelchair": "no", "toilets:wheelchair": null, "opening_hours": null, "operator": null, "description": null, "is_accessible": true, "latitude": -37.8096244, "longitude": 144.9645764 }, "geometry": { "type": "Point", "coordinates": [ 144.9645764, -37.8096244 ] } },
{ "type": "Feature", "properties": { "osm_id": "node/5415397258", "name": "Accessible Toilet", "amenity_type": "accessible_toilet", "amenity": "toilets", "wheelchair": null, "toilets:wheelchair": null, "opening_hours": null, "operator": null, "description": null, "is_accessible": true, "latitude": -37.9059432, "longitude": 144.6660693 }, "geometry": { "type": "Point", "coordinates": [ 144.6660693, -37.9059432 ] } },
{ "type": "Feature", "properties": { "osm_id": "node/5417495955", "name": "Accessible Toilet", "amenity_type": "accessible_toilet", "amenity": "toilets", "wheelchair": null, "toilets:wheelchair": null, "opening_hours": null, "operator": null, "description": null, "is_accessible": true, "latitude": -37.7848225, "longitude": 144.9535004 }, "geometry": { "type": "Point", "coordinates": [ 144.9535004, -37.7848225 ] } },
{ "type": "Feature", "properties": { "osm_id": "node/5422012241", "name": "Accessible Toilet", "amenity_type": "accessible_toilet", "amenity": "toilets", "wheelchair": null, "toilets:wheelchair": null, "opening_hours": null, "operator": null, "description": null, "is_accessible": true, "latitude": -37.861092, "longitude": 144.995282 }, "geometry": { "type": "Point", "coordinates": [ 144.995282, -37.861092 ] } },
{ "type": "Feature", "properties": { "osm_id": "node/5423771044", "name": "Accessible Toilet", "amenity_type": "accessible_toilet", "amenity": "toilets", "wheelchair": null, "toilets:wheelchair": null, "opening_hours": null, "operator": null, "description": null, "is_accessible": true, "latitude": -37.9245051, "longitude": 145.0304854 }, "geometry": { "type": "Point", "coordinates": [ 145.0304854, -37.9245051 ] } },
{ "type": "Feature", "properties": { "osm_id": "node/5447052687", "name": "Accessible Toilet", "amenity_type": "accessible_toilet", "amenity": "toilets", "wheelchair": "yes", "toilets:wheelchair": null, "opening_hours": null, "operator": null, "description": null, "is_accessible": true, "latitude": -37.9668183, "longitude": 145.0560938 }, "geometry": { "type": "Point", "coordinates": [ 145.056093800000014, -37.9668183 ] } },
{ "type": "Feature", "properties": { "osm_id": "node/5465789672", "name": "Accessible Toilet", "amenity_type": "accessible_toilet", "amenity": "toilets", "wheelchair": "yes", "toilets:wheelchair": null, "opening_hours": null, "operator": null, "description": null, "is_accessible": true, "latitude": -37.8566517, "longitude": 145.0305026 }, "geometry": { "type": "Point", "coordinates": [ 145.0305026, -37.8566517 ] } },
{ "type": "Feature", "properties": { "osm_id": "node/5479365694", "name": "Accessible Toilet", "amenity_type": "accessible_toilet", "amenity": "toilets", "wheelchair": null, "toilets:wheelchair": null, "opening_hours": "Mo-Su 09:00-21:00", "operator": "Wyndham City Council", "description": null, "is_accessible": true, "latitude": -37.8831399, "longitude": 144.7001898 }, "geometry": { "type": "Point", "coordinates": [ 144.7001898, -37.8831399 ] } },
{ "type": "Feature", "properties": { "osm_id": "node/5481856721", "name": "Accessible Toilet", "amenity_type": "accessible_toilet", "amenity": "toilets", "wheelchair": null, "toilets:wheelchair": null, "opening_hours": null, "operator": null, "description": null, "is_accessible": true, "latitude": -38.293965, "longitude": 145.0087779 }, "geometry": { "type": "Point", "coordinates": [ 145.008777900000013, -38.293965 ] } },
{ "type": "Feature", "properties": { "osm_id": "node/5485475615", "name": "Accessible Toilet", "amenity_type": "accessible_toilet", "amenity": "toilets", "wheelchair": "yes", "toilets:wheelchair": null, "opening_hours": null, "operator": null, "description": null, "is_accessible": true, "latitude": -37.8298636, "longitude": 144.9760798 }, "geometry": { "type": "Point", "coordinates": [ 144.9760798, -37.8298636 ] } },
{ "type": "Feature", "properties": { "osm_id": "node/5485479989", "name": "Accessible Toilet", "amenity_type": "accessible_toilet", "amenity": "toilets", "wheelchair": "yes", "toilets:wheelchair": null, "opening_hours": null, "operator": null, "description": null, "is_accessible": true, "latitude": -37.817776, "longitude": 144.9696052 }, "geometry": { "type": "Point", "coordinates": [ 144.9696052, -37.817776 ] } },
{ "type": "Feature", "properties": { "osm_id": "node/5492338869", "name": "Accessible Toilet", "amenity_type": "accessible_toilet", "amenity": "toilets", "wheelchair": null, "toilets:wheelchair": null, "opening_hours": null, "operator": null, "description": null, "is_accessible": true, "latitude": -37.9358081, "longitude": 145.1268735 }, "geometry": { "type": "Point", "coordinates": [ 145.126873499999988, -37.9358081 ] } },
{ "type": "Feature", "properties": { "osm_id": "node/5493710283", "name": "Accessible Toilet", "amenity_type": "accessible_toilet", "amenity": "toilets", "wheelchair": null, "toilets:wheelchair": null, "opening_hours": null, "operator": null, "description": null, "is_accessible": true, "latitude": -38.2452922, "longitude": 145.0682119 }, "geometry": { "type": "Point", "coordinates": [ 145.0682119, -38.2452922 ] } },
{ "type": "Feature", "properties": { "osm_id": "node/5496168524", "name": "Accessible Toilet", "amenity_type": "accessible_toilet", "amenity": "toilets", "wheelchair": null, "toilets:wheelchair": null, "opening_hours": null, "operator": null, "description": null, "is_accessible": true, "latitude": -37.943541, "longitude": 145.1566036 }, "geometry": { "type": "Point", "coordinates": [ 145.156603600000011, -37.943541 ] } },
{ "type": "Feature", "properties": { "osm_id": "node/5504251024", "name": "Accessible Toilet", "amenity_type": "accessible_toilet", "amenity": "toilets", "wheelchair": null, "toilets:wheelchair": null, "opening_hours": null, "operator": null, "description": null, "is_accessible": true, "latitude": -38.005988, "longitude": 145.2030205 }, "geometry": { "type": "Point", "coordinates": [ 145.2030205, -38.005988 ] } },
{ "type": "Feature", "properties": { "osm_id": "node/5527228346", "name": "Accessible Toilet", "amenity_type": "accessible_toilet", "amenity": "toilets", "wheelchair": null, "toilets:wheelchair": null, "opening_hours": null, "operator": null, "description": null, "is_accessible": true, "latitude": -38.2139292, "longitude": 145.3155349 }, "geometry": { "type": "Point", "coordinates": [ 145.315534899999989, -38.2139292 ] } },
{ "type": "Feature", "properties": { "osm_id": "node/5544043026", "name": "Accessible Toilet", "amenity_type": "accessible_toilet", "amenity": "toilets", "wheelchair": null, "toilets:wheelchair": null, "opening_hours": null, "operator": null, "description": null, "is_accessible": true, "latitude": -37.6825851, "longitude": 144.5832194 }, "geometry": { "type": "Point", "coordinates": [ 144.5832194, -37.6825851 ] } },
{ "type": "Feature", "properties": { "osm_id": "node/5555568923", "name": "Accessible Toilet", "amenity_type": "accessible_toilet", "amenity": "toilets", "wheelchair": null, "toilets:wheelchair": null, "opening_hours": null, "operator": null, "description": null, "is_accessible": true, "latitude": -37.7156266, "longitude": 144.5877049 }, "geometry": { "type": "Point", "coordinates": [ 144.5877049, -37.7156266 ] } },
{ "type": "Feature", "properties": { "osm_id": "node/5556874593", "name": "Accessible Toilet", "amenity_type": "accessible_toilet", "amenity": "toilets", "wheelchair": null, "toilets:wheelchair": null, "opening_hours": null, "operator": null, "description": null, "is_accessible": true, "latitude": -37.7368805, "longitude": 145.219884 }, "geometry": { "type": "Point", "coordinates": [ 145.219884, -37.7368805 ] } },
{ "type": "Feature", "properties": { "osm_id": "node/5591211253", "name": "Accessible Toilet", "amenity_type": "accessible_toilet", "amenity": "toilets", "wheelchair": null, "toilets:wheelchair": null, "opening_hours": null, "operator": null, "description": null, "is_accessible": true, "latitude": -37.9660199, "longitude": 145.2095119 }, "geometry": { "type": "Point", "coordinates": [ 145.2095119, -37.9660199 ] } },
{ "type": "Feature", "properties": { "osm_id": "node/5593448988", "name": "Accessible Toilet", "amenity_type": "accessible_toilet", "amenity": "toilets", "wheelchair": null, "toilets:wheelchair": null, "opening_hours": null, "operator": null, "description": null, "is_accessible": true, "latitude": -37.8267598, "longitude": 144.966725 }, "geometry": { "type": "Point", "coordinates": [ 144.966725, -37.8267598 ] } },
{ "type": "Feature", "properties": { "osm_id": "node/5619037936", "name": "Accessible Toilet", "amenity_type": "accessible_toilet", "amenity": "toilets", "wheelchair": null, "toilets:wheelchair": null, "opening_hours": "Mo-Fr 07:00-09:00", "operator": null, "description": null, "is_accessible": true, "latitude": -37.8188818, "longitude": 145.2136081 }, "geometry": { "type": "Point", "coordinates": [ 145.213608099999988, -37.8188818 ] } },
{ "type": "Feature", "properties": { "osm_id": "node/5623228161", "name": "Accessible Toilet", "amenity_type": "accessible_toilet", "amenity": "toilets", "wheelchair": null, "toilets:wheelchair": null, "opening_hours": null, "operator": null, "description": null, "is_accessible": true, "latitude": -37.9229573, "longitude": 145.0213887 }, "geometry": { "type": "Point", "coordinates": [ 145.021388699999989, -37.9229573 ] } },
{ "type": "Feature", "properties": { "osm_id": "node/5638762127", "name": "Accessible Toilet", "amenity_type": "accessible_toilet", "amenity": "toilets", "wheelchair": "yes", "toilets:wheelchair": null, "opening_hours": null, "operator": null, "description": null, "is_accessible": true, "latitude": -37.7385949, "longitude": 145.001623 }, "geometry": { "type": "Point", "coordinates": [ 145.001623, -37.7385949 ] } },
{ "type": "Feature", "properties": { "osm_id": "node/5638762133", "name": "Accessible Toilet", "amenity_type": "accessible_toilet", "amenity": "toilets", "wheelchair": null, "toilets:wheelchair": null, "opening_hours": null, "operator": null, "description": null, "is_accessible": true, "latitude": -37.7389762, "longitude": 145.0013473 }, "geometry": { "type": "Point", "coordinates": [ 145.0013473, -37.7389762 ] } },
{ "type": "Feature", "properties": { "osm_id": "node/5638762171", "name": "Accessible Toilet", "amenity_type": "accessible_toilet", "amenity": "toilets", "wheelchair": null, "toilets:wheelchair": null, "opening_hours": null, "operator": null, "description": null, "is_accessible": true, "latitude": -37.7387998, "longitude": 145.0030278 }, "geometry": { "type": "Point", "coordinates": [ 145.003027800000012, -37.7387998 ] } },
{ "type": "Feature", "properties": { "osm_id": "node/5666791911", "name": "Accessible Toilet", "amenity_type": "accessible_toilet", "amenity": "toilets", "wheelchair": "yes", "toilets:wheelchair": null, "opening_hours": null, "operator": null, "description": null, "is_accessible": true, "latitude": -37.8133619, "longitude": 145.0117569 }, "geometry": { "type": "Point", "coordinates": [ 145.0117569, -37.8133619 ] } },
{ "type": "Feature", "properties": { "osm_id": "node/5737690252", "name": "Accessible Toilet", "amenity_type": "accessible_toilet", "amenity": "toilets", "wheelchair": "yes", "toilets:wheelchair": null, "opening_hours": null, "operator": null, "description": null, "is_accessible": true, "latitude": -37.9974274, "longitude": 145.1549555 }, "geometry": { "type": "Point", "coordinates": [ 145.1549555, -37.9974274 ] } },
{ "type": "Feature", "properties": { "osm_id": "node/5794970753", "name": "Accessible Toilet", "amenity_type": "accessible_toilet", "amenity": "toilets", "wheelchair": null, "toilets:wheelchair": null, "opening_hours": null, "operator": "Savers", "description": null, "is_accessible": true, "latitude": -37.7704184, "longitude": 144.9621781 }, "geometry": { "type": "Point", "coordinates": [ 144.962178099999988, -37.7704184 ] } },
{ "type": "Feature", "properties": { "osm_id": "node/5800339648", "name": "Accessible Toilet", "amenity_type": "accessible_toilet", "amenity": "toilets", "wheelchair": null, "toilets:wheelchair": null, "opening_hours": null, "operator": null, "description": null, "is_accessible": true, "latitude": -37.7025247, "longitude": 144.573892 }, "geometry": { "type": "Point", "coordinates": [ 144.573892, -37.7025247 ] } },
{ "type": "Feature", "properties": { "osm_id": "node/5806427462", "name": "Accessible Toilet", "amenity_type": "accessible_toilet", "amenity": "toilets", "wheelchair": null, "toilets:wheelchair": null, "opening_hours": null, "operator": null, "description": null, "is_accessible": true, "latitude": -37.7131379, "longitude": 145.0482796 }, "geometry": { "type": "Point", "coordinates": [ 145.0482796, -37.7131379 ] } },
{ "type": "Feature", "properties": { "osm_id": "node/5806577214", "name": "Accessible Toilet", "amenity_type": "accessible_toilet", "amenity": "toilets", "wheelchair": null, "toilets:wheelchair": null, "opening_hours": null, "operator": null, "description": null, "is_accessible": true, "latitude": -37.8383551, "longitude": 145.0725137 }, "geometry": { "type": "Point", "coordinates": [ 145.0725137, -37.8383551 ] } },
{ "type": "Feature", "properties": { "osm_id": "node/5806577215", "name": "Accessible Toilet", "amenity_type": "accessible_toilet", "amenity": "toilets", "wheelchair": null, "toilets:wheelchair": null, "opening_hours": null, "operator": null, "description": null, "is_accessible": true, "latitude": -37.8383647, "longitude": 145.0724764 }, "geometry": { "type": "Point", "coordinates": [ 145.0724764, -37.8383647 ] } },
{ "type": "Feature", "properties": { "osm_id": "node/5824764135", "name": "Accessible Toilet", "amenity_type": "accessible_toilet", "amenity": "toilets", "wheelchair": null, "toilets:wheelchair": null, "opening_hours": null, "operator": null, "description": null, "is_accessible": true, "latitude": -37.782239, "longitude": 144.8334521 }, "geometry": { "type": "Point", "coordinates": [ 144.833452099999988, -37.782239 ] } },
{ "type": "Feature", "properties": { "osm_id": "node/5826734844", "name": "Accessible Toilet", "amenity_type": "accessible_toilet", "amenity": "toilets", "wheelchair": null, "toilets:wheelchair": null, "opening_hours": null, "operator": null, "description": null, "is_accessible": true, "latitude": -37.834226, "longitude": 145.2731181 }, "geometry": { "type": "Point", "coordinates": [ 145.2731181, -37.834226 ] } },
{ "type": "Feature", "properties": { "osm_id": "node/5847790241", "name": "Accessible Toilet", "amenity_type": "accessible_toilet", "amenity": "toilets", "wheelchair": null, "toilets:wheelchair": null, "opening_hours": null, "operator": null, "description": null, "is_accessible": true, "latitude": -37.7646327, "longitude": 144.8937916 }, "geometry": { "type": "Point", "coordinates": [ 144.893791599999986, -37.7646327 ] } },
{ "type": "Feature", "properties": { "osm_id": "node/5853019023", "name": "Accessible Toilet", "amenity_type": "accessible_toilet", "amenity": "toilets", "wheelchair": null, "toilets:wheelchair": null, "opening_hours": null, "operator": null, "description": null, "is_accessible": true, "latitude": -37.5333675, "longitude": 144.9050737 }, "geometry": { "type": "Point", "coordinates": [ 144.9050737, -37.5333675 ] } },
{ "type": "Feature", "properties": { "osm_id": "node/5872679543", "name": "Accessible Toilet", "amenity_type": "accessible_toilet", "amenity": "toilets", "wheelchair": null, "toilets:wheelchair": null, "opening_hours": null, "operator": null, "description": null, "is_accessible": true, "latitude": -37.5943224, "longitude": 145.0899645 }, "geometry": { "type": "Point", "coordinates": [ 145.0899645, -37.5943224 ] } },
{ "type": "Feature", "properties": { "osm_id": "node/5872919674", "name": "Accessible Toilet", "amenity_type": "accessible_toilet", "amenity": "toilets", "wheelchair": null, "toilets:wheelchair": null, "opening_hours": null, "operator": null, "description": null, "is_accessible": true, "latitude": -37.6532898, "longitude": 145.0198974 }, "geometry": { "type": "Point", "coordinates": [ 145.0198974, -37.6532898 ] } },
{ "type": "Feature", "properties": { "osm_id": "node/5910587711", "name": "Accessible Toilet", "amenity_type": "accessible_toilet", "amenity": "toilets", "wheelchair": null, "toilets:wheelchair": null, "opening_hours": null, "operator": null, "description": null, "is_accessible": true, "latitude": -38.473268, "longitude": 145.0176089 }, "geometry": { "type": "Point", "coordinates": [ 145.0176089, -38.473268 ] } },
{ "type": "Feature", "properties": { "osm_id": "node/5915232924", "name": "Accessible Toilet", "amenity_type": "accessible_toilet", "amenity": "toilets", "wheelchair": "no", "toilets:wheelchair": null, "opening_hours": null, "operator": null, "description": null, "is_accessible": true, "latitude": -37.7753167, "longitude": 145.0091499 }, "geometry": { "type": "Point", "coordinates": [ 145.009149900000011, -37.7753167 ] } },
{ "type": "Feature", "properties": { "osm_id": "node/5922126220", "name": "Accessible Toilet", "amenity_type": "accessible_toilet", "amenity": "toilets", "wheelchair": "yes", "toilets:wheelchair": null, "opening_hours": null, "operator": null, "description": null, "is_accessible": true, "latitude": -37.8185827, "longitude": 144.9710742 }, "geometry": { "type": "Point", "coordinates": [ 144.9710742, -37.8185827 ] } },
{ "type": "Feature", "properties": { "osm_id": "node/5933563930", "name": "Accessible Toilet", "amenity_type": "accessible_toilet", "amenity": "toilets", "wheelchair": "yes", "toilets:wheelchair": null, "opening_hours": null, "operator": null, "description": null, "is_accessible": true, "latitude": -37.7168774, "longitude": 145.0070486 }, "geometry": { "type": "Point", "coordinates": [ 145.0070486, -37.7168774 ] } },
{ "type": "Feature", "properties": { "osm_id": "node/5935374317", "name": "Accessible Toilet", "amenity_type": "accessible_toilet", "amenity": "toilets", "wheelchair": null, "toilets:wheelchair": null, "opening_hours": null, "operator": null, "description": null, "is_accessible": true, "latitude": -37.9828652, "longitude": 145.1371095 }, "geometry": { "type": "Point", "coordinates": [ 145.1371095, -37.9828652 ] } },
{ "type": "Feature", "properties": { "osm_id": "node/5935375185", "name": "Accessible Toilet", "amenity_type": "accessible_toilet", "amenity": "toilets", "wheelchair": null, "toilets:wheelchair": null, "opening_hours": null, "operator": null, "description": null, "is_accessible": true, "latitude": -37.9405244, "longitude": 145.0175083 }, "geometry": { "type": "Point", "coordinates": [ 145.0175083, -37.9405244 ] } },
{ "type": "Feature", "properties": { "osm_id": "node/5938092469", "name": "Accessible Toilet", "amenity_type": "accessible_toilet", "amenity": "toilets", "wheelchair": null, "toilets:wheelchair": null, "opening_hours": null, "operator": null, "description": null, "is_accessible": true, "latitude": -37.8946225, "longitude": 145.3084562 }, "geometry": { "type": "Point", "coordinates": [ 145.3084562, -37.8946225 ] } },
{ "type": "Feature", "properties": { "osm_id": "node/5952810617", "name": "Accessible Toilet", "amenity_type": "accessible_toilet", "amenity": "toilets", "wheelchair": "yes", "toilets:wheelchair": null, "opening_hours": null, "operator": null, "description": null, "is_accessible": true, "latitude": -37.8171702, "longitude": 144.9340405 }, "geometry": { "type": "Point", "coordinates": [ 144.9340405, -37.8171702 ] } },
{ "type": "Feature", "properties": { "osm_id": "node/5952810619", "name": "Accessible Toilet", "amenity_type": "accessible_toilet", "amenity": "toilets", "wheelchair": "yes", "toilets:wheelchair": null, "opening_hours": null, "operator": null, "description": null, "is_accessible": true, "latitude": -37.8149873, "longitude": 144.9395623 }, "geometry": { "type": "Point", "coordinates": [ 144.9395623, -37.8149873 ] } },
{ "type": "Feature", "properties": { "osm_id": "node/5960549393", "name": "Accessible Toilet", "amenity_type": "accessible_toilet", "amenity": "toilets", "wheelchair": null, "toilets:wheelchair": null, "opening_hours": null, "operator": null, "description": null, "is_accessible": true, "latitude": -38.0326716, "longitude": 145.2667907 }, "geometry": { "type": "Point", "coordinates": [ 145.2667907, -38.0326716 ] } },
{ "type": "Feature", "properties": { "osm_id": "node/5960549404", "name": "Accessible Toilet", "amenity_type": "accessible_toilet", "amenity": "toilets", "wheelchair": null, "toilets:wheelchair": null, "opening_hours": null, "operator": null, "description": null, "is_accessible": true, "latitude": -38.0324726, "longitude": 145.2657035 }, "geometry": { "type": "Point", "coordinates": [ 145.2657035, -38.0324726 ] } },
{ "type": "Feature", "properties": { "osm_id": "node/5973616351", "name": "Accessible Toilet", "amenity_type": "accessible_toilet", "amenity": "toilets", "wheelchair": null, "toilets:wheelchair": null, "opening_hours": null, "operator": null, "description": null, "is_accessible": true, "latitude": -37.6964455, "longitude": 145.0596714 }, "geometry": { "type": "Point", "coordinates": [ 145.059671400000013, -37.6964455 ] } },
{ "type": "Feature", "properties": { "osm_id": "node/5999504262", "name": "Accessible Toilet", "amenity_type": "accessible_toilet", "amenity": "toilets", "wheelchair": null, "toilets:wheelchair": null, "opening_hours": null, "operator": null, "description": null, "is_accessible": true, "latitude": -37.745326, "longitude": 144.802508 }, "geometry": { "type": "Point", "coordinates": [ 144.802508, -37.745326 ] } },
{ "type": "Feature", "properties": { "osm_id": "node/6016882831", "name": "Accessible Toilet", "amenity_type": "accessible_toilet", "amenity": "toilets", "wheelchair": null, "toilets:wheelchair": null, "opening_hours": null, "operator": null, "description": null, "is_accessible": true, "latitude": -37.8376667, "longitude": 145.1099179 }, "geometry": { "type": "Point", "coordinates": [ 145.1099179, -37.8376667 ] } },
{ "type": "Feature", "properties": { "osm_id": "node/6018983752", "name": "Accessible Toilet", "amenity_type": "accessible_toilet", "amenity": "toilets", "wheelchair": null, "toilets:wheelchair": null, "opening_hours": null, "operator": null, "description": null, "is_accessible": true, "latitude": -37.8763207, "longitude": 145.042565 }, "geometry": { "type": "Point", "coordinates": [ 145.042565, -37.8763207 ] } },
{ "type": "Feature", "properties": { "osm_id": "node/6052186511", "name": "Accessible Toilet", "amenity_type": "accessible_toilet", "amenity": "toilets", "wheelchair": null, "toilets:wheelchair": null, "opening_hours": null, "operator": null, "description": null, "is_accessible": true, "latitude": -38.0529109, "longitude": 145.1163149 }, "geometry": { "type": "Point", "coordinates": [ 145.1163149, -38.0529109 ] } },
{ "type": "Feature", "properties": { "osm_id": "node/6052186593", "name": "Accessible Toilet", "amenity_type": "accessible_toilet", "amenity": "toilets", "wheelchair": null, "toilets:wheelchair": null, "opening_hours": null, "operator": null, "description": null, "is_accessible": true, "latitude": -38.0547999, "longitude": 145.1167829 }, "geometry": { "type": "Point", "coordinates": [ 145.1167829, -38.0547999 ] } },
{ "type": "Feature", "properties": { "osm_id": "node/6052186608", "name": "Accessible Toilet", "amenity_type": "accessible_toilet", "amenity": "toilets", "wheelchair": null, "toilets:wheelchair": null, "opening_hours": null, "operator": null, "description": null, "is_accessible": true, "latitude": -38.0540703, "longitude": 145.115592 }, "geometry": { "type": "Point", "coordinates": [ 145.115592, -38.0540703 ] } },
{ "type": "Feature", "properties": { "osm_id": "node/6053600470", "name": "Accessible Toilet", "amenity_type": "accessible_toilet", "amenity": "toilets", "wheelchair": "yes", "toilets:wheelchair": null, "opening_hours": null, "operator": null, "description": null, "is_accessible": true, "latitude": -37.747764, "longitude": 144.9594964 }, "geometry": { "type": "Point", "coordinates": [ 144.9594964, -37.747764 ] } },
{ "type": "Feature", "properties": { "osm_id": "node/6083837720", "name": "Accessible Toilet", "amenity_type": "accessible_toilet", "amenity": "toilets", "wheelchair": null, "toilets:wheelchair": null, "opening_hours": null, "operator": null, "description": null, "is_accessible": true, "latitude": -37.9828391, "longitude": 145.0637805 }, "geometry": { "type": "Point", "coordinates": [ 145.0637805, -37.9828391 ] } },
{ "type": "Feature", "properties": { "osm_id": "node/6089182135", "name": "Accessible Toilet", "amenity_type": "accessible_toilet", "amenity": "toilets", "wheelchair": null, "toilets:wheelchair": null, "opening_hours": null, "operator": null, "description": null, "is_accessible": true, "latitude": -37.7782377, "longitude": 144.85026 }, "geometry": { "type": "Point", "coordinates": [ 144.85026, -37.7782377 ] } },
{ "type": "Feature", "properties": { "osm_id": "node/6089226542", "name": "Accessible Toilet", "amenity_type": "accessible_toilet", "amenity": "toilets", "wheelchair": null, "toilets:wheelchair": null, "opening_hours": null, "operator": null, "description": null, "is_accessible": true, "latitude": -37.773811, "longitude": 144.8509335 }, "geometry": { "type": "Point", "coordinates": [ 144.8509335, -37.773811 ] } },
{ "type": "Feature", "properties": { "osm_id": "node/6097203394", "name": "Accessible Toilet", "amenity_type": "accessible_toilet", "amenity": "toilets", "wheelchair": null, "toilets:wheelchair": null, "opening_hours": null, "operator": null, "description": null, "is_accessible": true, "latitude": -37.8029977, "longitude": 145.0042866 }, "geometry": { "type": "Point", "coordinates": [ 145.0042866, -37.8029977 ] } },
{ "type": "Feature", "properties": { "osm_id": "node/6110271644", "name": "Accessible Toilet", "amenity_type": "accessible_toilet", "amenity": "toilets", "wheelchair": null, "toilets:wheelchair": null, "opening_hours": null, "operator": null, "description": null, "is_accessible": true, "latitude": -37.7704784, "longitude": 144.7722437 }, "geometry": { "type": "Point", "coordinates": [ 144.7722437, -37.7704784 ] } },
{ "type": "Feature", "properties": { "osm_id": "node/6112107290", "name": "Accessible Toilet", "amenity_type": "accessible_toilet", "amenity": "toilets", "wheelchair": null, "toilets:wheelchair": null, "opening_hours": null, "operator": null, "description": null, "is_accessible": true, "latitude": -38.0000805, "longitude": 145.0755648 }, "geometry": { "type": "Point", "coordinates": [ 145.0755648, -38.0000805 ] } },
{ "type": "Feature", "properties": { "osm_id": "node/6112109005", "name": "Accessible Toilet", "amenity_type": "accessible_toilet", "amenity": "toilets", "wheelchair": null, "toilets:wheelchair": null, "opening_hours": null, "operator": null, "description": null, "is_accessible": true, "latitude": -37.7664725, "longitude": 144.9846227 }, "geometry": { "type": "Point", "coordinates": [ 144.984622699999989, -37.7664725 ] } },
{ "type": "Feature", "properties": { "osm_id": "node/6112109006", "name": "Accessible Toilet", "amenity_type": "accessible_toilet", "amenity": "toilets", "wheelchair": null, "toilets:wheelchair": null, "opening_hours": null, "operator": null, "description": null, "is_accessible": true, "latitude": -37.765252, "longitude": 144.982917 }, "geometry": { "type": "Point", "coordinates": [ 144.982917, -37.765252 ] } },
{ "type": "Feature", "properties": { "osm_id": "node/6112109007", "name": "Accessible Toilet", "amenity_type": "accessible_toilet", "amenity": "toilets", "wheelchair": null, "toilets:wheelchair": null, "opening_hours": null, "operator": null, "description": null, "is_accessible": true, "latitude": -37.7655711, "longitude": 144.9831917 }, "geometry": { "type": "Point", "coordinates": [ 144.9831917, -37.7655711 ] } },
{ "type": "Feature", "properties": { "osm_id": "node/6124859962", "name": "Accessible Toilet", "amenity_type": "accessible_toilet", "amenity": "toilets", "wheelchair": "yes", "toilets:wheelchair": null, "opening_hours": null, "operator": null, "description": null, "is_accessible": true, "latitude": -37.7429725, "longitude": 144.9652349 }, "geometry": { "type": "Point", "coordinates": [ 144.965234900000013, -37.7429725 ] } },
{ "type": "Feature", "properties": { "osm_id": "node/6126210470", "name": "Accessible Toilet", "amenity_type": "accessible_toilet", "amenity": "toilets", "wheelchair": "yes", "toilets:wheelchair": null, "opening_hours": null, "operator": null, "description": null, "is_accessible": true, "latitude": -37.9687034, "longitude": 145.0112089 }, "geometry": { "type": "Point", "coordinates": [ 145.011208900000014, -37.9687034 ] } },
{ "type": "Feature", "properties": { "osm_id": "node/6138135275", "name": "Accessible Toilet", "amenity_type": "accessible_toilet", "amenity": "toilets", "wheelchair": "yes", "toilets:wheelchair": null, "opening_hours": null, "operator": null, "description": null, "is_accessible": true, "latitude": -37.8136978, "longitude": 144.9637759 }, "geometry": { "type": "Point", "coordinates": [ 144.9637759, -37.8136978 ] } },
{ "type": "Feature", "properties": { "osm_id": "node/6153183508", "name": "Accessible Toilet", "amenity_type": "accessible_toilet", "amenity": "toilets", "wheelchair": null, "toilets:wheelchair": null, "opening_hours": null, "operator": null, "description": null, "is_accessible": true, "latitude": -37.8538856, "longitude": 145.192739 }, "geometry": { "type": "Point", "coordinates": [ 145.192739, -37.8538856 ] } },
{ "type": "Feature", "properties": { "osm_id": "node/6167486078", "name": "Accessible Toilet", "amenity_type": "accessible_toilet", "amenity": "toilets", "wheelchair": null, "toilets:wheelchair": null, "opening_hours": null, "operator": null, "description": null, "is_accessible": true, "latitude": -37.8463176, "longitude": 144.8981012 }, "geometry": { "type": "Point", "coordinates": [ 144.898101200000013, -37.8463176 ] } },
{ "type": "Feature", "properties": { "osm_id": "node/6174605617", "name": "Accessible Toilet", "amenity_type": "accessible_toilet", "amenity": "toilets", "wheelchair": null, "toilets:wheelchair": null, "opening_hours": null, "operator": null, "description": null, "is_accessible": true, "latitude": -37.6052719, "longitude": 145.2675669 }, "geometry": { "type": "Point", "coordinates": [ 145.2675669, -37.6052719 ] } },
{ "type": "Feature", "properties": { "osm_id": "node/6217980328", "name": "Accessible Toilet", "amenity_type": "accessible_toilet", "amenity": "toilets", "wheelchair": null, "toilets:wheelchair": null, "opening_hours": null, "operator": null, "description": null, "is_accessible": true, "latitude": -38.0140401, "longitude": 145.3226805 }, "geometry": { "type": "Point", "coordinates": [ 145.3226805, -38.0140401 ] } },
{ "type": "Feature", "properties": { "osm_id": "node/6218252026", "name": "Accessible Toilet", "amenity_type": "accessible_toilet", "amenity": "toilets", "wheelchair": "yes", "toilets:wheelchair": null, "opening_hours": null, "operator": null, "description": null, "is_accessible": true, "latitude": -37.8093934, "longitude": 145.268021 }, "geometry": { "type": "Point", "coordinates": [ 145.268021, -37.8093934 ] } },
{ "type": "Feature", "properties": { "osm_id": "node/6222244900", "name": "Accessible Toilet", "amenity_type": "accessible_toilet", "amenity": "toilets", "wheelchair": null, "toilets:wheelchair": null, "opening_hours": null, "operator": null, "description": null, "is_accessible": true, "latitude": -38.1099731, "longitude": 145.1255456 }, "geometry": { "type": "Point", "coordinates": [ 145.1255456, -38.1099731 ] } },
{ "type": "Feature", "properties": { "osm_id": "node/6222367576", "name": "Accessible Toilet", "amenity_type": "accessible_toilet", "amenity": "toilets", "wheelchair": null, "toilets:wheelchair": null, "opening_hours": null, "operator": null, "description": null, "is_accessible": true, "latitude": -37.9599608, "longitude": 145.0170157 }, "geometry": { "type": "Point", "coordinates": [ 145.0170157, -37.9599608 ] } },
{ "type": "Feature", "properties": { "osm_id": "node/6223749276", "name": "Accessible Toilet", "amenity_type": "accessible_toilet", "amenity": "toilets", "wheelchair": null, "toilets:wheelchair": null, "opening_hours": null, "operator": null, "description": null, "is_accessible": true, "latitude": -37.9715957, "longitude": 145.0512653 }, "geometry": { "type": "Point", "coordinates": [ 145.051265300000011, -37.9715957 ] } },
{ "type": "Feature", "properties": { "osm_id": "node/6228801194", "name": "Accessible Toilet", "amenity_type": "accessible_toilet", "amenity": "toilets", "wheelchair": null, "toilets:wheelchair": null, "opening_hours": null, "operator": null, "description": null, "is_accessible": true, "latitude": -37.7025439, "longitude": 144.9697573 }, "geometry": { "type": "Point", "coordinates": [ 144.9697573, -37.7025439 ] } },
{ "type": "Feature", "properties": { "osm_id": "node/6231252066", "name": "Accessible Toilet", "amenity_type": "accessible_toilet", "amenity": "toilets", "wheelchair": null, "toilets:wheelchair": null, "opening_hours": null, "operator": null, "description": null, "is_accessible": true, "latitude": -37.9695117, "longitude": 145.048626 }, "geometry": { "type": "Point", "coordinates": [ 145.048626, -37.9695117 ] } },
{ "type": "Feature", "properties": { "osm_id": "node/6237549286", "name": "Accessible Toilet", "amenity_type": "accessible_toilet", "amenity": "toilets", "wheelchair": null, "toilets:wheelchair": null, "opening_hours": null, "operator": null, "description": null, "is_accessible": true, "latitude": -37.803284, "longitude": 145.0048047 }, "geometry": { "type": "Point", "coordinates": [ 145.0048047, -37.803284 ] } },
{ "type": "Feature", "properties": { "osm_id": "node/6237549288", "name": "Accessible Toilet", "amenity_type": "accessible_toilet", "amenity": "toilets", "wheelchair": null, "toilets:wheelchair": null, "opening_hours": null, "operator": null, "description": null, "is_accessible": true, "latitude": -37.8032821, "longitude": 145.0039413 }, "geometry": { "type": "Point", "coordinates": [ 145.0039413, -37.8032821 ] } },
{ "type": "Feature", "properties": { "osm_id": "node/6263286384", "name": "Accessible Toilet", "amenity_type": "accessible_toilet", "amenity": "toilets", "wheelchair": null, "toilets:wheelchair": null, "opening_hours": null, "operator": null, "description": null, "is_accessible": true, "latitude": -37.8909775, "longitude": 145.1614385 }, "geometry": { "type": "Point", "coordinates": [ 145.1614385, -37.8909775 ] } },
{ "type": "Feature", "properties": { "osm_id": "node/6294562047", "name": "Accessible Toilet", "amenity_type": "accessible_toilet", "amenity": "toilets", "wheelchair": null, "toilets:wheelchair": null, "opening_hours": null, "operator": null, "description": null, "is_accessible": true, "latitude": -37.9583876, "longitude": 145.0332508 }, "geometry": { "type": "Point", "coordinates": [ 145.0332508, -37.9583876 ] } },
{ "type": "Feature", "properties": { "osm_id": "node/6298388285", "name": "Accessible Toilet", "amenity_type": "accessible_toilet", "amenity": "toilets", "wheelchair": "yes", "toilets:wheelchair": null, "opening_hours": null, "operator": null, "description": "This contains one toilet. The door is a button-operated sliding door. There is level access from the nearby footpath.", "is_accessible": true, "latitude": -37.9379137, "longitude": 144.9980091 }, "geometry": { "type": "Point", "coordinates": [ 144.9980091, -37.9379137 ] } },
{ "type": "Feature", "properties": { "osm_id": "node/6322398677", "name": "Accessible Toilet", "amenity_type": "accessible_toilet", "amenity": "toilets", "wheelchair": null, "toilets:wheelchair": null, "opening_hours": null, "operator": null, "description": null, "is_accessible": true, "latitude": -37.9200295, "longitude": 145.2372493 }, "geometry": { "type": "Point", "coordinates": [ 145.2372493, -37.9200295 ] } },
{ "type": "Feature", "properties": { "osm_id": "node/6345015992", "name": "Accessible Toilet", "amenity_type": "accessible_toilet", "amenity": "toilets", "wheelchair": "yes", "toilets:wheelchair": null, "opening_hours": null, "operator": null, "description": null, "is_accessible": true, "latitude": -37.8217943, "longitude": 145.0470015 }, "geometry": { "type": "Point", "coordinates": [ 145.0470015, -37.8217943 ] } },
{ "type": "Feature", "properties": { "osm_id": "node/6355897847", "name": "Accessible Toilet", "amenity_type": "accessible_toilet", "amenity": "toilets", "wheelchair": "yes", "toilets:wheelchair": null, "opening_hours": null, "operator": null, "description": null, "is_accessible": true, "latitude": -37.7821373, "longitude": 145.6125661 }, "geometry": { "type": "Point", "coordinates": [ 145.6125661, -37.7821373 ] } },
{ "type": "Feature", "properties": { "osm_id": "node/6357448755", "name": "Accessible Toilet", "amenity_type": "accessible_toilet", "amenity": "toilets", "wheelchair": null, "toilets:wheelchair": null, "opening_hours": null, "operator": null, "description": null, "is_accessible": true, "latitude": -37.7585933, "longitude": 144.7903088 }, "geometry": { "type": "Point", "coordinates": [ 144.7903088, -37.7585933 ] } },
{ "type": "Feature", "properties": { "osm_id": "node/6373306998", "name": "Accessible Toilet", "amenity_type": "accessible_toilet", "amenity": "toilets", "wheelchair": null, "toilets:wheelchair": null, "opening_hours": null, "operator": null, "description": null, "is_accessible": true, "latitude": -37.7232163, "longitude": 144.7519316 }, "geometry": { "type": "Point", "coordinates": [ 144.7519316, -37.7232163 ] } },
{ "type": "Feature", "properties": { "osm_id": "node/6422406370", "name": "Accessible Toilet", "amenity_type": "accessible_toilet", "amenity": "toilets", "wheelchair": "yes", "toilets:wheelchair": null, "opening_hours": null, "operator": null, "description": null, "is_accessible": true, "latitude": -37.9394928, "longitude": 145.1785487 }, "geometry": { "type": "Point", "coordinates": [ 145.1785487, -37.9394928 ] } },
{ "type": "Feature", "properties": { "osm_id": "node/6431951678", "name": "Accessible Toilet", "amenity_type": "accessible_toilet", "amenity": "toilets", "wheelchair": null, "toilets:wheelchair": null, "opening_hours": null, "operator": null, "description": null, "is_accessible": true, "latitude": -37.9451398, "longitude": 145.1755426 }, "geometry": { "type": "Point", "coordinates": [ 145.1755426, -37.9451398 ] } },
{ "type": "Feature", "properties": { "osm_id": "node/6431951679", "name": "Accessible Toilet", "amenity_type": "accessible_toilet", "amenity": "toilets", "wheelchair": null, "toilets:wheelchair": null, "opening_hours": null, "operator": null, "description": null, "is_accessible": true, "latitude": -37.9448715, "longitude": 145.1741652 }, "geometry": { "type": "Point", "coordinates": [ 145.1741652, -37.9448715 ] } },
{ "type": "Feature", "properties": { "osm_id": "node/6487196134", "name": "Accessible Toilet", "amenity_type": "accessible_toilet", "amenity": "toilets", "wheelchair": "yes", "toilets:wheelchair": null, "opening_hours": "24/7", "operator": null, "description": null, "is_accessible": true, "latitude": -37.716828, "longitude": 145.1253181 }, "geometry": { "type": "Point", "coordinates": [ 145.125318099999987, -37.716828 ] } },
{ "type": "Feature", "properties": { "osm_id": "node/6493422164", "name": "Accessible Toilet", "amenity_type": "accessible_toilet", "amenity": "toilets", "wheelchair": null, "toilets:wheelchair": null, "opening_hours": null, "operator": null, "description": null, "is_accessible": true, "latitude": -37.6490484, "longitude": 145.0679772 }, "geometry": { "type": "Point", "coordinates": [ 145.0679772, -37.6490484 ] } },
{ "type": "Feature", "properties": { "osm_id": "node/6501834665", "name": "Accessible Toilet", "amenity_type": "accessible_toilet", "amenity": "toilets", "wheelchair": null, "toilets:wheelchair": null, "opening_hours": null, "operator": "Metro Trains Melbourne", "description": null, "is_accessible": true, "latitude": -37.6393731, "longitude": 145.1922377 }, "geometry": { "type": "Point", "coordinates": [ 145.1922377, -37.6393731 ] } },
{ "type": "Feature", "properties": { "osm_id": "node/6559457536", "name": "Accessible Toilet", "amenity_type": "accessible_toilet", "amenity": "toilets", "wheelchair": "yes", "toilets:wheelchair": null, "opening_hours": "sunrise-sunset", "operator": "Kingston City Council", "description": null, "is_accessible": true, "latitude": -38.0762627, "longitude": 145.1212138 }, "geometry": { "type": "Point", "coordinates": [ 145.1212138, -38.0762627 ] } },
{ "type": "Feature", "properties": { "osm_id": "node/6569537824", "name": "Accessible Toilet", "amenity_type": "accessible_toilet", "amenity": "toilets", "wheelchair": null, "toilets:wheelchair": null, "opening_hours": null, "operator": null, "description": null, "is_accessible": true, "latitude": -38.076388, "longitude": 145.1327311 }, "geometry": { "type": "Point", "coordinates": [ 145.1327311, -38.076388 ] } },
{ "type": "Feature", "properties": { "osm_id": "node/6577769382", "name": "Accessible Toilet", "amenity_type": "accessible_toilet", "amenity": "toilets", "wheelchair": "yes", "toilets:wheelchair": null, "opening_hours": null, "operator": null, "description": null, "is_accessible": true, "latitude": -37.8703272, "longitude": 145.029471 }, "geometry": { "type": "Point", "coordinates": [ 145.029471, -37.8703272 ] } },
{ "type": "Feature", "properties": { "osm_id": "node/6632676640", "name": "Accessible Toilet", "amenity_type": "accessible_toilet", "amenity": "toilets", "wheelchair": null, "toilets:wheelchair": null, "opening_hours": null, "operator": null, "description": null, "is_accessible": true, "latitude": -37.8349253, "longitude": 145.2559569 }, "geometry": { "type": "Point", "coordinates": [ 145.2559569, -37.8349253 ] } },
{ "type": "Feature", "properties": { "osm_id": "node/6635020993", "name": "Accessible Toilet", "amenity_type": "accessible_toilet", "amenity": "toilets", "wheelchair": "yes", "toilets:wheelchair": null, "opening_hours": null, "operator": null, "description": null, "is_accessible": true, "latitude": -37.7674872, "longitude": 144.9535756 }, "geometry": { "type": "Point", "coordinates": [ 144.9535756, -37.7674872 ] } },
{ "type": "Feature", "properties": { "osm_id": "node/6648646114", "name": "Accessible Toilet", "amenity_type": "accessible_toilet", "amenity": "toilets", "wheelchair": null, "toilets:wheelchair": null, "opening_hours": null, "operator": null, "description": null, "is_accessible": true, "latitude": -37.7390921, "longitude": 144.9463371 }, "geometry": { "type": "Point", "coordinates": [ 144.9463371, -37.7390921 ] } },
{ "type": "Feature", "properties": { "osm_id": "node/6652383322", "name": "Accessible Toilet", "amenity_type": "accessible_toilet", "amenity": "toilets", "wheelchair": null, "toilets:wheelchair": null, "opening_hours": null, "operator": null, "description": null, "is_accessible": true, "latitude": -37.8326802, "longitude": 144.9561547 }, "geometry": { "type": "Point", "coordinates": [ 144.956154700000013, -37.8326802 ] } },
{ "type": "Feature", "properties": { "osm_id": "node/6678532379", "name": "Accessible Toilet", "amenity_type": "accessible_toilet", "amenity": "toilets", "wheelchair": null, "toilets:wheelchair": null, "opening_hours": null, "operator": null, "description": null, "is_accessible": true, "latitude": -37.8201358, "longitude": 144.9436856 }, "geometry": { "type": "Point", "coordinates": [ 144.9436856, -37.8201358 ] } },
{ "type": "Feature", "properties": { "osm_id": "node/6696616332", "name": "Accessible Toilet", "amenity_type": "accessible_toilet", "amenity": "toilets", "wheelchair": "yes", "toilets:wheelchair": null, "opening_hours": null, "operator": null, "description": null, "is_accessible": true, "latitude": -37.7767465, "longitude": 144.8961684 }, "geometry": { "type": "Point", "coordinates": [ 144.8961684, -37.7767465 ] } },
{ "type": "Feature", "properties": { "osm_id": "node/6702663587", "name": "Accessible Toilet", "amenity_type": "accessible_toilet", "amenity": "toilets", "wheelchair": "no", "toilets:wheelchair": null, "opening_hours": null, "operator": null, "description": null, "is_accessible": true, "latitude": -37.8151136, "longitude": 144.9671553 }, "geometry": { "type": "Point", "coordinates": [ 144.9671553, -37.8151136 ] } },
{ "type": "Feature", "properties": { "osm_id": "node/6711408102", "name": "Accessible Toilet", "amenity_type": "accessible_toilet", "amenity": "toilets", "wheelchair": null, "toilets:wheelchair": null, "opening_hours": null, "operator": null, "description": null, "is_accessible": true, "latitude": -37.8681012, "longitude": 144.7612978 }, "geometry": { "type": "Point", "coordinates": [ 144.7612978, -37.8681012 ] } },
{ "type": "Feature", "properties": { "osm_id": "node/6723740262", "name": "Accessible Toilet", "amenity_type": "accessible_toilet", "amenity": "toilets", "wheelchair": "yes", "toilets:wheelchair": null, "opening_hours": null, "operator": null, "description": null, "is_accessible": true, "latitude": -37.5146658, "longitude": 145.1222008 }, "geometry": { "type": "Point", "coordinates": [ 145.1222008, -37.5146658 ] } },
{ "type": "Feature", "properties": { "osm_id": "node/6758200721", "name": "Accessible Toilet", "amenity_type": "accessible_toilet", "amenity": "toilets", "wheelchair": "yes", "toilets:wheelchair": null, "opening_hours": null, "operator": null, "description": null, "is_accessible": true, "latitude": -37.8127871, "longitude": 144.9632936 }, "geometry": { "type": "Point", "coordinates": [ 144.963293599999986, -37.8127871 ] } },
{ "type": "Feature", "properties": { "osm_id": "node/6760877937", "name": "Accessible Toilet", "amenity_type": "accessible_toilet", "amenity": "toilets", "wheelchair": "no", "toilets:wheelchair": null, "opening_hours": null, "operator": null, "description": null, "is_accessible": true, "latitude": -37.8184497, "longitude": 144.9453454 }, "geometry": { "type": "Point", "coordinates": [ 144.9453454, -37.8184497 ] } },
{ "type": "Feature", "properties": { "osm_id": "node/6789941549", "name": "Accessible Toilet", "amenity_type": "accessible_toilet", "amenity": "toilets", "wheelchair": "no", "toilets:wheelchair": null, "opening_hours": null, "operator": null, "description": "Male only Urinal", "is_accessible": true, "latitude": -37.803085, "longitude": 144.9498612 }, "geometry": { "type": "Point", "coordinates": [ 144.949861199999987, -37.803085 ] } },
{ "type": "Feature", "properties": { "osm_id": "node/6789972762", "name": "Accessible Toilet", "amenity_type": "accessible_toilet", "amenity": "toilets", "wheelchair": "yes", "toilets:wheelchair": null, "opening_hours": null, "operator": null, "description": null, "is_accessible": true, "latitude": -37.803093, "longitude": 144.9499466 }, "geometry": { "type": "Point", "coordinates": [ 144.9499466, -37.803093 ] } },
{ "type": "Feature", "properties": { "osm_id": "node/6791787185", "name": "Accessible Toilet", "amenity_type": "accessible_toilet", "amenity": "toilets", "wheelchair": null, "toilets:wheelchair": null, "opening_hours": null, "operator": null, "description": null, "is_accessible": true, "latitude": 28.1223437, "longitude": -80.5758057 }, "geometry": { "type": "Point", "coordinates": [ -80.5758057, 28.1223437 ] } },
{ "type": "Feature", "properties": { "osm_id": "node/6799234645", "name": "Accessible Toilet", "amenity_type": "accessible_toilet", "amenity": "toilets", "wheelchair": null, "toilets:wheelchair": null, "opening_hours": null, "operator": null, "description": "closed at night", "is_accessible": true, "latitude": -37.8300064, "longitude": 145.0585381 }, "geometry": { "type": "Point", "coordinates": [ 145.0585381, -37.8300064 ] } },
{ "type": "Feature", "properties": { "osm_id": "node/6824034169", "name": "Accessible Toilet", "amenity_type": "accessible_toilet", "amenity": "toilets", "wheelchair": "yes", "toilets:wheelchair": null, "opening_hours": null, "operator": null, "description": null, "is_accessible": true, "latitude": -37.814625, "longitude": 144.9723576 }, "geometry": { "type": "Point", "coordinates": [ 144.9723576, -37.814625 ] } },
{ "type": "Feature", "properties": { "osm_id": "node/6839352894", "name": "Accessible Toilet", "amenity_type": "accessible_toilet", "amenity": "toilets", "wheelchair": null, "toilets:wheelchair": null, "opening_hours": null, "operator": null, "description": null, "is_accessible": true, "latitude": -37.583883, "longitude": 145.2065201 }, "geometry": { "type": "Point", "coordinates": [ 145.2065201, -37.583883 ] } },
{ "type": "Feature", "properties": { "osm_id": "node/6839829454", "name": "Accessible Toilet", "amenity_type": "accessible_toilet", "amenity": "toilets", "wheelchair": null, "toilets:wheelchair": null, "opening_hours": null, "operator": null, "description": null, "is_accessible": true, "latitude": -37.6372596, "longitude": 144.8306808 }, "geometry": { "type": "Point", "coordinates": [ 144.83068080000001, -37.6372596 ] } },
{ "type": "Feature", "properties": { "osm_id": "node/6846386224", "name": "Accessible Toilet", "amenity_type": "accessible_toilet", "amenity": "toilets", "wheelchair": null, "toilets:wheelchair": null, "opening_hours": null, "operator": null, "description": null, "is_accessible": true, "latitude": -37.9916291, "longitude": 145.2168647 }, "geometry": { "type": "Point", "coordinates": [ 145.2168647, -37.9916291 ] } },
{ "type": "Feature", "properties": { "osm_id": "node/6856247943", "name": "Accessible Toilet", "amenity_type": "accessible_toilet", "amenity": "toilets", "wheelchair": null, "toilets:wheelchair": null, "opening_hours": null, "operator": null, "description": null, "is_accessible": true, "latitude": -37.8209833, "longitude": 144.9500538 }, "geometry": { "type": "Point", "coordinates": [ 144.9500538, -37.8209833 ] } },
{ "type": "Feature", "properties": { "osm_id": "node/6941198597", "name": "Accessible Toilet", "amenity_type": "accessible_toilet", "amenity": "toilets", "wheelchair": null, "toilets:wheelchair": null, "opening_hours": null, "operator": "Yarra Trams", "description": null, "is_accessible": true, "latitude": -37.91399, "longitude": 145.0166294 }, "geometry": { "type": "Point", "coordinates": [ 145.0166294, -37.91399 ] } },
{ "type": "Feature", "properties": { "osm_id": "node/6979110373", "name": "Accessible Toilet", "amenity_type": "accessible_toilet", "amenity": "toilets", "wheelchair": null, "toilets:wheelchair": null, "opening_hours": null, "operator": null, "description": null, "is_accessible": true, "latitude": -37.9061274, "longitude": 145.0030731 }, "geometry": { "type": "Point", "coordinates": [ 145.0030731, -37.9061274 ] } },
{ "type": "Feature", "properties": { "osm_id": "node/6983868724", "name": "Accessible Toilet", "amenity_type": "accessible_toilet", "amenity": "toilets", "wheelchair": null, "toilets:wheelchair": null, "opening_hours": "Mo-Su 10:00-21:00", "operator": null, "description": "Entrance from St Collins Lane (indoors). Take the escalators to level 2.", "is_accessible": true, "latitude": -37.8151909, "longitude": 144.9646838 }, "geometry": { "type": "Point", "coordinates": [ 144.964683799999989, -37.8151909 ] } },
{ "type": "Feature", "properties": { "osm_id": "node/7011020727", "name": "Accessible Toilet", "amenity_type": "accessible_toilet", "amenity": "toilets", "wheelchair": "yes", "toilets:wheelchair": null, "opening_hours": null, "operator": null, "description": null, "is_accessible": true, "latitude": -37.7887434, "longitude": 144.9952328 }, "geometry": { "type": "Point", "coordinates": [ 144.9952328, -37.7887434 ] } },
{ "type": "Feature", "properties": { "osm_id": "node/7013338593", "name": "Accessible Toilet", "amenity_type": "accessible_toilet", "amenity": "toilets", "wheelchair": null, "toilets:wheelchair": null, "opening_hours": null, "operator": null, "description": null, "is_accessible": true, "latitude": -37.7914408, "longitude": 145.0028667 }, "geometry": { "type": "Point", "coordinates": [ 145.0028667, -37.7914408 ] } },
{ "type": "Feature", "properties": { "osm_id": "node/7047968780", "name": "Accessible Toilet", "amenity_type": "accessible_toilet", "amenity": "toilets", "wheelchair": null, "toilets:wheelchair": null, "opening_hours": null, "operator": null, "description": null, "is_accessible": true, "latitude": -37.7977143, "longitude": 144.9685978 }, "geometry": { "type": "Point", "coordinates": [ 144.9685978, -37.7977143 ] } },
{ "type": "Feature", "properties": { "osm_id": "node/7068977830", "name": "Accessible Toilet", "amenity_type": "accessible_toilet", "amenity": "toilets", "wheelchair": null, "toilets:wheelchair": null, "opening_hours": null, "operator": null, "description": null, "is_accessible": true, "latitude": -37.8337385, "longitude": 145.0266746 }, "geometry": { "type": "Point", "coordinates": [ 145.0266746, -37.8337385 ] } },
{ "type": "Feature", "properties": { "osm_id": "node/7068977833", "name": "Accessible Toilet", "amenity_type": "accessible_toilet", "amenity": "toilets", "wheelchair": null, "toilets:wheelchair": null, "opening_hours": null, "operator": null, "description": null, "is_accessible": true, "latitude": -37.8341122, "longitude": 145.0275426 }, "geometry": { "type": "Point", "coordinates": [ 145.0275426, -37.8341122 ] } },
{ "type": "Feature", "properties": { "osm_id": "node/7068977834", "name": "Accessible Toilet", "amenity_type": "accessible_toilet", "amenity": "toilets", "wheelchair": null, "toilets:wheelchair": null, "opening_hours": null, "operator": null, "description": null, "is_accessible": true, "latitude": -37.8345088, "longitude": 145.0281719 }, "geometry": { "type": "Point", "coordinates": [ 145.0281719, -37.8345088 ] } },
{ "type": "Feature", "properties": { "osm_id": "node/7068977835", "name": "Accessible Toilet", "amenity_type": "accessible_toilet", "amenity": "toilets", "wheelchair": null, "toilets:wheelchair": null, "opening_hours": null, "operator": null, "description": null, "is_accessible": true, "latitude": -37.8350161, "longitude": 145.0282491 }, "geometry": { "type": "Point", "coordinates": [ 145.028249100000011, -37.8350161 ] } },
{ "type": "Feature", "properties": { "osm_id": "node/7068977836", "name": "Accessible Toilet", "amenity_type": "accessible_toilet", "amenity": "toilets", "wheelchair": null, "toilets:wheelchair": null, "opening_hours": null, "operator": null, "description": null, "is_accessible": true, "latitude": -37.8355508, "longitude": 145.0282925 }, "geometry": { "type": "Point", "coordinates": [ 145.0282925, -37.8355508 ] } },
{ "type": "Feature", "properties": { "osm_id": "node/7068977837", "name": "Accessible Toilet", "amenity_type": "accessible_toilet", "amenity": "toilets", "wheelchair": "yes", "toilets:wheelchair": null, "opening_hours": null, "operator": null, "description": null, "is_accessible": true, "latitude": -37.8345343, "longitude": 145.0301632 }, "geometry": { "type": "Point", "coordinates": [ 145.0301632, -37.8345343 ] } },
{ "type": "Feature", "properties": { "osm_id": "node/7068977838", "name": "Accessible Toilet", "amenity_type": "accessible_toilet", "amenity": "toilets", "wheelchair": null, "toilets:wheelchair": null, "opening_hours": null, "operator": null, "description": null, "is_accessible": true, "latitude": -37.8361666, "longitude": 145.029079 }, "geometry": { "type": "Point", "coordinates": [ 145.029079, -37.8361666 ] } },
{ "type": "Feature", "properties": { "osm_id": "node/7068977839", "name": "Accessible Toilet", "amenity_type": "accessible_toilet", "amenity": "toilets", "wheelchair": null, "toilets:wheelchair": null, "opening_hours": null, "operator": null, "description": null, "is_accessible": true, "latitude": -37.8357485, "longitude": 145.031316 }, "geometry": { "type": "Point", "coordinates": [ 145.031316, -37.8357485 ] } },
{ "type": "Feature", "properties": { "osm_id": "node/7074530118", "name": "Accessible Toilet", "amenity_type": "accessible_toilet", "amenity": "toilets", "wheelchair": "designated", "toilets:wheelchair": null, "opening_hours": null, "operator": null, "description": null, "is_accessible": true, "latitude": -38.0648155, "longitude": 145.1983556 }, "geometry": { "type": "Point", "coordinates": [ 145.198355600000014, -38.0648155 ] } },
{ "type": "Feature", "properties": { "osm_id": "node/7096924336", "name": "Accessible Toilet", "amenity_type": "accessible_toilet", "amenity": "toilets", "wheelchair": null, "toilets:wheelchair": null, "opening_hours": null, "operator": null, "description": null, "is_accessible": true, "latitude": -37.8677631, "longitude": 144.7434121 }, "geometry": { "type": "Point", "coordinates": [ 144.7434121, -37.8677631 ] } },
{ "type": "Feature", "properties": { "osm_id": "node/7100722995", "name": "Accessible Toilet", "amenity_type": "accessible_toilet", "amenity": "toilets", "wheelchair": null, "toilets:wheelchair": null, "opening_hours": null, "operator": null, "description": null, "is_accessible": true, "latitude": -37.8544832, "longitude": 145.0944942 }, "geometry": { "type": "Point", "coordinates": [ 145.094494200000014, -37.8544832 ] } },
{ "type": "Feature", "properties": { "osm_id": "node/7100912322", "name": "Accessible Toilet", "amenity_type": "accessible_toilet", "amenity": "toilets", "wheelchair": "limited", "toilets:wheelchair": null, "opening_hours": null, "operator": null, "description": null, "is_accessible": true, "latitude": -37.939476, "longitude": 145.2531002 }, "geometry": { "type": "Point", "coordinates": [ 145.2531002, -37.939476 ] } },
{ "type": "Feature", "properties": { "osm_id": "node/7125901986", "name": "Accessible Toilet", "amenity_type": "accessible_toilet", "amenity": "toilets", "wheelchair": "limited", "toilets:wheelchair": null, "opening_hours": null, "operator": null, "description": null, "is_accessible": true, "latitude": -37.677301, "longitude": 144.8886915 }, "geometry": { "type": "Point", "coordinates": [ 144.8886915, -37.677301 ] } },
{ "type": "Feature", "properties": { "osm_id": "node/7180538473", "name": "Accessible Toilet", "amenity_type": "accessible_toilet", "amenity": "toilets", "wheelchair": null, "toilets:wheelchair": null, "opening_hours": null, "operator": null, "description": null, "is_accessible": true, "latitude": -37.6736838, "longitude": 144.8502369 }, "geometry": { "type": "Point", "coordinates": [ 144.8502369, -37.6736838 ] } },
{ "type": "Feature", "properties": { "osm_id": "node/7202008652", "name": "Accessible Toilet", "amenity_type": "accessible_toilet", "amenity": "toilets", "wheelchair": null, "toilets:wheelchair": null, "opening_hours": null, "operator": null, "description": null, "is_accessible": true, "latitude": -37.7298938, "longitude": 145.3791762 }, "geometry": { "type": "Point", "coordinates": [ 145.379176199999989, -37.7298938 ] } },
{ "type": "Feature", "properties": { "osm_id": "node/7246270877", "name": "Accessible Toilet", "amenity_type": "accessible_toilet", "amenity": "toilets", "wheelchair": "yes", "toilets:wheelchair": null, "opening_hours": null, "operator": null, "description": null, "is_accessible": true, "latitude": -37.815653, "longitude": 144.9523553 }, "geometry": { "type": "Point", "coordinates": [ 144.9523553, -37.815653 ] } },
{ "type": "Feature", "properties": { "osm_id": "node/7248742915", "name": "Accessible Toilet", "amenity_type": "accessible_toilet", "amenity": "toilets", "wheelchair": "yes", "toilets:wheelchair": null, "opening_hours": null, "operator": null, "description": "This contains one toilet. The door is a button-operated sliding door. There is level access from the footpath between the toilet and beach.", "is_accessible": true, "latitude": -37.9507201, "longitude": 145.0016345 }, "geometry": { "type": "Point", "coordinates": [ 145.0016345, -37.9507201 ] } },
{ "type": "Feature", "properties": { "osm_id": "node/7248801861", "name": "Accessible Toilet", "amenity_type": "accessible_toilet", "amenity": "toilets", "wheelchair": "yes", "toilets:wheelchair": null, "opening_hours": null, "operator": null, "description": "This contains one toilet. The door is a button-operated sliding door. There is level access from the footpath between the toilet and beach.", "is_accessible": true, "latitude": -37.9379376, "longitude": 144.9979055 }, "geometry": { "type": "Point", "coordinates": [ 144.9979055, -37.9379376 ] } },
{ "type": "Feature", "properties": { "osm_id": "node/7281497001", "name": "Accessible Toilet", "amenity_type": "accessible_toilet", "amenity": "toilets", "wheelchair": "yes", "toilets:wheelchair": null, "opening_hours": null, "operator": null, "description": null, "is_accessible": true, "latitude": -37.6687609, "longitude": 144.8471843 }, "geometry": { "type": "Point", "coordinates": [ 144.8471843, -37.6687609 ] } },
{ "type": "Feature", "properties": { "osm_id": "node/7308395618", "name": "Accessible Toilet", "amenity_type": "accessible_toilet", "amenity": "toilets", "wheelchair": "yes", "toilets:wheelchair": null, "opening_hours": null, "operator": null, "description": null, "is_accessible": true, "latitude": -37.7411821, "longitude": 144.9545091 }, "geometry": { "type": "Point", "coordinates": [ 144.9545091, -37.7411821 ] } },
{ "type": "Feature", "properties": { "osm_id": "node/7441496730", "name": "Accessible Toilet", "amenity_type": "accessible_toilet", "amenity": "toilets", "wheelchair": null, "toilets:wheelchair": null, "opening_hours": null, "operator": null, "description": null, "is_accessible": true, "latitude": -37.8251151, "longitude": 145.2309065 }, "geometry": { "type": "Point", "coordinates": [ 145.2309065, -37.8251151 ] } },
{ "type": "Feature", "properties": { "osm_id": "node/7455195881", "name": "Accessible Toilet", "amenity_type": "accessible_toilet", "amenity": "toilets", "wheelchair": null, "toilets:wheelchair": null, "opening_hours": null, "operator": null, "description": null, "is_accessible": true, "latitude": -37.8694679, "longitude": 145.2434584 }, "geometry": { "type": "Point", "coordinates": [ 145.2434584, -37.8694679 ] } },
{ "type": "Feature", "properties": { "osm_id": "node/7508938920", "name": "Accessible Toilet", "amenity_type": "accessible_toilet", "amenity": "toilets", "wheelchair": "yes", "toilets:wheelchair": null, "opening_hours": null, "operator": null, "description": null, "is_accessible": true, "latitude": -37.8334959, "longitude": 144.9302074 }, "geometry": { "type": "Point", "coordinates": [ 144.9302074, -37.8334959 ] } },
{ "type": "Feature", "properties": { "osm_id": "node/7576808731", "name": "Accessible Toilet", "amenity_type": "accessible_toilet", "amenity": "toilets", "wheelchair": null, "toilets:wheelchair": null, "opening_hours": null, "operator": null, "description": null, "is_accessible": true, "latitude": -37.7884306, "longitude": 144.9835333 }, "geometry": { "type": "Point", "coordinates": [ 144.9835333, -37.7884306 ] } },
{ "type": "Feature", "properties": { "osm_id": "node/7658579865", "name": "Accessible Toilet", "amenity_type": "accessible_toilet", "amenity": "toilets", "wheelchair": null, "toilets:wheelchair": null, "opening_hours": null, "operator": null, "description": null, "is_accessible": true, "latitude": -37.7428101, "longitude": 144.9670598 }, "geometry": { "type": "Point", "coordinates": [ 144.967059799999987, -37.7428101 ] } },
{ "type": "Feature", "properties": { "osm_id": "node/7779978957", "name": "Accessible Toilet", "amenity_type": "accessible_toilet", "amenity": "toilets", "wheelchair": null, "toilets:wheelchair": null, "opening_hours": null, "operator": null, "description": null, "is_accessible": true, "latitude": -38.1206022, "longitude": 145.1314887 }, "geometry": { "type": "Point", "coordinates": [ 145.1314887, -38.1206022 ] } },
{ "type": "Feature", "properties": { "osm_id": "node/7780692364", "name": "Accessible Toilet", "amenity_type": "accessible_toilet", "amenity": "toilets", "wheelchair": "yes", "toilets:wheelchair": null, "opening_hours": null, "operator": null, "description": null, "is_accessible": true, "latitude": -37.8765108, "longitude": 145.1277887 }, "geometry": { "type": "Point", "coordinates": [ 145.1277887, -37.8765108 ] } },
{ "type": "Feature", "properties": { "osm_id": "node/7904838160", "name": "Accessible Toilet", "amenity_type": "accessible_toilet", "amenity": "toilets", "wheelchair": "yes", "toilets:wheelchair": null, "opening_hours": null, "operator": null, "description": null, "is_accessible": true, "latitude": -37.8247935, "longitude": 145.1159378 }, "geometry": { "type": "Point", "coordinates": [ 145.115937800000012, -37.8247935 ] } },
{ "type": "Feature", "properties": { "osm_id": "node/7904849568", "name": "Accessible Toilet", "amenity_type": "accessible_toilet", "amenity": "toilets", "wheelchair": null, "toilets:wheelchair": null, "opening_hours": null, "operator": null, "description": null, "is_accessible": true, "latitude": -37.8028277, "longitude": 145.1621844 }, "geometry": { "type": "Point", "coordinates": [ 145.1621844, -37.8028277 ] } },
{ "type": "Feature", "properties": { "osm_id": "node/7904913510", "name": "Accessible Toilet", "amenity_type": "accessible_toilet", "amenity": "toilets", "wheelchair": null, "toilets:wheelchair": null, "opening_hours": null, "operator": null, "description": null, "is_accessible": true, "latitude": -37.7834453, "longitude": 145.2467667 }, "geometry": { "type": "Point", "coordinates": [ 145.2467667, -37.7834453 ] } },
{ "type": "Feature", "properties": { "osm_id": "node/7924570659", "name": "Accessible Toilet", "amenity_type": "accessible_toilet", "amenity": "toilets", "wheelchair": "yes", "toilets:wheelchair": null, "opening_hours": "24/7", "operator": null, "description": null, "is_accessible": true, "latitude": -37.8099439, "longitude": 145.0631962 }, "geometry": { "type": "Point", "coordinates": [ 145.0631962, -37.8099439 ] } },
{ "type": "Feature", "properties": { "osm_id": "node/7930402190", "name": "Accessible Toilet", "amenity_type": "accessible_toilet", "amenity": "toilets", "wheelchair": null, "toilets:wheelchair": null, "opening_hours": null, "operator": null, "description": null, "is_accessible": true, "latitude": -37.821778, "longitude": 145.08703 }, "geometry": { "type": "Point", "coordinates": [ 145.08703, -37.821778 ] } },
{ "type": "Feature", "properties": { "osm_id": "node/7959268781", "name": "Accessible Toilet", "amenity_type": "accessible_toilet", "amenity": "toilets", "wheelchair": "limited", "toilets:wheelchair": null, "opening_hours": null, "operator": null, "description": null, "is_accessible": true, "latitude": -37.7978622, "longitude": 145.117245 }, "geometry": { "type": "Point", "coordinates": [ 145.117245, -37.7978622 ] } },
{ "type": "Feature", "properties": { "osm_id": "node/7959268782", "name": "Accessible Toilet", "amenity_type": "accessible_toilet", "amenity": "toilets", "wheelchair": "limited", "toilets:wheelchair": null, "opening_hours": null, "operator": null, "description": null, "is_accessible": true, "latitude": -37.7977324, "longitude": 145.1170453 }, "geometry": { "type": "Point", "coordinates": [ 145.1170453, -37.7977324 ] } },
{ "type": "Feature", "properties": { "osm_id": "node/7965602103", "name": "Accessible Toilet", "amenity_type": "accessible_toilet", "amenity": "toilets", "wheelchair": null, "toilets:wheelchair": null, "opening_hours": null, "operator": null, "description": null, "is_accessible": true, "latitude": -37.8476058, "longitude": 144.9737745 }, "geometry": { "type": "Point", "coordinates": [ 144.9737745, -37.8476058 ] } },
{ "type": "Feature", "properties": { "osm_id": "node/7967779770", "name": "Accessible Toilet", "amenity_type": "accessible_toilet", "amenity": "toilets", "wheelchair": null, "toilets:wheelchair": null, "opening_hours": null, "operator": null, "description": null, "is_accessible": true, "latitude": -37.9419102, "longitude": 145.1763074 }, "geometry": { "type": "Point", "coordinates": [ 145.176307400000013, -37.9419102 ] } },
{ "type": "Feature", "properties": { "osm_id": "node/7967780500", "name": "Accessible Toilet", "amenity_type": "accessible_toilet", "amenity": "toilets", "wheelchair": null, "toilets:wheelchair": null, "opening_hours": null, "operator": null, "description": null, "is_accessible": true, "latitude": -37.9565133, "longitude": 145.2421851 }, "geometry": { "type": "Point", "coordinates": [ 145.2421851, -37.9565133 ] } },
{ "type": "Feature", "properties": { "osm_id": "node/7975385789", "name": "Accessible Toilet", "amenity_type": "accessible_toilet", "amenity": "toilets", "wheelchair": "yes", "toilets:wheelchair": null, "opening_hours": null, "operator": null, "description": null, "is_accessible": true, "latitude": -37.8900243, "longitude": 145.0667489 }, "geometry": { "type": "Point", "coordinates": [ 145.0667489, -37.8900243 ] } },
{ "type": "Feature", "properties": { "osm_id": "node/7975385790", "name": "Accessible Toilet", "amenity_type": "accessible_toilet", "amenity": "toilets", "wheelchair": null, "toilets:wheelchair": null, "opening_hours": null, "operator": null, "description": null, "is_accessible": true, "latitude": -37.8973168, "longitude": 145.0380881 }, "geometry": { "type": "Point", "coordinates": [ 145.03808810000001, -37.8973168 ] } },
{ "type": "Feature", "properties": { "osm_id": "node/7991453315", "name": "Accessible Toilet", "amenity_type": "accessible_toilet", "amenity": "toilets", "wheelchair": "yes", "toilets:wheelchair": null, "opening_hours": null, "operator": null, "description": null, "is_accessible": true, "latitude": -37.7742282, "longitude": 145.0279186 }, "geometry": { "type": "Point", "coordinates": [ 145.0279186, -37.7742282 ] } },
{ "type": "Feature", "properties": { "osm_id": "node/7998321428", "name": "Accessible Toilet", "amenity_type": "accessible_toilet", "amenity": "toilets", "wheelchair": null, "toilets:wheelchair": null, "opening_hours": null, "operator": null, "description": null, "is_accessible": true, "latitude": -37.8646843, "longitude": 144.8133822 }, "geometry": { "type": "Point", "coordinates": [ 144.8133822, -37.8646843 ] } },
{ "type": "Feature", "properties": { "osm_id": "node/8014728689", "name": "Accessible Toilet", "amenity_type": "accessible_toilet", "amenity": "toilets", "wheelchair": null, "toilets:wheelchair": "yes", "opening_hours": "sunset-sunrise open; sunrise-sunset closed", "operator": null, "description": null, "is_accessible": true, "latitude": -37.8480404, "longitude": 145.1128185 }, "geometry": { "type": "Point", "coordinates": [ 145.1128185, -37.8480404 ] } },
{ "type": "Feature", "properties": { "osm_id": "node/8026320468", "name": "Accessible Toilet", "amenity_type": "accessible_toilet", "amenity": "toilets", "wheelchair": "yes", "toilets:wheelchair": null, "opening_hours": null, "operator": null, "description": null, "is_accessible": true, "latitude": -38.0774211, "longitude": 145.2505189 }, "geometry": { "type": "Point", "coordinates": [ 145.2505189, -38.0774211 ] } },
{ "type": "Feature", "properties": { "osm_id": "node/8027104088", "name": "Accessible Toilet", "amenity_type": "accessible_toilet", "amenity": "toilets", "wheelchair": "yes", "toilets:wheelchair": null, "opening_hours": null, "operator": null, "description": null, "is_accessible": true, "latitude": -37.8943297, "longitude": 145.0764129 }, "geometry": { "type": "Point", "coordinates": [ 145.0764129, -37.8943297 ] } },
{ "type": "Feature", "properties": { "osm_id": "node/8049136139", "name": "Accessible Toilet", "amenity_type": "accessible_toilet", "amenity": "toilets", "wheelchair": "yes", "toilets:wheelchair": null, "opening_hours": null, "operator": null, "description": null, "is_accessible": true, "latitude": -38.0767107, "longitude": 145.1219116 }, "geometry": { "type": "Point", "coordinates": [ 145.1219116, -38.0767107 ] } },
{ "type": "Feature", "properties": { "osm_id": "node/8057594995", "name": "Accessible Toilet", "amenity_type": "accessible_toilet", "amenity": "toilets", "wheelchair": "yes", "toilets:wheelchair": null, "opening_hours": null, "operator": null, "description": null, "is_accessible": true, "latitude": -37.8614779, "longitude": 145.2866832 }, "geometry": { "type": "Point", "coordinates": [ 145.2866832, -37.8614779 ] } },
{ "type": "Feature", "properties": { "osm_id": "node/8132821317", "name": "Accessible Toilet", "amenity_type": "accessible_toilet", "amenity": "toilets", "wheelchair": null, "toilets:wheelchair": null, "opening_hours": null, "operator": null, "description": null, "is_accessible": true, "latitude": -37.749769, "longitude": 144.9827235 }, "geometry": { "type": "Point", "coordinates": [ 144.9827235, -37.749769 ] } },
{ "type": "Feature", "properties": { "osm_id": "node/8155861199", "name": "Accessible Toilet", "amenity_type": "accessible_toilet", "amenity": "toilets", "wheelchair": "yes", "toilets:wheelchair": null, "opening_hours": null, "operator": null, "description": null, "is_accessible": true, "latitude": -38.0120158, "longitude": 145.1612356 }, "geometry": { "type": "Point", "coordinates": [ 145.1612356, -38.0120158 ] } },
{ "type": "Feature", "properties": { "osm_id": "node/8165793781", "name": "Accessible Toilet", "amenity_type": "accessible_toilet", "amenity": "toilets", "wheelchair": "no", "toilets:wheelchair": null, "opening_hours": null, "operator": null, "description": null, "is_accessible": true, "latitude": -37.8395206, "longitude": 144.953091 }, "geometry": { "type": "Point", "coordinates": [ 144.953091, -37.8395206 ] } },
{ "type": "Feature", "properties": { "osm_id": "node/8258544221", "name": "Accessible Toilet", "amenity_type": "accessible_toilet", "amenity": "toilets", "wheelchair": null, "toilets:wheelchair": null, "opening_hours": null, "operator": null, "description": null, "is_accessible": true, "latitude": -37.816291, "longitude": 145.6476622 }, "geometry": { "type": "Point", "coordinates": [ 145.647662200000013, -37.816291 ] } },
{ "type": "Feature", "properties": { "osm_id": "node/8259230514", "name": "Accessible Toilet", "amenity_type": "accessible_toilet", "amenity": "toilets", "wheelchair": null, "toilets:wheelchair": null, "opening_hours": null, "operator": null, "description": null, "is_accessible": true, "latitude": -37.8709629, "longitude": 144.8382989 }, "geometry": { "type": "Point", "coordinates": [ 144.838298900000012, -37.8709629 ] } },
{ "type": "Feature", "properties": { "osm_id": "node/8260893417", "name": "Accessible Toilet", "amenity_type": "accessible_toilet", "amenity": "toilets", "wheelchair": null, "toilets:wheelchair": null, "opening_hours": "Mo-Su 05:00-00:00", "operator": null, "description": "Inside train station, upper floor concourse, Myki required to enter station and access", "is_accessible": true, "latitude": -37.9179367, "longitude": 145.0370079 }, "geometry": { "type": "Point", "coordinates": [ 145.0370079, -37.9179367 ] } },
{ "type": "Feature", "properties": { "osm_id": "node/8343413189", "name": "Accessible Toilet", "amenity_type": "accessible_toilet", "amenity": "toilets", "wheelchair": "no", "toilets:wheelchair": null, "opening_hours": null, "operator": null, "description": null, "is_accessible": true, "latitude": -37.8997008, "longitude": 145.5766726 }, "geometry": { "type": "Point", "coordinates": [ 145.5766726, -37.8997008 ] } },
{ "type": "Feature", "properties": { "osm_id": "node/8376526505", "name": "Accessible Toilet", "amenity_type": "accessible_toilet", "amenity": "toilets", "wheelchair": null, "toilets:wheelchair": null, "opening_hours": null, "operator": null, "description": null, "is_accessible": true, "latitude": -38.3295174, "longitude": 144.7281967 }, "geometry": { "type": "Point", "coordinates": [ 144.728196700000012, -38.3295174 ] } },
{ "type": "Feature", "properties": { "osm_id": "node/8376526506", "name": "Accessible Toilet", "amenity_type": "accessible_toilet", "amenity": "toilets", "wheelchair": null, "toilets:wheelchair": null, "opening_hours": null, "operator": null, "description": null, "is_accessible": true, "latitude": -38.3313077, "longitude": 144.7298196 }, "geometry": { "type": "Point", "coordinates": [ 144.729819600000013, -38.3313077 ] } },
{ "type": "Feature", "properties": { "osm_id": "node/8377427338", "name": "Accessible Toilet", "amenity_type": "accessible_toilet", "amenity": "toilets", "wheelchair": "yes", "toilets:wheelchair": null, "opening_hours": null, "operator": null, "description": null, "is_accessible": true, "latitude": -37.7625616, "longitude": 144.9611475 }, "geometry": { "type": "Point", "coordinates": [ 144.96114750000001, -37.7625616 ] } },
{ "type": "Feature", "properties": { "osm_id": "node/8484538017", "name": "Accessible Toilet", "amenity_type": "accessible_toilet", "amenity": "toilets", "wheelchair": "yes", "toilets:wheelchair": null, "opening_hours": null, "operator": null, "description": null, "is_accessible": true, "latitude": -38.3812938, "longitude": 145.0246715 }, "geometry": { "type": "Point", "coordinates": [ 145.024671500000011, -38.3812938 ] } },
{ "type": "Feature", "properties": { "osm_id": "node/8526261782", "name": "Accessible Toilet", "amenity_type": "accessible_toilet", "amenity": "toilets", "wheelchair": "yes", "toilets:wheelchair": null, "opening_hours": null, "operator": null, "description": null, "is_accessible": true, "latitude": -38.4242152, "longitude": 145.0748692 }, "geometry": { "type": "Point", "coordinates": [ 145.0748692, -38.4242152 ] } },
{ "type": "Feature", "properties": { "osm_id": "node/8591919317", "name": "Accessible Toilet", "amenity_type": "accessible_toilet", "amenity": "toilets", "wheelchair": "yes", "toilets:wheelchair": null, "opening_hours": null, "operator": null, "description": null, "is_accessible": true, "latitude": -37.8143928, "longitude": 144.9444743 }, "geometry": { "type": "Point", "coordinates": [ 144.9444743, -37.8143928 ] } },
{ "type": "Feature", "properties": { "osm_id": "node/8609571091", "name": "Accessible Toilet", "amenity_type": "accessible_toilet", "amenity": "toilets", "wheelchair": null, "toilets:wheelchair": null, "opening_hours": null, "operator": null, "description": null, "is_accessible": true, "latitude": -37.9883537, "longitude": 145.4928064 }, "geometry": { "type": "Point", "coordinates": [ 145.4928064, -37.9883537 ] } },
{ "type": "Feature", "properties": { "osm_id": "node/8616507216", "name": "Accessible Toilet", "amenity_type": "accessible_toilet", "amenity": "toilets", "wheelchair": null, "toilets:wheelchair": null, "opening_hours": null, "operator": null, "description": null, "is_accessible": true, "latitude": -37.6600191, "longitude": 145.4691493 }, "geometry": { "type": "Point", "coordinates": [ 145.4691493, -37.6600191 ] } },
{ "type": "Feature", "properties": { "osm_id": "node/8726577966", "name": "Accessible Toilet", "amenity_type": "accessible_toilet", "amenity": "toilets", "wheelchair": null, "toilets:wheelchair": null, "opening_hours": null, "operator": null, "description": null, "is_accessible": true, "latitude": -37.9687752, "longitude": 145.0880455 }, "geometry": { "type": "Point", "coordinates": [ 145.0880455, -37.9687752 ] } },
{ "type": "Feature", "properties": { "osm_id": "node/8727062834", "name": "Accessible Toilet", "amenity_type": "accessible_toilet", "amenity": "toilets", "wheelchair": null, "toilets:wheelchair": null, "opening_hours": null, "operator": null, "description": null, "is_accessible": true, "latitude": -37.8845079, "longitude": 145.004258 }, "geometry": { "type": "Point", "coordinates": [ 145.004258, -37.8845079 ] } },
{ "type": "Feature", "properties": { "osm_id": "node/8741059614", "name": "Accessible Toilet", "amenity_type": "accessible_toilet", "amenity": "toilets", "wheelchair": null, "toilets:wheelchair": null, "opening_hours": null, "operator": null, "description": null, "is_accessible": true, "latitude": -38.3538456, "longitude": 144.7629382 }, "geometry": { "type": "Point", "coordinates": [ 144.7629382, -38.3538456 ] } },
{ "type": "Feature", "properties": { "osm_id": "node/8756941300", "name": "Accessible Toilet", "amenity_type": "accessible_toilet", "amenity": "toilets", "wheelchair": "no", "toilets:wheelchair": null, "opening_hours": null, "operator": null, "description": null, "is_accessible": true, "latitude": -37.914782, "longitude": 145.0503022 }, "geometry": { "type": "Point", "coordinates": [ 145.0503022, -37.914782 ] } },
{ "type": "Feature", "properties": { "osm_id": "node/8756941301", "name": "Accessible Toilet", "amenity_type": "accessible_toilet", "amenity": "toilets", "wheelchair": "no", "toilets:wheelchair": null, "opening_hours": null, "operator": null, "description": null, "is_accessible": true, "latitude": -37.9146459, "longitude": 145.050156 }, "geometry": { "type": "Point", "coordinates": [ 145.050156, -37.9146459 ] } },
{ "type": "Feature", "properties": { "osm_id": "node/8878757356", "name": "Accessible Toilet", "amenity_type": "accessible_toilet", "amenity": "toilets", "wheelchair": null, "toilets:wheelchair": null, "opening_hours": null, "operator": null, "description": null, "is_accessible": true, "latitude": -37.7423523, "longitude": 145.0432015 }, "geometry": { "type": "Point", "coordinates": [ 145.0432015, -37.7423523 ] } },
{ "type": "Feature", "properties": { "osm_id": "node/8899627138", "name": "Accessible Toilet", "amenity_type": "accessible_toilet", "amenity": "toilets", "wheelchair": "limited", "toilets:wheelchair": null, "opening_hours": "Mo-Su 08:00-20:00", "operator": null, "description": null, "is_accessible": true, "latitude": -37.7544134, "longitude": 144.9619133 }, "geometry": { "type": "Point", "coordinates": [ 144.9619133, -37.7544134 ] } },
{ "type": "Feature", "properties": { "osm_id": "node/8931907701", "name": "Accessible Toilet", "amenity_type": "accessible_toilet", "amenity": "toilets", "wheelchair": "yes", "toilets:wheelchair": null, "opening_hours": null, "operator": null, "description": null, "is_accessible": true, "latitude": -37.7774665, "longitude": 145.0188382 }, "geometry": { "type": "Point", "coordinates": [ 145.0188382, -37.7774665 ] } },
{ "type": "Feature", "properties": { "osm_id": "node/8972007710", "name": "Accessible Toilet", "amenity_type": "accessible_toilet", "amenity": "toilets", "wheelchair": null, "toilets:wheelchair": null, "opening_hours": null, "operator": null, "description": null, "is_accessible": true, "latitude": -38.0413578, "longitude": 145.364436 }, "geometry": { "type": "Point", "coordinates": [ 145.364436, -38.0413578 ] } },
{ "type": "Feature", "properties": { "osm_id": "node/8979903298", "name": "Accessible Toilet", "amenity_type": "accessible_toilet", "amenity": "toilets", "wheelchair": null, "toilets:wheelchair": null, "opening_hours": null, "operator": null, "description": null, "is_accessible": true, "latitude": -37.7040012, "longitude": 145.1796108 }, "geometry": { "type": "Point", "coordinates": [ 145.1796108, -37.7040012 ] } },
{ "type": "Feature", "properties": { "osm_id": "node/8991397182", "name": "Accessible Toilet", "amenity_type": "accessible_toilet", "amenity": "toilets", "wheelchair": "yes", "toilets:wheelchair": null, "opening_hours": null, "operator": null, "description": null, "is_accessible": true, "latitude": -38.0619693, "longitude": 145.3391657 }, "geometry": { "type": "Point", "coordinates": [ 145.3391657, -38.0619693 ] } },
{ "type": "Feature", "properties": { "osm_id": "node/8991415736", "name": "Accessible Toilet", "amenity_type": "accessible_toilet", "amenity": "toilets", "wheelchair": null, "toilets:wheelchair": null, "opening_hours": null, "operator": null, "description": null, "is_accessible": true, "latitude": -38.0649617, "longitude": 145.4639015 }, "geometry": { "type": "Point", "coordinates": [ 145.4639015, -38.0649617 ] } },
{ "type": "Feature", "properties": { "osm_id": "node/9027380429", "name": "Accessible Toilet", "amenity_type": "accessible_toilet", "amenity": "toilets", "wheelchair": "yes", "toilets:wheelchair": null, "opening_hours": null, "operator": null, "description": null, "is_accessible": true, "latitude": -37.9019599, "longitude": 144.6597206 }, "geometry": { "type": "Point", "coordinates": [ 144.659720600000014, -37.9019599 ] } },
{ "type": "Feature", "properties": { "osm_id": "node/9030299728", "name": "Accessible Toilet", "amenity_type": "accessible_toilet", "amenity": "toilets", "wheelchair": null, "toilets:wheelchair": null, "opening_hours": null, "operator": null, "description": null, "is_accessible": true, "latitude": -37.7203819, "longitude": 144.8365767 }, "geometry": { "type": "Point", "coordinates": [ 144.8365767, -37.7203819 ] } },
{ "type": "Feature", "properties": { "osm_id": "node/9037937665", "name": "Accessible Toilet", "amenity_type": "accessible_toilet", "amenity": "toilets", "wheelchair": "yes", "toilets:wheelchair": null, "opening_hours": null, "operator": null, "description": null, "is_accessible": true, "latitude": -37.9258558, "longitude": 145.0705985 }, "geometry": { "type": "Point", "coordinates": [ 145.070598499999988, -37.9258558 ] } },
{ "type": "Feature", "properties": { "osm_id": "node/9092950118", "name": "Accessible Toilet", "amenity_type": "accessible_toilet", "amenity": "toilets", "wheelchair": "yes", "toilets:wheelchair": null, "opening_hours": null, "operator": null, "description": null, "is_accessible": true, "latitude": -37.7465317, "longitude": 145.2070262 }, "geometry": { "type": "Point", "coordinates": [ 145.2070262, -37.7465317 ] } },
{ "type": "Feature", "properties": { "osm_id": "node/9104671064", "name": "Accessible Toilet", "amenity_type": "accessible_toilet", "amenity": "toilets", "wheelchair": null, "toilets:wheelchair": null, "opening_hours": null, "operator": null, "description": null, "is_accessible": true, "latitude": -37.6845227, "longitude": 145.1359526 }, "geometry": { "type": "Point", "coordinates": [ 145.1359526, -37.6845227 ] } },
{ "type": "Feature", "properties": { "osm_id": "node/9106493745", "name": "Accessible Toilet", "amenity_type": "accessible_toilet", "amenity": "toilets", "wheelchair": "yes", "toilets:wheelchair": null, "opening_hours": null, "operator": null, "description": null, "is_accessible": true, "latitude": -37.8306005, "longitude": 144.9784202 }, "geometry": { "type": "Point", "coordinates": [ 144.978420199999988, -37.8306005 ] } },
{ "type": "Feature", "properties": { "osm_id": "node/9209339919", "name": "Accessible Toilet", "amenity_type": "accessible_toilet", "amenity": "toilets", "wheelchair": "yes", "toilets:wheelchair": null, "opening_hours": "24/7", "operator": null, "description": null, "is_accessible": true, "latitude": -37.9783175, "longitude": 145.0782157 }, "geometry": { "type": "Point", "coordinates": [ 145.078215699999987, -37.9783175 ] } },
{ "type": "Feature", "properties": { "osm_id": "node/9234983091", "name": "Accessible Toilet", "amenity_type": "accessible_toilet", "amenity": "toilets", "wheelchair": null, "toilets:wheelchair": null, "opening_hours": null, "operator": null, "description": null, "is_accessible": true, "latitude": -38.0244552, "longitude": 145.3262066 }, "geometry": { "type": "Point", "coordinates": [ 145.3262066, -38.0244552 ] } },
{ "type": "Feature", "properties": { "osm_id": "node/9247185117", "name": "Accessible Toilet", "amenity_type": "accessible_toilet", "amenity": "toilets", "wheelchair": null, "toilets:wheelchair": null, "opening_hours": null, "operator": null, "description": null, "is_accessible": true, "latitude": -38.0332538, "longitude": 145.2682384 }, "geometry": { "type": "Point", "coordinates": [ 145.2682384, -38.0332538 ] } },
{ "type": "Feature", "properties": { "osm_id": "node/9280356453", "name": "Accessible Toilet", "amenity_type": "accessible_toilet", "amenity": "toilets", "wheelchair": "yes", "toilets:wheelchair": null, "opening_hours": null, "operator": null, "description": null, "is_accessible": true, "latitude": -38.0848843, "longitude": 145.2913634 }, "geometry": { "type": "Point", "coordinates": [ 145.2913634, -38.0848843 ] } },
{ "type": "Feature", "properties": { "osm_id": "node/9301497538", "name": "Accessible Toilet", "amenity_type": "accessible_toilet", "amenity": "toilets", "wheelchair": null, "toilets:wheelchair": null, "opening_hours": null, "operator": null, "description": null, "is_accessible": true, "latitude": -37.983674, "longitude": 145.1673414 }, "geometry": { "type": "Point", "coordinates": [ 145.1673414, -37.983674 ] } },
{ "type": "Feature", "properties": { "osm_id": "node/9336145824", "name": "Accessible Toilet", "amenity_type": "accessible_toilet", "amenity": "toilets", "wheelchair": null, "toilets:wheelchair": null, "opening_hours": null, "operator": null, "description": null, "is_accessible": true, "latitude": -37.8482462, "longitude": 144.9929212 }, "geometry": { "type": "Point", "coordinates": [ 144.992921200000012, -37.8482462 ] } },
{ "type": "Feature", "properties": { "osm_id": "node/9336146721", "name": "Accessible Toilet", "amenity_type": "accessible_toilet", "amenity": "toilets", "wheelchair": null, "toilets:wheelchair": null, "opening_hours": null, "operator": null, "description": null, "is_accessible": true, "latitude": -37.8201576, "longitude": 144.96649 }, "geometry": { "type": "Point", "coordinates": [ 144.96649, -37.8201576 ] } },
{ "type": "Feature", "properties": { "osm_id": "node/9350242194", "name": "Accessible Toilet", "amenity_type": "accessible_toilet", "amenity": "toilets", "wheelchair": null, "toilets:wheelchair": null, "opening_hours": null, "operator": null, "description": null, "is_accessible": true, "latitude": -37.9559157, "longitude": 145.1520204 }, "geometry": { "type": "Point", "coordinates": [ 145.1520204, -37.9559157 ] } },
{ "type": "Feature", "properties": { "osm_id": "node/9351602725", "name": "Accessible Toilet", "amenity_type": "accessible_toilet", "amenity": "toilets", "wheelchair": null, "toilets:wheelchair": null, "opening_hours": null, "operator": null, "description": null, "is_accessible": true, "latitude": -37.8088308, "longitude": 145.2451012 }, "geometry": { "type": "Point", "coordinates": [ 145.2451012, -37.8088308 ] } },
{ "type": "Feature", "properties": { "osm_id": "node/9356822636", "name": "Accessible Toilet", "amenity_type": "accessible_toilet", "amenity": "toilets", "wheelchair": null, "toilets:wheelchair": null, "opening_hours": null, "operator": null, "description": null, "is_accessible": true, "latitude": -37.8651087, "longitude": 144.9717888 }, "geometry": { "type": "Point", "coordinates": [ 144.971788800000013, -37.8651087 ] } },
{ "type": "Feature", "properties": { "osm_id": "node/9363034099", "name": "Accessible Toilet", "amenity_type": "accessible_toilet", "amenity": "toilets", "wheelchair": "yes", "toilets:wheelchair": null, "opening_hours": null, "operator": null, "description": null, "is_accessible": true, "latitude": -37.9499152, "longitude": 145.0044529 }, "geometry": { "type": "Point", "coordinates": [ 145.0044529, -37.9499152 ] } },
{ "type": "Feature", "properties": { "osm_id": "node/9419759792", "name": "Accessible Toilet", "amenity_type": "accessible_toilet", "amenity": "toilets", "wheelchair": null, "toilets:wheelchair": null, "opening_hours": null, "operator": null, "description": null, "is_accessible": true, "latitude": -37.7631993, "longitude": 145.024792 }, "geometry": { "type": "Point", "coordinates": [ 145.024792, -37.7631993 ] } },
{ "type": "Feature", "properties": { "osm_id": "node/9438703675", "name": "Accessible Toilet", "amenity_type": "accessible_toilet", "amenity": "toilets", "wheelchair": "yes", "toilets:wheelchair": null, "opening_hours": null, "operator": "Langwarrin Plaza", "description": null, "is_accessible": true, "latitude": -38.1413817, "longitude": 145.2079658 }, "geometry": { "type": "Point", "coordinates": [ 145.207965800000011, -38.1413817 ] } },
{ "type": "Feature", "properties": { "osm_id": "node/9513144194", "name": "Accessible Toilet", "amenity_type": "accessible_toilet", "amenity": "toilets", "wheelchair": null, "toilets:wheelchair": null, "opening_hours": null, "operator": null, "description": null, "is_accessible": true, "latitude": -37.7817273, "longitude": 144.8139614 }, "geometry": { "type": "Point", "coordinates": [ 144.813961400000011, -37.7817273 ] } },
{ "type": "Feature", "properties": { "osm_id": "node/9535616346", "name": "Accessible Toilet", "amenity_type": "accessible_toilet", "amenity": "toilets", "wheelchair": null, "toilets:wheelchair": null, "opening_hours": null, "operator": null, "description": null, "is_accessible": true, "latitude": -38.2005352, "longitude": 145.487151 }, "geometry": { "type": "Point", "coordinates": [ 145.487151, -38.2005352 ] } },
{ "type": "Feature", "properties": { "osm_id": "node/9574731730", "name": "Accessible Toilet", "amenity_type": "accessible_toilet", "amenity": "toilets", "wheelchair": null, "toilets:wheelchair": null, "opening_hours": null, "operator": null, "description": null, "is_accessible": true, "latitude": -37.957897, "longitude": 145.0539905 }, "geometry": { "type": "Point", "coordinates": [ 145.0539905, -37.957897 ] } },
{ "type": "Feature", "properties": { "osm_id": "node/9574992206", "name": "Accessible Toilet", "amenity_type": "accessible_toilet", "amenity": "toilets", "wheelchair": null, "toilets:wheelchair": null, "opening_hours": null, "operator": null, "description": null, "is_accessible": true, "latitude": -37.9587696, "longitude": 145.056222 }, "geometry": { "type": "Point", "coordinates": [ 145.056222, -37.9587696 ] } },
{ "type": "Feature", "properties": { "osm_id": "node/9579466395", "name": "Accessible Toilet", "amenity_type": "accessible_toilet", "amenity": "toilets", "wheelchair": null, "toilets:wheelchair": null, "opening_hours": null, "operator": null, "description": null, "is_accessible": true, "latitude": -37.9581584, "longitude": 145.0513763 }, "geometry": { "type": "Point", "coordinates": [ 145.051376299999987, -37.9581584 ] } },
{ "type": "Feature", "properties": { "osm_id": "node/9594267235", "name": "Accessible Toilet", "amenity_type": "accessible_toilet", "amenity": "toilets", "wheelchair": null, "toilets:wheelchair": null, "opening_hours": null, "operator": null, "description": null, "is_accessible": true, "latitude": -37.9277771, "longitude": 145.0075728 }, "geometry": { "type": "Point", "coordinates": [ 145.0075728, -37.9277771 ] } },
{ "type": "Feature", "properties": { "osm_id": "node/9594267236", "name": "Accessible Toilet", "amenity_type": "accessible_toilet", "amenity": "toilets", "wheelchair": null, "toilets:wheelchair": null, "opening_hours": null, "operator": null, "description": null, "is_accessible": true, "latitude": -37.9277858, "longitude": 145.0068576 }, "geometry": { "type": "Point", "coordinates": [ 145.006857599999989, -37.9277858 ] } },
{ "type": "Feature", "properties": { "osm_id": "node/9594267237", "name": "Accessible Toilet", "amenity_type": "accessible_toilet", "amenity": "toilets", "wheelchair": null, "toilets:wheelchair": null, "opening_hours": null, "operator": null, "description": null, "is_accessible": true, "latitude": -37.9278964, "longitude": 145.0086562 }, "geometry": { "type": "Point", "coordinates": [ 145.0086562, -37.9278964 ] } },
{ "type": "Feature", "properties": { "osm_id": "node/9594267238", "name": "Accessible Toilet", "amenity_type": "accessible_toilet", "amenity": "toilets", "wheelchair": null, "toilets:wheelchair": null, "opening_hours": null, "operator": null, "description": null, "is_accessible": true, "latitude": -37.9282568, "longitude": 145.0074525 }, "geometry": { "type": "Point", "coordinates": [ 145.0074525, -37.9282568 ] } },
{ "type": "Feature", "properties": { "osm_id": "node/9601941078", "name": "Accessible Toilet", "amenity_type": "accessible_toilet", "amenity": "toilets", "wheelchair": null, "toilets:wheelchair": null, "opening_hours": null, "operator": null, "description": null, "is_accessible": true, "latitude": -37.7269664, "longitude": 144.8955858 }, "geometry": { "type": "Point", "coordinates": [ 144.8955858, -37.7269664 ] } },
{ "type": "Feature", "properties": { "osm_id": "node/9611925348", "name": "Accessible Toilet", "amenity_type": "accessible_toilet", "amenity": "toilets", "wheelchair": null, "toilets:wheelchair": null, "opening_hours": null, "operator": null, "description": null, "is_accessible": true, "latitude": -37.7830429, "longitude": 145.4295387 }, "geometry": { "type": "Point", "coordinates": [ 145.4295387, -37.7830429 ] } },
{ "type": "Feature", "properties": { "osm_id": "node/9630701568", "name": "Accessible Toilet", "amenity_type": "accessible_toilet", "amenity": "toilets", "wheelchair": "yes", "toilets:wheelchair": null, "opening_hours": null, "operator": null, "description": null, "is_accessible": true, "latitude": -37.7774248, "longitude": 145.4592116 }, "geometry": { "type": "Point", "coordinates": [ 145.4592116, -37.7774248 ] } },
{ "type": "Feature", "properties": { "osm_id": "node/9644632238", "name": "Accessible Toilet", "amenity_type": "accessible_toilet", "amenity": "toilets", "wheelchair": "yes", "toilets:wheelchair": null, "opening_hours": null, "operator": null, "description": null, "is_accessible": true, "latitude": -37.8140082, "longitude": 145.2283243 }, "geometry": { "type": "Point", "coordinates": [ 145.2283243, -37.8140082 ] } },
{ "type": "Feature", "properties": { "osm_id": "node/9650599626", "name": "Accessible Toilet", "amenity_type": "accessible_toilet", "amenity": "toilets", "wheelchair": null, "toilets:wheelchair": null, "opening_hours": null, "operator": null, "description": null, "is_accessible": true, "latitude": -37.82843, "longitude": 144.8708986 }, "geometry": { "type": "Point", "coordinates": [ 144.8708986, -37.82843 ] } },
{ "type": "Feature", "properties": { "osm_id": "node/9651277686", "name": "Accessible Toilet", "amenity_type": "accessible_toilet", "amenity": "toilets", "wheelchair": null, "toilets:wheelchair": null, "opening_hours": null, "operator": null, "description": null, "is_accessible": true, "latitude": -37.7281218, "longitude": 145.1519869 }, "geometry": { "type": "Point", "coordinates": [ 145.1519869, -37.7281218 ] } },
{ "type": "Feature", "properties": { "osm_id": "node/9651277687", "name": "Accessible Toilet", "amenity_type": "accessible_toilet", "amenity": "toilets", "wheelchair": null, "toilets:wheelchair": null, "opening_hours": null, "operator": null, "description": null, "is_accessible": true, "latitude": -37.7277174, "longitude": 145.152793 }, "geometry": { "type": "Point", "coordinates": [ 145.152793, -37.7277174 ] } },
{ "type": "Feature", "properties": { "osm_id": "node/9691011417", "name": "Accessible Toilet", "amenity_type": "accessible_toilet", "amenity": "toilets", "wheelchair": null, "toilets:wheelchair": null, "opening_hours": null, "operator": null, "description": null, "is_accessible": true, "latitude": -37.8681664, "longitude": 144.8954242 }, "geometry": { "type": "Point", "coordinates": [ 144.8954242, -37.8681664 ] } },
{ "type": "Feature", "properties": { "osm_id": "node/9704384472", "name": "Accessible Toilet", "amenity_type": "accessible_toilet", "amenity": "toilets", "wheelchair": null, "toilets:wheelchair": null, "opening_hours": null, "operator": null, "description": null, "is_accessible": true, "latitude": -37.8705032, "longitude": 144.6944881 }, "geometry": { "type": "Point", "coordinates": [ 144.6944881, -37.8705032 ] } },
{ "type": "Feature", "properties": { "osm_id": "node/9756428453", "name": "Accessible Toilet", "amenity_type": "accessible_toilet", "amenity": "toilets", "wheelchair": "yes", "toilets:wheelchair": null, "opening_hours": null, "operator": null, "description": null, "is_accessible": true, "latitude": -37.7851598, "longitude": 145.12054 }, "geometry": { "type": "Point", "coordinates": [ 145.12054, -37.7851598 ] } },
{ "type": "Feature", "properties": { "osm_id": "node/9772722608", "name": "Accessible Toilet", "amenity_type": "accessible_toilet", "amenity": "toilets", "wheelchair": "yes", "toilets:wheelchair": null, "opening_hours": null, "operator": null, "description": null, "is_accessible": true, "latitude": -38.0118302, "longitude": 145.2332331 }, "geometry": { "type": "Point", "coordinates": [ 145.2332331, -38.0118302 ] } },
{ "type": "Feature", "properties": { "osm_id": "node/9800507246", "name": "Accessible Toilet", "amenity_type": "accessible_toilet", "amenity": "toilets", "wheelchair": null, "toilets:wheelchair": null, "opening_hours": null, "operator": null, "description": null, "is_accessible": true, "latitude": -37.8190885, "longitude": 145.1267299 }, "geometry": { "type": "Point", "coordinates": [ 145.126729899999987, -37.8190885 ] } },
{ "type": "Feature", "properties": { "osm_id": "node/9859360543", "name": "Accessible Toilet", "amenity_type": "accessible_toilet", "amenity": "toilets", "wheelchair": null, "toilets:wheelchair": null, "opening_hours": null, "operator": null, "description": null, "is_accessible": true, "latitude": -37.9212182, "longitude": 145.2372153 }, "geometry": { "type": "Point", "coordinates": [ 145.2372153, -37.9212182 ] } },
{ "type": "Feature", "properties": { "osm_id": "node/9899061523", "name": "Accessible Toilet", "amenity_type": "accessible_toilet", "amenity": "toilets", "wheelchair": "yes", "toilets:wheelchair": null, "opening_hours": null, "operator": null, "description": null, "is_accessible": true, "latitude": -37.6709562, "longitude": 144.8468141 }, "geometry": { "type": "Point", "coordinates": [ 144.846814099999989, -37.6709562 ] } },
{ "type": "Feature", "properties": { "osm_id": "node/9899061524", "name": "Accessible Toilet", "amenity_type": "accessible_toilet", "amenity": "toilets", "wheelchair": "yes", "toilets:wheelchair": null, "opening_hours": null, "operator": null, "description": null, "is_accessible": true, "latitude": -37.6709631, "longitude": 144.8467483 }, "geometry": { "type": "Point", "coordinates": [ 144.8467483, -37.6709631 ] } },
{ "type": "Feature", "properties": { "osm_id": "node/9923615333", "name": "Accessible Toilet", "amenity_type": "accessible_toilet", "amenity": "toilets", "wheelchair": null, "toilets:wheelchair": null, "opening_hours": null, "operator": null, "description": null, "is_accessible": true, "latitude": -37.8279743, "longitude": 145.2221628 }, "geometry": { "type": "Point", "coordinates": [ 145.2221628, -37.8279743 ] } },
{ "type": "Feature", "properties": { "osm_id": "node/9960430759", "name": "Accessible Toilet", "amenity_type": "accessible_toilet", "amenity": "toilets", "wheelchair": null, "toilets:wheelchair": null, "opening_hours": null, "operator": null, "description": null, "is_accessible": true, "latitude": -38.1991562, "longitude": 145.4916833 }, "geometry": { "type": "Point", "coordinates": [ 145.4916833, -38.1991562 ] } },
{ "type": "Feature", "properties": { "osm_id": "node/9981016211", "name": "Accessible Toilet", "amenity_type": "accessible_toilet", "amenity": "toilets", "wheelchair": "yes", "toilets:wheelchair": null, "opening_hours": null, "operator": "Pinkie", "description": null, "is_accessible": true, "latitude": -37.7682698, "longitude": 145.0439607 }, "geometry": { "type": "Point", "coordinates": [ 145.043960700000014, -37.7682698 ] } },
{ "type": "Feature", "properties": { "osm_id": "node/9982874812", "name": "Accessible Toilet", "amenity_type": "accessible_toilet", "amenity": "toilets", "wheelchair": null, "toilets:wheelchair": null, "opening_hours": null, "operator": null, "description": null, "is_accessible": true, "latitude": -38.0854066, "longitude": 145.4709051 }, "geometry": { "type": "Point", "coordinates": [ 145.47090510000001, -38.0854066 ] } },
{ "type": "Feature", "properties": { "osm_id": "node/10017381147", "name": "Male", "amenity_type": "accessible_toilet", "amenity": "toilets", "wheelchair": "yes", "toilets:wheelchair": null, "opening_hours": null, "operator": null, "description": null, "is_accessible": true, "latitude": -38.1073723, "longitude": 145.1427898 }, "geometry": { "type": "Point", "coordinates": [ 145.1427898, -38.1073723 ] } },
{ "type": "Feature", "properties": { "osm_id": "node/10017381149", "name": "Female", "amenity_type": "accessible_toilet", "amenity": "toilets", "wheelchair": "yes", "toilets:wheelchair": null, "opening_hours": null, "operator": null, "description": null, "is_accessible": true, "latitude": -38.1072919, "longitude": 145.1427432 }, "geometry": { "type": "Point", "coordinates": [ 145.142743200000012, -38.1072919 ] } },
{ "type": "Feature", "properties": { "osm_id": "node/10023832881", "name": "Accessible Toilet", "amenity_type": "accessible_toilet", "amenity": "toilets", "wheelchair": "yes", "toilets:wheelchair": null, "opening_hours": null, "operator": null, "description": "Toilets only open during game days", "is_accessible": true, "latitude": -37.8212867, "longitude": 145.1563366 }, "geometry": { "type": "Point", "coordinates": [ 145.1563366, -37.8212867 ] } },
{ "type": "Feature", "properties": { "osm_id": "node/10074114556", "name": "Accessible Toilet", "amenity_type": "accessible_toilet", "amenity": "toilets", "wheelchair": "yes", "toilets:wheelchair": null, "opening_hours": null, "operator": null, "description": null, "is_accessible": true, "latitude": -37.8153293, "longitude": 145.2220292 }, "geometry": { "type": "Point", "coordinates": [ 145.2220292, -37.8153293 ] } },
{ "type": "Feature", "properties": { "osm_id": "node/10081179606", "name": "Accessible Toilet", "amenity_type": "accessible_toilet", "amenity": "toilets", "wheelchair": null, "toilets:wheelchair": null, "opening_hours": null, "operator": null, "description": null, "is_accessible": true, "latitude": -37.6082413, "longitude": 144.5956093 }, "geometry": { "type": "Point", "coordinates": [ 144.5956093, -37.6082413 ] } },
{ "type": "Feature", "properties": { "osm_id": "node/10088294366", "name": "Accessible Toilet", "amenity_type": "accessible_toilet", "amenity": "toilets", "wheelchair": "limited", "toilets:wheelchair": null, "opening_hours": null, "operator": null, "description": null, "is_accessible": true, "latitude": -37.794351, "longitude": 145.2362503 }, "geometry": { "type": "Point", "coordinates": [ 145.2362503, -37.794351 ] } },
{ "type": "Feature", "properties": { "osm_id": "node/10102624651", "name": "Accessible Toilet", "amenity_type": "accessible_toilet", "amenity": "toilets", "wheelchair": "designated", "toilets:wheelchair": null, "opening_hours": null, "operator": null, "description": null, "is_accessible": true, "latitude": -37.8777051, "longitude": 145.092879 }, "geometry": { "type": "Point", "coordinates": [ 145.092879, -37.8777051 ] } },
{ "type": "Feature", "properties": { "osm_id": "node/10103040983", "name": "Accessible Toilet", "amenity_type": "accessible_toilet", "amenity": "toilets", "wheelchair": "yes", "toilets:wheelchair": null, "opening_hours": null, "operator": null, "description": null, "is_accessible": true, "latitude": -38.1816748, "longitude": 145.122756 }, "geometry": { "type": "Point", "coordinates": [ 145.122756, -38.1816748 ] } },
{ "type": "Feature", "properties": { "osm_id": "node/10141746185", "name": "Accessible Toilet", "amenity_type": "accessible_toilet", "amenity": "toilets", "wheelchair": null, "toilets:wheelchair": null, "opening_hours": null, "operator": null, "description": null, "is_accessible": true, "latitude": -37.6834331, "longitude": 144.5916917 }, "geometry": { "type": "Point", "coordinates": [ 144.591691700000013, -37.6834331 ] } },
{ "type": "Feature", "properties": { "osm_id": "node/10142266618", "name": "Accessible Toilet", "amenity_type": "accessible_toilet", "amenity": "toilets", "wheelchair": null, "toilets:wheelchair": null, "opening_hours": null, "operator": null, "description": null, "is_accessible": true, "latitude": -37.6843678, "longitude": 144.5830182 }, "geometry": { "type": "Point", "coordinates": [ 144.5830182, -37.6843678 ] } },
{ "type": "Feature", "properties": { "osm_id": "node/10159364897", "name": "Accessible Toilet", "amenity_type": "accessible_toilet", "amenity": "toilets", "wheelchair": "no", "toilets:wheelchair": null, "opening_hours": null, "operator": null, "description": null, "is_accessible": true, "latitude": -37.79877, "longitude": 145.1521062 }, "geometry": { "type": "Point", "coordinates": [ 145.1521062, -37.79877 ] } },
{ "type": "Feature", "properties": { "osm_id": "node/10160674596", "name": "Accessible Toilet", "amenity_type": "accessible_toilet", "amenity": "toilets", "wheelchair": null, "toilets:wheelchair": null, "opening_hours": null, "operator": null, "description": null, "is_accessible": true, "latitude": -38.0775111, "longitude": 145.484421 }, "geometry": { "type": "Point", "coordinates": [ 145.484421, -38.0775111 ] } },
{ "type": "Feature", "properties": { "osm_id": "node/10160929869", "name": "Accessible Toilet", "amenity_type": "accessible_toilet", "amenity": "toilets", "wheelchair": null, "toilets:wheelchair": null, "opening_hours": null, "operator": null, "description": null, "is_accessible": true, "latitude": -37.6667936, "longitude": 145.061402 }, "geometry": { "type": "Point", "coordinates": [ 145.061402, -37.6667936 ] } },
{ "type": "Feature", "properties": { "osm_id": "node/10187251314", "name": "Accessible Toilet", "amenity_type": "accessible_toilet", "amenity": "toilets", "wheelchair": null, "toilets:wheelchair": null, "opening_hours": null, "operator": null, "description": null, "is_accessible": true, "latitude": -37.9194147, "longitude": 145.1040205 }, "geometry": { "type": "Point", "coordinates": [ 145.1040205, -37.9194147 ] } },
{ "type": "Feature", "properties": { "osm_id": "node/10187251315", "name": "Accessible Toilet", "amenity_type": "accessible_toilet", "amenity": "toilets", "wheelchair": null, "toilets:wheelchair": null, "opening_hours": null, "operator": null, "description": null, "is_accessible": true, "latitude": -37.9195561, "longitude": 145.1041595 }, "geometry": { "type": "Point", "coordinates": [ 145.1041595, -37.9195561 ] } },
{ "type": "Feature", "properties": { "osm_id": "node/10211967020", "name": "Accessible Toilet", "amenity_type": "accessible_toilet", "amenity": "toilets", "wheelchair": null, "toilets:wheelchair": null, "opening_hours": null, "operator": null, "description": null, "is_accessible": true, "latitude": -37.7133821, "longitude": 145.0264355 }, "geometry": { "type": "Point", "coordinates": [ 145.0264355, -37.7133821 ] } },
{ "type": "Feature", "properties": { "osm_id": "node/10213665475", "name": "Accessible Toilet", "amenity_type": "accessible_toilet", "amenity": "toilets", "wheelchair": null, "toilets:wheelchair": null, "opening_hours": null, "operator": null, "description": null, "is_accessible": true, "latitude": -38.3610869, "longitude": 144.8918476 }, "geometry": { "type": "Point", "coordinates": [ 144.8918476, -38.3610869 ] } },
{ "type": "Feature", "properties": { "osm_id": "node/10213665476", "name": "Accessible Toilet", "amenity_type": "accessible_toilet", "amenity": "toilets", "wheelchair": "yes", "toilets:wheelchair": null, "opening_hours": null, "operator": null, "description": null, "is_accessible": true, "latitude": -38.3612311, "longitude": 144.890134 }, "geometry": { "type": "Point", "coordinates": [ 144.890134, -38.3612311 ] } },
{ "type": "Feature", "properties": { "osm_id": "node/10219123570", "name": "Accessible Toilet", "amenity_type": "accessible_toilet", "amenity": "toilets", "wheelchair": null, "toilets:wheelchair": null, "opening_hours": null, "operator": null, "description": null, "is_accessible": true, "latitude": -38.0153027, "longitude": 145.1743033 }, "geometry": { "type": "Point", "coordinates": [ 145.1743033, -38.0153027 ] } },
{ "type": "Feature", "properties": { "osm_id": "node/10219123571", "name": "Accessible Toilet", "amenity_type": "accessible_toilet", "amenity": "toilets", "wheelchair": null, "toilets:wheelchair": null, "opening_hours": null, "operator": null, "description": null, "is_accessible": true, "latitude": -38.0154205, "longitude": 145.1744426 }, "geometry": { "type": "Point", "coordinates": [ 145.1744426, -38.0154205 ] } },
{ "type": "Feature", "properties": { "osm_id": "node/10219123573", "name": "Accessible Toilet", "amenity_type": "accessible_toilet", "amenity": "toilets", "wheelchair": null, "toilets:wheelchair": null, "opening_hours": null, "operator": null, "description": null, "is_accessible": true, "latitude": -38.1030041, "longitude": 145.1782529 }, "geometry": { "type": "Point", "coordinates": [ 145.1782529, -38.1030041 ] } },
{ "type": "Feature", "properties": { "osm_id": "node/10219123577", "name": "Accessible Toilet", "amenity_type": "accessible_toilet", "amenity": "toilets", "wheelchair": null, "toilets:wheelchair": null, "opening_hours": null, "operator": null, "description": null, "is_accessible": true, "latitude": -38.1030548, "longitude": 145.178841 }, "geometry": { "type": "Point", "coordinates": [ 145.178841, -38.1030548 ] } },
{ "type": "Feature", "properties": { "osm_id": "node/10219123578", "name": "Accessible Toilet", "amenity_type": "accessible_toilet", "amenity": "toilets", "wheelchair": null, "toilets:wheelchair": null, "opening_hours": null, "operator": null, "description": null, "is_accessible": true, "latitude": -38.1026179, "longitude": 145.178967 }, "geometry": { "type": "Point", "coordinates": [ 145.178967, -38.1026179 ] } },
{ "type": "Feature", "properties": { "osm_id": "node/10220916269", "name": "Accessible Toilet", "amenity_type": "accessible_toilet", "amenity": "toilets", "wheelchair": null, "toilets:wheelchair": null, "opening_hours": null, "operator": null, "description": null, "is_accessible": true, "latitude": -37.9522302, "longitude": 145.5503591 }, "geometry": { "type": "Point", "coordinates": [ 145.5503591, -37.9522302 ] } },
{ "type": "Feature", "properties": { "osm_id": "node/10234907779", "name": "Accessible Toilet", "amenity_type": "accessible_toilet", "amenity": "toilets", "wheelchair": "yes", "toilets:wheelchair": null, "opening_hours": null, "operator": "DFO", "description": null, "is_accessible": true, "latitude": -37.9720852, "longitude": 145.087875 }, "geometry": { "type": "Point", "coordinates": [ 145.087875, -37.9720852 ] } },
{ "type": "Feature", "properties": { "osm_id": "node/10235156291", "name": "Accessible Toilet", "amenity_type": "accessible_toilet", "amenity": "toilets", "wheelchair": null, "toilets:wheelchair": null, "opening_hours": null, "operator": null, "description": null, "is_accessible": true, "latitude": -37.8849083, "longitude": 145.0839459 }, "geometry": { "type": "Point", "coordinates": [ 145.0839459, -37.8849083 ] } },
{ "type": "Feature", "properties": { "osm_id": "node/10236439575", "name": "Part of a larger building", "amenity_type": "accessible_toilet", "amenity": "toilets", "wheelchair": null, "toilets:wheelchair": null, "opening_hours": null, "operator": null, "description": null, "is_accessible": true, "latitude": -37.7604111, "longitude": 145.1520204 }, "geometry": { "type": "Point", "coordinates": [ 145.1520204, -37.7604111 ] } },
{ "type": "Feature", "properties": { "osm_id": "node/10236775574", "name": "Accessible Toilet", "amenity_type": "accessible_toilet", "amenity": "toilets", "wheelchair": null, "toilets:wheelchair": null, "opening_hours": null, "operator": "DFO", "description": null, "is_accessible": true, "latitude": -37.9703304, "longitude": 145.0890579 }, "geometry": { "type": "Point", "coordinates": [ 145.0890579, -37.9703304 ] } },
{ "type": "Feature", "properties": { "osm_id": "node/10247879190", "name": "Accessible Toilet", "amenity_type": "accessible_toilet", "amenity": "toilets", "wheelchair": "yes", "toilets:wheelchair": null, "opening_hours": null, "operator": null, "description": null, "is_accessible": true, "latitude": -37.6719888, "longitude": 144.8487959 }, "geometry": { "type": "Point", "coordinates": [ 144.8487959, -37.6719888 ] } },
{ "type": "Feature", "properties": { "osm_id": "node/10247879198", "name": "Accessible Toilet", "amenity_type": "accessible_toilet", "amenity": "toilets", "wheelchair": "yes", "toilets:wheelchair": null, "opening_hours": null, "operator": null, "description": null, "is_accessible": true, "latitude": -37.6727421, "longitude": 144.8488317 }, "geometry": { "type": "Point", "coordinates": [ 144.8488317, -37.6727421 ] } },
{ "type": "Feature", "properties": { "osm_id": "node/10254634284", "name": "Accessible Toilet", "amenity_type": "accessible_toilet", "amenity": "toilets", "wheelchair": "yes", "toilets:wheelchair": null, "opening_hours": null, "operator": null, "description": null, "is_accessible": true, "latitude": -37.7134634, "longitude": 145.1478284 }, "geometry": { "type": "Point", "coordinates": [ 145.1478284, -37.7134634 ] } },
{ "type": "Feature", "properties": { "osm_id": "node/10270980041", "name": "Accessible Toilet", "amenity_type": "accessible_toilet", "amenity": "toilets", "wheelchair": "yes", "toilets:wheelchair": null, "opening_hours": null, "operator": null, "description": null, "is_accessible": true, "latitude": -37.8774696, "longitude": 145.0424984 }, "geometry": { "type": "Point", "coordinates": [ 145.0424984, -37.8774696 ] } },
{ "type": "Feature", "properties": { "osm_id": "node/10271219779", "name": "Accessible Toilet", "amenity_type": "accessible_toilet", "amenity": "toilets", "wheelchair": "yes", "toilets:wheelchair": null, "opening_hours": null, "operator": null, "description": null, "is_accessible": true, "latitude": -37.7163572, "longitude": 145.0509473 }, "geometry": { "type": "Point", "coordinates": [ 145.0509473, -37.7163572 ] } },
{ "type": "Feature", "properties": { "osm_id": "node/10285299895", "name": "Accessible Toilet", "amenity_type": "accessible_toilet", "amenity": "toilets", "wheelchair": "yes", "toilets:wheelchair": null, "opening_hours": null, "operator": null, "description": null, "is_accessible": true, "latitude": -38.0850964, "longitude": 145.1852027 }, "geometry": { "type": "Point", "coordinates": [ 145.1852027, -38.0850964 ] } },
{ "type": "Feature", "properties": { "osm_id": "node/10286648773", "name": "Accessible Toilet", "amenity_type": "accessible_toilet", "amenity": "toilets", "wheelchair": null, "toilets:wheelchair": null, "opening_hours": null, "operator": null, "description": null, "is_accessible": true, "latitude": -37.7420643, "longitude": 144.5672233 }, "geometry": { "type": "Point", "coordinates": [ 144.5672233, -37.7420643 ] } },
{ "type": "Feature", "properties": { "osm_id": "node/10288510113", "name": "Accessible Toilet", "amenity_type": "accessible_toilet", "amenity": "toilets", "wheelchair": null, "toilets:wheelchair": null, "opening_hours": null, "operator": null, "description": null, "is_accessible": true, "latitude": -37.8007994, "longitude": 145.2832355 }, "geometry": { "type": "Point", "coordinates": [ 145.283235499999989, -37.8007994 ] } },
{ "type": "Feature", "properties": { "osm_id": "node/10294222479", "name": "Accessible Toilet", "amenity_type": "accessible_toilet", "amenity": "toilets", "wheelchair": null, "toilets:wheelchair": null, "opening_hours": null, "operator": null, "description": null, "is_accessible": true, "latitude": -38.2261986, "longitude": 145.3062683 }, "geometry": { "type": "Point", "coordinates": [ 145.3062683, -38.2261986 ] } },
{ "type": "Feature", "properties": { "osm_id": "node/10310174064", "name": "Accessible Toilet", "amenity_type": "accessible_toilet", "amenity": "toilets", "wheelchair": null, "toilets:wheelchair": null, "opening_hours": null, "operator": null, "description": null, "is_accessible": true, "latitude": -38.1242107, "longitude": 145.3510149 }, "geometry": { "type": "Point", "coordinates": [ 145.3510149, -38.1242107 ] } },
{ "type": "Feature", "properties": { "osm_id": "node/10566817109", "name": "Accessible Toilet", "amenity_type": "accessible_toilet", "amenity": "toilets", "wheelchair": "yes", "toilets:wheelchair": null, "opening_hours": null, "operator": null, "description": null, "is_accessible": true, "latitude": -37.7114106, "longitude": 144.7419965 }, "geometry": { "type": "Point", "coordinates": [ 144.7419965, -37.7114106 ] } },
{ "type": "Feature", "properties": { "osm_id": "node/10593207065", "name": "Accessible Toilet", "amenity_type": "accessible_toilet", "amenity": "toilets", "wheelchair": null, "toilets:wheelchair": null, "opening_hours": null, "operator": null, "description": null, "is_accessible": true, "latitude": -37.8222624, "longitude": 144.9808686 }, "geometry": { "type": "Point", "coordinates": [ 144.9808686, -37.8222624 ] } },
{ "type": "Feature", "properties": { "osm_id": "node/10617443518", "name": "Accessible Toilet", "amenity_type": "accessible_toilet", "amenity": "toilets", "wheelchair": null, "toilets:wheelchair": null, "opening_hours": null, "operator": null, "description": null, "is_accessible": true, "latitude": -37.7489087, "longitude": 144.8719202 }, "geometry": { "type": "Point", "coordinates": [ 144.8719202, -37.7489087 ] } },
{ "type": "Feature", "properties": { "osm_id": "node/10669811434", "name": "Accessible Toilet", "amenity_type": "accessible_toilet", "amenity": "toilets", "wheelchair": "yes", "toilets:wheelchair": null, "opening_hours": "Mo-We 09:00-17:30; Th-Fr 09:00-21:00; Sa 09:00-17:00; Su 10:00-17:00", "operator": null, "description": null, "is_accessible": true, "latitude": -37.7312201, "longitude": 144.7428645 }, "geometry": { "type": "Point", "coordinates": [ 144.7428645, -37.7312201 ] } },
{ "type": "Feature", "properties": { "osm_id": "node/10671746394", "name": "Accessible Toilet", "amenity_type": "accessible_toilet", "amenity": "toilets", "wheelchair": null, "toilets:wheelchair": null, "opening_hours": null, "operator": null, "description": null, "is_accessible": true, "latitude": -37.9511931, "longitude": 145.0524378 }, "geometry": { "type": "Point", "coordinates": [ 145.0524378, -37.9511931 ] } },
{ "type": "Feature", "properties": { "osm_id": "node/10684857025", "name": "Accessible Toilet", "amenity_type": "accessible_toilet", "amenity": "toilets", "wheelchair": null, "toilets:wheelchair": null, "opening_hours": null, "operator": null, "description": null, "is_accessible": true, "latitude": -37.7544782, "longitude": 145.0376005 }, "geometry": { "type": "Point", "coordinates": [ 145.0376005, -37.7544782 ] } },
{ "type": "Feature", "properties": { "osm_id": "node/10687607542", "name": "Accessible Toilet", "amenity_type": "accessible_toilet", "amenity": "toilets", "wheelchair": null, "toilets:wheelchair": null, "opening_hours": null, "operator": null, "description": null, "is_accessible": true, "latitude": -37.8816051, "longitude": 145.0097129 }, "geometry": { "type": "Point", "coordinates": [ 145.009712900000011, -37.8816051 ] } },
{ "type": "Feature", "properties": { "osm_id": "node/10698153203", "name": "Accessible Toilet", "amenity_type": "accessible_toilet", "amenity": "toilets", "wheelchair": null, "toilets:wheelchair": null, "opening_hours": null, "operator": null, "description": null, "is_accessible": true, "latitude": -37.8594288, "longitude": 145.2787929 }, "geometry": { "type": "Point", "coordinates": [ 145.278792900000013, -37.8594288 ] } },
{ "type": "Feature", "properties": { "osm_id": "node/10702960739", "name": "Accessible Toilet", "amenity_type": "accessible_toilet", "amenity": "toilets", "wheelchair": null, "toilets:wheelchair": null, "opening_hours": null, "operator": null, "description": null, "is_accessible": true, "latitude": -37.8656349, "longitude": 144.7842527 }, "geometry": { "type": "Point", "coordinates": [ 144.7842527, -37.8656349 ] } },
{ "type": "Feature", "properties": { "osm_id": "node/10726853182", "name": "Accessible Toilet", "amenity_type": "accessible_toilet", "amenity": "toilets", "wheelchair": "no", "toilets:wheelchair": null, "opening_hours": null, "operator": null, "description": null, "is_accessible": true, "latitude": -37.7391558, "longitude": 145.0349367 }, "geometry": { "type": "Point", "coordinates": [ 145.0349367, -37.7391558 ] } },
{ "type": "Feature", "properties": { "osm_id": "node/10726853183", "name": "Accessible Toilet", "amenity_type": "accessible_toilet", "amenity": "toilets", "wheelchair": "limited", "toilets:wheelchair": null, "opening_hours": null, "operator": null, "description": null, "is_accessible": true, "latitude": -37.7391394, "longitude": 145.0349363 }, "geometry": { "type": "Point", "coordinates": [ 145.0349363, -37.7391394 ] } },
{ "type": "Feature", "properties": { "osm_id": "node/10726853184", "name": "Accessible Toilet", "amenity_type": "accessible_toilet", "amenity": "toilets", "wheelchair": "yes", "toilets:wheelchair": null, "opening_hours": null, "operator": null, "description": null, "is_accessible": true, "latitude": -37.7391164, "longitude": 145.0349334 }, "geometry": { "type": "Point", "coordinates": [ 145.0349334, -37.7391164 ] } },
{ "type": "Feature", "properties": { "osm_id": "node/10733553477", "name": "Accessible Toilet", "amenity_type": "accessible_toilet", "amenity": "toilets", "wheelchair": null, "toilets:wheelchair": null, "opening_hours": null, "operator": null, "description": null, "is_accessible": true, "latitude": -37.6679444, "longitude": 144.9556529 }, "geometry": { "type": "Point", "coordinates": [ 144.9556529, -37.6679444 ] } },
{ "type": "Feature", "properties": { "osm_id": "node/10762327667", "name": "Accessible Toilet", "amenity_type": "accessible_toilet", "amenity": "toilets", "wheelchair": "yes", "toilets:wheelchair": null, "opening_hours": null, "operator": null, "description": null, "is_accessible": true, "latitude": -38.3070776, "longitude": 145.1922342 }, "geometry": { "type": "Point", "coordinates": [ 145.1922342, -38.3070776 ] } },
{ "type": "Feature", "properties": { "osm_id": "node/10768154535", "name": "Accessible Toilet", "amenity_type": "accessible_toilet", "amenity": "toilets", "wheelchair": null, "toilets:wheelchair": null, "opening_hours": null, "operator": null, "description": null, "is_accessible": true, "latitude": -38.0397042, "longitude": 145.3291043 }, "geometry": { "type": "Point", "coordinates": [ 145.329104300000012, -38.0397042 ] } },
{ "type": "Feature", "properties": { "osm_id": "node/10781500022", "name": "Accessible Toilet", "amenity_type": "accessible_toilet", "amenity": "toilets", "wheelchair": null, "toilets:wheelchair": null, "opening_hours": null, "operator": null, "description": null, "is_accessible": true, "latitude": -37.8760371, "longitude": 145.0380668 }, "geometry": { "type": "Point", "coordinates": [ 145.0380668, -37.8760371 ] } },
{ "type": "Feature", "properties": { "osm_id": "node/10794401947", "name": "Accessible Toilet", "amenity_type": "accessible_toilet", "amenity": "toilets", "wheelchair": null, "toilets:wheelchair": null, "opening_hours": null, "operator": "Ikea", "description": null, "is_accessible": true, "latitude": -37.926886, "longitude": 145.1432838 }, "geometry": { "type": "Point", "coordinates": [ 145.1432838, -37.926886 ] } },
{ "type": "Feature", "properties": { "osm_id": "node/10814334051", "name": "Accessible Toilet", "amenity_type": "accessible_toilet", "amenity": "toilets", "wheelchair": null, "toilets:wheelchair": null, "opening_hours": null, "operator": null, "description": null, "is_accessible": true, "latitude": -37.6744254, "longitude": 145.0657325 }, "geometry": { "type": "Point", "coordinates": [ 145.0657325, -37.6744254 ] } },
{ "type": "Feature", "properties": { "osm_id": "node/10814334052", "name": "Accessible Toilet", "amenity_type": "accessible_toilet", "amenity": "toilets", "wheelchair": null, "toilets:wheelchair": null, "opening_hours": null, "operator": null, "description": null, "is_accessible": true, "latitude": -37.6744488, "longitude": 145.0657406 }, "geometry": { "type": "Point", "coordinates": [ 145.0657406, -37.6744488 ] } },
{ "type": "Feature", "properties": { "osm_id": "node/10815646194", "name": "Accessible Toilet", "amenity_type": "accessible_toilet", "amenity": "toilets", "wheelchair": null, "toilets:wheelchair": null, "opening_hours": null, "operator": null, "description": null, "is_accessible": true, "latitude": -37.7148503, "longitude": 145.148913 }, "geometry": { "type": "Point", "coordinates": [ 145.148913, -37.7148503 ] } },
{ "type": "Feature", "properties": { "osm_id": "node/10830923439", "name": "Accessible Toilet", "amenity_type": "accessible_toilet", "amenity": "toilets", "wheelchair": null, "toilets:wheelchair": null, "opening_hours": null, "operator": null, "description": null, "is_accessible": true, "latitude": -37.8227675, "longitude": 144.9751742 }, "geometry": { "type": "Point", "coordinates": [ 144.9751742, -37.8227675 ] } },
{ "type": "Feature", "properties": { "osm_id": "node/10831391964", "name": "Accessible Toilet", "amenity_type": "accessible_toilet", "amenity": "toilets", "wheelchair": null, "toilets:wheelchair": null, "opening_hours": null, "operator": null, "description": null, "is_accessible": true, "latitude": -37.7147619, "longitude": 145.1460554 }, "geometry": { "type": "Point", "coordinates": [ 145.1460554, -37.7147619 ] } },
{ "type": "Feature", "properties": { "osm_id": "node/10842582896", "name": "Accessible Toilet", "amenity_type": "accessible_toilet", "amenity": "toilets", "wheelchair": null, "toilets:wheelchair": null, "opening_hours": null, "operator": null, "description": null, "is_accessible": true, "latitude": -37.9089887, "longitude": 145.3553096 }, "geometry": { "type": "Point", "coordinates": [ 145.3553096, -37.9089887 ] } },
{ "type": "Feature", "properties": { "osm_id": "node/10857398431", "name": "Accessible Toilet", "amenity_type": "accessible_toilet", "amenity": "toilets", "wheelchair": null, "toilets:wheelchair": null, "opening_hours": null, "operator": null, "description": null, "is_accessible": true, "latitude": -37.9089636, "longitude": 145.3552604 }, "geometry": { "type": "Point", "coordinates": [ 145.3552604, -37.9089636 ] } },
{ "type": "Feature", "properties": { "osm_id": "node/10869758866", "name": "Accessible Toilet", "amenity_type": "accessible_toilet", "amenity": "toilets", "wheelchair": "yes", "toilets:wheelchair": null, "opening_hours": null, "operator": null, "description": null, "is_accessible": true, "latitude": -37.8470934, "longitude": 144.9465679 }, "geometry": { "type": "Point", "coordinates": [ 144.9465679, -37.8470934 ] } },
{ "type": "Feature", "properties": { "osm_id": "node/10870513654", "name": "Accessible Toilet", "amenity_type": "accessible_toilet", "amenity": "toilets", "wheelchair": "yes", "toilets:wheelchair": null, "opening_hours": null, "operator": null, "description": null, "is_accessible": true, "latitude": -37.8508897, "longitude": 144.954441 }, "geometry": { "type": "Point", "coordinates": [ 144.954441, -37.8508897 ] } },
{ "type": "Feature", "properties": { "osm_id": "node/10943634626", "name": "Accessible Toilet", "amenity_type": "accessible_toilet", "amenity": "toilets", "wheelchair": "yes", "toilets:wheelchair": null, "opening_hours": null, "operator": "City of Darebin", "description": "Exceloo", "is_accessible": true, "latitude": -37.716415, "longitude": 145.0054476 }, "geometry": { "type": "Point", "coordinates": [ 145.0054476, -37.716415 ] } },
{ "type": "Feature", "properties": { "osm_id": "node/10957430022", "name": "Accessible Toilet", "amenity_type": "accessible_toilet", "amenity": "toilets", "wheelchair": "yes", "toilets:wheelchair": null, "opening_hours": null, "operator": null, "description": null, "is_accessible": true, "latitude": -37.798148, "longitude": 145.0937384 }, "geometry": { "type": "Point", "coordinates": [ 145.0937384, -37.798148 ] } },
{ "type": "Feature", "properties": { "osm_id": "node/10961186772", "name": "Accessible Toilet", "amenity_type": "accessible_toilet", "amenity": "toilets", "wheelchair": null, "toilets:wheelchair": null, "opening_hours": null, "operator": null, "description": null, "is_accessible": true, "latitude": -38.2246028, "longitude": 145.1703723 }, "geometry": { "type": "Point", "coordinates": [ 145.1703723, -38.2246028 ] } },
{ "type": "Feature", "properties": { "osm_id": "node/10961209015", "name": "Accessible Toilet", "amenity_type": "accessible_toilet", "amenity": "toilets", "wheelchair": "yes", "toilets:wheelchair": null, "opening_hours": null, "operator": null, "description": null, "is_accessible": true, "latitude": -38.224416, "longitude": 145.1720898 }, "geometry": { "type": "Point", "coordinates": [ 145.1720898, -38.224416 ] } },
{ "type": "Feature", "properties": { "osm_id": "node/10965275291", "name": "Accessible Toilet", "amenity_type": "accessible_toilet", "amenity": "toilets", "wheelchair": null, "toilets:wheelchair": null, "opening_hours": null, "operator": null, "description": null, "is_accessible": true, "latitude": -37.6749841, "longitude": 145.1597118 }, "geometry": { "type": "Point", "coordinates": [ 145.1597118, -37.6749841 ] } },
{ "type": "Feature", "properties": { "osm_id": "node/10965280481", "name": "Accessible Toilet", "amenity_type": "accessible_toilet", "amenity": "toilets", "wheelchair": null, "toilets:wheelchair": null, "opening_hours": null, "operator": null, "description": null, "is_accessible": true, "latitude": -37.673422, "longitude": 145.1590849 }, "geometry": { "type": "Point", "coordinates": [ 145.159084900000011, -37.673422 ] } },
{ "type": "Feature", "properties": { "osm_id": "node/11005414974", "name": "Accessible Toilet", "amenity_type": "accessible_toilet", "amenity": "toilets", "wheelchair": "yes", "toilets:wheelchair": null, "opening_hours": null, "operator": "Darebin City Council", "description": null, "is_accessible": true, "latitude": -37.7709962, "longitude": 144.9985187 }, "geometry": { "type": "Point", "coordinates": [ 144.9985187, -37.7709962 ] } },
{ "type": "Feature", "properties": { "osm_id": "node/11067769072", "name": "Accessible Toilet", "amenity_type": "accessible_toilet", "amenity": "toilets", "wheelchair": null, "toilets:wheelchair": null, "opening_hours": null, "operator": null, "description": null, "is_accessible": true, "latitude": -37.8967019, "longitude": 145.2510506 }, "geometry": { "type": "Point", "coordinates": [ 145.251050600000013, -37.8967019 ] } },
{ "type": "Feature", "properties": { "osm_id": "node/11070245618", "name": "Accessible Toilet", "amenity_type": "accessible_toilet", "amenity": "toilets", "wheelchair": null, "toilets:wheelchair": null, "opening_hours": null, "operator": null, "description": null, "is_accessible": true, "latitude": -37.8484205, "longitude": 144.8238054 }, "geometry": { "type": "Point", "coordinates": [ 144.8238054, -37.8484205 ] } },
{ "type": "Feature", "properties": { "osm_id": "node/11077771977", "name": "Accessible Toilet", "amenity_type": "accessible_toilet", "amenity": "toilets", "wheelchair": null, "toilets:wheelchair": null, "opening_hours": "Mo-Su 09:00-17:00", "operator": null, "description": "Male and female toilets", "is_accessible": true, "latitude": -37.8020025, "longitude": 145.0446941 }, "geometry": { "type": "Point", "coordinates": [ 145.044694099999987, -37.8020025 ] } },
{ "type": "Feature", "properties": { "osm_id": "node/11077809838", "name": "Accessible Toilet", "amenity_type": "accessible_toilet", "amenity": "toilets", "wheelchair": "yes", "toilets:wheelchair": null, "opening_hours": null, "operator": null, "description": null, "is_accessible": true, "latitude": -37.7953969, "longitude": 145.0378293 }, "geometry": { "type": "Point", "coordinates": [ 145.0378293, -37.7953969 ] } },
{ "type": "Feature", "properties": { "osm_id": "node/11078360982", "name": "Accessible Toilet", "amenity_type": "accessible_toilet", "amenity": "toilets", "wheelchair": null, "toilets:wheelchair": null, "opening_hours": null, "operator": null, "description": null, "is_accessible": true, "latitude": -38.009663, "longitude": 145.0851465 }, "geometry": { "type": "Point", "coordinates": [ 145.0851465, -38.009663 ] } },
{ "type": "Feature", "properties": { "osm_id": "node/11126760901", "name": "Accessible Toilet", "amenity_type": "accessible_toilet", "amenity": "toilets", "wheelchair": null, "toilets:wheelchair": null, "opening_hours": null, "operator": null, "description": null, "is_accessible": true, "latitude": -38.0204186, "longitude": 145.3220065 }, "geometry": { "type": "Point", "coordinates": [ 145.322006499999986, -38.0204186 ] } },
{ "type": "Feature", "properties": { "osm_id": "node/11133125700", "name": "Accessible Toilet", "amenity_type": "accessible_toilet", "amenity": "toilets", "wheelchair": null, "toilets:wheelchair": null, "opening_hours": null, "operator": null, "description": null, "is_accessible": true, "latitude": -37.7385728, "longitude": 144.9345063 }, "geometry": { "type": "Point", "coordinates": [ 144.93450630000001, -37.7385728 ] } },
{ "type": "Feature", "properties": { "osm_id": "node/11133260840", "name": "Accessible Toilet", "amenity_type": "accessible_toilet", "amenity": "toilets", "wheelchair": null, "toilets:wheelchair": null, "opening_hours": null, "operator": null, "description": null, "is_accessible": true, "latitude": -37.7180708, "longitude": 144.9462642 }, "geometry": { "type": "Point", "coordinates": [ 144.9462642, -37.7180708 ] } },
{ "type": "Feature", "properties": { "osm_id": "node/11135649014", "name": "Accessible Toilet", "amenity_type": "accessible_toilet", "amenity": "toilets", "wheelchair": "designated", "toilets:wheelchair": null, "opening_hours": null, "operator": null, "description": null, "is_accessible": true, "latitude": -37.813422, "longitude": 144.9704499 }, "geometry": { "type": "Point", "coordinates": [ 144.9704499, -37.813422 ] } },
{ "type": "Feature", "properties": { "osm_id": "node/11137309257", "name": "Male", "amenity_type": "accessible_toilet", "amenity": "toilets", "wheelchair": null, "toilets:wheelchair": null, "opening_hours": null, "operator": null, "description": null, "is_accessible": true, "latitude": -37.700804, "longitude": 145.0207839 }, "geometry": { "type": "Point", "coordinates": [ 145.0207839, -37.700804 ] } },
{ "type": "Feature", "properties": { "osm_id": "node/11198844588", "name": "Accessible Toilet", "amenity_type": "accessible_toilet", "amenity": "toilets", "wheelchair": null, "toilets:wheelchair": null, "opening_hours": null, "operator": null, "description": null, "is_accessible": true, "latitude": -37.654985, "longitude": 145.0169629 }, "geometry": { "type": "Point", "coordinates": [ 145.01696290000001, -37.654985 ] } },
{ "type": "Feature", "properties": { "osm_id": "node/11198994736", "name": "Accessible Toilet", "amenity_type": "accessible_toilet", "amenity": "toilets", "wheelchair": null, "toilets:wheelchair": null, "opening_hours": null, "operator": null, "description": null, "is_accessible": true, "latitude": -37.7712951, "longitude": 144.8992143 }, "geometry": { "type": "Point", "coordinates": [ 144.899214300000011, -37.7712951 ] } },
{ "type": "Feature", "properties": { "osm_id": "node/11201597676", "name": "Accessible Toilet", "amenity_type": "accessible_toilet", "amenity": "toilets", "wheelchair": null, "toilets:wheelchair": null, "opening_hours": null, "operator": null, "description": null, "is_accessible": true, "latitude": -38.1645662, "longitude": 145.2975231 }, "geometry": { "type": "Point", "coordinates": [ 145.2975231, -38.1645662 ] } },
{ "type": "Feature", "properties": { "osm_id": "node/11222286321", "name": "Accessible Toilet", "amenity_type": "accessible_toilet", "amenity": "toilets", "wheelchair": null, "toilets:wheelchair": null, "opening_hours": null, "operator": "Crystal Brook Tourist Park", "description": null, "is_accessible": true, "latitude": -37.750314, "longitude": 145.1782597 }, "geometry": { "type": "Point", "coordinates": [ 145.178259700000012, -37.750314 ] } },
{ "type": "Feature", "properties": { "osm_id": "node/11222326758", "name": "Accessible Toilet", "amenity_type": "accessible_toilet", "amenity": "toilets", "wheelchair": null, "toilets:wheelchair": null, "opening_hours": null, "operator": "Crystal Brook Tourist Park", "description": null, "is_accessible": true, "latitude": -37.7508447, "longitude": 145.1791213 }, "geometry": { "type": "Point", "coordinates": [ 145.1791213, -37.7508447 ] } },
{ "type": "Feature", "properties": { "osm_id": "node/11229947682", "name": "Accessible Toilet", "amenity_type": "accessible_toilet", "amenity": "toilets", "wheelchair": null, "toilets:wheelchair": null, "opening_hours": null, "operator": null, "description": null, "is_accessible": true, "latitude": -37.9191836, "longitude": 145.0058407 }, "geometry": { "type": "Point", "coordinates": [ 145.0058407, -37.9191836 ] } },
{ "type": "Feature", "properties": { "osm_id": "node/11237135239", "name": "Accessible Toilet", "amenity_type": "accessible_toilet", "amenity": "toilets", "wheelchair": null, "toilets:wheelchair": null, "opening_hours": null, "operator": null, "description": null, "is_accessible": true, "latitude": -38.1083366, "longitude": 145.2508969 }, "geometry": { "type": "Point", "coordinates": [ 145.250896899999987, -38.1083366 ] } },
{ "type": "Feature", "properties": { "osm_id": "node/11240159031", "name": "Accessible Toilet", "amenity_type": "accessible_toilet", "amenity": "toilets", "wheelchair": null, "toilets:wheelchair": null, "opening_hours": null, "operator": null, "description": null, "is_accessible": true, "latitude": -38.103451, "longitude": 145.3791603 }, "geometry": { "type": "Point", "coordinates": [ 145.3791603, -38.103451 ] } },
{ "type": "Feature", "properties": { "osm_id": "node/11245142343", "name": "Strip mall lavatories", "amenity_type": "accessible_toilet", "amenity": "toilets", "wheelchair": null, "toilets:wheelchair": null, "opening_hours": null, "operator": null, "description": null, "is_accessible": true, "latitude": -37.7316824, "longitude": 144.9498765 }, "geometry": { "type": "Point", "coordinates": [ 144.949876499999988, -37.7316824 ] } },
{ "type": "Feature", "properties": { "osm_id": "node/11251980696", "name": "Accessible Toilet", "amenity_type": "accessible_toilet", "amenity": "toilets", "wheelchair": null, "toilets:wheelchair": null, "opening_hours": null, "operator": null, "description": null, "is_accessible": true, "latitude": -38.2196179, "longitude": 145.0963004 }, "geometry": { "type": "Point", "coordinates": [ 145.0963004, -38.2196179 ] } },
{ "type": "Feature", "properties": { "osm_id": "node/11253876642", "name": "Accessible Toilet", "amenity_type": "accessible_toilet", "amenity": "toilets", "wheelchair": null, "toilets:wheelchair": null, "opening_hours": null, "operator": null, "description": null, "is_accessible": true, "latitude": -37.7867915, "longitude": 144.8530306 }, "geometry": { "type": "Point", "coordinates": [ 144.853030600000011, -37.7867915 ] } },
{ "type": "Feature", "properties": { "osm_id": "node/11260135106", "name": "Accessible Toilet", "amenity_type": "accessible_toilet", "amenity": "toilets", "wheelchair": "yes", "toilets:wheelchair": null, "opening_hours": null, "operator": null, "description": null, "is_accessible": true, "latitude": -37.8320856, "longitude": 144.6955754 }, "geometry": { "type": "Point", "coordinates": [ 144.6955754, -37.8320856 ] } },
{ "type": "Feature", "properties": { "osm_id": "node/11268365885", "name": "Accessible Toilet", "amenity_type": "accessible_toilet", "amenity": "toilets", "wheelchair": null, "toilets:wheelchair": null, "opening_hours": null, "operator": null, "description": null, "is_accessible": true, "latitude": -38.1083504, "longitude": 145.232241 }, "geometry": { "type": "Point", "coordinates": [ 145.232241, -38.1083504 ] } },
{ "type": "Feature", "properties": { "osm_id": "node/11276929564", "name": "Accessible Toilet", "amenity_type": "accessible_toilet", "amenity": "toilets", "wheelchair": null, "toilets:wheelchair": null, "opening_hours": null, "operator": null, "description": null, "is_accessible": true, "latitude": -37.8709333, "longitude": 144.6755755 }, "geometry": { "type": "Point", "coordinates": [ 144.6755755, -37.8709333 ] } },
{ "type": "Feature", "properties": { "osm_id": "node/11287247978", "name": "Accessible Toilet", "amenity_type": "accessible_toilet", "amenity": "toilets", "wheelchair": null, "toilets:wheelchair": null, "opening_hours": null, "operator": null, "description": null, "is_accessible": true, "latitude": -37.5841348, "longitude": 144.9029298 }, "geometry": { "type": "Point", "coordinates": [ 144.90292980000001, -37.5841348 ] } },
{ "type": "Feature", "properties": { "osm_id": "node/11336914171", "name": "Accessible Toilet", "amenity_type": "accessible_toilet", "amenity": "toilets", "wheelchair": null, "toilets:wheelchair": null, "opening_hours": null, "operator": null, "description": null, "is_accessible": true, "latitude": -37.6278779, "longitude": 145.0275854 }, "geometry": { "type": "Point", "coordinates": [ 145.0275854, -37.6278779 ] } },
{ "type": "Feature", "properties": { "osm_id": "node/11356926041", "name": "Accessible Toilet", "amenity_type": "accessible_toilet", "amenity": "toilets", "wheelchair": null, "toilets:wheelchair": null, "opening_hours": null, "operator": null, "description": null, "is_accessible": true, "latitude": -38.1003648, "longitude": 145.7189981 }, "geometry": { "type": "Point", "coordinates": [ 145.7189981, -38.1003648 ] } },
{ "type": "Feature", "properties": { "osm_id": "node/11356933580", "name": "Accessible Toilet", "amenity_type": "accessible_toilet", "amenity": "toilets", "wheelchair": null, "toilets:wheelchair": null, "opening_hours": null, "operator": null, "description": null, "is_accessible": true, "latitude": -37.928279, "longitude": 145.2522737 }, "geometry": { "type": "Point", "coordinates": [ 145.252273699999989, -37.928279 ] } },
{ "type": "Feature", "properties": { "osm_id": "node/11359603669", "name": "Accessible Toilet", "amenity_type": "accessible_toilet", "amenity": "toilets", "wheelchair": null, "toilets:wheelchair": null, "opening_hours": null, "operator": null, "description": null, "is_accessible": true, "latitude": -37.9755479, "longitude": 145.0174124 }, "geometry": { "type": "Point", "coordinates": [ 145.017412400000012, -37.9755479 ] } },
{ "type": "Feature", "properties": { "osm_id": "node/11367541189", "name": "Accessible Toilet", "amenity_type": "accessible_toilet", "amenity": "toilets", "wheelchair": null, "toilets:wheelchair": null, "opening_hours": null, "operator": null, "description": null, "is_accessible": true, "latitude": -37.6029246, "longitude": 145.0998936 }, "geometry": { "type": "Point", "coordinates": [ 145.0998936, -37.6029246 ] } },
{ "type": "Feature", "properties": { "osm_id": "node/11386600439", "name": "Accessible Toilet", "amenity_type": "accessible_toilet", "amenity": "toilets", "wheelchair": null, "toilets:wheelchair": null, "opening_hours": null, "operator": null, "description": null, "is_accessible": true, "latitude": -37.5911271, "longitude": 145.0320818 }, "geometry": { "type": "Point", "coordinates": [ 145.032081799999986, -37.5911271 ] } },
{ "type": "Feature", "properties": { "osm_id": "node/11392880232", "name": "Accessible Toilet", "amenity_type": "accessible_toilet", "amenity": "toilets", "wheelchair": null, "toilets:wheelchair": null, "opening_hours": null, "operator": null, "description": null, "is_accessible": true, "latitude": -37.8204222, "longitude": 145.0538015 }, "geometry": { "type": "Point", "coordinates": [ 145.0538015, -37.8204222 ] } },
{ "type": "Feature", "properties": { "osm_id": "node/11406997439", "name": "Accessible Toilet", "amenity_type": "accessible_toilet", "amenity": "toilets", "wheelchair": "yes", "toilets:wheelchair": null, "opening_hours": null, "operator": null, "description": null, "is_accessible": true, "latitude": -37.9974064, "longitude": 145.1549042 }, "geometry": { "type": "Point", "coordinates": [ 145.1549042, -37.9974064 ] } },
{ "type": "Feature", "properties": { "osm_id": "node/11412465509", "name": "Accessible Toilet", "amenity_type": "accessible_toilet", "amenity": "toilets", "wheelchair": null, "toilets:wheelchair": null, "opening_hours": null, "operator": null, "description": null, "is_accessible": true, "latitude": -37.8046451, "longitude": 144.8715774 }, "geometry": { "type": "Point", "coordinates": [ 144.8715774, -37.8046451 ] } },
{ "type": "Feature", "properties": { "osm_id": "node/11424973569", "name": "Unisex Toilet", "amenity_type": "accessible_toilet", "amenity": "toilets", "wheelchair": null, "toilets:wheelchair": null, "opening_hours": null, "operator": null, "description": null, "is_accessible": true, "latitude": -37.7302338, "longitude": 144.9557792 }, "geometry": { "type": "Point", "coordinates": [ 144.9557792, -37.7302338 ] } },
{ "type": "Feature", "properties": { "osm_id": "node/11433313614", "name": "Accessible Toilet", "amenity_type": "accessible_toilet", "amenity": "toilets", "wheelchair": "yes", "toilets:wheelchair": null, "opening_hours": null, "operator": null, "description": null, "is_accessible": true, "latitude": -38.0051281, "longitude": 145.2486453 }, "geometry": { "type": "Point", "coordinates": [ 145.2486453, -38.0051281 ] } },
{ "type": "Feature", "properties": { "osm_id": "node/11442852552", "name": "Accessible Toilet", "amenity_type": "accessible_toilet", "amenity": "toilets", "wheelchair": null, "toilets:wheelchair": null, "opening_hours": null, "operator": null, "description": null, "is_accessible": true, "latitude": -37.6442994, "longitude": 145.3999229 }, "geometry": { "type": "Point", "coordinates": [ 145.3999229, -37.6442994 ] } },
{ "type": "Feature", "properties": { "osm_id": "node/11458647982", "name": "Accessible Toilet", "amenity_type": "accessible_toilet", "amenity": "toilets", "wheelchair": "yes", "toilets:wheelchair": null, "opening_hours": null, "operator": null, "description": null, "is_accessible": true, "latitude": -37.6757642, "longitude": 144.8484319 }, "geometry": { "type": "Point", "coordinates": [ 144.8484319, -37.6757642 ] } },
{ "type": "Feature", "properties": { "osm_id": "node/11461724883", "name": "Accessible Toilet", "amenity_type": "accessible_toilet", "amenity": "toilets", "wheelchair": null, "toilets:wheelchair": null, "opening_hours": null, "operator": null, "description": null, "is_accessible": true, "latitude": -38.1159823, "longitude": 145.1920294 }, "geometry": { "type": "Point", "coordinates": [ 145.1920294, -38.1159823 ] } },
{ "type": "Feature", "properties": { "osm_id": "node/11461724884", "name": "Accessible Toilet", "amenity_type": "accessible_toilet", "amenity": "toilets", "wheelchair": null, "toilets:wheelchair": null, "opening_hours": null, "operator": null, "description": null, "is_accessible": true, "latitude": -38.1159707, "longitude": 145.1919409 }, "geometry": { "type": "Point", "coordinates": [ 145.1919409, -38.1159707 ] } },
{ "type": "Feature", "properties": { "osm_id": "node/11461724885", "name": "Accessible Toilet", "amenity_type": "accessible_toilet", "amenity": "toilets", "wheelchair": "yes", "toilets:wheelchair": null, "opening_hours": null, "operator": null, "description": null, "is_accessible": true, "latitude": -38.115976, "longitude": 145.1919838 }, "geometry": { "type": "Point", "coordinates": [ 145.1919838, -38.115976 ] } },
{ "type": "Feature", "properties": { "osm_id": "node/11484698905", "name": "Accessible Toilet", "amenity_type": "accessible_toilet", "amenity": "toilets", "wheelchair": null, "toilets:wheelchair": null, "opening_hours": null, "operator": null, "description": null, "is_accessible": true, "latitude": -38.2597524, "longitude": 145.1853052 }, "geometry": { "type": "Point", "coordinates": [ 145.185305199999988, -38.2597524 ] } },
{ "type": "Feature", "properties": { "osm_id": "node/11520265174", "name": "Accessible Toilet", "amenity_type": "accessible_toilet", "amenity": "toilets", "wheelchair": null, "toilets:wheelchair": null, "opening_hours": null, "operator": null, "description": null, "is_accessible": true, "latitude": -37.7013415, "longitude": 144.775418 }, "geometry": { "type": "Point", "coordinates": [ 144.775418, -37.7013415 ] } },
{ "type": "Feature", "properties": { "osm_id": "node/11520937838", "name": "Accessible Toilet", "amenity_type": "accessible_toilet", "amenity": "toilets", "wheelchair": null, "toilets:wheelchair": null, "opening_hours": null, "operator": null, "description": null, "is_accessible": true, "latitude": -37.6001342, "longitude": 145.0947546 }, "geometry": { "type": "Point", "coordinates": [ 145.094754599999987, -37.6001342 ] } },
{ "type": "Feature", "properties": { "osm_id": "node/11555573461", "name": "Accessible Toilet", "amenity_type": "accessible_toilet", "amenity": "toilets", "wheelchair": null, "toilets:wheelchair": null, "opening_hours": null, "operator": null, "description": null, "is_accessible": true, "latitude": -37.8311492, "longitude": 145.428013 }, "geometry": { "type": "Point", "coordinates": [ 145.428013, -37.8311492 ] } },
{ "type": "Feature", "properties": { "osm_id": "node/11580938604", "name": "Accessible Toilet", "amenity_type": "accessible_toilet", "amenity": "toilets", "wheelchair": null, "toilets:wheelchair": null, "opening_hours": null, "operator": null, "description": null, "is_accessible": true, "latitude": -37.8536259, "longitude": 145.151228 }, "geometry": { "type": "Point", "coordinates": [ 145.151228, -37.8536259 ] } },
{ "type": "Feature", "properties": { "osm_id": "node/11599705887", "name": "Accessible Toilet", "amenity_type": "accessible_toilet", "amenity": "toilets", "wheelchair": null, "toilets:wheelchair": null, "opening_hours": null, "operator": null, "description": null, "is_accessible": true, "latitude": -38.1144213, "longitude": 145.2842775 }, "geometry": { "type": "Point", "coordinates": [ 145.2842775, -38.1144213 ] } },
{ "type": "Feature", "properties": { "osm_id": "node/11605798626", "name": "Accessible Toilet", "amenity_type": "accessible_toilet", "amenity": "toilets", "wheelchair": "limited", "toilets:wheelchair": null, "opening_hours": null, "operator": null, "description": null, "is_accessible": true, "latitude": -37.807286, "longitude": 144.95866 }, "geometry": { "type": "Point", "coordinates": [ 144.95866, -37.807286 ] } },
{ "type": "Feature", "properties": { "osm_id": "node/11658481082", "name": "Accessible Toilet", "amenity_type": "accessible_toilet", "amenity": "toilets", "wheelchair": "yes", "toilets:wheelchair": null, "opening_hours": null, "operator": null, "description": null, "is_accessible": true, "latitude": -37.9406565, "longitude": 145.053669 }, "geometry": { "type": "Point", "coordinates": [ 145.053669, -37.9406565 ] } },
{ "type": "Feature", "properties": { "osm_id": "node/11664037187", "name": "Accessible Toilet", "amenity_type": "accessible_toilet", "amenity": "toilets", "wheelchair": null, "toilets:wheelchair": null, "opening_hours": null, "operator": null, "description": null, "is_accessible": true, "latitude": -37.951263, "longitude": 145.0558255 }, "geometry": { "type": "Point", "coordinates": [ 145.0558255, -37.951263 ] } },
{ "type": "Feature", "properties": { "osm_id": "node/11676527128", "name": "Accessible Toilet", "amenity_type": "accessible_toilet", "amenity": "toilets", "wheelchair": null, "toilets:wheelchair": null, "opening_hours": null, "operator": null, "description": null, "is_accessible": true, "latitude": -37.687941, "longitude": 145.1400677 }, "geometry": { "type": "Point", "coordinates": [ 145.1400677, -37.687941 ] } },
{ "type": "Feature", "properties": { "osm_id": "node/11676527129", "name": "Accessible Toilet", "amenity_type": "accessible_toilet", "amenity": "toilets", "wheelchair": null, "toilets:wheelchair": null, "opening_hours": null, "operator": null, "description": null, "is_accessible": true, "latitude": -37.6878602, "longitude": 145.1404414 }, "geometry": { "type": "Point", "coordinates": [ 145.140441399999986, -37.6878602 ] } },
{ "type": "Feature", "properties": { "osm_id": "node/11676527130", "name": "Accessible Toilet", "amenity_type": "accessible_toilet", "amenity": "toilets", "wheelchair": null, "toilets:wheelchair": null, "opening_hours": null, "operator": null, "description": null, "is_accessible": true, "latitude": -37.6873848, "longitude": 145.1395724 }, "geometry": { "type": "Point", "coordinates": [ 145.1395724, -37.6873848 ] } },
{ "type": "Feature", "properties": { "osm_id": "node/11676527131", "name": "Accessible Toilet", "amenity_type": "accessible_toilet", "amenity": "toilets", "wheelchair": null, "toilets:wheelchair": null, "opening_hours": null, "operator": null, "description": null, "is_accessible": true, "latitude": -37.687879, "longitude": 145.139229 }, "geometry": { "type": "Point", "coordinates": [ 145.139229, -37.687879 ] } },
{ "type": "Feature", "properties": { "osm_id": "node/11676527132", "name": "Accessible Toilet", "amenity_type": "accessible_toilet", "amenity": "toilets", "wheelchair": null, "toilets:wheelchair": null, "opening_hours": null, "operator": null, "description": null, "is_accessible": true, "latitude": -37.688413, "longitude": 145.1389403 }, "geometry": { "type": "Point", "coordinates": [ 145.1389403, -37.688413 ] } },
{ "type": "Feature", "properties": { "osm_id": "node/11676527133", "name": "Accessible Toilet", "amenity_type": "accessible_toilet", "amenity": "toilets", "wheelchair": null, "toilets:wheelchair": null, "opening_hours": null, "operator": null, "description": null, "is_accessible": true, "latitude": -37.6893316, "longitude": 145.1404993 }, "geometry": { "type": "Point", "coordinates": [ 145.140499299999988, -37.6893316 ] } },
{ "type": "Feature", "properties": { "osm_id": "node/11676527134", "name": "Accessible Toilet", "amenity_type": "accessible_toilet", "amenity": "toilets", "wheelchair": null, "toilets:wheelchair": null, "opening_hours": null, "operator": null, "description": null, "is_accessible": true, "latitude": -37.6895643, "longitude": 145.1399976 }, "geometry": { "type": "Point", "coordinates": [ 145.139997599999987, -37.6895643 ] } },
{ "type": "Feature", "properties": { "osm_id": "node/11676527135", "name": "Accessible Toilet", "amenity_type": "accessible_toilet", "amenity": "toilets", "wheelchair": null, "toilets:wheelchair": null, "opening_hours": null, "operator": null, "description": null, "is_accessible": true, "latitude": -37.6893254, "longitude": 145.1396879 }, "geometry": { "type": "Point", "coordinates": [ 145.139687900000013, -37.6893254 ] } },
{ "type": "Feature", "properties": { "osm_id": "node/11693036615", "name": "Accessible Toilet", "amenity_type": "accessible_toilet", "amenity": "toilets", "wheelchair": null, "toilets:wheelchair": null, "opening_hours": null, "operator": null, "description": null, "is_accessible": true, "latitude": -37.8192635, "longitude": 145.1229242 }, "geometry": { "type": "Point", "coordinates": [ 145.1229242, -37.8192635 ] } },
{ "type": "Feature", "properties": { "osm_id": "node/11722229060", "name": "Accessible Toilet", "amenity_type": "accessible_toilet", "amenity": "toilets", "wheelchair": "yes", "toilets:wheelchair": null, "opening_hours": null, "operator": null, "description": null, "is_accessible": true, "latitude": -37.9538339, "longitude": 145.2125058 }, "geometry": { "type": "Point", "coordinates": [ 145.2125058, -37.9538339 ] } },
{ "type": "Feature", "properties": { "osm_id": "node/11722229061", "name": "Accessible Toilet", "amenity_type": "accessible_toilet", "amenity": "toilets", "wheelchair": "no", "toilets:wheelchair": null, "opening_hours": null, "operator": null, "description": null, "is_accessible": true, "latitude": -37.9538562, "longitude": 145.2125031 }, "geometry": { "type": "Point", "coordinates": [ 145.2125031, -37.9538562 ] } },
{ "type": "Feature", "properties": { "osm_id": "node/11733780923", "name": "Accessible Toilet", "amenity_type": "accessible_toilet", "amenity": "toilets", "wheelchair": null, "toilets:wheelchair": null, "opening_hours": null, "operator": null, "description": null, "is_accessible": true, "latitude": -37.8241743, "longitude": 144.9746847 }, "geometry": { "type": "Point", "coordinates": [ 144.974684700000012, -37.8241743 ] } },
{ "type": "Feature", "properties": { "osm_id": "node/11740867769", "name": "Accessible Toilet", "amenity_type": "accessible_toilet", "amenity": "toilets", "wheelchair": "yes", "toilets:wheelchair": null, "opening_hours": "24/7", "operator": null, "description": null, "is_accessible": true, "latitude": -37.7541305, "longitude": 145.1368251 }, "geometry": { "type": "Point", "coordinates": [ 145.13682510000001, -37.7541305 ] } },
{ "type": "Feature", "properties": { "osm_id": "node/11785246272", "name": "Accessible Toilet", "amenity_type": "accessible_toilet", "amenity": "toilets", "wheelchair": null, "toilets:wheelchair": null, "opening_hours": null, "operator": null, "description": null, "is_accessible": true, "latitude": -37.7862287, "longitude": 144.936997 }, "geometry": { "type": "Point", "coordinates": [ 144.936997, -37.7862287 ] } },
{ "type": "Feature", "properties": { "osm_id": "node/11794803591", "name": "Accessible Toilet", "amenity_type": "accessible_toilet", "amenity": "toilets", "wheelchair": null, "toilets:wheelchair": null, "opening_hours": null, "operator": null, "description": null, "is_accessible": true, "latitude": -37.8270418, "longitude": 144.884183 }, "geometry": { "type": "Point", "coordinates": [ 144.884183, -37.8270418 ] } },
{ "type": "Feature", "properties": { "osm_id": "node/11794835869", "name": "Accessible Toilet", "amenity_type": "accessible_toilet", "amenity": "toilets", "wheelchair": null, "toilets:wheelchair": null, "opening_hours": null, "operator": null, "description": null, "is_accessible": true, "latitude": -37.9266604, "longitude": 144.6736018 }, "geometry": { "type": "Point", "coordinates": [ 144.6736018, -37.9266604 ] } },
{ "type": "Feature", "properties": { "osm_id": "node/11827035067", "name": "Accessible Toilet", "amenity_type": "accessible_toilet", "amenity": "toilets", "wheelchair": null, "toilets:wheelchair": null, "opening_hours": null, "operator": null, "description": null, "is_accessible": true, "latitude": -37.7601081, "longitude": 145.3437061 }, "geometry": { "type": "Point", "coordinates": [ 145.3437061, -37.7601081 ] } },
{ "type": "Feature", "properties": { "osm_id": "node/11827035068", "name": "Accessible Toilet", "amenity_type": "accessible_toilet", "amenity": "toilets", "wheelchair": null, "toilets:wheelchair": null, "opening_hours": null, "operator": null, "description": null, "is_accessible": true, "latitude": -37.7608117, "longitude": 145.3456118 }, "geometry": { "type": "Point", "coordinates": [ 145.3456118, -37.7608117 ] } },
{ "type": "Feature", "properties": { "osm_id": "node/11828528384", "name": "Accessible Toilet", "amenity_type": "accessible_toilet", "amenity": "toilets", "wheelchair": null, "toilets:wheelchair": null, "opening_hours": null, "operator": null, "description": null, "is_accessible": true, "latitude": -37.7037056, "longitude": 145.1079615 }, "geometry": { "type": "Point", "coordinates": [ 145.107961499999988, -37.7037056 ] } },
{ "type": "Feature", "properties": { "osm_id": "node/11860885780", "name": "Accessible Toilet", "amenity_type": "accessible_toilet", "amenity": "toilets", "wheelchair": null, "toilets:wheelchair": null, "opening_hours": null, "operator": null, "description": null, "is_accessible": true, "latitude": -37.6478557, "longitude": 144.9939801 }, "geometry": { "type": "Point", "coordinates": [ 144.993980099999987, -37.6478557 ] } },
{ "type": "Feature", "properties": { "osm_id": "node/11871786009", "name": "Accessible Toilet", "amenity_type": "accessible_toilet", "amenity": "toilets", "wheelchair": null, "toilets:wheelchair": null, "opening_hours": null, "operator": null, "description": null, "is_accessible": true, "latitude": -37.8820324, "longitude": 144.9844895 }, "geometry": { "type": "Point", "coordinates": [ 144.9844895, -37.8820324 ] } },
{ "type": "Feature", "properties": { "osm_id": "node/11871786010", "name": "Accessible Toilet", "amenity_type": "accessible_toilet", "amenity": "toilets", "wheelchair": null, "toilets:wheelchair": null, "opening_hours": null, "operator": null, "description": null, "is_accessible": true, "latitude": -37.8821866, "longitude": 144.9844624 }, "geometry": { "type": "Point", "coordinates": [ 144.984462400000012, -37.8821866 ] } },
{ "type": "Feature", "properties": { "osm_id": "node/11873258248", "name": "Accessible Toilet", "amenity_type": "accessible_toilet", "amenity": "toilets", "wheelchair": "yes", "toilets:wheelchair": null, "opening_hours": null, "operator": null, "description": null, "is_accessible": true, "latitude": -37.8821062, "longitude": 144.9859953 }, "geometry": { "type": "Point", "coordinates": [ 144.985995300000013, -37.8821062 ] } },
{ "type": "Feature", "properties": { "osm_id": "node/11873258283", "name": "Accessible Toilet", "amenity_type": "accessible_toilet", "amenity": "toilets", "wheelchair": null, "toilets:wheelchair": null, "opening_hours": null, "operator": null, "description": null, "is_accessible": true, "latitude": -37.882297, "longitude": 144.9849053 }, "geometry": { "type": "Point", "coordinates": [ 144.9849053, -37.882297 ] } },
{ "type": "Feature", "properties": { "osm_id": "node/11873258284", "name": "Accessible Toilet", "amenity_type": "accessible_toilet", "amenity": "toilets", "wheelchair": null, "toilets:wheelchair": null, "opening_hours": null, "operator": null, "description": null, "is_accessible": true, "latitude": -37.8822995, "longitude": 144.9849315 }, "geometry": { "type": "Point", "coordinates": [ 144.984931499999988, -37.8822995 ] } },
{ "type": "Feature", "properties": { "osm_id": "node/11873258285", "name": "Accessible Toilet", "amenity_type": "accessible_toilet", "amenity": "toilets", "wheelchair": null, "toilets:wheelchair": null, "opening_hours": null, "operator": null, "description": null, "is_accessible": true, "latitude": -37.882294, "longitude": 144.984878 }, "geometry": { "type": "Point", "coordinates": [ 144.984878, -37.882294 ] } },
{ "type": "Feature", "properties": { "osm_id": "node/11873258290", "name": "Accessible Toilet", "amenity_type": "accessible_toilet", "amenity": "toilets", "wheelchair": null, "toilets:wheelchair": null, "opening_hours": null, "operator": null, "description": null, "is_accessible": true, "latitude": -37.8823972, "longitude": 144.9857952 }, "geometry": { "type": "Point", "coordinates": [ 144.985795200000013, -37.8823972 ] } },
{ "type": "Feature", "properties": { "osm_id": "node/11873258291", "name": "Accessible Toilet", "amenity_type": "accessible_toilet", "amenity": "toilets", "wheelchair": null, "toilets:wheelchair": null, "opening_hours": null, "operator": null, "description": null, "is_accessible": true, "latitude": -37.8824204, "longitude": 144.9857957 }, "geometry": { "type": "Point", "coordinates": [ 144.985795700000011, -37.8824204 ] } },
{ "type": "Feature", "properties": { "osm_id": "node/11876217757", "name": "Accessible Toilet", "amenity_type": "accessible_toilet", "amenity": "toilets", "wheelchair": null, "toilets:wheelchair": null, "opening_hours": null, "operator": "Bayside City Council", "description": null, "is_accessible": true, "latitude": -37.9247568, "longitude": 144.9864418 }, "geometry": { "type": "Point", "coordinates": [ 144.9864418, -37.9247568 ] } },
{ "type": "Feature", "properties": { "osm_id": "node/11888343394", "name": "Accessible Toilet", "amenity_type": "accessible_toilet", "amenity": "toilets", "wheelchair": "yes", "toilets:wheelchair": null, "opening_hours": null, "operator": null, "description": null, "is_accessible": true, "latitude": -38.4162923, "longitude": 145.0775235 }, "geometry": { "type": "Point", "coordinates": [ 145.077523500000012, -38.4162923 ] } },
{ "type": "Feature", "properties": { "osm_id": "node/11888343395", "name": "Accessible Toilet", "amenity_type": "accessible_toilet", "amenity": "toilets", "wheelchair": "yes", "toilets:wheelchair": null, "opening_hours": null, "operator": null, "description": null, "is_accessible": true, "latitude": -38.4162542, "longitude": 145.0774749 }, "geometry": { "type": "Point", "coordinates": [ 145.0774749, -38.4162542 ] } },
{ "type": "Feature", "properties": { "osm_id": "node/11888343457", "name": "Accessible Toilet", "amenity_type": "accessible_toilet", "amenity": "toilets", "wheelchair": null, "toilets:wheelchair": null, "opening_hours": null, "operator": null, "description": null, "is_accessible": true, "latitude": -38.4235921, "longitude": 145.0729376 }, "geometry": { "type": "Point", "coordinates": [ 145.072937599999989, -38.4235921 ] } },
{ "type": "Feature", "properties": { "osm_id": "node/11888343458", "name": "Accessible Toilet", "amenity_type": "accessible_toilet", "amenity": "toilets", "wheelchair": null, "toilets:wheelchair": null, "opening_hours": null, "operator": null, "description": null, "is_accessible": true, "latitude": -38.4236144, "longitude": 145.0721195 }, "geometry": { "type": "Point", "coordinates": [ 145.072119500000014, -38.4236144 ] } },
{ "type": "Feature", "properties": { "osm_id": "node/11906278226", "name": "Accessible Toilet", "amenity_type": "accessible_toilet", "amenity": "toilets", "wheelchair": null, "toilets:wheelchair": null, "opening_hours": null, "operator": null, "description": null, "is_accessible": true, "latitude": -37.6778499, "longitude": 145.1518135 }, "geometry": { "type": "Point", "coordinates": [ 145.1518135, -37.6778499 ] } },
{ "type": "Feature", "properties": { "osm_id": "node/11921189794", "name": "Accessible Toilet", "amenity_type": "accessible_toilet", "amenity": "toilets", "wheelchair": null, "toilets:wheelchair": null, "opening_hours": null, "operator": null, "description": null, "is_accessible": true, "latitude": -37.9220522, "longitude": 145.0837939 }, "geometry": { "type": "Point", "coordinates": [ 145.083793899999989, -37.9220522 ] } },
{ "type": "Feature", "properties": { "osm_id": "node/11952762164", "name": "Accessible Toilet", "amenity_type": "accessible_toilet", "amenity": "toilets", "wheelchair": null, "toilets:wheelchair": null, "opening_hours": null, "operator": null, "description": null, "is_accessible": true, "latitude": -38.3383663, "longitude": 145.2019881 }, "geometry": { "type": "Point", "coordinates": [ 145.2019881, -38.3383663 ] } },
{ "type": "Feature", "properties": { "osm_id": "node/11959269939", "name": "Accessible Toilet", "amenity_type": "accessible_toilet", "amenity": "toilets", "wheelchair": null, "toilets:wheelchair": null, "opening_hours": null, "operator": null, "description": null, "is_accessible": true, "latitude": -37.7993992, "longitude": 144.9619894 }, "geometry": { "type": "Point", "coordinates": [ 144.9619894, -37.7993992 ] } },
{ "type": "Feature", "properties": { "osm_id": "node/11969071429", "name": "Accessible Toilet", "amenity_type": "accessible_toilet", "amenity": "toilets", "wheelchair": null, "toilets:wheelchair": null, "opening_hours": null, "operator": null, "description": null, "is_accessible": true, "latitude": -37.9211436, "longitude": 144.6647913 }, "geometry": { "type": "Point", "coordinates": [ 144.6647913, -37.9211436 ] } },
{ "type": "Feature", "properties": { "osm_id": "node/11973505960", "name": "Accessible Toilet", "amenity_type": "accessible_toilet", "amenity": "toilets", "wheelchair": null, "toilets:wheelchair": null, "opening_hours": null, "operator": null, "description": null, "is_accessible": true, "latitude": -38.0658982, "longitude": 145.4472306 }, "geometry": { "type": "Point", "coordinates": [ 145.447230600000012, -38.0658982 ] } },
{ "type": "Feature", "properties": { "osm_id": "node/12003201144", "name": "Accessible Toilet", "amenity_type": "accessible_toilet", "amenity": "toilets", "wheelchair": "yes", "toilets:wheelchair": null, "opening_hours": null, "operator": null, "description": null, "is_accessible": true, "latitude": -38.1513426, "longitude": 145.1662849 }, "geometry": { "type": "Point", "coordinates": [ 145.1662849, -38.1513426 ] } },
{ "type": "Feature", "properties": { "osm_id": "node/12037252653", "name": "Accessible Toilet", "amenity_type": "accessible_toilet", "amenity": "toilets", "wheelchair": "yes", "toilets:wheelchair": null, "opening_hours": null, "operator": null, "description": null, "is_accessible": true, "latitude": -37.8198531, "longitude": 145.1209616 }, "geometry": { "type": "Point", "coordinates": [ 145.120961599999987, -37.8198531 ] } },
{ "type": "Feature", "properties": { "osm_id": "node/12052663726", "name": "Accessible Toilet", "amenity_type": "accessible_toilet", "amenity": "toilets", "wheelchair": null, "toilets:wheelchair": null, "opening_hours": null, "operator": null, "description": null, "is_accessible": true, "latitude": -37.5976256, "longitude": 144.9347021 }, "geometry": { "type": "Point", "coordinates": [ 144.93470210000001, -37.5976256 ] } },
{ "type": "Feature", "properties": { "osm_id": "node/12069515996", "name": "Accessible Toilet", "amenity_type": "accessible_toilet", "amenity": "toilets", "wheelchair": null, "toilets:wheelchair": null, "opening_hours": null, "operator": null, "description": null, "is_accessible": true, "latitude": -37.7561523, "longitude": 145.3539975 }, "geometry": { "type": "Point", "coordinates": [ 145.3539975, -37.7561523 ] } },
{ "type": "Feature", "properties": { "osm_id": "node/12091687811", "name": "Accessible Toilet", "amenity_type": "accessible_toilet", "amenity": "toilets", "wheelchair": "yes", "toilets:wheelchair": null, "opening_hours": null, "operator": null, "description": null, "is_accessible": true, "latitude": -37.8897621, "longitude": 145.0669433 }, "geometry": { "type": "Point", "coordinates": [ 145.0669433, -37.8897621 ] } },
{ "type": "Feature", "properties": { "osm_id": "node/12094233474", "name": "Accessible Toilet", "amenity_type": "accessible_toilet", "amenity": "toilets", "wheelchair": null, "toilets:wheelchair": null, "opening_hours": null, "operator": null, "description": null, "is_accessible": true, "latitude": -37.6188672, "longitude": 144.9167855 }, "geometry": { "type": "Point", "coordinates": [ 144.9167855, -37.6188672 ] } },
{ "type": "Feature", "properties": { "osm_id": "node/12101830501", "name": "Accessible Toilet", "amenity_type": "accessible_toilet", "amenity": "toilets", "wheelchair": null, "toilets:wheelchair": null, "opening_hours": null, "operator": null, "description": null, "is_accessible": true, "latitude": -37.688035, "longitude": 144.8850518 }, "geometry": { "type": "Point", "coordinates": [ 144.885051800000014, -37.688035 ] } },
{ "type": "Feature", "properties": { "osm_id": "node/12107758124", "name": "Accessible Toilet", "amenity_type": "accessible_toilet", "amenity": "toilets", "wheelchair": "designated", "toilets:wheelchair": null, "opening_hours": null, "operator": null, "description": null, "is_accessible": true, "latitude": -37.7869709, "longitude": 145.1257168 }, "geometry": { "type": "Point", "coordinates": [ 145.1257168, -37.7869709 ] } },
{ "type": "Feature", "properties": { "osm_id": "node/12123137873", "name": "Accessible Toilet", "amenity_type": "accessible_toilet", "amenity": "toilets", "wheelchair": null, "toilets:wheelchair": null, "opening_hours": null, "operator": null, "description": null, "is_accessible": true, "latitude": -37.7851318, "longitude": 145.1254571 }, "geometry": { "type": "Point", "coordinates": [ 145.1254571, -37.7851318 ] } },
{ "type": "Feature", "properties": { "osm_id": "node/12141081625", "name": "Accessible Toilet", "amenity_type": "accessible_toilet", "amenity": "toilets", "wheelchair": null, "toilets:wheelchair": null, "opening_hours": null, "operator": null, "description": null, "is_accessible": true, "latitude": -37.9053931, "longitude": 145.1624111 }, "geometry": { "type": "Point", "coordinates": [ 145.162411100000014, -37.9053931 ] } },
{ "type": "Feature", "properties": { "osm_id": "node/12141086349", "name": "Accessible Toilet", "amenity_type": "accessible_toilet", "amenity": "toilets", "wheelchair": null, "toilets:wheelchair": null, "opening_hours": null, "operator": null, "description": null, "is_accessible": true, "latitude": -37.9053429, "longitude": 145.162415 }, "geometry": { "type": "Point", "coordinates": [ 145.162415, -37.9053429 ] } },
{ "type": "Feature", "properties": { "osm_id": "node/12153141216", "name": "Accessible Toilet", "amenity_type": "accessible_toilet", "amenity": "toilets", "wheelchair": null, "toilets:wheelchair": null, "opening_hours": null, "operator": null, "description": null, "is_accessible": true, "latitude": -37.9284809, "longitude": 144.6717658 }, "geometry": { "type": "Point", "coordinates": [ 144.6717658, -37.9284809 ] } },
{ "type": "Feature", "properties": { "osm_id": "node/12161000479", "name": "Accessible Toilet", "amenity_type": "accessible_toilet", "amenity": "toilets", "wheelchair": "yes", "toilets:wheelchair": null, "opening_hours": null, "operator": null, "description": null, "is_accessible": true, "latitude": -37.8110143, "longitude": 144.9633486 }, "geometry": { "type": "Point", "coordinates": [ 144.963348599999989, -37.8110143 ] } },
{ "type": "Feature", "properties": { "osm_id": "node/12164747059", "name": "Accessible Toilet", "amenity_type": "accessible_toilet", "amenity": "toilets", "wheelchair": "yes", "toilets:wheelchair": null, "opening_hours": null, "operator": null, "description": null, "is_accessible": true, "latitude": -37.8104436, "longitude": 144.9623735 }, "geometry": { "type": "Point", "coordinates": [ 144.962373500000012, -37.8104436 ] } },
{ "type": "Feature", "properties": { "osm_id": "node/12169307008", "name": "Accessible Toilet", "amenity_type": "accessible_toilet", "amenity": "toilets", "wheelchair": "yes", "toilets:wheelchair": null, "opening_hours": "Mo-Su 09:00-18:00", "operator": "Bayside City Council", "description": null, "is_accessible": true, "latitude": -37.9170123, "longitude": 144.9866469 }, "geometry": { "type": "Point", "coordinates": [ 144.986646900000011, -37.9170123 ] } },
{ "type": "Feature", "properties": { "osm_id": "node/12171023302", "name": "Accessible Toilet", "amenity_type": "accessible_toilet", "amenity": "toilets", "wheelchair": "yes", "toilets:wheelchair": null, "opening_hours": null, "operator": null, "description": null, "is_accessible": true, "latitude": -38.3092746, "longitude": 144.6800357 }, "geometry": { "type": "Point", "coordinates": [ 144.6800357, -38.3092746 ] } },
{ "type": "Feature", "properties": { "osm_id": "node/12175749089", "name": "Accessible Toilet", "amenity_type": "accessible_toilet", "amenity": "toilets", "wheelchair": null, "toilets:wheelchair": null, "opening_hours": null, "operator": null, "description": null, "is_accessible": true, "latitude": -37.8111513, "longitude": 144.9634413 }, "geometry": { "type": "Point", "coordinates": [ 144.9634413, -37.8111513 ] } },
{ "type": "Feature", "properties": { "osm_id": "node/12175825803", "name": "Accessible Toilet", "amenity_type": "accessible_toilet", "amenity": "toilets", "wheelchair": null, "toilets:wheelchair": null, "opening_hours": null, "operator": null, "description": null, "is_accessible": true, "latitude": -37.8104876, "longitude": 144.962464 }, "geometry": { "type": "Point", "coordinates": [ 144.962464, -37.8104876 ] } },
{ "type": "Feature", "properties": { "osm_id": "node/12187415828", "name": "Accessible Toilet", "amenity_type": "accessible_toilet", "amenity": "toilets", "wheelchair": "yes", "toilets:wheelchair": null, "opening_hours": null, "operator": null, "description": null, "is_accessible": true, "latitude": -37.7679952, "longitude": 144.9637517 }, "geometry": { "type": "Point", "coordinates": [ 144.963751699999989, -37.7679952 ] } },
{ "type": "Feature", "properties": { "osm_id": "node/12192312646", "name": "Accessible Toilet", "amenity_type": "accessible_toilet", "amenity": "toilets", "wheelchair": null, "toilets:wheelchair": null, "opening_hours": null, "operator": null, "description": null, "is_accessible": true, "latitude": -37.8627819, "longitude": 144.9048674 }, "geometry": { "type": "Point", "coordinates": [ 144.9048674, -37.8627819 ] } },
{ "type": "Feature", "properties": { "osm_id": "node/12196913288", "name": "Accessible Toilet", "amenity_type": "accessible_toilet", "amenity": "toilets", "wheelchair": "yes", "toilets:wheelchair": null, "opening_hours": null, "operator": null, "description": null, "is_accessible": true, "latitude": -37.7091107, "longitude": 144.9382784 }, "geometry": { "type": "Point", "coordinates": [ 144.9382784, -37.7091107 ] } },
{ "type": "Feature", "properties": { "osm_id": "node/12201111113", "name": "Accessible Toilet", "amenity_type": "accessible_toilet", "amenity": "toilets", "wheelchair": null, "toilets:wheelchair": null, "opening_hours": null, "operator": null, "description": null, "is_accessible": true, "latitude": -37.6966487, "longitude": 144.9219909 }, "geometry": { "type": "Point", "coordinates": [ 144.9219909, -37.6966487 ] } },
{ "type": "Feature", "properties": { "osm_id": "node/12206555464", "name": "Accessible Toilet", "amenity_type": "accessible_toilet", "amenity": "toilets", "wheelchair": null, "toilets:wheelchair": null, "opening_hours": null, "operator": null, "description": null, "is_accessible": true, "latitude": -37.8139965, "longitude": 144.8985993 }, "geometry": { "type": "Point", "coordinates": [ 144.8985993, -37.8139965 ] } },
{ "type": "Feature", "properties": { "osm_id": "node/12207891472", "name": "Accessible Toilet", "amenity_type": "accessible_toilet", "amenity": "toilets", "wheelchair": null, "toilets:wheelchair": null, "opening_hours": null, "operator": null, "description": null, "is_accessible": true, "latitude": -37.8885488, "longitude": 145.0735405 }, "geometry": { "type": "Point", "coordinates": [ 145.0735405, -37.8885488 ] } },
{ "type": "Feature", "properties": { "osm_id": "node/12207990302", "name": "Accessible Toilet", "amenity_type": "accessible_toilet", "amenity": "toilets", "wheelchair": "yes", "toilets:wheelchair": null, "opening_hours": null, "operator": null, "description": null, "is_accessible": true, "latitude": -37.8963545, "longitude": 145.0724842 }, "geometry": { "type": "Point", "coordinates": [ 145.0724842, -37.8963545 ] } },
{ "type": "Feature", "properties": { "osm_id": "node/12215206491", "name": "Accessible Toilet", "amenity_type": "accessible_toilet", "amenity": "toilets", "wheelchair": null, "toilets:wheelchair": null, "opening_hours": null, "operator": null, "description": null, "is_accessible": true, "latitude": -38.3068023, "longitude": 145.0095443 }, "geometry": { "type": "Point", "coordinates": [ 145.009544299999988, -38.3068023 ] } },
{ "type": "Feature", "properties": { "osm_id": "node/12247356596", "name": "Accessible Toilet", "amenity_type": "accessible_toilet", "amenity": "toilets", "wheelchair": null, "toilets:wheelchair": null, "opening_hours": null, "operator": null, "description": null, "is_accessible": true, "latitude": -37.8624841, "longitude": 144.8497226 }, "geometry": { "type": "Point", "coordinates": [ 144.8497226, -37.8624841 ] } },
{ "type": "Feature", "properties": { "osm_id": "node/12249360901", "name": "Accessible Toilet", "amenity_type": "accessible_toilet", "amenity": "toilets", "wheelchair": null, "toilets:wheelchair": null, "opening_hours": null, "operator": null, "description": null, "is_accessible": true, "latitude": -37.7268597, "longitude": 145.0697025 }, "geometry": { "type": "Point", "coordinates": [ 145.0697025, -37.7268597 ] } },
{ "type": "Feature", "properties": { "osm_id": "node/12254216827", "name": "Accessible Toilet", "amenity_type": "accessible_toilet", "amenity": "toilets", "wheelchair": null, "toilets:wheelchair": null, "opening_hours": null, "operator": null, "description": null, "is_accessible": true, "latitude": -37.9046474, "longitude": 145.1246264 }, "geometry": { "type": "Point", "coordinates": [ 145.124626400000011, -37.9046474 ] } },
{ "type": "Feature", "properties": { "osm_id": "node/12265023417", "name": "Accessible Toilet", "amenity_type": "accessible_toilet", "amenity": "toilets", "wheelchair": "yes", "toilets:wheelchair": null, "opening_hours": null, "operator": null, "description": null, "is_accessible": true, "latitude": -38.2186563, "longitude": 145.0396895 }, "geometry": { "type": "Point", "coordinates": [ 145.0396895, -38.2186563 ] } },
{ "type": "Feature", "properties": { "osm_id": "node/12277452923", "name": "Accessible Toilet", "amenity_type": "accessible_toilet", "amenity": "toilets", "wheelchair": null, "toilets:wheelchair": null, "opening_hours": null, "operator": null, "description": null, "is_accessible": true, "latitude": -37.7818354, "longitude": 144.8642033 }, "geometry": { "type": "Point", "coordinates": [ 144.864203300000014, -37.7818354 ] } },
{ "type": "Feature", "properties": { "osm_id": "node/12282675386", "name": "Accessible Toilet", "amenity_type": "accessible_toilet", "amenity": "toilets", "wheelchair": null, "toilets:wheelchair": null, "opening_hours": null, "operator": null, "description": null, "is_accessible": true, "latitude": -37.6550498, "longitude": 145.3812303 }, "geometry": { "type": "Point", "coordinates": [ 145.3812303, -37.6550498 ] } },
{ "type": "Feature", "properties": { "osm_id": "node/12303213636", "name": "Accessible Toilet", "amenity_type": "accessible_toilet", "amenity": "toilets", "wheelchair": null, "toilets:wheelchair": null, "opening_hours": null, "operator": null, "description": null, "is_accessible": true, "latitude": -37.7696096, "longitude": 145.0989546 }, "geometry": { "type": "Point", "coordinates": [ 145.098954600000013, -37.7696096 ] } },
{ "type": "Feature", "properties": { "osm_id": "node/12303563292", "name": "Accessible Toilet", "amenity_type": "accessible_toilet", "amenity": "toilets", "wheelchair": null, "toilets:wheelchair": null, "opening_hours": null, "operator": null, "description": null, "is_accessible": true, "latitude": -37.6753483, "longitude": 144.9214429 }, "geometry": { "type": "Point", "coordinates": [ 144.921442899999988, -37.6753483 ] } },
{ "type": "Feature", "properties": { "osm_id": "node/12306501051", "name": "Accessible Toilet", "amenity_type": "accessible_toilet", "amenity": "toilets", "wheelchair": "yes", "toilets:wheelchair": null, "opening_hours": null, "operator": null, "description": null, "is_accessible": true, "latitude": -37.7580735, "longitude": 145.310823 }, "geometry": { "type": "Point", "coordinates": [ 145.310823, -37.7580735 ] } },
{ "type": "Feature", "properties": { "osm_id": "node/12310452328", "name": "Accessible Toilet", "amenity_type": "accessible_toilet", "amenity": "toilets", "wheelchair": null, "toilets:wheelchair": null, "opening_hours": null, "operator": null, "description": null, "is_accessible": true, "latitude": -37.7553804, "longitude": 144.9773906 }, "geometry": { "type": "Point", "coordinates": [ 144.9773906, -37.7553804 ] } },
{ "type": "Feature", "properties": { "osm_id": "node/12332578717", "name": "Accessible Toilet", "amenity_type": "accessible_toilet", "amenity": "toilets", "wheelchair": null, "toilets:wheelchair": null, "opening_hours": null, "operator": null, "description": null, "is_accessible": true, "latitude": -37.8181156, "longitude": 144.9984989 }, "geometry": { "type": "Point", "coordinates": [ 144.998498899999987, -37.8181156 ] } },
{ "type": "Feature", "properties": { "osm_id": "node/12336509064", "name": "Accessible Toilet", "amenity_type": "accessible_toilet", "amenity": "toilets", "wheelchair": null, "toilets:wheelchair": null, "opening_hours": null, "operator": null, "description": null, "is_accessible": true, "latitude": -38.3108618, "longitude": 144.9929576 }, "geometry": { "type": "Point", "coordinates": [ 144.992957600000011, -38.3108618 ] } },
{ "type": "Feature", "properties": { "osm_id": "node/12336538462", "name": "Accessible Toilet", "amenity_type": "accessible_toilet", "amenity": "toilets", "wheelchair": null, "toilets:wheelchair": null, "opening_hours": null, "operator": null, "description": null, "is_accessible": true, "latitude": -37.6745967, "longitude": 145.0358644 }, "geometry": { "type": "Point", "coordinates": [ 145.0358644, -37.6745967 ] } },
{ "type": "Feature", "properties": { "osm_id": "node/12343221534", "name": "Accessible Toilet", "amenity_type": "accessible_toilet", "amenity": "toilets", "wheelchair": null, "toilets:wheelchair": null, "opening_hours": null, "operator": null, "description": null, "is_accessible": true, "latitude": -37.6830302, "longitude": 144.9194802 }, "geometry": { "type": "Point", "coordinates": [ 144.91948020000001, -37.6830302 ] } },
{ "type": "Feature", "properties": { "osm_id": "node/12358105021", "name": "Accessible Toilet", "amenity_type": "accessible_toilet", "amenity": "toilets", "wheelchair": null, "toilets:wheelchair": null, "opening_hours": null, "operator": null, "description": null, "is_accessible": true, "latitude": -37.8843686, "longitude": 145.0006394 }, "geometry": { "type": "Point", "coordinates": [ 145.000639400000011, -37.8843686 ] } },
{ "type": "Feature", "properties": { "osm_id": "node/12376047026", "name": "Accessible Toilet", "amenity_type": "accessible_toilet", "amenity": "toilets", "wheelchair": "yes", "toilets:wheelchair": null, "opening_hours": null, "operator": null, "description": null, "is_accessible": true, "latitude": -38.0040555, "longitude": 145.1689308 }, "geometry": { "type": "Point", "coordinates": [ 145.1689308, -38.0040555 ] } },
{ "type": "Feature", "properties": { "osm_id": "node/12384220283", "name": "Accessible Toilet", "amenity_type": "accessible_toilet", "amenity": "toilets", "wheelchair": null, "toilets:wheelchair": null, "opening_hours": null, "operator": null, "description": null, "is_accessible": true, "latitude": -37.5169955, "longitude": 145.3112838 }, "geometry": { "type": "Point", "coordinates": [ 145.311283800000012, -37.5169955 ] } },
{ "type": "Feature", "properties": { "osm_id": "node/12392924280", "name": "Accessible Toilet", "amenity_type": "accessible_toilet", "amenity": "toilets", "wheelchair": "yes", "toilets:wheelchair": null, "opening_hours": null, "operator": null, "description": null, "is_accessible": true, "latitude": -37.8100896, "longitude": 145.1094386 }, "geometry": { "type": "Point", "coordinates": [ 145.1094386, -37.8100896 ] } },
{ "type": "Feature", "properties": { "osm_id": "node/12396710892", "name": "Accessible Toilet", "amenity_type": "accessible_toilet", "amenity": "toilets", "wheelchair": null, "toilets:wheelchair": null, "opening_hours": null, "operator": null, "description": null, "is_accessible": true, "latitude": -38.1442132, "longitude": 145.2795786 }, "geometry": { "type": "Point", "coordinates": [ 145.2795786, -38.1442132 ] } },
{ "type": "Feature", "properties": { "osm_id": "node/12399063001", "name": "Accessible Toilet", "amenity_type": "accessible_toilet", "amenity": "toilets", "wheelchair": null, "toilets:wheelchair": null, "opening_hours": null, "operator": null, "description": null, "is_accessible": true, "latitude": -37.8680329, "longitude": 144.9747342 }, "geometry": { "type": "Point", "coordinates": [ 144.9747342, -37.8680329 ] } },
{ "type": "Feature", "properties": { "osm_id": "node/12408421501", "name": "Accessible Toilet", "amenity_type": "accessible_toilet", "amenity": "toilets", "wheelchair": null, "toilets:wheelchair": null, "opening_hours": null, "operator": null, "description": null, "is_accessible": true, "latitude": -37.6143906, "longitude": 144.8897663 }, "geometry": { "type": "Point", "coordinates": [ 144.8897663, -37.6143906 ] } },
{ "type": "Feature", "properties": { "osm_id": "node/12417753222", "name": "Accessible Toilet", "amenity_type": "accessible_toilet", "amenity": "toilets", "wheelchair": null, "toilets:wheelchair": null, "opening_hours": null, "operator": null, "description": null, "is_accessible": true, "latitude": -37.9677375, "longitude": 145.2638942 }, "geometry": { "type": "Point", "coordinates": [ 145.26389420000001, -37.9677375 ] } },
{ "type": "Feature", "properties": { "osm_id": "node/12426919081", "name": "Accessible Toilet", "amenity_type": "accessible_toilet", "amenity": "toilets", "wheelchair": null, "toilets:wheelchair": null, "opening_hours": null, "operator": null, "description": null, "is_accessible": true, "latitude": -37.6969641, "longitude": 145.0736026 }, "geometry": { "type": "Point", "coordinates": [ 145.073602599999987, -37.6969641 ] } },
{ "type": "Feature", "properties": { "osm_id": "node/12437671914", "name": "Accessible Toilet", "amenity_type": "accessible_toilet", "amenity": "toilets", "wheelchair": null, "toilets:wheelchair": null, "opening_hours": null, "operator": null, "description": null, "is_accessible": true, "latitude": -37.8105949, "longitude": 144.9628881 }, "geometry": { "type": "Point", "coordinates": [ 144.962888099999986, -37.8105949 ] } },
{ "type": "Feature", "properties": { "osm_id": "node/12437695757", "name": "Accessible Toilet", "amenity_type": "accessible_toilet", "amenity": "toilets", "wheelchair": null, "toilets:wheelchair": null, "opening_hours": null, "operator": null, "description": null, "is_accessible": true, "latitude": -37.8105593, "longitude": 144.962526 }, "geometry": { "type": "Point", "coordinates": [ 144.962526, -37.8105593 ] } },
{ "type": "Feature", "properties": { "osm_id": "node/12446854302", "name": "Accessible Toilet", "amenity_type": "accessible_toilet", "amenity": "toilets", "wheelchair": null, "toilets:wheelchair": null, "opening_hours": "24/7", "operator": null, "description": null, "is_accessible": true, "latitude": -38.0723305, "longitude": 145.3630962 }, "geometry": { "type": "Point", "coordinates": [ 145.3630962, -38.0723305 ] } },
{ "type": "Feature", "properties": { "osm_id": "node/12446912108", "name": "Accessible Toilet", "amenity_type": "accessible_toilet", "amenity": "toilets", "wheelchair": "yes", "toilets:wheelchair": null, "opening_hours": null, "operator": null, "description": null, "is_accessible": true, "latitude": -37.8681919, "longitude": 145.0478353 }, "geometry": { "type": "Point", "coordinates": [ 145.0478353, -37.8681919 ] } },
{ "type": "Feature", "properties": { "osm_id": "node/12467702819", "name": "Accessible Toilet", "amenity_type": "accessible_toilet", "amenity": "toilets", "wheelchair": null, "toilets:wheelchair": null, "opening_hours": null, "operator": null, "description": null, "is_accessible": true, "latitude": -38.0069978, "longitude": 145.176865 }, "geometry": { "type": "Point", "coordinates": [ 145.176865, -38.0069978 ] } },
{ "type": "Feature", "properties": { "osm_id": "node/12474252858", "name": "Accessible Toilet", "amenity_type": "accessible_toilet", "amenity": "toilets", "wheelchair": "yes", "toilets:wheelchair": null, "opening_hours": null, "operator": null, "description": null, "is_accessible": true, "latitude": -37.8240375, "longitude": 145.0978628 }, "geometry": { "type": "Point", "coordinates": [ 145.0978628, -37.8240375 ] } },
{ "type": "Feature", "properties": { "osm_id": "node/12474297972", "name": "Accessible Toilet", "amenity_type": "accessible_toilet", "amenity": "toilets", "wheelchair": null, "toilets:wheelchair": null, "opening_hours": null, "operator": null, "description": null, "is_accessible": true, "latitude": -37.8550274, "longitude": 145.1822382 }, "geometry": { "type": "Point", "coordinates": [ 145.1822382, -37.8550274 ] } },
{ "type": "Feature", "properties": { "osm_id": "node/12479401570", "name": "Accessible Toilet", "amenity_type": "accessible_toilet", "amenity": "toilets", "wheelchair": "yes", "toilets:wheelchair": null, "opening_hours": null, "operator": null, "description": null, "is_accessible": true, "latitude": -38.1836061, "longitude": 145.0896512 }, "geometry": { "type": "Point", "coordinates": [ 145.0896512, -38.1836061 ] } },
{ "type": "Feature", "properties": { "osm_id": "node/12479404198", "name": "Accessible Toilet", "amenity_type": "accessible_toilet", "amenity": "toilets", "wheelchair": null, "toilets:wheelchair": null, "opening_hours": null, "operator": null, "description": null, "is_accessible": true, "latitude": -37.6806922, "longitude": 145.0262678 }, "geometry": { "type": "Point", "coordinates": [ 145.0262678, -37.6806922 ] } },
{ "type": "Feature", "properties": { "osm_id": "node/12483926914", "name": "Accessible Toilet", "amenity_type": "accessible_toilet", "amenity": "toilets", "wheelchair": null, "toilets:wheelchair": null, "opening_hours": null, "operator": null, "description": null, "is_accessible": true, "latitude": -37.8125365, "longitude": 144.967211 }, "geometry": { "type": "Point", "coordinates": [ 144.967211, -37.8125365 ] } },
{ "type": "Feature", "properties": { "osm_id": "node/12488946864", "name": "Accessible Toilet", "amenity_type": "accessible_toilet", "amenity": "toilets", "wheelchair": null, "toilets:wheelchair": null, "opening_hours": null, "operator": null, "description": null, "is_accessible": true, "latitude": -37.6853264, "longitude": 144.5665477 }, "geometry": { "type": "Point", "coordinates": [ 144.5665477, -37.6853264 ] } },
{ "type": "Feature", "properties": { "osm_id": "node/12488968094", "name": "Accessible Toilet", "amenity_type": "accessible_toilet", "amenity": "toilets", "wheelchair": null, "toilets:wheelchair": null, "opening_hours": null, "operator": null, "description": null, "is_accessible": true, "latitude": -37.6862656, "longitude": 144.561945 }, "geometry": { "type": "Point", "coordinates": [ 144.561945, -37.6862656 ] } },
{ "type": "Feature", "properties": { "osm_id": "node/12488968095", "name": "Accessible Toilet", "amenity_type": "accessible_toilet", "amenity": "toilets", "wheelchair": null, "toilets:wheelchair": null, "opening_hours": null, "operator": null, "description": null, "is_accessible": true, "latitude": -37.6862826, "longitude": 144.5615561 }, "geometry": { "type": "Point", "coordinates": [ 144.5615561, -37.6862826 ] } },
{ "type": "Feature", "properties": { "osm_id": "node/12489333408", "name": "Accessible Toilet", "amenity_type": "accessible_toilet", "amenity": "toilets", "wheelchair": null, "toilets:wheelchair": null, "opening_hours": null, "operator": null, "description": null, "is_accessible": true, "latitude": -37.6856575, "longitude": 144.5635235 }, "geometry": { "type": "Point", "coordinates": [ 144.5635235, -37.6856575 ] } },
{ "type": "Feature", "properties": { "osm_id": "node/12492489524", "name": "Accessible Toilet", "amenity_type": "accessible_toilet", "amenity": "toilets", "wheelchair": "yes", "toilets:wheelchair": null, "opening_hours": null, "operator": "Murphy USA", "description": null, "is_accessible": true, "latitude": 28.1715018, "longitude": -80.6724202 }, "geometry": { "type": "Point", "coordinates": [ -80.6724202, 28.1715018 ] } },
{ "type": "Feature", "properties": { "osm_id": "node/12505567544", "name": "Accessible Toilet", "amenity_type": "accessible_toilet", "amenity": "toilets", "wheelchair": null, "toilets:wheelchair": null, "opening_hours": null, "operator": null, "description": null, "is_accessible": true, "latitude": -37.995522, "longitude": 145.2266337 }, "geometry": { "type": "Point", "coordinates": [ 145.2266337, -37.995522 ] } },
{ "type": "Feature", "properties": { "osm_id": "node/12521801434", "name": "Accessible Toilet", "amenity_type": "accessible_toilet", "amenity": "toilets", "wheelchair": null, "toilets:wheelchair": null, "opening_hours": null, "operator": null, "description": null, "is_accessible": true, "latitude": -37.8033856, "longitude": 144.7507657 }, "geometry": { "type": "Point", "coordinates": [ 144.750765699999988, -37.8033856 ] } },
{ "type": "Feature", "properties": { "osm_id": "node/12527784603", "name": "Accessible Toilet", "amenity_type": "accessible_toilet", "amenity": "toilets", "wheelchair": null, "toilets:wheelchair": null, "opening_hours": null, "operator": null, "description": null, "is_accessible": true, "latitude": -37.8184635, "longitude": 145.1212519 }, "geometry": { "type": "Point", "coordinates": [ 145.1212519, -37.8184635 ] } },
{ "type": "Feature", "properties": { "osm_id": "node/12537260695", "name": "Accessible Toilet", "amenity_type": "accessible_toilet", "amenity": "toilets", "wheelchair": null, "toilets:wheelchair": null, "opening_hours": null, "operator": null, "description": null, "is_accessible": true, "latitude": -37.7647315, "longitude": 145.16234 }, "geometry": { "type": "Point", "coordinates": [ 145.16234, -37.7647315 ] } },
{ "type": "Feature", "properties": { "osm_id": "node/12544863137", "name": "Accessible Toilet", "amenity_type": "accessible_toilet", "amenity": "toilets", "wheelchair": null, "toilets:wheelchair": null, "opening_hours": null, "operator": null, "description": null, "is_accessible": true, "latitude": -37.6030056, "longitude": 144.9041259 }, "geometry": { "type": "Point", "coordinates": [ 144.9041259, -37.6030056 ] } },
{ "type": "Feature", "properties": { "osm_id": "node/12586979644", "name": "Accessible Toilet", "amenity_type": "accessible_toilet", "amenity": "toilets", "wheelchair": null, "toilets:wheelchair": null, "opening_hours": null, "operator": null, "description": null, "is_accessible": true, "latitude": -37.7270411, "longitude": 144.8196212 }, "geometry": { "type": "Point", "coordinates": [ 144.8196212, -37.7270411 ] } },
{ "type": "Feature", "properties": { "osm_id": "node/12586981720", "name": "Accessible Toilet", "amenity_type": "accessible_toilet", "amenity": "toilets", "wheelchair": null, "toilets:wheelchair": null, "opening_hours": null, "operator": null, "description": null, "is_accessible": true, "latitude": -37.8773362, "longitude": 144.6937964 }, "geometry": { "type": "Point", "coordinates": [ 144.6937964, -37.8773362 ] } },
{ "type": "Feature", "properties": { "osm_id": "node/12612608980", "name": "Accessible Toilet", "amenity_type": "accessible_toilet", "amenity": "toilets", "wheelchair": "yes", "toilets:wheelchair": null, "opening_hours": "Mo-We 09:00-17:30; Th-Fr 09:00-21:00; Sa 09:00-17:00; Su 10:00-17:00", "operator": null, "description": null, "is_accessible": true, "latitude": -37.6803315, "longitude": 144.918531 }, "geometry": { "type": "Point", "coordinates": [ 144.918531, -37.6803315 ] } },
{ "type": "Feature", "properties": { "osm_id": "node/12612638974", "name": "Accessible Toilet", "amenity_type": "accessible_toilet", "amenity": "toilets", "wheelchair": "yes", "toilets:wheelchair": null, "opening_hours": "08:00-20:00", "operator": null, "description": null, "is_accessible": true, "latitude": -38.0679577, "longitude": 145.1427942 }, "geometry": { "type": "Point", "coordinates": [ 145.1427942, -38.0679577 ] } },
{ "type": "Feature", "properties": { "osm_id": "node/12617861320", "name": "Accessible Toilet", "amenity_type": "accessible_toilet", "amenity": "toilets", "wheelchair": "yes", "toilets:wheelchair": null, "opening_hours": null, "operator": null, "description": null, "is_accessible": true, "latitude": -37.8137191, "longitude": 144.9372213 }, "geometry": { "type": "Point", "coordinates": [ 144.9372213, -37.8137191 ] } },
{ "type": "Feature", "properties": { "osm_id": "node/12617869165", "name": "Accessible Toilet", "amenity_type": "accessible_toilet", "amenity": "toilets", "wheelchair": "yes", "toilets:wheelchair": null, "opening_hours": null, "operator": "Melbourne Tulamarine Airport", "description": null, "is_accessible": true, "latitude": -37.669341, "longitude": 144.8494575 }, "geometry": { "type": "Point", "coordinates": [ 144.8494575, -37.669341 ] } },
{ "type": "Feature", "properties": { "osm_id": "node/12617872253", "name": "Accessible Toilet", "amenity_type": "accessible_toilet", "amenity": "toilets", "wheelchair": "yes", "toilets:wheelchair": null, "opening_hours": null, "operator": null, "description": null, "is_accessible": true, "latitude": -37.8201375, "longitude": 144.9669383 }, "geometry": { "type": "Point", "coordinates": [ 144.96693830000001, -37.8201375 ] } },
{ "type": "Feature", "properties": { "osm_id": "node/12636549968", "name": "Accessible Toilet", "amenity_type": "accessible_toilet", "amenity": "toilets", "wheelchair": null, "toilets:wheelchair": null, "opening_hours": null, "operator": null, "description": null, "is_accessible": true, "latitude": -38.0044748, "longitude": 145.2501235 }, "geometry": { "type": "Point", "coordinates": [ 145.2501235, -38.0044748 ] } },
{ "type": "Feature", "properties": { "osm_id": "node/12671269088", "name": "Accessible Toilet", "amenity_type": "accessible_toilet", "amenity": "toilets", "wheelchair": "no", "toilets:wheelchair": null, "opening_hours": null, "operator": "Boroondara City Council", "description": null, "is_accessible": true, "latitude": -37.8110456, "longitude": 145.0915006 }, "geometry": { "type": "Point", "coordinates": [ 145.091500599999989, -37.8110456 ] } },
{ "type": "Feature", "properties": { "osm_id": "node/12674451458", "name": "Accessible Toilet", "amenity_type": "accessible_toilet", "amenity": "toilets", "wheelchair": null, "toilets:wheelchair": null, "opening_hours": null, "operator": "Mornington Peninsula Astronomical Society", "description": "Mornington Peninsula Astronomical Society activities only", "is_accessible": true, "latitude": -38.273232, "longitude": 145.0410584 }, "geometry": { "type": "Point", "coordinates": [ 145.0410584, -38.273232 ] } },
{ "type": "Feature", "properties": { "osm_id": "node/12701638527", "name": "Accessible Toilet", "amenity_type": "accessible_toilet", "amenity": "toilets", "wheelchair": "yes", "toilets:wheelchair": null, "opening_hours": null, "operator": null, "description": null, "is_accessible": true, "latitude": -37.842965, "longitude": 144.8453588 }, "geometry": { "type": "Point", "coordinates": [ 144.845358800000014, -37.842965 ] } },
{ "type": "Feature", "properties": { "osm_id": "node/12725224117", "name": "Accessible Toilet", "amenity_type": "accessible_toilet", "amenity": "toilets", "wheelchair": null, "toilets:wheelchair": null, "opening_hours": null, "operator": null, "description": null, "is_accessible": true, "latitude": -37.8687343, "longitude": 144.829508 }, "geometry": { "type": "Point", "coordinates": [ 144.829508, -37.8687343 ] } },
{ "type": "Feature", "properties": { "osm_id": "node/12728380390", "name": "Accessible Toilet", "amenity_type": "accessible_toilet", "amenity": "toilets", "wheelchair": null, "toilets:wheelchair": null, "opening_hours": null, "operator": null, "description": null, "is_accessible": true, "latitude": -37.7558334, "longitude": 144.8920777 }, "geometry": { "type": "Point", "coordinates": [ 144.892077699999987, -37.7558334 ] } },
{ "type": "Feature", "properties": { "osm_id": "node/12747739331", "name": "Accessible Toilet", "amenity_type": "accessible_toilet", "amenity": "toilets", "wheelchair": null, "toilets:wheelchair": null, "opening_hours": null, "operator": null, "description": null, "is_accessible": true, "latitude": -37.6912345, "longitude": 144.7478136 }, "geometry": { "type": "Point", "coordinates": [ 144.7478136, -37.6912345 ] } },
{ "type": "Feature", "properties": { "osm_id": "node/12753447130", "name": "Accessible Toilet", "amenity_type": "accessible_toilet", "amenity": "toilets", "wheelchair": null, "toilets:wheelchair": null, "opening_hours": null, "operator": null, "description": null, "is_accessible": true, "latitude": -37.8703579, "longitude": 144.8309773 }, "geometry": { "type": "Point", "coordinates": [ 144.8309773, -37.8703579 ] } },
{ "type": "Feature", "properties": { "osm_id": "node/12754279383", "name": "Accessible Toilet", "amenity_type": "accessible_toilet", "amenity": "toilets", "wheelchair": null, "toilets:wheelchair": null, "opening_hours": null, "operator": null, "description": null, "is_accessible": true, "latitude": -37.912983, "longitude": 145.0515725 }, "geometry": { "type": "Point", "coordinates": [ 145.0515725, -37.912983 ] } },
{ "type": "Feature", "properties": { "osm_id": "node/12756424392", "name": "Accessible Toilet", "amenity_type": "accessible_toilet", "amenity": "toilets", "wheelchair": null, "toilets:wheelchair": null, "opening_hours": null, "operator": null, "description": null, "is_accessible": true, "latitude": -37.8314371, "longitude": 144.7466485 }, "geometry": { "type": "Point", "coordinates": [ 144.7466485, -37.8314371 ] } },
{ "type": "Feature", "properties": { "osm_id": "node/12787324641", "name": "Accessible Toilet", "amenity_type": "accessible_toilet", "amenity": "toilets", "wheelchair": null, "toilets:wheelchair": null, "opening_hours": null, "operator": null, "description": null, "is_accessible": true, "latitude": -37.9191491, "longitude": 144.6733546 }, "geometry": { "type": "Point", "coordinates": [ 144.67335460000001, -37.9191491 ] } },
{ "type": "Feature", "properties": { "osm_id": "node/12787324646", "name": "Accessible Toilet", "amenity_type": "accessible_toilet", "amenity": "toilets", "wheelchair": null, "toilets:wheelchair": null, "opening_hours": null, "operator": null, "description": null, "is_accessible": true, "latitude": -37.9182827, "longitude": 144.6713968 }, "geometry": { "type": "Point", "coordinates": [ 144.6713968, -37.9182827 ] } },
{ "type": "Feature", "properties": { "osm_id": "node/12793745062", "name": "Accessible Toilet", "amenity_type": "accessible_toilet", "amenity": "toilets", "wheelchair": "yes", "toilets:wheelchair": null, "opening_hours": null, "operator": null, "description": null, "is_accessible": true, "latitude": -37.8266859, "longitude": 145.0590576 }, "geometry": { "type": "Point", "coordinates": [ 145.059057599999988, -37.8266859 ] } },
{ "type": "Feature", "properties": { "osm_id": "node/12806870184", "name": "Accessible Toilet", "amenity_type": "accessible_toilet", "amenity": "toilets", "wheelchair": null, "toilets:wheelchair": null, "opening_hours": null, "operator": null, "description": null, "is_accessible": true, "latitude": -37.8382666, "longitude": 145.1333161 }, "geometry": { "type": "Point", "coordinates": [ 145.1333161, -37.8382666 ] } },
{ "type": "Feature", "properties": { "osm_id": "node/12816754296", "name": "Accessible Toilet", "amenity_type": "accessible_toilet", "amenity": "toilets", "wheelchair": null, "toilets:wheelchair": null, "opening_hours": null, "operator": null, "description": null, "is_accessible": true, "latitude": -37.6667323, "longitude": 144.8493176 }, "geometry": { "type": "Point", "coordinates": [ 144.8493176, -37.6667323 ] } },
{ "type": "Feature", "properties": { "osm_id": "node/12816754297", "name": "Accessible Toilet", "amenity_type": "accessible_toilet", "amenity": "toilets", "wheelchair": null, "toilets:wheelchair": null, "opening_hours": null, "operator": null, "description": null, "is_accessible": true, "latitude": -37.6668192, "longitude": 144.849336 }, "geometry": { "type": "Point", "coordinates": [ 144.849336, -37.6668192 ] } },
{ "type": "Feature", "properties": { "osm_id": "node/12816754298", "name": "Accessible Toilet", "amenity_type": "accessible_toilet", "amenity": "toilets", "wheelchair": null, "toilets:wheelchair": null, "opening_hours": null, "operator": null, "description": null, "is_accessible": true, "latitude": -37.6668448, "longitude": 144.8493414 }, "geometry": { "type": "Point", "coordinates": [ 144.849341399999986, -37.6668448 ] } },
{ "type": "Feature", "properties": { "osm_id": "node/12816768807", "name": "Accessible Toilet", "amenity_type": "accessible_toilet", "amenity": "toilets", "wheelchair": null, "toilets:wheelchair": null, "opening_hours": null, "operator": null, "description": null, "is_accessible": true, "latitude": -37.6688799, "longitude": 144.851175 }, "geometry": { "type": "Point", "coordinates": [ 144.851175, -37.6688799 ] } },
{ "type": "Feature", "properties": { "osm_id": "node/12816768808", "name": "Accessible Toilet", "amenity_type": "accessible_toilet", "amenity": "toilets", "wheelchair": null, "toilets:wheelchair": null, "opening_hours": null, "operator": null, "description": null, "is_accessible": true, "latitude": -37.6688926, "longitude": 144.8510597 }, "geometry": { "type": "Point", "coordinates": [ 144.8510597, -37.6688926 ] } },
{ "type": "Feature", "properties": { "osm_id": "node/12823194753", "name": "Accessible Toilet", "amenity_type": "accessible_toilet", "amenity": "toilets", "wheelchair": null, "toilets:wheelchair": null, "opening_hours": null, "operator": null, "description": null, "is_accessible": true, "latitude": -38.2727484, "longitude": 145.0408615 }, "geometry": { "type": "Point", "coordinates": [ 145.0408615, -38.2727484 ] } },
{ "type": "Feature", "properties": { "osm_id": "node/12846573151", "name": "Accessible Toilet", "amenity_type": "accessible_toilet", "amenity": "toilets", "wheelchair": null, "toilets:wheelchair": null, "opening_hours": null, "operator": null, "description": null, "is_accessible": true, "latitude": -37.9222919, "longitude": 144.6642181 }, "geometry": { "type": "Point", "coordinates": [ 144.6642181, -37.9222919 ] } },
{ "type": "Feature", "properties": { "osm_id": "node/12848278674", "name": "Accessible Toilet", "amenity_type": "accessible_toilet", "amenity": "toilets", "wheelchair": null, "toilets:wheelchair": null, "opening_hours": null, "operator": null, "description": null, "is_accessible": true, "latitude": -37.8426602, "longitude": 144.8836332 }, "geometry": { "type": "Point", "coordinates": [ 144.8836332, -37.8426602 ] } },
{ "type": "Feature", "properties": { "osm_id": "node/12856905236", "name": "Accessible Toilet", "amenity_type": "accessible_toilet", "amenity": "toilets", "wheelchair": null, "toilets:wheelchair": null, "opening_hours": null, "operator": null, "description": null, "is_accessible": true, "latitude": -38.3372441, "longitude": 144.956206 }, "geometry": { "type": "Point", "coordinates": [ 144.956206, -38.3372441 ] } },
{ "type": "Feature", "properties": { "osm_id": "node/12873080201", "name": "Accessible Toilet", "amenity_type": "accessible_toilet", "amenity": "toilets", "wheelchair": null, "toilets:wheelchair": null, "opening_hours": null, "operator": null, "description": null, "is_accessible": true, "latitude": -38.1132756, "longitude": 145.3690676 }, "geometry": { "type": "Point", "coordinates": [ 145.3690676, -38.1132756 ] } },
{ "type": "Feature", "properties": { "osm_id": "node/12879949901", "name": "Accessible Toilet", "amenity_type": "accessible_toilet", "amenity": "toilets", "wheelchair": null, "toilets:wheelchair": null, "opening_hours": null, "operator": null, "description": null, "is_accessible": true, "latitude": -38.1034467, "longitude": 145.3524062 }, "geometry": { "type": "Point", "coordinates": [ 145.3524062, -38.1034467 ] } },
{ "type": "Feature", "properties": { "osm_id": "node/12896743642", "name": "Accessible Toilet", "amenity_type": "accessible_toilet", "amenity": "toilets", "wheelchair": null, "toilets:wheelchair": null, "opening_hours": null, "operator": "City of Yarra", "description": null, "is_accessible": true, "latitude": -37.7846422, "longitude": 145.0014876 }, "geometry": { "type": "Point", "coordinates": [ 145.0014876, -37.7846422 ] } },
{ "type": "Feature", "properties": { "osm_id": "node/12922534437", "name": "Amenities in Craigieburn", "amenity_type": "accessible_toilet", "amenity": "toilets", "wheelchair": null, "toilets:wheelchair": null, "opening_hours": null, "operator": null, "description": null, "is_accessible": true, "latitude": -37.5843994, "longitude": 144.916541 }, "geometry": { "type": "Point", "coordinates": [ 144.916541, -37.5843994 ] } },
{ "type": "Feature", "properties": { "osm_id": "node/12969626333", "name": "Accessible Toilet", "amenity_type": "accessible_toilet", "amenity": "toilets", "wheelchair": null, "toilets:wheelchair": null, "opening_hours": null, "operator": null, "description": null, "is_accessible": true, "latitude": -38.1431063, "longitude": 145.1259237 }, "geometry": { "type": "Point", "coordinates": [ 145.125923699999987, -38.1431063 ] } },
{ "type": "Feature", "properties": { "osm_id": "node/12976131841", "name": "Accessible Toilet", "amenity_type": "accessible_toilet", "amenity": "toilets", "wheelchair": null, "toilets:wheelchair": null, "opening_hours": null, "operator": null, "description": null, "is_accessible": true, "latitude": -37.8536212, "longitude": 144.7486405 }, "geometry": { "type": "Point", "coordinates": [ 144.7486405, -37.8536212 ] } },
{ "type": "Feature", "properties": { "osm_id": "node/12998477243", "name": "Disabled facilities", "amenity_type": "accessible_toilet", "amenity": "toilets", "wheelchair": null, "toilets:wheelchair": null, "opening_hours": null, "operator": null, "description": null, "is_accessible": true, "latitude": -37.7218075, "longitude": 144.9662371 }, "geometry": { "type": "Point", "coordinates": [ 144.9662371, -37.7218075 ] } },
{ "type": "Feature", "properties": { "osm_id": "node/13000894885", "name": "Accessible Toilet", "amenity_type": "accessible_toilet", "amenity": "toilets", "wheelchair": null, "toilets:wheelchair": null, "opening_hours": null, "operator": null, "description": null, "is_accessible": true, "latitude": -37.9294183, "longitude": 145.4599613 }, "geometry": { "type": "Point", "coordinates": [ 145.4599613, -37.9294183 ] } },
{ "type": "Feature", "properties": { "osm_id": "node/13005414651", "name": "Accessible Toilet", "amenity_type": "accessible_toilet", "amenity": "toilets", "wheelchair": null, "toilets:wheelchair": null, "opening_hours": null, "operator": null, "description": null, "is_accessible": true, "latitude": -37.8463703, "longitude": 144.8088126 }, "geometry": { "type": "Point", "coordinates": [ 144.80881260000001, -37.8463703 ] } },
{ "type": "Feature", "properties": { "osm_id": "node/13005435769", "name": "Accessible Toilet", "amenity_type": "accessible_toilet", "amenity": "toilets", "wheelchair": null, "toilets:wheelchair": null, "opening_hours": null, "operator": null, "description": null, "is_accessible": true, "latitude": -38.1495173, "longitude": 145.2898456 }, "geometry": { "type": "Point", "coordinates": [ 145.2898456, -38.1495173 ] } },
{ "type": "Feature", "properties": { "osm_id": "node/13005578022", "name": "Accessible Toilet", "amenity_type": "accessible_toilet", "amenity": "toilets", "wheelchair": "yes", "toilets:wheelchair": null, "opening_hours": null, "operator": null, "description": null, "is_accessible": true, "latitude": -37.8180735, "longitude": 144.8778731 }, "geometry": { "type": "Point", "coordinates": [ 144.877873099999988, -37.8180735 ] } },
{ "type": "Feature", "properties": { "osm_id": "node/13031334071", "name": "Accessible Toilet", "amenity_type": "accessible_toilet", "amenity": "toilets", "wheelchair": "yes", "toilets:wheelchair": null, "opening_hours": "Mo-Th 09:00-21:00; Fr 09:00-18:00; Sa,Su 10:00-17:00", "operator": null, "description": null, "is_accessible": true, "latitude": -37.7163312, "longitude": 145.1460658 }, "geometry": { "type": "Point", "coordinates": [ 145.1460658, -37.7163312 ] } },
{ "type": "Feature", "properties": { "osm_id": "node/13038249020", "name": "Accessible Toilet", "amenity_type": "accessible_toilet", "amenity": "toilets", "wheelchair": null, "toilets:wheelchair": null, "opening_hours": null, "operator": null, "description": null, "is_accessible": true, "latitude": -38.2196704, "longitude": 145.0600883 }, "geometry": { "type": "Point", "coordinates": [ 145.0600883, -38.2196704 ] } },
{ "type": "Feature", "properties": { "osm_id": "node/13038307216", "name": "Accessible Toilet", "amenity_type": "accessible_toilet", "amenity": "toilets", "wheelchair": null, "toilets:wheelchair": null, "opening_hours": null, "operator": null, "description": null, "is_accessible": true, "latitude": -38.3731662, "longitude": 144.8702554 }, "geometry": { "type": "Point", "coordinates": [ 144.8702554, -38.3731662 ] } },
{ "type": "Feature", "properties": { "osm_id": "node/13049118789", "name": "Accessible Toilet", "amenity_type": "accessible_toilet", "amenity": "toilets", "wheelchair": null, "toilets:wheelchair": null, "opening_hours": null, "operator": null, "description": null, "is_accessible": true, "latitude": -37.9828079, "longitude": 145.1366607 }, "geometry": { "type": "Point", "coordinates": [ 145.1366607, -37.9828079 ] } },
{ "type": "Feature", "properties": { "osm_id": "node/13062679967", "name": "Accessible Toilet", "amenity_type": "accessible_toilet", "amenity": "toilets", "wheelchair": "yes", "toilets:wheelchair": null, "opening_hours": null, "operator": null, "description": null, "is_accessible": true, "latitude": -37.8157661, "longitude": 145.1232533 }, "geometry": { "type": "Point", "coordinates": [ 145.123253299999988, -37.8157661 ] } },
{ "type": "Feature", "properties": { "osm_id": "node/13067831727", "name": "Accessible Toilet", "amenity_type": "accessible_toilet", "amenity": "toilets", "wheelchair": null, "toilets:wheelchair": null, "opening_hours": null, "operator": null, "description": null, "is_accessible": true, "latitude": -38.01194, "longitude": 145.1985794 }, "geometry": { "type": "Point", "coordinates": [ 145.1985794, -38.01194 ] } },
{ "type": "Feature", "properties": { "osm_id": "node/13067872723", "name": "Accessible Toilet", "amenity_type": "accessible_toilet", "amenity": "toilets", "wheelchair": "yes", "toilets:wheelchair": null, "opening_hours": null, "operator": null, "description": null, "is_accessible": true, "latitude": -37.7204646, "longitude": 145.0482101 }, "geometry": { "type": "Point", "coordinates": [ 145.0482101, -37.7204646 ] } },
{ "type": "Feature", "properties": { "osm_id": "node/13073348232", "name": "Accessible Toilet", "amenity_type": "accessible_toilet", "amenity": "toilets", "wheelchair": null, "toilets:wheelchair": null, "opening_hours": null, "operator": null, "description": null, "is_accessible": true, "latitude": -37.8875334, "longitude": 144.7151746 }, "geometry": { "type": "Point", "coordinates": [ 144.715174600000012, -37.8875334 ] } },
{ "type": "Feature", "properties": { "osm_id": "node/13073352785", "name": "Accessible Toilet", "amenity_type": "accessible_toilet", "amenity": "toilets", "wheelchair": null, "toilets:wheelchair": null, "opening_hours": null, "operator": null, "description": null, "is_accessible": true, "latitude": -37.8142915, "longitude": 144.9726461 }, "geometry": { "type": "Point", "coordinates": [ 144.9726461, -37.8142915 ] } },
{ "type": "Feature", "properties": { "osm_id": "node/13075506641", "name": "Accessible Toilet", "amenity_type": "accessible_toilet", "amenity": "toilets", "wheelchair": null, "toilets:wheelchair": null, "opening_hours": null, "operator": null, "description": null, "is_accessible": true, "latitude": -37.8075942, "longitude": 144.9426995 }, "geometry": { "type": "Point", "coordinates": [ 144.9426995, -37.8075942 ] } },
{ "type": "Feature", "properties": { "osm_id": "node/13075506644", "name": "Accessible Toilet", "amenity_type": "accessible_toilet", "amenity": "toilets", "wheelchair": "no", "toilets:wheelchair": null, "opening_hours": null, "operator": null, "description": null, "is_accessible": true, "latitude": -37.806445, "longitude": 144.9413027 }, "geometry": { "type": "Point", "coordinates": [ 144.9413027, -37.806445 ] } },
{ "type": "Feature", "properties": { "osm_id": "node/13075851893", "name": "Accessible Toilet", "amenity_type": "accessible_toilet", "amenity": "toilets", "wheelchair": null, "toilets:wheelchair": null, "opening_hours": null, "operator": null, "description": null, "is_accessible": true, "latitude": -37.7997588, "longitude": 144.9856399 }, "geometry": { "type": "Point", "coordinates": [ 144.9856399, -37.7997588 ] } },
{ "type": "Feature", "properties": { "osm_id": "node/13081180626", "name": "Accessible Toilet", "amenity_type": "accessible_toilet", "amenity": "toilets", "wheelchair": "yes", "toilets:wheelchair": null, "opening_hours": null, "operator": null, "description": null, "is_accessible": true, "latitude": -37.8675421, "longitude": 144.9049773 }, "geometry": { "type": "Point", "coordinates": [ 144.904977300000013, -37.8675421 ] } },
{ "type": "Feature", "properties": { "osm_id": "node/13108583025", "name": "Accessible Toilet", "amenity_type": "accessible_toilet", "amenity": "toilets", "wheelchair": null, "toilets:wheelchair": null, "opening_hours": null, "operator": null, "description": null, "is_accessible": true, "latitude": -37.8152929, "longitude": 145.2296494 }, "geometry": { "type": "Point", "coordinates": [ 145.2296494, -37.8152929 ] } },
{ "type": "Feature", "properties": { "osm_id": "node/13132305613", "name": "Accessible Toilet", "amenity_type": "accessible_toilet", "amenity": "toilets", "wheelchair": null, "toilets:wheelchair": null, "opening_hours": null, "operator": null, "description": null, "is_accessible": true, "latitude": -37.717094, "longitude": 144.9527709 }, "geometry": { "type": "Point", "coordinates": [ 144.9527709, -37.717094 ] } },
{ "type": "Feature", "properties": { "osm_id": "node/13152025603", "name": "Accessible Toilet", "amenity_type": "accessible_toilet", "amenity": "toilets", "wheelchair": "yes", "toilets:wheelchair": null, "opening_hours": null, "operator": null, "description": null, "is_accessible": true, "latitude": -37.812259, "longitude": 144.9368769 }, "geometry": { "type": "Point", "coordinates": [ 144.936876899999987, -37.812259 ] } },
{ "type": "Feature", "properties": { "osm_id": "node/13173195235", "name": "Accessible Toilet", "amenity_type": "accessible_toilet", "amenity": "toilets", "wheelchair": null, "toilets:wheelchair": null, "opening_hours": null, "operator": null, "description": null, "is_accessible": true, "latitude": -38.2942226, "longitude": 145.0043909 }, "geometry": { "type": "Point", "coordinates": [ 145.0043909, -38.2942226 ] } },
{ "type": "Feature", "properties": { "osm_id": "node/13173209074", "name": "Accessible Toilet", "amenity_type": "accessible_toilet", "amenity": "toilets", "wheelchair": null, "toilets:wheelchair": null, "opening_hours": null, "operator": null, "description": null, "is_accessible": true, "latitude": -38.2894502, "longitude": 145.0048934 }, "geometry": { "type": "Point", "coordinates": [ 145.004893399999986, -38.2894502 ] } },
{ "type": "Feature", "properties": { "osm_id": "node/13173226909", "name": "Accessible Toilet", "amenity_type": "accessible_toilet", "amenity": "toilets", "wheelchair": null, "toilets:wheelchair": null, "opening_hours": null, "operator": null, "description": null, "is_accessible": true, "latitude": -38.2929023, "longitude": 145.0085137 }, "geometry": { "type": "Point", "coordinates": [ 145.0085137, -38.2929023 ] } },
{ "type": "Feature", "properties": { "osm_id": "node/13196980868", "name": "Accessible Toilet", "amenity_type": "accessible_toilet", "amenity": "toilets", "wheelchair": null, "toilets:wheelchair": null, "opening_hours": null, "operator": null, "description": null, "is_accessible": true, "latitude": -37.8679489, "longitude": 144.992761 }, "geometry": { "type": "Point", "coordinates": [ 144.992761, -37.8679489 ] } },
{ "type": "Feature", "properties": { "osm_id": "node/13207851340", "name": "Accessible Toilet", "amenity_type": "accessible_toilet", "amenity": "toilets", "wheelchair": "yes", "toilets:wheelchair": null, "opening_hours": null, "operator": "City of Kingston", "description": null, "is_accessible": true, "latitude": -37.9509754, "longitude": 145.0525848 }, "geometry": { "type": "Point", "coordinates": [ 145.0525848, -37.9509754 ] } },
{ "type": "Feature", "properties": { "osm_id": "node/13242209260", "name": "Accessible Toilet", "amenity_type": "accessible_toilet", "amenity": "toilets", "wheelchair": "yes", "toilets:wheelchair": null, "opening_hours": null, "operator": null, "description": null, "is_accessible": true, "latitude": -37.672013, "longitude": 144.8479785 }, "geometry": { "type": "Point", "coordinates": [ 144.847978500000011, -37.672013 ] } },
{ "type": "Feature", "properties": { "osm_id": "node/13254230701", "name": "Accessible Toilet", "amenity_type": "accessible_toilet", "amenity": "toilets", "wheelchair": null, "toilets:wheelchair": null, "opening_hours": null, "operator": null, "description": null, "is_accessible": true, "latitude": -37.7179428, "longitude": 144.9218798 }, "geometry": { "type": "Point", "coordinates": [ 144.9218798, -37.7179428 ] } },
{ "type": "Feature", "properties": { "osm_id": "node/13266022127", "name": "Accessible Toilet", "amenity_type": "accessible_toilet", "amenity": "toilets", "wheelchair": null, "toilets:wheelchair": null, "opening_hours": null, "operator": null, "description": null, "is_accessible": true, "latitude": -37.8107481, "longitude": 144.9656625 }, "geometry": { "type": "Point", "coordinates": [ 144.9656625, -37.8107481 ] } },
{ "type": "Feature", "properties": { "osm_id": "node/13273061853", "name": "Accessible Toilet", "amenity_type": "accessible_toilet", "amenity": "toilets", "wheelchair": "designated", "toilets:wheelchair": null, "opening_hours": null, "operator": null, "description": null, "is_accessible": true, "latitude": -37.8075481, "longitude": 144.9634267 }, "geometry": { "type": "Point", "coordinates": [ 144.963426700000014, -37.8075481 ] } },
{ "type": "Feature", "properties": { "osm_id": "node/13285050117", "name": "Accessible Toilet", "amenity_type": "accessible_toilet", "amenity": "toilets", "wheelchair": "yes", "toilets:wheelchair": null, "opening_hours": "24/7", "operator": null, "description": null, "is_accessible": true, "latitude": -38.061589, "longitude": 145.4283589 }, "geometry": { "type": "Point", "coordinates": [ 145.4283589, -38.061589 ] } },
{ "type": "Feature", "properties": { "osm_id": "node/13285050118", "name": "Accessible Toilet", "amenity_type": "accessible_toilet", "amenity": "toilets", "wheelchair": "yes", "toilets:wheelchair": null, "opening_hours": "24/7", "operator": null, "description": null, "is_accessible": true, "latitude": -38.0616102, "longitude": 145.4284414 }, "geometry": { "type": "Point", "coordinates": [ 145.4284414, -38.0616102 ] } },
{ "type": "Feature", "properties": { "osm_id": "node/13294197938", "name": "Accessible Toilet", "amenity_type": "accessible_toilet", "amenity": "toilets", "wheelchair": null, "toilets:wheelchair": null, "opening_hours": null, "operator": null, "description": null, "is_accessible": true, "latitude": -38.050701, "longitude": 145.3729381 }, "geometry": { "type": "Point", "coordinates": [ 145.3729381, -38.050701 ] } },
{ "type": "Feature", "properties": { "osm_id": "node/13358570555", "name": "Accessible Toilet", "amenity_type": "accessible_toilet", "amenity": "toilets", "wheelchair": "yes", "toilets:wheelchair": null, "opening_hours": null, "operator": null, "description": null, "is_accessible": true, "latitude": -38.0060655, "longitude": 145.1567291 }, "geometry": { "type": "Point", "coordinates": [ 145.1567291, -38.0060655 ] } },
{ "type": "Feature", "properties": { "osm_id": "node/13363331884", "name": "Accessible Toilet", "amenity_type": "accessible_toilet", "amenity": "toilets", "wheelchair": null, "toilets:wheelchair": null, "opening_hours": null, "operator": null, "description": null, "is_accessible": true, "latitude": -38.3340055, "longitude": 144.9643869 }, "geometry": { "type": "Point", "coordinates": [ 144.9643869, -38.3340055 ] } },
{ "type": "Feature", "properties": { "osm_id": "node/13373176795", "name": "Accessible Toilet", "amenity_type": "accessible_toilet", "amenity": "toilets", "wheelchair": "yes", "toilets:wheelchair": null, "opening_hours": null, "operator": null, "description": null, "is_accessible": true, "latitude": -37.9764943, "longitude": 145.2601952 }, "geometry": { "type": "Point", "coordinates": [ 145.2601952, -37.9764943 ] } },
{ "type": "Feature", "properties": { "osm_id": "node/13374988601", "name": "Accessible Toilet", "amenity_type": "accessible_toilet", "amenity": "toilets", "wheelchair": null, "toilets:wheelchair": null, "opening_hours": "Mo-Su 09:00-18:00", "operator": null, "description": null, "is_accessible": true, "latitude": -37.802218, "longitude": 144.9699536 }, "geometry": { "type": "Point", "coordinates": [ 144.9699536, -37.802218 ] } },
{ "type": "Feature", "properties": { "osm_id": "node/13388539414", "name": "Accessible Toilet", "amenity_type": "accessible_toilet", "amenity": "toilets", "wheelchair": null, "toilets:wheelchair": null, "opening_hours": null, "operator": null, "description": null, "is_accessible": true, "latitude": -38.0408064, "longitude": 145.3647081 }, "geometry": { "type": "Point", "coordinates": [ 145.3647081, -38.0408064 ] } },
{ "type": "Feature", "properties": { "osm_id": "node/13392034825", "name": "Accessible Toilet", "amenity_type": "accessible_toilet", "amenity": "toilets", "wheelchair": null, "toilets:wheelchair": null, "opening_hours": null, "operator": null, "description": null, "is_accessible": true, "latitude": -38.0125549, "longitude": 145.2052394 }, "geometry": { "type": "Point", "coordinates": [ 145.205239400000011, -38.0125549 ] } },
{ "type": "Feature", "properties": { "osm_id": "node/13403803479", "name": "Accessible Toilet", "amenity_type": "accessible_toilet", "amenity": "toilets", "wheelchair": "yes", "toilets:wheelchair": null, "opening_hours": null, "operator": null, "description": null, "is_accessible": true, "latitude": -37.8713739, "longitude": 144.9760814 }, "geometry": { "type": "Point", "coordinates": [ 144.9760814, -37.8713739 ] } },
{ "type": "Feature", "properties": { "osm_id": "node/13409880831", "name": "Unisex Toilet and shower", "amenity_type": "accessible_toilet", "amenity": "toilets", "wheelchair": null, "toilets:wheelchair": null, "opening_hours": null, "operator": null, "description": null, "is_accessible": true, "latitude": -37.714052, "longitude": 144.9703816 }, "geometry": { "type": "Point", "coordinates": [ 144.9703816, -37.714052 ] } },
{ "type": "Feature", "properties": { "osm_id": "node/13409998709", "name": "Accessible Toilet", "amenity_type": "accessible_toilet", "amenity": "toilets", "wheelchair": null, "toilets:wheelchair": null, "opening_hours": null, "operator": null, "description": null, "is_accessible": true, "latitude": -37.7143834, "longitude": 144.9724732 }, "geometry": { "type": "Point", "coordinates": [ 144.9724732, -37.7143834 ] } },
{ "type": "Feature", "properties": { "osm_id": "node/13409998710", "name": "Accessible Toilet", "amenity_type": "accessible_toilet", "amenity": "toilets", "wheelchair": null, "toilets:wheelchair": null, "opening_hours": null, "operator": null, "description": null, "is_accessible": true, "latitude": -37.7143619, "longitude": 144.9724447 }, "geometry": { "type": "Point", "coordinates": [ 144.972444700000011, -37.7143619 ] } },
{ "type": "Feature", "properties": { "osm_id": "node/13411761751", "name": "Accessible Toilet", "amenity_type": "accessible_toilet", "amenity": "toilets", "wheelchair": null, "toilets:wheelchair": null, "opening_hours": null, "operator": null, "description": null, "is_accessible": true, "latitude": -37.8614653, "longitude": 145.2259187 }, "geometry": { "type": "Point", "coordinates": [ 145.2259187, -37.8614653 ] } },
{ "type": "Feature", "properties": { "osm_id": "node/13414708939", "name": "Accessible Toilet", "amenity_type": "accessible_toilet", "amenity": "toilets", "wheelchair": null, "toilets:wheelchair": null, "opening_hours": null, "operator": null, "description": null, "is_accessible": true, "latitude": -37.8125549, "longitude": 145.2293558 }, "geometry": { "type": "Point", "coordinates": [ 145.2293558, -37.8125549 ] } },
{ "type": "Feature", "properties": { "osm_id": "node/13417075301", "name": "Accessible Toilet", "amenity_type": "accessible_toilet", "amenity": "toilets", "wheelchair": null, "toilets:wheelchair": null, "opening_hours": null, "operator": null, "description": null, "is_accessible": true, "latitude": -37.7582548, "longitude": 145.0835448 }, "geometry": { "type": "Point", "coordinates": [ 145.0835448, -37.7582548 ] } },
{ "type": "Feature", "properties": { "osm_id": "node/13420469502", "name": "Accessible Toilet", "amenity_type": "accessible_toilet", "amenity": "toilets", "wheelchair": null, "toilets:wheelchair": null, "opening_hours": null, "operator": null, "description": null, "is_accessible": true, "latitude": -37.8424337, "longitude": 144.9460611 }, "geometry": { "type": "Point", "coordinates": [ 144.9460611, -37.8424337 ] } },
{ "type": "Feature", "properties": { "osm_id": "node/13420480301", "name": "Accessible Toilet", "amenity_type": "accessible_toilet", "amenity": "toilets", "wheelchair": null, "toilets:wheelchair": null, "opening_hours": null, "operator": null, "description": null, "is_accessible": true, "latitude": -37.8412901, "longitude": 144.9561513 }, "geometry": { "type": "Point", "coordinates": [ 144.956151299999988, -37.8412901 ] } },
{ "type": "Feature", "properties": { "osm_id": "node/13423161274", "name": "Accessible Toilet", "amenity_type": "accessible_toilet", "amenity": "toilets", "wheelchair": null, "toilets:wheelchair": null, "opening_hours": null, "operator": null, "description": null, "is_accessible": true, "latitude": -37.7581121, "longitude": 145.0832513 }, "geometry": { "type": "Point", "coordinates": [ 145.0832513, -37.7581121 ] } },
{ "type": "Feature", "properties": { "osm_id": "node/13432277754", "name": "Accessible Toilet", "amenity_type": "accessible_toilet", "amenity": "toilets", "wheelchair": null, "toilets:wheelchair": null, "opening_hours": null, "operator": null, "description": null, "is_accessible": true, "latitude": -37.7201081, "longitude": 145.7528498 }, "geometry": { "type": "Point", "coordinates": [ 145.7528498, -37.7201081 ] } },
{ "type": "Feature", "properties": { "osm_id": "node/13457645776", "name": "Accessible Toilet", "amenity_type": "accessible_toilet", "amenity": "toilets", "wheelchair": null, "toilets:wheelchair": null, "opening_hours": null, "operator": null, "description": null, "is_accessible": true, "latitude": -37.8223776, "longitude": 145.0377555 }, "geometry": { "type": "Point", "coordinates": [ 145.0377555, -37.8223776 ] } },
{ "type": "Feature", "properties": { "osm_id": "node/13457645777", "name": "Accessible Toilet", "amenity_type": "accessible_toilet", "amenity": "toilets", "wheelchair": null, "toilets:wheelchair": null, "opening_hours": null, "operator": null, "description": null, "is_accessible": true, "latitude": -37.8222039, "longitude": 145.0386004 }, "geometry": { "type": "Point", "coordinates": [ 145.0386004, -37.8222039 ] } },
{ "type": "Feature", "properties": { "osm_id": "node/13457645778", "name": "Accessible Toilet", "amenity_type": "accessible_toilet", "amenity": "toilets", "wheelchair": null, "toilets:wheelchair": null, "opening_hours": null, "operator": null, "description": null, "is_accessible": true, "latitude": -37.8225122, "longitude": 145.0385186 }, "geometry": { "type": "Point", "coordinates": [ 145.0385186, -37.8225122 ] } },
{ "type": "Feature", "properties": { "osm_id": "node/13457645781", "name": "Accessible Toilet", "amenity_type": "accessible_toilet", "amenity": "toilets", "wheelchair": null, "toilets:wheelchair": null, "opening_hours": null, "operator": null, "description": null, "is_accessible": true, "latitude": -37.8212372, "longitude": 145.0366082 }, "geometry": { "type": "Point", "coordinates": [ 145.036608199999989, -37.8212372 ] } },
{ "type": "Feature", "properties": { "osm_id": "node/13482897420", "name": "Accessible Toilet", "amenity_type": "accessible_toilet", "amenity": "toilets", "wheelchair": null, "toilets:wheelchair": null, "opening_hours": null, "operator": null, "description": null, "is_accessible": true, "latitude": -37.6382616, "longitude": 144.9318113 }, "geometry": { "type": "Point", "coordinates": [ 144.9318113, -37.6382616 ] } },
{ "type": "Feature", "properties": { "osm_id": "node/13482901333", "name": "Accessible Toilet", "amenity_type": "accessible_toilet", "amenity": "toilets", "wheelchair": "yes", "toilets:wheelchair": null, "opening_hours": null, "operator": null, "description": null, "is_accessible": true, "latitude": -38.0678914, "longitude": 145.3262321 }, "geometry": { "type": "Point", "coordinates": [ 145.3262321, -38.0678914 ] } },
{ "type": "Feature", "properties": { "osm_id": "node/13505838543", "name": "Accessible Toilet", "amenity_type": "accessible_toilet", "amenity": "toilets", "wheelchair": "yes", "toilets:wheelchair": null, "opening_hours": null, "operator": null, "description": null, "is_accessible": true, "latitude": -37.8245733, "longitude": 145.1615108 }, "geometry": { "type": "Point", "coordinates": [ 145.1615108, -37.8245733 ] } },
{ "type": "Feature", "properties": { "osm_id": "node/13520771764", "name": "Unisex Toilets", "amenity_type": "accessible_toilet", "amenity": "toilets", "wheelchair": null, "toilets:wheelchair": null, "opening_hours": null, "operator": null, "description": null, "is_accessible": true, "latitude": -37.7203628, "longitude": 144.8879453 }, "geometry": { "type": "Point", "coordinates": [ 144.887945300000013, -37.7203628 ] } },
{ "type": "Feature", "properties": { "osm_id": "node/13539094991", "name": "Accessible Toilet", "amenity_type": "accessible_toilet", "amenity": "toilets", "wheelchair": "yes", "toilets:wheelchair": null, "opening_hours": null, "operator": null, "description": null, "is_accessible": true, "latitude": -37.8774181, "longitude": 145.0425528 }, "geometry": { "type": "Point", "coordinates": [ 145.04255280000001, -37.8774181 ] } },
{ "type": "Feature", "properties": { "osm_id": "node/13544752937", "name": "Accessible Toilet", "amenity_type": "accessible_toilet", "amenity": "toilets", "wheelchair": null, "toilets:wheelchair": null, "opening_hours": null, "operator": null, "description": null, "is_accessible": true, "latitude": -37.8205187, "longitude": 144.9516008 }, "geometry": { "type": "Point", "coordinates": [ 144.9516008, -37.8205187 ] } },
{ "type": "Feature", "properties": { "osm_id": "node/13544907831", "name": "Accessible Toilet", "amenity_type": "accessible_toilet", "amenity": "toilets", "wheelchair": "yes", "toilets:wheelchair": null, "opening_hours": null, "operator": null, "description": null, "is_accessible": true, "latitude": -38.084219, "longitude": 145.5062377 }, "geometry": { "type": "Point", "coordinates": [ 145.506237700000014, -38.084219 ] } },
{ "type": "Feature", "properties": { "osm_id": "node/13574809285", "name": "Accessible Toilet", "amenity_type": "accessible_toilet", "amenity": "toilets", "wheelchair": null, "toilets:wheelchair": null, "opening_hours": null, "operator": null, "description": null, "is_accessible": true, "latitude": -38.1001629, "longitude": 145.2944235 }, "geometry": { "type": "Point", "coordinates": [ 145.2944235, -38.1001629 ] } },
{ "type": "Feature", "properties": { "osm_id": "node/13574827487", "name": "Accessible Toilet", "amenity_type": "accessible_toilet", "amenity": "toilets", "wheelchair": null, "toilets:wheelchair": null, "opening_hours": null, "operator": null, "description": null, "is_accessible": true, "latitude": -38.0854931, "longitude": 145.3174501 }, "geometry": { "type": "Point", "coordinates": [ 145.3174501, -38.0854931 ] } },
{ "type": "Feature", "properties": { "osm_id": "node/13601079204", "name": "Accessible Toilet", "amenity_type": "accessible_toilet", "amenity": "toilets", "wheelchair": null, "toilets:wheelchair": null, "opening_hours": null, "operator": null, "description": null, "is_accessible": true, "latitude": -37.834289, "longitude": 144.9928454 }, "geometry": { "type": "Point", "coordinates": [ 144.9928454, -37.834289 ] } },
{ "type": "Feature", "properties": { "osm_id": "node/13604555584", "name": "Accessible Toilet", "amenity_type": "accessible_toilet", "amenity": "toilets", "wheelchair": null, "toilets:wheelchair": null, "opening_hours": null, "operator": null, "description": null, "is_accessible": true, "latitude": -37.8343016, "longitude": 144.9928548 }, "geometry": { "type": "Point", "coordinates": [ 144.9928548, -37.8343016 ] } },
{ "type": "Feature", "properties": { "osm_id": "node/13620644768", "name": "Accessible Toilet", "amenity_type": "accessible_toilet", "amenity": "toilets", "wheelchair": null, "toilets:wheelchair": null, "opening_hours": null, "operator": null, "description": null, "is_accessible": true, "latitude": -38.0698011, "longitude": 145.6575258 }, "geometry": { "type": "Point", "coordinates": [ 145.6575258, -38.0698011 ] } },
{ "type": "Feature", "properties": { "osm_id": "node/13620644769", "name": "Accessible Toilet", "amenity_type": "accessible_toilet", "amenity": "toilets", "wheelchair": null, "toilets:wheelchair": null, "opening_hours": null, "operator": null, "description": null, "is_accessible": true, "latitude": -38.0694343, "longitude": 145.6579267 }, "geometry": { "type": "Point", "coordinates": [ 145.6579267, -38.0694343 ] } },
{ "type": "Feature", "properties": { "osm_id": "node/13626195013", "name": "Accessible Toilet", "amenity_type": "accessible_toilet", "amenity": "toilets", "wheelchair": null, "toilets:wheelchair": null, "opening_hours": null, "operator": null, "description": null, "is_accessible": true, "latitude": -38.1035836, "longitude": 145.3252114 }, "geometry": { "type": "Point", "coordinates": [ 145.3252114, -38.1035836 ] } },
{ "type": "Feature", "properties": { "osm_id": "node/13639811131", "name": "Accessible Toilet", "amenity_type": "accessible_toilet", "amenity": "toilets", "wheelchair": "designated", "toilets:wheelchair": null, "opening_hours": null, "operator": null, "description": null, "is_accessible": true, "latitude": -37.7890923, "longitude": 144.993974 }, "geometry": { "type": "Point", "coordinates": [ 144.993974, -37.7890923 ] } },
{ "type": "Feature", "properties": { "osm_id": "node/13648814228", "name": "Accessible Toilet", "amenity_type": "accessible_toilet", "amenity": "toilets", "wheelchair": "yes", "toilets:wheelchair": null, "opening_hours": null, "operator": null, "description": null, "is_accessible": true, "latitude": -37.8389296, "longitude": 144.9923056 }, "geometry": { "type": "Point", "coordinates": [ 144.9923056, -37.8389296 ] } },
{ "type": "Feature", "properties": { "osm_id": "node/13653655433", "name": "Accessible Toilet", "amenity_type": "accessible_toilet", "amenity": "toilets", "wheelchair": "yes", "toilets:wheelchair": null, "opening_hours": null, "operator": null, "description": null, "is_accessible": true, "latitude": -37.8013505, "longitude": 144.9407213 }, "geometry": { "type": "Point", "coordinates": [ 144.9407213, -37.8013505 ] } },
{ "type": "Feature", "properties": { "osm_id": "node/13653655434", "name": "Accessible Toilet", "amenity_type": "accessible_toilet", "amenity": "toilets", "wheelchair": "yes", "toilets:wheelchair": null, "opening_hours": null, "operator": null, "description": null, "is_accessible": true, "latitude": -37.8012759, "longitude": 144.940702 }, "geometry": { "type": "Point", "coordinates": [ 144.940702, -37.8012759 ] } },
{ "type": "Feature", "properties": { "osm_id": "node/13664057897", "name": "Accessible Toilet", "amenity_type": "accessible_toilet", "amenity": "toilets", "wheelchair": null, "toilets:wheelchair": null, "opening_hours": null, "operator": "Mornington Peninsula Shire Council", "description": null, "is_accessible": true, "latitude": -38.3073089, "longitude": 144.9941719 }, "geometry": { "type": "Point", "coordinates": [ 144.9941719, -38.3073089 ] } },
{ "type": "Feature", "properties": { "osm_id": "node/13680632496", "name": "Accessible Toilet", "amenity_type": "accessible_toilet", "amenity": "toilets", "wheelchair": null, "toilets:wheelchair": null, "opening_hours": null, "operator": null, "description": null, "is_accessible": true, "latitude": -38.0518996, "longitude": 145.2571285 }, "geometry": { "type": "Point", "coordinates": [ 145.2571285, -38.0518996 ] } },
{ "type": "Feature", "properties": { "osm_id": "node/13690114299", "name": "Accessible Toilet", "amenity_type": "accessible_toilet", "amenity": "toilets", "wheelchair": "designated", "toilets:wheelchair": null, "opening_hours": null, "operator": null, "description": null, "is_accessible": true, "latitude": -37.81235, "longitude": 145.014674 }, "geometry": { "type": "Point", "coordinates": [ 145.014674, -37.81235 ] } },
{ "type": "Feature", "properties": { "osm_id": "node/13695105520", "name": "Accessible Toilet", "amenity_type": "accessible_toilet", "amenity": "toilets", "wheelchair": "yes", "toilets:wheelchair": null, "opening_hours": null, "operator": null, "description": null, "is_accessible": true, "latitude": -37.8203283, "longitude": 144.9642307 }, "geometry": { "type": "Point", "coordinates": [ 144.9642307, -37.8203283 ] } },
{ "type": "Feature", "properties": { "osm_id": "node/13707049334", "name": "Accessible Toilet", "amenity_type": "accessible_toilet", "amenity": "toilets", "wheelchair": "yes", "toilets:wheelchair": null, "opening_hours": null, "operator": null, "description": null, "is_accessible": true, "latitude": -37.8925998, "longitude": 145.3075109 }, "geometry": { "type": "Point", "coordinates": [ 145.307510900000011, -37.8925998 ] } },
{ "type": "Feature", "properties": { "osm_id": "node/13709942352", "name": "Accessible Toilet", "amenity_type": "accessible_toilet", "amenity": "toilets", "wheelchair": null, "toilets:wheelchair": null, "opening_hours": null, "operator": null, "description": null, "is_accessible": true, "latitude": -37.8004765, "longitude": 144.8968371 }, "geometry": { "type": "Point", "coordinates": [ 144.8968371, -37.8004765 ] } },
{ "type": "Feature", "properties": { "osm_id": "node/13715699598", "name": "Accessible Toilet", "amenity_type": "accessible_toilet", "amenity": "toilets", "wheelchair": "yes", "toilets:wheelchair": null, "opening_hours": null, "operator": null, "description": null, "is_accessible": true, "latitude": -37.6729954, "longitude": 144.847719 }, "geometry": { "type": "Point", "coordinates": [ 144.847719, -37.6729954 ] } },
{ "type": "Feature", "properties": { "osm_id": "node/13722059202", "name": "Accessible Toilet", "amenity_type": "accessible_toilet", "amenity": "toilets", "wheelchair": null, "toilets:wheelchair": null, "opening_hours": null, "operator": null, "description": null, "is_accessible": true, "latitude": -38.3086916, "longitude": 145.1896215 }, "geometry": { "type": "Point", "coordinates": [ 145.189621499999987, -38.3086916 ] } },
{ "type": "Feature", "properties": { "osm_id": "node/13724373360", "name": "Accessible Toilet", "amenity_type": "accessible_toilet", "amenity": "toilets", "wheelchair": null, "toilets:wheelchair": null, "opening_hours": null, "operator": null, "description": null, "is_accessible": true, "latitude": -37.5215784, "longitude": 144.9600164 }, "geometry": { "type": "Point", "coordinates": [ 144.9600164, -37.5215784 ] } },
{ "type": "Feature", "properties": { "osm_id": "node/13754006061", "name": "Accessible Toilet", "amenity_type": "accessible_toilet", "amenity": "toilets", "wheelchair": null, "toilets:wheelchair": null, "opening_hours": null, "operator": null, "description": null, "is_accessible": true, "latitude": -37.7574453, "longitude": 145.0611803 }, "geometry": { "type": "Point", "coordinates": [ 145.0611803, -37.7574453 ] } },
{ "type": "Feature", "properties": { "osm_id": "node/13769608094", "name": "Accessible Toilet", "amenity_type": "accessible_toilet", "amenity": "toilets", "wheelchair": null, "toilets:wheelchair": null, "opening_hours": null, "operator": null, "description": null, "is_accessible": true, "latitude": -38.1430347, "longitude": 145.1257464 }, "geometry": { "type": "Point", "coordinates": [ 145.1257464, -38.1430347 ] } },
{ "type": "Feature", "properties": { "osm_id": "node/13779416390", "name": "Accessible Toilet", "amenity_type": "accessible_toilet", "amenity": "toilets", "wheelchair": null, "toilets:wheelchair": null, "opening_hours": null, "operator": null, "description": null, "is_accessible": true, "latitude": -37.8213915, "longitude": 144.9324166 }, "geometry": { "type": "Point", "coordinates": [ 144.93241660000001, -37.8213915 ] } },
{ "type": "Feature", "properties": { "osm_id": "node/13799961537", "name": "Accessible Toilet", "amenity_type": "accessible_toilet", "amenity": "toilets", "wheelchair": null, "toilets:wheelchair": null, "opening_hours": null, "operator": null, "description": null, "is_accessible": true, "latitude": -37.8616208, "longitude": 144.7501503 }, "geometry": { "type": "Point", "coordinates": [ 144.7501503, -37.8616208 ] } },
{ "type": "Feature", "properties": { "osm_id": "node/13810113080", "name": "Accessible Toilet", "amenity_type": "accessible_toilet", "amenity": "toilets", "wheelchair": null, "toilets:wheelchair": null, "opening_hours": null, "operator": null, "description": null, "is_accessible": true, "latitude": -37.839304, "longitude": 144.9989099 }, "geometry": { "type": "Point", "coordinates": [ 144.9989099, -37.839304 ] } },
{ "type": "Feature", "properties": { "osm_id": "node/13810169405", "name": "Accessible Toilet", "amenity_type": "accessible_toilet", "amenity": "toilets", "wheelchair": null, "toilets:wheelchair": null, "opening_hours": null, "operator": null, "description": null, "is_accessible": true, "latitude": -38.3629059, "longitude": 144.8758171 }, "geometry": { "type": "Point", "coordinates": [ 144.8758171, -38.3629059 ] } },
{ "type": "Feature", "properties": { "osm_id": "node/13816797893", "name": "Accessible Toilet", "amenity_type": "accessible_toilet", "amenity": "toilets", "wheelchair": "yes", "toilets:wheelchair": null, "opening_hours": null, "operator": null, "description": null, "is_accessible": true, "latitude": -37.7876152, "longitude": 145.1988414 }, "geometry": { "type": "Point", "coordinates": [ 145.1988414, -37.7876152 ] } },
{ "type": "Feature", "properties": { "osm_id": "node/13821218663", "name": "Accessible Toilet", "amenity_type": "accessible_toilet", "amenity": "toilets", "wheelchair": "yes", "toilets:wheelchair": null, "opening_hours": "Mo,We 05:00-15:00; Tu,Th 03:00-16:30; Fr 03:00-16:00; Sa 03:00-17:30; Su 03:00-18:00", "operator": null, "description": null, "is_accessible": true, "latitude": -37.8061459, "longitude": 144.9565791 }, "geometry": { "type": "Point", "coordinates": [ 144.9565791, -37.8061459 ] } },
{ "type": "Feature", "properties": { "osm_id": "node/13822985181", "name": "Accessible Toilet", "amenity_type": "accessible_toilet", "amenity": "toilets", "wheelchair": "yes", "toilets:wheelchair": null, "opening_hours": null, "operator": null, "description": null, "is_accessible": true, "latitude": -37.8772559, "longitude": 145.0426076 }, "geometry": { "type": "Point", "coordinates": [ 145.0426076, -37.8772559 ] } }
]
}
