osm_id,name,amenity_type,amenity,wheelchair,toilets:wheelchair,opening_hours,operator,description,is_accessible,latitude,longitude
way/22871271,Arts West Building (148A & 148B),wheelchair_accessible_place,,yes,,,University of Melbourne,,True,-37.7979001,144.95936995
way/23766654,Building 189,wheelchair_accessible_place,,yes,,,University of Melbourne,Redeveloped for student activity as part of the New Student Precinct Project 2007-2014,True,-37.799338750000004,144.963306
way/23766711,1888 Building,wheelchair_accessible_place,,yes,,24/7,University of Melbourne,,True,-37.799696012301254,144.96321941986213
way/191508249,Jaycar,wheelchair_accessible_place,,yes,,"Mo-Th 08:30-17:30; Fr 08:30-19:30; Sa 08:30-17:00; Su 10:00-17:00; PH 10:00-16:00; easter -2 days,Dec 25 off",,,True,-37.93150475,145.1552988
way/441870138,Wheelchair Accessible Place,wheelchair_accessible_place,,yes,,,,,True,-37.8157975,145.2219474
way/591457114,Sidney Myer Asia Centre (158),wheelchair_accessible_place,,yes,,,University of Melbourne,,True,-37.79905999641515,144.96385891936595
way/618118799,Building 125,wheelchair_accessible_place,,yes,,,University of Melbourne,Teaching building for biological sciences,True,-37.796280550000006,144.95865114999998
way/741435973,Wheelchair Accessible Place,wheelchair_accessible_place,,yes,,,,,True,-37.914443250000005,145.01678565
way/741435974,Wheelchair Accessible Place,wheelchair_accessible_place,,yes,,,,,True,-37.914430249999995,145.0164391
way/741577305,Wheelchair Accessible Place,wheelchair_accessible_place,,yes,,,,,True,-37.92045256758193,145.02267882369156
way/741590600,Wheelchair Accessible Place,wheelchair_accessible_place,,yes,,,,,True,-37.9330975,145.034847
way/773654822,Wheelchair Accessible Place,wheelchair_accessible_place,,yes,,,,,True,-38.15984155,145.19074634999998
way/966461783,Coles Arcade,wheelchair_accessible_place,,yes,,,,,True,-37.9029082,144.65925975
way/980440362,McDonald's,wheelchair_accessible_place,fast_food,yes,,24/7,,,True,-38.150226149999995,145.1962283
way/1039543645,All Florida Construction Group,wheelchair_accessible_place,,yes,,,All Florida Construction Group,,True,28.148293799999998,-80.63791035
way/1215281982,Wheelchair Accessible Place,wheelchair_accessible_place,,yes,,,,,True,-37.881473299999996,144.70317225
way/1279261057,Wheelchair Accessible Place,wheelchair_accessible_place,toilets,yes,,sunrise-sunset,Bayside City Council,,True,-37.92254710520532,144.99990659945044
way/1350388115,Murphy USA,wheelchair_accessible_place,fuel,yes,yes,Mo-Sa 05:00-23:30; Su 05:30-22:30,Murphy USA,,True,28.171501900000003,-80.6724055
way/1376653280,Wheelchair Accessible Place,wheelchair_accessible_place,,yes,,,,,True,-38.05340435,145.1166862
way/1429161708,Wheelchair Accessible Place,wheelchair_accessible_place,,yes,,,,,True,-37.83334505,144.9730424
way/1430171329,Wheelchair Accessible Place,wheelchair_accessible_place,,yes,,,,,True,-37.83326075,144.97258305
way/1430177328,Wheelchair Accessible Place,wheelchair_accessible_place,,yes,,,,,True,-37.833698600000005,144.9724636
way/1430770814,Wheelchair Accessible Place,wheelchair_accessible_place,,yes,,,,,True,-37.83270305,144.97277
way/1443830596,Wheelchair Accessible Place,wheelchair_accessible_place,,yes,,,,,True,-37.7997007,144.95899175
way/1449415792,Wheelchair Accessible Place,wheelchair_accessible_place,,yes,,,,,True,28.14701225,-80.67284305
way/1453493856,Wheelchair Accessible Place,wheelchair_accessible_place,,yes,,,,,True,-37.801030100000006,144.94115345
way/1453794760,Entrance/Exit 4 -Grattan Street West,wheelchair_accessible_place,,yes,,,,,True,-37.7998605,144.957263
way/1453794779,Wheelchair Accessible Place,wheelchair_accessible_place,,yes,,,,,True,-37.7999036,144.9594874
way/1453831061,Wheelchair Accessible Place,wheelchair_accessible_place,,yes,,,,,True,-37.83334505,144.9730424
way/1453831079,Wheelchair Accessible Place,wheelchair_accessible_place,,yes,,,,,True,-37.83334505,144.9730424
way/1453831082,Wheelchair Accessible Place,wheelchair_accessible_place,,yes,,,,,True,-37.83334505,144.9730424
way/1462199526,Wheelchair Accessible Place,wheelchair_accessible_place,,yes,,,,,True,-37.8337139,144.9724592
way/1462242487,Wheelchair Accessible Place,wheelchair_accessible_place,,yes,,,,,True,-37.83319205,144.9724741
way/1462242489,Wheelchair Accessible Place,wheelchair_accessible_place,,yes,,,,,True,-37.83332935,144.97269175
way/1509815410,Wheelchair Accessible Place,wheelchair_accessible_place,,yes,,,,,True,28.147994799999996,-80.63840345
way/1509815411,Wheelchair Accessible Place,wheelchair_accessible_place,,yes,,,,,True,28.14811405,-80.6382433
way/1509815412,Wheelchair Accessible Place,wheelchair_accessible_place,,yes,,,,,True,28.14817385,-80.63805855000001
way/1509815413,Wheelchair Accessible Place,wheelchair_accessible_place,,yes,,,,,True,28.14807125,-80.6379699
way/1509815414,Wheelchair Accessible Place,wheelchair_accessible_place,,yes,,,,,True,28.14794825,-80.6378929
way/1509815415,Wheelchair Accessible Place,wheelchair_accessible_place,,yes,,,,,True,28.14781825,-80.63802204999999
way/1509815417,Wheelchair Accessible Place,wheelchair_accessible_place,,yes,,,,,True,28.1478575,-80.63833665
way/1510006775,Wheelchair Accessible Place,wheelchair_accessible_place,,yes,,,,,True,28.148733900000003,-80.63845025
way/4463035,Victoria Police Academy,wheelchair_accessible_place,college,yes,,,Victoria Police,,True,-37.8926387,145.1738335
way/4754494,"Monash Medical Centre, Clayton Campus",wheelchair_accessible_place,hospital,yes,,,,,True,-37.9200317,145.1240614
way/4787055,Maroondah Hospital,wheelchair_accessible_place,hospital,yes,,,Eastern Health,,True,-37.8069112,145.2543839
way/4817074,Melbourne Museum,wheelchair_accessible_place,,yes,,"Mo-Su 10:00-17:00,09:00-17:00",Museum Victoria,,True,-37.8032374,144.9717001
way/4860424,Chadstone Shopping Centre,wheelchair_accessible_place,,yes,,,Vicinity Centres,,True,-37.886409,145.0825359
way/5179347,RMIT University (Brunswick Campus),wheelchair_accessible_place,university,yes,,,RMIT University,,True,-37.7721171,144.9575525
way/5179350,Building 514 - Hub,wheelchair_accessible_place,,yes,,,,,True,-37.7722079,144.957762
way/5179846,Chirnside Park Shopping Centre,wheelchair_accessible_place,,yes,,,GPT,,True,-37.7569684,145.3128512
way/9923664,Glencairn Tennis Club,wheelchair_accessible_place,,yes,,,,,True,-37.7532008,144.9542533
way/10483141,Wheelchair Accessible Place,wheelchair_accessible_place,,yes,,,,,True,-37.8407712,145.121279
way/13127644,Saint Paul's Cathedral,wheelchair_accessible_place,place_of_worship,yes,,,,,True,-37.8167969,144.9676352
way/13150931,Fitzroy Swimming Pool,wheelchair_accessible_place,,yes,,,City of Yarra,,True,-37.7939896,144.9809246
way/14251243,Immigration Museum,wheelchair_accessible_place,,yes,,Mo-Su 10:00-17:00,Museum Victoria,,True,-37.8191169,144.9603968
way/14498315,Malthouse Theatre,wheelchair_accessible_place,theatre,yes,,,,,True,-37.8271072,144.9669824
way/14723733,Highvale Secondary College,wheelchair_accessible_place,school,yes,yes,,Victorian Department of Education,,True,-37.8663915,145.1756895
way/15867023,Melbourne Sports and Aquatic Centre,wheelchair_accessible_place,,yes,yes,,,,True,-37.8431026,144.961387
way/17338454,Essendon Passenger Terminal,wheelchair_accessible_place,,yes,,,,,True,-37.72747,144.8980101
way/19872883,Direct Factory Outlets,wheelchair_accessible_place,,yes,yes,,,,True,-37.7327421,144.9098658
way/19872966,Homemaker Centre,wheelchair_accessible_place,,yes,,,,,True,-37.7334267,144.9078794
way/22818860,Law Building,wheelchair_accessible_place,,yes,,,University of Melbourne,,True,-37.8024052,144.960074
way/22819391,Professors Road,wheelchair_accessible_place,,yes,,,,,True,-37.7963856,144.96044
way/22819393,Professors Walk,wheelchair_accessible_place,,yes,,,,,True,-37.7965831,144.9600036
way/22819394,Kernot Road,wheelchair_accessible_place,,yes,,,,,True,-37.7994445,144.9598449
way/22819401,Genetics Lane,wheelchair_accessible_place,,yes,,,,,True,-37.7980462,144.9588215
way/22820317,Diamond Creek Trail,wheelchair_accessible_place,,yes,,,,,True,-37.6980317,145.1519728
way/22820319,Diamond Creek Trail,wheelchair_accessible_place,,yes,,,,,True,-37.6928561,145.1528786
way/22870528,University Square Car Park,wheelchair_accessible_place,parking,yes,,,University of Melbourne,,True,-37.8004103,144.9604106
way/22870778,Alan Gilbert Building (104),wheelchair_accessible_place,,yes,,,University of Melbourne,The Building was awarded the Victorian Architecture Award for Sustainable Architecture in 2002,True,-37.8002159,144.9592842
way/22870994,FBE Building,wheelchair_accessible_place,,yes,,,University of Melbourne,,True,-37.8013644,144.9592836
way/22871049,Wheelchair Accessible Place,wheelchair_accessible_place,,yes,,,,,True,-37.7973982,144.9588736
way/22871050,Medical Road,wheelchair_accessible_place,,yes,,,,,True,-37.7973754,144.9595582
way/22871257,Baillieu Library,wheelchair_accessible_place,library,yes,,"Mo-Th 09:00-20:00; Fr 09:00-17:00; Sa,Su 11:00-17:00",University of Melbourne,,True,-37.7983678,144.9593474
way/22871271,Arts West Building (148A & 148B),wheelchair_accessible_place,,yes,,,University of Melbourne,,True,-37.7977235,144.9594021
way/22873816,Wheelchair Accessible Place,wheelchair_accessible_place,,yes,,,,This path includes a wheelchair-accessible ramp.,True,-37.7959271,144.9619866
way/22881703,Biosciences 1 (123),wheelchair_accessible_place,,yes,,,University of Melbourne,,True,-37.7962253,144.9594344
way/22898739,Wheelchair Accessible Place,wheelchair_accessible_place,,yes,,,,,True,-37.9516943,145.2261901
way/22902372,Hinkler Reserve,wheelchair_accessible_place,,yes,,,,,True,-37.8809421,145.1745426
way/22930866,Comedy Theatre,wheelchair_accessible_place,theatre,yes,,,,,True,-37.8102396,144.9702026
way/22963244,ACMI,wheelchair_accessible_place,,yes,,Mo-Su 10:00-17:00,,,True,-37.8174614,144.9691169
way/22963353,Transport Hotel,wheelchair_accessible_place,pub,yes,,Su-Th 12:00-22:00; Fr-Sa 12:00-00:00,,,True,-37.8184083,144.9683766
way/22971441,Marvel Stadium,wheelchair_accessible_place,,yes,yes,,,,True,-37.8165332,144.9475667
way/22979220,Electrical & Electronic Engineering Building (193),wheelchair_accessible_place,,yes,,,University of Melbourne,,True,-37.798889,144.9611949
way/23024009,David Caro Building (South Wing),wheelchair_accessible_place,,yes,,,University of Melbourne,,True,-37.7971205,144.9637828
way/23024027,The Potter Museum of Art,wheelchair_accessible_place,,yes,,,University of Melbourne,,True,-37.7975177,144.9641365
way/23061426,Wattle Park Walk,wheelchair_accessible_place,,yes,,,,,True,-37.8394657,145.1058005
way/23061432,Wheelchair Accessible Place,wheelchair_accessible_place,,yes,,,,,True,-37.8375772,145.1037042
way/23551966,Camberwell Central,wheelchair_accessible_place,,yes,,,,,True,-37.8298732,145.0589053
way/23764181,National Gallery of Victoria,wheelchair_accessible_place,arts_centre,yes,yes,Mo-Su 10:00-17:00,,Rich treasury of visual arts.,True,-37.822715,144.9686712
way/23766613,Eastern Resource Centre Library (Building 171),wheelchair_accessible_place,library,yes,,"Mo-Th 09:00-20:00; Fr 09:00-17:00; Sa,Su 11:00-17:00",University of Melbourne,,True,-37.7993637,144.9628202
way/23766620,Building 168,wheelchair_accessible_place,,yes,,,University of Melbourne,,True,-37.7990367,144.9628793
way/23766654,Building 189,wheelchair_accessible_place,,yes,,,University of Melbourne,Redeveloped for student activity as part of the New Student Precinct Project 2007-2014,True,-37.7992921,144.9633096
way/23766711,1888 Building,wheelchair_accessible_place,,yes,,24/7,University of Melbourne,,True,-37.7997398,144.9632206
way/24039666,Forest Hill Chase,wheelchair_accessible_place,,yes,,Mo-We 09:00-17:30; Th-Fr 09:00-21:00; Sa 09:00-17:00; Su 10:00-17:00,,,True,-37.8354882,145.1649275
way/24138243,Officeworks,wheelchair_accessible_place,,yes,,Mo-Fr 07:00-21:00; Sa 08:00-18:00; Su 09:00-18:00,,,True,-37.8801519,145.0922882
way/24238440,DFO Essendon,wheelchair_accessible_place,,yes,,,,,True,-37.7334677,144.9076391
way/24488680,Dandenong Creek Trail,wheelchair_accessible_place,,yes,,,,,True,-37.9470547,145.2237467
way/24530691,St Vincent's Hospital,wheelchair_accessible_place,hospital,yes,,24/7,St Vincent's Health Australia,,True,-37.806832,144.974734
way/24577605,Box Hill High School,wheelchair_accessible_place,school,yes,,,Victorian Department of Education,,True,-37.8206772,145.1373966
way/24589541,Koonung Creek Trail,wheelchair_accessible_place,,yes,,,,,True,-37.8038014,145.1668967
way/24690294,Wheelchair Accessible Place,wheelchair_accessible_place,,yes,,,,,True,-37.8998964,144.6613318
way/24705652,Wheelchair Accessible Place,wheelchair_accessible_place,,yes,,,,,True,-37.8403572,145.1214913
way/25184924,David Penington Building (102),wheelchair_accessible_place,,yes,,,University of Melbourne,Bio21 Institute University of Melbourne,True,-37.7978233,144.9537659
way/26564382,Building 97,wheelchair_accessible_place,,yes,,,RMIT University,RMIT University,True,-37.8064617,144.9638823
way/26564383,Building 22,wheelchair_accessible_place,,yes,,,,RMIT University,True,-37.8092934,144.9641211
way/26564387,Building 8,wheelchair_accessible_place,,yes,,,,RMIT University,True,-37.8085807,144.9638607
way/26564417,Building 13,wheelchair_accessible_place,,yes,,,RMIT University,RMIT University,True,-37.8073553,144.9650441
way/26564433,Building 12,wheelchair_accessible_place,,yes,,,,RMIT University,True,-37.8077789,144.9635658
way/26564445,Building 10,wheelchair_accessible_place,,yes,,,RMIT University,RMIT University,True,-37.8081066,144.96369
way/26564453,Building 14,wheelchair_accessible_place,,yes,,,RMIT University,RMIT University,True,-37.8075102,144.9635292
way/26585549,Schoolhouse Studios,wheelchair_accessible_place,coworking_space,yes,,,,,True,-37.7420456,144.9639494
way/26585550,Woolworths,wheelchair_accessible_place,,yes,,Mo-Su 07:00-24:00,Woolworths Group,,True,-37.7438688,144.9638043
way/26747352,Westgarth Cinema,wheelchair_accessible_place,cinema,yes,,,Palace Cinemas,,True,-37.7799172,144.9965452
way/26787458,Wheelchair Accessible Place,wheelchair_accessible_place,parking,yes,,,,,True,-37.7142945,144.8832599
way/26901977,Jam Factory,wheelchair_accessible_place,,yes,,Mo-Su 10:00-00:00,,,True,-37.8424476,144.995965
way/26946453,Wheelchair Accessible Place,wheelchair_accessible_place,parking,yes,,,,,True,-37.7372614,144.8899895
way/26946645,Wheelchair Accessible Place,wheelchair_accessible_place,parking,yes,,,,,True,-37.7365014,144.8922763
way/26946646,Wheelchair Accessible Place,wheelchair_accessible_place,parking,yes,,,,,True,-37.7366777,144.8929541
node/27071462,Mount Waverley,wheelchair_accessible_place,,yes,,,Metro Trains Melbourne,,True,-37.8752637,145.1281258
node/27091664,Jordanville,wheelchair_accessible_place,,yes,,,Metro Trains Melbourne,,True,-37.8736635,145.1122691
way/27210007,Royal Botanic Gardens Cranbourne,wheelchair_accessible_place,,yes,yes,Mo-Su 09:00-17:00; Dec 25 off,,,True,-38.1351083,145.2742256
way/27370842,Niddrie Central,wheelchair_accessible_place,,yes,,,,,True,-37.737943,144.8928724
way/27370878,Woolworths,wheelchair_accessible_place,,yes,,,Woolworths Group,,True,-37.7381501,144.8928594
way/27400381,Wheelchair Accessible Place,wheelchair_accessible_place,parking,yes,,,,,True,-37.7382683,144.892848
way/27425765,Mullum Mullum Trail,wheelchair_accessible_place,,yes,,,,,True,-37.7618932,145.1820605
way/27426045,Mullum Mullum Trail,wheelchair_accessible_place,,yes,,,,,True,-37.751086,145.1754458
way/27459490,BWS,wheelchair_accessible_place,,yes,,,Woolworths Group,,True,-37.8987603,145.2318656
way/27507187,M80 Trail,wheelchair_accessible_place,,yes,,,,,True,-37.6948494,144.9207912
way/27507367,M80 Trail,wheelchair_accessible_place,,yes,,,,,True,-37.6947247,144.9156915
way/27507368,M80 Trail,wheelchair_accessible_place,,yes,,,,,True,-37.6950225,144.9151645
way/27507377,Wheelchair Accessible Place,wheelchair_accessible_place,,yes,,,,,True,-37.6951432,144.9143856
way/27527599,Northcote Plaza Shopping Centre,wheelchair_accessible_place,,yes,yes,,,,True,-37.768231,145.0017433
way/27553097,Port Melbourne Town Hall,wheelchair_accessible_place,townhall,yes,yes,,City of Port Phillip,,True,-37.8356366,144.9445561
way/27614692,Plenty River Trail,wheelchair_accessible_place,,yes,,,City of Banyule,,True,-37.7218051,145.1096612
way/27614694,Plenty River Trail,wheelchair_accessible_place,,yes,,,City of Banyule,,True,-37.7222852,145.1086546
way/27616465,Wheelchair Accessible Place,wheelchair_accessible_place,,yes,,,,,True,-37.8130618,145.2369566
way/27695251,St Kilda Town Hall,wheelchair_accessible_place,townhall,yes,,,,,True,-37.8686848,144.9888441
way/27699552,Wheelchair Accessible Place,wheelchair_accessible_place,,yes,,,,,True,-37.8251109,144.9837236
way/27704708,St Vincent's Private Hospital East Melbourne,wheelchair_accessible_place,hospital,yes,,,St Vincent's Health Australia,,True,-37.812272,144.9843896
way/27726471,Wheelchair Accessible Place,wheelchair_accessible_place,,yes,,,,,True,-37.8180788,144.9639889
way/27808057,Carlton Baths,wheelchair_accessible_place,,yes,,Mo-Fr 06:00-22:00; Sa-Su 08:00-20:00,YMCA,,True,-37.7934703,144.9719599
way/27929119,Diamond Creek Trail,wheelchair_accessible_place,,yes,,,,,True,-37.7280113,145.1418645
way/27932052,Eltham Leisure Centre,wheelchair_accessible_place,,yes,,"Mo-Fr 06:00-22:00; Sa,Su 08:00-20:00",Nillumbik Leisure,,True,-37.7234926,145.1416366
way/27945348,Wheelchair Accessible Place,wheelchair_accessible_place,,yes,,,,,True,-37.7279032,145.1417474
way/28066069,Keilor East Tennis Club,wheelchair_accessible_place,,yes,,,,,True,-37.7397124,144.8721336
way/28135555,Angliss Hospital,wheelchair_accessible_place,hospital,yes,,24/7,Eastern Health,,True,-37.8989497,145.3144798
way/28317356,Siddeley Street Car Park,wheelchair_accessible_place,parking,yes,,24/7,Care Park,,True,-37.8222875,144.952161
way/28317850,Bay Trail,wheelchair_accessible_place,,yes,,,,,True,-37.905423,144.9847399
way/28356394,Longbeach Trail,wheelchair_accessible_place,,yes,,,,,True,-38.0340757,145.1230001
way/28377219,St Georges Road Trail,wheelchair_accessible_place,,yes,,,,,True,-37.6920098,145.0251134
way/28460773,Camberwell Civic Centre,wheelchair_accessible_place,,yes,,,,,True,-37.8344297,145.0590806
way/28595537,Blackburn Square,wheelchair_accessible_place,,yes,,,,,True,-37.8115952,145.152782
way/28639774,Mordialloc Pier,wheelchair_accessible_place,,yes,,,,,True,-38.0114803,145.0839435
way/28719263,First Choice Liquor,wheelchair_accessible_place,,yes,,,,,True,-38.0658042,145.2997843
way/28738589,Sturdee Road,wheelchair_accessible_place,,yes,,,,,True,-37.9626854,145.0209087
way/28824903,Greensborough Plaza,wheelchair_accessible_place,,yes,,,Jones Lang LaSalle Incorporated,,True,-37.7030683,145.1024656
way/28994177,11 Barry St (Building 266),wheelchair_accessible_place,,yes,,,University of Melbourne,Business Services Service Desk,True,-37.8037294,144.9596978
way/29175347,Wheelchair Accessible Place,wheelchair_accessible_place,,yes,,,,,True,-37.8038358,145.2821955
way/29175349,Wheelchair Accessible Place,wheelchair_accessible_place,,yes,,,,,True,-37.8040286,145.2824113
way/29175380,Tarralla Creek Trail,wheelchair_accessible_place,,yes,,,,,True,-37.8054892,145.2816105
way/29479565,Chemist Warehouse,wheelchair_accessible_place,pharmacy,yes,,Mo-Fr 09:00-19:00; Sa-Su 09:00-18:00,,,True,-37.8797862,145.0923641
way/29548387,Epworth Richmond Hospital,wheelchair_accessible_place,hospital,yes,yes,,Epworth Foundation,,True,-37.8171818,144.9930382
node/29749085,Mooroolbark,wheelchair_accessible_place,,yes,,,Metro Trains Melbourne,,True,-37.784697,145.3131856
way/29758538,Platform 1,wheelchair_accessible_place,,yes,,,Metro Trains Melbourne,,True,-37.8795667,145.1622784
node/29764097,Ashburton,wheelchair_accessible_place,,yes,,,Metro Trains Melbourne,,True,-37.8620025,145.0814007
node/29764104,Burwood,wheelchair_accessible_place,,yes,,,Metro Trains Melbourne,,True,-37.851671,145.0805767
node/29928989,Middle Brighton,wheelchair_accessible_place,,yes,,,Public Transport Victoria - Metro,,True,-37.9149063,144.9965413
node/29980432,Moorabbin,wheelchair_accessible_place,,yes,,,Metro Trains Melbourne,,True,-37.9343641,145.0367934
way/30031766,Wheelchair Accessible Place,wheelchair_accessible_place,,yes,,,,,True,-37.8414859,144.9916087
way/30062482,Wheelchair Accessible Place,wheelchair_accessible_place,,yes,,,,,True,-37.9461292,145.2230326
node/30223676,Preston 1,wheelchair_accessible_place,,yes,,,Metro Trains Melbourne,,True,-37.7395301,145.0004919
node/30226220,Dennis,wheelchair_accessible_place,,yes,,,Public Transport Victoria - Metro,,True,-37.7791928,145.0083587
node/30226248,Fairfield,wheelchair_accessible_place,,yes,,,Metro Trains Melbourne,,True,-37.7791763,145.0169241
node/30226366,Darebin,wheelchair_accessible_place,,yes,,,Metro Trains Melbourne,,True,-37.7747529,145.0386786
node/30226371,Ivanhoe,wheelchair_accessible_place,,yes,,,Public Transport Victoria - Metro,,True,-37.7688774,145.0454487
node/30226443,Eaglemont,wheelchair_accessible_place,,yes,,,Public Transport Victoria - Metro,,True,-37.7637393,145.0537729
node/30226555,Rosanna,wheelchair_accessible_place,,yes,,,Metro Trains Melbourne,,True,-37.7428788,145.0661791
node/30226883,Macleod,wheelchair_accessible_place,,yes,,,Public Transport Victoria - Metro,,True,-37.72607,145.0691378
node/30267786,Pascoe Vale,wheelchair_accessible_place,,yes,,,Metro Trains Melbourne,,True,-37.7308567,144.928195
node/30267794,Oak Park,wheelchair_accessible_place,,yes,,,Metro Trains Melbourne,,True,-37.7180181,144.9215041
node/30268281,Glenbervie,wheelchair_accessible_place,,yes,,,Metro Trains Melbourne,,True,-37.747204,144.9209321
node/30287082,Ascot Vale,wheelchair_accessible_place,,yes,,,Public Transport Victoria - Metro,,True,-37.7753252,144.921825
way/30299505,Mullum Mullum Trail,wheelchair_accessible_place,,yes,,,,,True,-37.7710404,145.1866085
way/30613903,The Spot (Building 110),wheelchair_accessible_place,,yes,,,University of Melbourne,,True,-37.8015564,144.9588656
way/30731899,Chisholm Institute of TAFE Frankston,wheelchair_accessible_place,college,yes,,,Chisholm Institute of TAFE,,True,-38.1434586,145.1281709
way/30810054,Port Phillip Specialist School,wheelchair_accessible_place,school,yes,yes,,Victorian Department of Education,,True,-37.8366935,144.9416219
way/30835602,Wheelchair Accessible Place,wheelchair_accessible_place,,yes,,,,,True,-37.8218018,145.1640643
way/31154527,Bentons Square,wheelchair_accessible_place,,yes,,Mo-Su 06:00-22:00,,,True,-38.2456114,145.0475606
node/31287044,Macaulay,wheelchair_accessible_place,,yes,,,Public Transport Victoria - Metro,,True,-37.7948639,144.9360832
way/31852587,Olinda Pool,wheelchair_accessible_place,,yes,,"Mo-Fr,PH 14:00-19:00; Sa-Su 12:00-19:00",,,True,-37.8561847,145.3741814
way/32295934,Wheelchair Accessible Place,wheelchair_accessible_place,,yes,,,,,True,-37.7965164,144.9610768
node/32315392,Jewell,wheelchair_accessible_place,,yes,,,Metro Trains Melbourne,,True,-37.7749186,144.958744
node/32315393,Brunswick,wheelchair_accessible_place,,yes,,,Metro Trains Melbourne,,True,-37.767691,144.9596104
way/32428322,Wheelchair Accessible Place,wheelchair_accessible_place,,yes,,,,,True,-38.0855296,145.4710225
way/32617802,The Gateway Shopping Centre,wheelchair_accessible_place,,yes,,"""Shopping AREA""",Federation Centres,,True,-38.1504896,145.1965867
way/32656675,Grant Street Theatre (872),wheelchair_accessible_place,,yes,,,University of Melbourne,,True,-37.8251897,144.9692221
way/32663095,Dawson Street Police Complex,wheelchair_accessible_place,police,yes,,,Victoria Police,,True,-37.7705577,144.9581114
way/32683767,Southbank The Hub (863),wheelchair_accessible_place,,yes,,,University of Melbourne,,True,-37.8244118,144.969262
way/32742473,ALDI,wheelchair_accessible_place,,yes,,Mo-Su 08:30-20:00,,,True,-38.1102556,145.1610991
way/32802527,Langwarrin Shopping Centre,wheelchair_accessible_place,,yes,,Mo-Su 07:00-22:00,,,True,-38.1418264,145.2081156
way/32859089,Walter and Eliza Hall Institute,wheelchair_accessible_place,,yes,,,,,True,-37.7980457,144.9558704
way/33077364,Frankston Library,wheelchair_accessible_place,library,yes,,,,,True,-38.1458453,145.1237024
way/33261083,Southern Cross,wheelchair_accessible_place,,yes,,,Metro Trains Melbourne;V/Line;NSW Trains;Great Southern Rail,,True,-37.8183753,144.9523727
way/33762345,T.W. Andrews Reserve,wheelchair_accessible_place,,yes,,,,,True,-37.7161849,145.0183842
way/33765055,Pacific Epping,wheelchair_accessible_place,,yes,yes,,,,True,-37.6541618,145.0193138
way/33841339,Mercure,wheelchair_accessible_place,,yes,,,,,True,-37.8213231,144.9652343
way/34084475,Hungry Jack's,wheelchair_accessible_place,fast_food,yes,,Mo-Su 07:00-22:00,,,True,-37.9832659,145.0760029
way/34084476,KFC,wheelchair_accessible_place,fast_food,yes,,Mo-Su 10:00-23:00,,,True,-37.9829817,145.0757117
way/34285479,Fawkner Memorial Park Tearooms,wheelchair_accessible_place,cafe,yes,,Mo-Fr 07:30-14:30,,,True,-37.7147208,144.9598657
way/34587543,Masada Private Hospital,wheelchair_accessible_place,hospital,yes,,,,,True,-37.8695224,145.0032963
way/34746738,St Andrew's Christian College,wheelchair_accessible_place,school,yes,,,The Presbyterian School of St. Andrew Limited,,True,-37.8740047,145.2448384
way/34947532,Demolished,wheelchair_accessible_place,toilets,yes,,,,,True,-37.7439459,144.8974801
way/35067814,Monash Aquatic and Recreation Centre (MARC),wheelchair_accessible_place,public_building,yes,,,,,True,-37.8886917,145.1559972
way/35308682,Southbank Melbourne Theatre Company,wheelchair_accessible_place,,yes,,,University of Melbourne,,True,-37.8241323,144.9681243
way/35313905,Wheelchair Accessible Place,wheelchair_accessible_place,,yes,,,,,True,-37.9473137,145.2228485
way/35313937,Wheelchair Accessible Place,wheelchair_accessible_place,,yes,,,,,True,-37.947046,145.223325
way/35934019,Dandenong Creek Trail,wheelchair_accessible_place,,yes,,,,,True,-37.9481755,145.2227426
node/36037470,Ardeer,wheelchair_accessible_place,,yes,,,Public Transport Victoria - Regional,,True,-37.7830008,144.8015347
node/36821471,Wheelchair Accessible Place,wheelchair_accessible_place,,yes,,,,,True,-37.8272751,144.9660584
way/36836637,Peninsula Aquatic Recreation Centre,wheelchair_accessible_place,,yes,,,Peninsula Leisure Pty Ltd,,True,-38.1448386,145.1282193
way/37583557,Wheelchair Accessible Place,wheelchair_accessible_place,,yes,,,,,True,-37.8397497,145.1057859
way/37667836,The District Docklands,wheelchair_accessible_place,,yes,,,,,True,-37.8130229,144.9381613
way/37858651,Green Gully Trail,wheelchair_accessible_place,,yes,,,,,True,-37.7647954,145.1623263
way/37858654,Green Gully Trail,wheelchair_accessible_place,,yes,,,,,True,-37.7637203,145.1626301
way/37892868,Platform 1,wheelchair_accessible_place,,yes,,,Metro Trains Melbourne,,True,-37.8188311,145.2145205
way/37892871,Platform 2,wheelchair_accessible_place,,yes,,,Metro Trains Melbourne,,True,-37.8187307,145.21451
way/38225265,Bentleigh RSL,wheelchair_accessible_place,pub,yes,,,,,True,-37.9192886,145.042688
way/38226936,Wheelchair Accessible Place,wheelchair_accessible_place,,yes,,,,,True,-37.8078376,145.2804246
way/38226939,Tarralla Creek Trail,wheelchair_accessible_place,,yes,,,,,True,-37.8075968,145.2787124
way/38226943,Wheelchair Accessible Place,wheelchair_accessible_place,,yes,,,,,True,-37.8065436,145.2804512
way/38313264,Woolworths,wheelchair_accessible_place,,yes,,Mo-Su 07:00-23:00,Woolworths Group,,True,-37.8311018,144.9307435
way/38613804,Wheelchair Accessible Place,wheelchair_accessible_place,,yes,,,,,True,-37.8209288,144.9714848
way/38614008,Wheelchair Accessible Place,wheelchair_accessible_place,toilets,yes,,,,,True,-37.8203441,144.9733164
way/38864735,University College,wheelchair_accessible_place,,yes,,,The University of Melbourne,,True,-37.7912836,144.9596756
way/38903246,Crown Promenade Hotel,wheelchair_accessible_place,,yes,yes,,,,True,-37.8239785,144.9597205
way/39306716,Mercure North Melbourne,wheelchair_accessible_place,,yes,,,,,True,-37.7969519,144.9502019
way/39581668,Woolworths,wheelchair_accessible_place,,yes,no,,Woolworths Group,,True,-37.981623,145.0624125
way/39581669,Wheelchair Accessible Place,wheelchair_accessible_place,parking,yes,no,,,Woolworths Parking,True,-37.9812552,145.0624868
way/39581671,Wheelchair Accessible Place,wheelchair_accessible_place,parking,yes,no,,,,True,-37.9819336,145.0629838
way/39581675,Mentone Post Office,wheelchair_accessible_place,post_office,yes,no,,Australia Post,,True,-37.9824505,145.0637143
way/39581677,Wheelchair Accessible Place,wheelchair_accessible_place,parking,yes,no,,,Mentone Station Parking,True,-37.9820662,145.0657032
way/39581680,Coles,wheelchair_accessible_place,,yes,no,,Coles Group,,True,-37.9840734,145.0643704
way/39581805,Wheelchair Accessible Place,wheelchair_accessible_place,parking,yes,no,,,,True,-37.9758903,145.066705
way/40836523,Victorian Aboriginal Health Service,wheelchair_accessible_place,doctors,yes,,Mo-Th 9:00-17:00; Fr 9:00-16:00; Sa 10:00-12:00,,,True,-37.7993866,144.9751197
way/41746148,Platform 2,wheelchair_accessible_place,,yes,,,Metro Trains Melbourne,,True,-37.821529,145.0365959
way/41746160,Platform 3,wheelchair_accessible_place,,yes,,,Metro Trains Melbourne,,True,-37.8214206,145.0366209
way/41746650,Platform 2,wheelchair_accessible_place,,yes,,,Metro Trains Melbourne,,True,-37.821983,145.0229529
way/41746712,Platform 1,wheelchair_accessible_place,,yes,,,Metro Trains Melbourne,,True,-37.8220708,145.0230001
way/41888172,Como Centre,wheelchair_accessible_place,,yes,,,,,True,-37.839214,144.9964873
way/41890660,Wheelchair Accessible Place,wheelchair_accessible_place,,yes,,,,,True,-37.8206939,145.0345533
way/41938008,Seaford Foreshore Walking Track,wheelchair_accessible_place,,yes,,,,,True,-38.1127578,145.1252653
way/42181782,Young & Jacksons,wheelchair_accessible_place,pub,yes,,Mo-Su 10:00-24:00,,,True,-37.8173556,144.9670198
way/42387688,Wheelchair Accessible Place,wheelchair_accessible_place,parking,yes,,,,,True,-37.9343398,145.0388843
way/42653134,Wheelchair Accessible Place,wheelchair_accessible_place,parking,yes,,,,,True,-37.7922199,144.9594697
way/43135757,Kananook Creek Trail,wheelchair_accessible_place,,yes,,,,,True,-38.1324951,145.1234582
way/43313390,Ruffey Creek Trail,wheelchair_accessible_place,,yes,,,,,True,-37.7744319,145.1348885
way/43669306,Platform 2,wheelchair_accessible_place,,yes,,,Metro Trains Melbourne,,True,-38.0363779,145.1075748
way/43669317,Platform 1,wheelchair_accessible_place,,yes,,,Metro Trains Melbourne,,True,-38.0364019,145.1074378
way/43679090,Platform 2,wheelchair_accessible_place,,yes,,,Metro Trains Melbourne,,True,-37.7881385,144.9393042
way/43679106,Platform 1,wheelchair_accessible_place,,yes,,,Metro Trains Melbourne,,True,-37.7882905,144.9392419
way/43751308,Olivet Care,wheelchair_accessible_place,social_facility,yes,,,Christadelphian Welfare Association (Vic) Inc,,True,-37.8077811,145.2388527
way/44159160,Stop D4: Docklands Park,wheelchair_accessible_place,,yes,,,Yarra Trams,,True,-37.8218629,144.9475678
way/44159777,O'Brien Icehouse,wheelchair_accessible_place,,yes,,"Mo 09:00-15:45; Tu 09:00-22:00; We 09:00-15:45; Th 09:00-15:30,19:00-22:00; Fr-Sa 09:00-23:00; Su 09:00-21:30",,,True,-37.8121456,144.9356539
way/44618186,Clayton Reserve,wheelchair_accessible_place,,yes,,,City Of Melbourne,,True,-37.7962994,144.9392174
way/45020241,St Kilda Public Library,wheelchair_accessible_place,library,yes,yes,Mo-Tu 10:00-20:00; We-Fr 10:00-18:00; Sa-Su 10:00-17:00,,,True,-37.867817,144.9888815
way/45023855,Wheelchair Accessible Place,wheelchair_accessible_place,,yes,,,,,True,-37.9051205,145.0074847
way/45048009,Platform 3,wheelchair_accessible_place,,yes,,,Metro Trains Melbourne,,True,-37.8156723,145.2292961
way/45053930,Bay Trail,wheelchair_accessible_place,,yes,,,,,True,-37.8759951,144.9754255
way/45361247,Platforms 1 & 2,wheelchair_accessible_place,,yes,,,Metro Trains Melbourne;V/Line,,True,-37.9900653,145.2097271
way/45361250,Platform 3,wheelchair_accessible_place,,yes,,,Metro Trains Melbourne;V/Line,,True,-37.9901073,145.2100939
way/45361459,Platforms 1 & 2,wheelchair_accessible_place,,yes,,,Metro Trains Melbourne,,True,-37.8902593,145.0675028
way/45361462,Platforms 1 & 2,wheelchair_accessible_place,,yes,,,Metro Trains Melbourne,,True,-37.8862957,145.0587072
way/45361538,Malvern 4,wheelchair_accessible_place,,yes,,,Metro Trains Melbourne,,True,-37.8662643,145.0295577
way/45361542,Malvern 1,wheelchair_accessible_place,,yes,,,Metro Trains Melbourne,,True,-37.8664256,145.0293216
way/45362482,Toorak 4,wheelchair_accessible_place,,yes,,,Metro Trains Melbourne,,True,-37.8505939,145.0138187
way/45362484,Toorak 1,wheelchair_accessible_place,,yes,,,Metro Trains Melbourne,,True,-37.8507467,145.0135764
way/45362583,Platform 5,wheelchair_accessible_place,,yes,,,Metro Trains Melbourne,,True,-37.8379796,144.9924977
way/45362584,Platform 2,wheelchair_accessible_place,,yes,,,Metro Trains Melbourne,,True,-37.8380964,144.9922765
way/45362586,Platform 1,wheelchair_accessible_place,,yes,,,Metro Trains Melbourne,,True,-37.8380781,144.9921548
way/45362587,Platform 6,wheelchair_accessible_place,,yes,,,Metro Trains Melbourne,,True,-37.8379721,144.9926256
way/45367203,Platform 1,wheelchair_accessible_place,,yes,,,Metro Trains Melbourne,,True,-37.8265014,144.9967458
way/45367205,Platform 2,wheelchair_accessible_place,,yes,,,Metro Trains Melbourne,,True,-37.8263222,144.9967491
way/45367547,Stop 7D: AAMI Park,wheelchair_accessible_place,,yes,,,Yarra Trams,,True,-37.82397,144.9868684
way/45367549,Stop 7D: AAMI Park,wheelchair_accessible_place,,yes,,,Yarra Trams,,True,-37.8239622,144.9867377
way/45367623,Platform 3,wheelchair_accessible_place,,yes,,,Metro Trains Melbourne,,True,-37.8275749,145.0081201
way/45367626,Platform 1,wheelchair_accessible_place,,yes,,,Metro Trains Melbourne,,True,-37.8277118,145.0080954
way/45367987,Platform 1,wheelchair_accessible_place,,yes,,,Metro Trains Melbourne,,True,-37.8400144,145.0335766
way/45367988,Platform 2,wheelchair_accessible_place,,yes,,,Metro Trains Melbourne,,True,-37.8398493,145.0333869
way/45368128,Platform 1,wheelchair_accessible_place,,yes,,,Metro Trains Melbourne,,True,-37.8240554,144.9891606
way/45368228,Platform 3,wheelchair_accessible_place,,yes,,,Metro Trains Melbourne,,True,-37.8239404,144.9892115
way/45403078,Platform 9,wheelchair_accessible_place,,yes,,,Metro Trains Melbourne,,True,-37.8235957,144.9893538
way/45403082,Platform 7,wheelchair_accessible_place,,yes,,,Metro Trains Melbourne,,True,-37.8237116,144.989306
way/45403085,Platform 6,wheelchair_accessible_place,,yes,,,Metro Trains Melbourne;V/Line,,True,-37.823798,144.9892684
way/45409634,Platform 2,wheelchair_accessible_place,,yes,,,Metro Trains Melbourne,,True,-37.8527845,145.0509017
way/45409638,Platform 1,wheelchair_accessible_place,,yes,,,Metro Trains Melbourne,,True,-37.8528868,145.0508502
way/45409844,Platform 2,wheelchair_accessible_place,,yes,,,Metro Trains Melbourne,,True,-38.0178857,145.270328
way/45409845,Platform 1,wheelchair_accessible_place,,yes,,,Metro Trains Melbourne,,True,-38.0180275,145.2703032
way/45476721,Platform 2,wheelchair_accessible_place,,yes,,,Metro Trains Melbourne,,True,-37.8164369,144.983849
way/45476723,Platform 1,wheelchair_accessible_place,,yes,,,Metro Trains Melbourne,,True,-37.816541,144.9838353
way/45480203,Platform 1,wheelchair_accessible_place,,yes,,,,,True,-37.7167381,145.0070889
way/45514367,Wheelchair Accessible Place,wheelchair_accessible_place,,yes,,,,,True,-37.9339406,145.1058968
way/45514371,Wheelchair Accessible Place,wheelchair_accessible_place,,yes,,,,,True,-37.9325046,145.1049196
way/45514373,Wheelchair Accessible Place,wheelchair_accessible_place,,yes,,,,,True,-37.9325286,145.1065976
way/45547419,Wheelchair Accessible Place,wheelchair_accessible_place,,yes,,,,,True,-37.903971,144.9844009
way/45554455,Treasury Place,wheelchair_accessible_place,,yes,,,,,True,-37.8134378,144.9747728
way/45590594,Platform 3,wheelchair_accessible_place,,yes,,,V/Line,,True,-37.7885383,144.8327838
way/45590597,Platform 1,wheelchair_accessible_place,,yes,,,Metro Trains Melbourne;V/Line,,True,-37.7881895,144.832785
way/45603082,Monash City Council,wheelchair_accessible_place,townhall,yes,,,City of Monash,,True,-37.8821455,145.1644849
way/45683639,Platform 2,wheelchair_accessible_place,,yes,,,Metro Trains Melbourne,,True,-37.787344,144.9072326
way/45683641,Platform 1,wheelchair_accessible_place,,yes,,,Metro Trains Melbourne,,True,-37.7876981,144.9071648
way/45683760,Platform 2,wheelchair_accessible_place,,yes,,,Metro Trains Melbourne,,True,-37.7874099,144.9289531
way/45683761,Platform 1,wheelchair_accessible_place,,yes,,,Metro Trains Melbourne,,True,-37.7874096,144.9290702
way/45737535,Wheelchair Accessible Place,wheelchair_accessible_place,,yes,,,,,True,-37.8070527,145.1748358
way/45762304,Stop 7B: Rod Laver Arena,wheelchair_accessible_place,,yes,,,Yarra Trams,,True,-37.8195295,144.9787845
way/45762305,Stop 7B: Rod Laver Arena,wheelchair_accessible_place,,yes,,,Yarra Trams,,True,-37.8194325,144.9788196
way/45814112,Wheelchair Accessible Place,wheelchair_accessible_place,,yes,,,,,True,-37.8263542,144.8972382
way/46048641,Platform 1,wheelchair_accessible_place,,yes,,,Metro Trains Melbourne,,True,-37.7571456,145.0608363
way/46099210,Crown Metropol Hotel,wheelchair_accessible_place,casino,yes,yes,,,,True,-37.8257427,144.9576879
way/46100337,Platforms 1 & 2,wheelchair_accessible_place,,yes,,,Metro Trains Melbourne;V/Line,,True,-38.0401583,145.3453278
way/46100620,Platforms 1 & 2,wheelchair_accessible_place,,yes,,,,,True,-38.0510839,145.3665062
way/46106937,Precinct Hotel,wheelchair_accessible_place,pub,yes,,,,,True,-37.8251985,144.9913355
way/46128351,Platform 1,wheelchair_accessible_place,,yes,,,Metro Trains Melbourne,,True,-37.6829802,144.9197445
way/46128354,Platform 2,wheelchair_accessible_place,,yes,,,Metro Trains Melbourne,,True,-37.6827311,144.9197891
way/46218295,Myer,wheelchair_accessible_place,,yes,yes,"Mo-We 09:30-19:00; Th,Fr 09:30-21:00; Sa 09:30-19:00; Su 10:00-19:00",,,True,-37.8134536,144.9638321
way/46218297,Emporium,wheelchair_accessible_place,,yes,yes,Mo-Su 10:00-19:00,Vicinity Centres,,True,-37.8124138,144.9638481
way/46225424,Stop 2: Melbourne Aquarium,wheelchair_accessible_place,,yes,,,Yarra Trams,,True,-37.8202403,144.9580214
way/46225506,Stop 2: Melbourne Aquarium,wheelchair_accessible_place,,yes,,,Yarra Trams,,True,-37.8201327,144.9580793
way/46330984,Platform 10,wheelchair_accessible_place,,yes,,,Metro Trains Melbourne,,True,-37.8188504,144.9662088
way/46504996,Wheelchair Accessible Place,wheelchair_accessible_place,,yes,,,,,True,-37.8663265,145.1729188
way/46621895,Wheelchair Accessible Place,wheelchair_accessible_place,,yes,,,,,True,-38.0226645,145.1186629
way/46746358,Bapcor,wheelchair_accessible_place,,yes,,,,,True,-37.8995933,145.1342273
way/46751393,Wheelchair Accessible Place,wheelchair_accessible_place,,yes,,,,,True,-37.8923425,145.1175773
way/46751454,Block Arcade,wheelchair_accessible_place,,yes,,,,Heritage shopping arcade & torusit icon,True,-37.8156331,144.9639639
way/46751455,Block Court,wheelchair_accessible_place,,yes,,,,,True,-37.8157862,144.96447
way/46829199,Stop 13: Flinders Street Station,wheelchair_accessible_place,,yes,,,Yarra Trams,,True,-37.8182769,144.9678722
way/47121172,Exford Hotel,wheelchair_accessible_place,pub,yes,,,,,True,-37.8117767,144.9673443
way/47161646,Wheelchair Accessible Place,wheelchair_accessible_place,,yes,,,,,True,-37.9682824,145.0116643
way/47161648,Wheelchair Accessible Place,wheelchair_accessible_place,,yes,,,,,True,-37.9682093,145.0118044
way/47161668,Wheelchair Accessible Place,wheelchair_accessible_place,,yes,,,,,True,-37.9662493,145.0116658
way/47161670,Wheelchair Accessible Place,wheelchair_accessible_place,,yes,,,,,True,-37.9685014,145.011424
way/47167151,Wheelchair Accessible Place,wheelchair_accessible_place,,yes,,,,,True,-37.9757445,145.0151188
way/47167269,Wheelchair Accessible Place,wheelchair_accessible_place,,yes,,,,,True,-37.9753487,145.015338
way/47167335,Wheelchair Accessible Place,wheelchair_accessible_place,,yes,,,,,True,-37.9749603,145.0152863
way/47169997,Wheelchair Accessible Place,wheelchair_accessible_place,,yes,,,,,True,-37.9584957,145.0089544
way/47477906,McDonald's,wheelchair_accessible_place,fast_food,yes,,24/7,,,True,-38.142496,145.1207499
way/47478221,Wuxi Walk,wheelchair_accessible_place,,yes,,,,,True,-38.1464832,145.1169052
way/47521454,McDonald's,wheelchair_accessible_place,fast_food,yes,,Mo-Su 00:00-00:00,,,True,-38.1649166,145.137647
way/47639731,Wheelchair Accessible Place,wheelchair_accessible_place,,yes,,,,,True,-38.1058338,145.1385357
way/47639733,Wheelchair Accessible Place,wheelchair_accessible_place,,yes,,,,,True,-38.1055398,145.1354655
way/47640208,Seaford Wetlands Trail,wheelchair_accessible_place,,yes,,,,,True,-38.1039421,145.1374531
way/47652726,Bay Trail,wheelchair_accessible_place,,yes,,,,,True,-38.0030285,145.0795526
way/47785995,Wheelchair Accessible Place,wheelchair_accessible_place,,yes,,,,,True,-38.1096494,145.1277132
way/47789801,Seaford Wetlands Trail,wheelchair_accessible_place,,yes,,,,,True,-38.0990363,145.1343759
way/47792186,Wheelchair Accessible Place,wheelchair_accessible_place,,yes,,,,,True,-38.0905335,145.1306007
way/47982493,Wheelchair Accessible Place,wheelchair_accessible_place,,yes,,,,,True,-37.777819,145.1444836
way/47982918,Wheelchair Accessible Place,wheelchair_accessible_place,,yes,,,,,True,-37.7730165,145.1371221
way/47982921,Wheelchair Accessible Place,wheelchair_accessible_place,,yes,,,,,True,-37.7763403,145.1395382
way/48151261,Platforms 1 & 2,wheelchair_accessible_place,,yes,,,Metro Trains Melbourne,,True,-37.977655,145.190969
way/48154628,Eltham Library,wheelchair_accessible_place,library,yes,,"Mo-Th 09:00-21:00; Fr 09:00-18:00; Sa,Su 10:00-17:00",,,True,-37.7162347,145.1461541
way/48154633,Bunnings Warehouse,wheelchair_accessible_place,,yes,,"Mo-Fr 06:30-21:00; Sa,Su 07:00-19:00",,,True,-37.7177743,145.140779
way/48158188,Dan Murphy's,wheelchair_accessible_place,,yes,,,,,True,-38.1416236,145.1224082
way/48162425,Hughes Lane,wheelchair_accessible_place,,yes,,,,,True,-38.0382639,145.1233603
way/48162563,Wheelchair Accessible Place,wheelchair_accessible_place,,yes,,,,,True,-38.0534362,145.1443195
way/48333758,Wheelchair Accessible Place,wheelchair_accessible_place,,yes,,,,,True,-37.9334906,145.1112543
way/48433566,Wheelchair Accessible Place,wheelchair_accessible_place,bus_station,yes,,,,,True,-37.9095402,145.355049
way/48486429,Wheelchair Accessible Place,wheelchair_accessible_place,,yes,,,,,True,-37.9502148,145.0241067
way/48486491,Wheelchair Accessible Place,wheelchair_accessible_place,,yes,,,,,True,-37.9652326,145.0187563
way/48486492,Wheelchair Accessible Place,wheelchair_accessible_place,,yes,,,,,True,-37.9651039,145.0185432
way/48486493,Wheelchair Accessible Place,wheelchair_accessible_place,,yes,,,,,True,-37.9653299,145.0189174
way/48565234,Wheelchair Accessible Place,wheelchair_accessible_place,parking,yes,,,,,True,-38.1829148,145.0916098
way/48565238,Wheelchair Accessible Place,wheelchair_accessible_place,parking,yes,,,,,True,-38.1828804,145.090913
way/48565292,Wheelchair Accessible Place,wheelchair_accessible_place,parking,yes,,,,,True,-38.1854381,145.0899614
way/48628376,Auburn Primary School,wheelchair_accessible_place,school,yes,,,Victorian Department of Education,,True,-37.8194206,145.0503202
way/48636217,Wheelchair Accessible Place,wheelchair_accessible_place,,yes,,,,,True,-37.9386948,145.0895472
way/48666331,Platform 2,wheelchair_accessible_place,,yes,,,Metro Trains Melbourne,,True,-37.8206397,145.1739976
way/48733790,Greensborough RSL,wheelchair_accessible_place,pub,yes,,,,,True,-37.7019741,145.1058891
way/48795320,Wheelchair Accessible Place,wheelchair_accessible_place,,yes,,,,,True,-37.8193285,145.1238762
way/48984761,ALDI,wheelchair_accessible_place,,yes,,Mo-Su 08:30-20:00,,,True,-37.8873902,144.6071938
way/49035543,Platform 6,wheelchair_accessible_place,,yes,,,Metro Trains Melbourne,,True,-37.8017925,144.9025656
way/49035865,Wheelchair Accessible Place,wheelchair_accessible_place,,yes,,,,,True,-37.8851401,144.6246216
way/49742215,Woolworths,wheelchair_accessible_place,,yes,,Mo-Su 07:00-23:00,Woolworths Group,,True,-37.7048039,145.1000868
way/49960564,"Stop D11: Waterfront City, Docklands",wheelchair_accessible_place,,yes,,,Yarra Trams,,True,-37.8144125,144.9385993
way/49960566,"Stop D11: Waterfront City, Docklands",wheelchair_accessible_place,,yes,,,Yarra Trams,,True,-37.8145002,144.9386497
way/49961113,Wheelchair Accessible Place,wheelchair_accessible_place,,yes,,,,,True,-38.1210016,145.1242309
way/49961123,Wheelchair Accessible Place,wheelchair_accessible_place,,yes,,,,,True,-38.1097164,145.1250096
way/50105858,Spencer Outlet Centre,wheelchair_accessible_place,,yes,,,,,True,-37.8158107,144.9518661
way/50108237,233 Bouverie St (Building 250),wheelchair_accessible_place,,yes,,,University of Melbourne,,True,-37.8010215,144.9619133
way/50108283,201 Grattan St,wheelchair_accessible_place,,yes,,,University of Melbourne,,True,-37.8005294,144.9620218
way/51335846,Platform 1,wheelchair_accessible_place,,yes,,,,,True,-37.8070398,144.9421681
way/51335853,Platform 2,wheelchair_accessible_place,,yes,,,,,True,-37.8071236,144.9421091
way/51335854,Platform 3,wheelchair_accessible_place,,yes,,,,,True,-37.8071409,144.9420621
way/51335855,Platform 4,wheelchair_accessible_place,,yes,,,,,True,-37.8071852,144.9419658
way/51335857,Platform 5,wheelchair_accessible_place,,yes,,,,,True,-37.8074145,144.942075
way/51335858,Platform 6,wheelchair_accessible_place,,yes,,,,,True,-37.807415,144.9419326
way/51757256,Pullman Melbourne on the Park,wheelchair_accessible_place,,yes,,,,,True,-37.8158145,144.9834963
way/51768883,Wheelchair Accessible Place,wheelchair_accessible_place,,yes,,,,,True,-38.0658415,145.326249
way/52049692,Southbank Campus Cafes & End-of-Trip Facility (877),wheelchair_accessible_place,,yes,,,University of Melbourne,,True,-37.8250067,144.9674045
way/52053089,Wheelchair Accessible Place,wheelchair_accessible_place,,yes,,,,,True,-37.8025348,144.8914104
way/52324294,Capital Radiology,wheelchair_accessible_place,clinic,yes,,"Mo-Fr 08:30-17:30, Sa 09:00-13:00",Capital Radiology,,True,-38.0583963,145.3381614
way/52561333,Wheelchair Accessible Place,wheelchair_accessible_place,,yes,,,,,True,-37.8440642,145.1158529
way/52561335,Wheelchair Accessible Place,wheelchair_accessible_place,,yes,,,,,True,-37.8450724,145.1157989
way/52563061,Wheelchair Accessible Place,wheelchair_accessible_place,,yes,,,,,True,-37.9660193,145.0534239
way/52563065,Wheelchair Accessible Place,wheelchair_accessible_place,,yes,,,,,True,-37.9661593,145.0522517
way/52976133,Wheelchair Accessible Place,wheelchair_accessible_place,,yes,,,,,True,-37.6933609,145.1512696
way/52976135,Wheelchair Accessible Place,wheelchair_accessible_place,,yes,,,,,True,-37.6961073,145.1493787
way/52980443,Casey RACE,wheelchair_accessible_place,,yes,,,,,True,-38.113619,145.297932
way/53839901,Coles Local,wheelchair_accessible_place,,yes,,Mo-Su 07:00-0:00,Coles Group,,True,-37.7978531,144.977979
way/54222690,Wheelchair Accessible Place,wheelchair_accessible_place,,yes,,,,,True,-38.0146534,145.109301
way/54357647,Wheelchair Accessible Place,wheelchair_accessible_place,,yes,,,,,True,-37.7462993,145.1722222
way/54357661,Mullum Mullum Trail,wheelchair_accessible_place,,yes,,,,,True,-37.7739186,145.1890785
way/54357662,Mullum Mullum Trail,wheelchair_accessible_place,,yes,,,,,True,-37.7703402,145.1866456
way/54460824,Wheelchair Accessible Place,wheelchair_accessible_place,parking,yes,no,,,,True,-37.9832263,145.0772979
way/54677599,Centre Com,wheelchair_accessible_place,,yes,,,,,True,-37.8177612,145.1719829
way/54962152,Bunnings Warehouse,wheelchair_accessible_place,,yes,,Mo-Fr 06:00-18:00; Sa-Su 07:00-18:00; PH 07:00-19:00,,,True,-38.083882,145.4936551
way/55413196,Lakeside Circuit,wheelchair_accessible_place,,yes,,,,,True,-37.8267903,145.1630759
way/55413199,Lakeside Circuit,wheelchair_accessible_place,,yes,,,,,True,-37.827971,145.1605723
way/55679745,Wheelchair Accessible Place,wheelchair_accessible_place,,yes,,,,,True,-37.8048351,145.1716113
way/56020636,Platform 1,wheelchair_accessible_place,,yes,,,,,True,-38.0663306,145.4116588
way/56020637,Platform 2,wheelchair_accessible_place,,yes,,,,,True,-38.0662479,145.4117238
way/56753490,Wheelchair Accessible Place,wheelchair_accessible_place,,yes,,,,,True,-37.9409849,145.1047338
way/57007568,Wheelchair Accessible Place,wheelchair_accessible_place,,yes,,,,,True,-37.8065886,144.9588035
way/57303830,Platform 1,wheelchair_accessible_place,,yes,,,Metro Trains Melbourne,,True,-37.6380291,144.9354822
way/58200506,Kenneth Myer Building,wheelchair_accessible_place,,yes,,,University of Melbourne,Research building for The University of Melbourne and the Florey Institute of Neuroscience & Mental Health (tenant of the University),True,-37.7983127,144.9585575
way/58358506,Officeworks,wheelchair_accessible_place,,yes,,Mo-Fr 07:00-21:00; Sa 08:00-18:00; Su 09:00-18:00,,,True,-37.8841814,145.0553989
way/58360402,Stop 27: Westbourne Grove,wheelchair_accessible_place,,yes,,,Yarra Trams,,True,-37.7739337,144.9901396
way/58360454,Stop 27: Westbourne Grove,wheelchair_accessible_place,,yes,,,Yarra Trams,,True,-37.7735468,144.9903203
way/58360464,Stop 28: Sumner Avenue,wheelchair_accessible_place,,yes,,,Yarra Trams,,True,-37.7716807,144.9905892
way/58360465,Stop 28: Sumner Avenue,wheelchair_accessible_place,,yes,,,Yarra Trams,,True,-37.7712925,144.9907715
way/58883698,Wheelchair Accessible Place,wheelchair_accessible_place,,yes,,,,,True,-37.9416516,145.0876581
way/60013602,Platform 3,wheelchair_accessible_place,,yes,,,Metro Trains Melbourne,,True,-37.820037,145.1500232
way/60429281,Wheelchair Accessible Place,wheelchair_accessible_place,,yes,,,,,True,-37.9550015,145.0487934
way/60429283,Wheelchair Accessible Place,wheelchair_accessible_place,,yes,,,,,True,-37.9553383,145.0479029
way/60429287,Sir William Fry Reserve,wheelchair_accessible_place,parking,yes,no,,,,True,-37.9548721,145.0494112
way/60432026,Wheelchair Accessible Place,wheelchair_accessible_place,,yes,,,,,True,-37.9499247,145.0019727
way/60432260,Wheelchair Accessible Place,wheelchair_accessible_place,,yes,,,,,True,-37.9510174,145.0020325
way/60432397,Wheelchair Accessible Place,wheelchair_accessible_place,,yes,,,,,True,-37.9540215,145.0048002
node/60653717,Wheelchair Accessible Place,wheelchair_accessible_place,,yes,,,,,True,-37.8140955,144.9444634
way/60726565,Wheelchair Accessible Place,wheelchair_accessible_place,,yes,,,,,True,-38.0335118,145.1225519
way/61017218,Wheelchair Accessible Place,wheelchair_accessible_place,toilets,yes,,,,,True,-37.7760076,145.1401201
way/61154704,Wheelchair Accessible Place,wheelchair_accessible_place,parking,yes,,,,,True,-37.5415646,144.9699026
way/61512230,Blue Car Park,wheelchair_accessible_place,parking,yes,,,,,True,-37.9580283,145.0489783
way/61513512,Stop 12: St Vincent's Plaza,wheelchair_accessible_place,,yes,,,Yarra Trams,,True,-37.8082988,144.9763339
way/61513513,Stop 12: St Vincent's Plaza,wheelchair_accessible_place,,yes,,,Yarra Trams,,True,-37.8082069,144.9763496
way/61513514,Stop 12: St Vincent's Plaza,wheelchair_accessible_place,,yes,,,Yarra Trams,,True,-37.8081428,144.976357
way/61637658,1st East Drive,wheelchair_accessible_place,,yes,,,,,True,-37.9590185,145.0337892
way/62149816,7-Eleven,wheelchair_accessible_place,fuel,yes,,24/7,,,True,-37.6513664,145.0235698
way/62623938,Stop 11: Queensberry Street,wheelchair_accessible_place,,yes,,,Yarra Trams,,True,-37.8034391,144.9563599
way/62623939,Stop 11: Queensberry Street,wheelchair_accessible_place,,yes,,,Yarra Trams,,True,-37.8034539,144.9564664
way/62623988,Stop 14: Royal Melbourne Hospital,wheelchair_accessible_place,,yes,,,Yarra Trams,,True,-37.7999587,144.9553575
way/62623989,Stop 14: Royal Melbourne Hospital,wheelchair_accessible_place,,yes,,,Yarra Trams,,True,-37.7999257,144.9554551
way/65423539,Doncaster Park & Ride,wheelchair_accessible_place,,yes,,,Public Transport Victoria,,True,-37.7889306,145.1048065
way/68169814,The Evergreen Club of Balwyn for Senior Citizens,wheelchair_accessible_place,community_centre,yes,,,,,True,-37.8156046,145.0850754
way/68309441,Stop 40: Bakers Road,wheelchair_accessible_place,,yes,,,Yarra Trams,,True,-37.7277929,144.9636618
way/68518775,ALDI,wheelchair_accessible_place,,yes,,Mo-Su 08:30-20:00,,,True,-37.8882093,145.2889133
way/68678551,Wheelchair Accessible Place,wheelchair_accessible_place,toilets,yes,,,,,True,-37.8812742,145.2948567
way/69964585,Wheelchair Accessible Place,wheelchair_accessible_place,,yes,,,,,True,-37.9325602,145.0334853
way/69965673,Mordialloc Creek Trail,wheelchair_accessible_place,,yes,,,,,True,-38.0148846,145.1131889
way/69991842,"Frankston Station, platform 2",wheelchair_accessible_place,,yes,,,Metro Trains Melbourne,,True,-38.1424129,145.1262648
way/69991876,Platforms 1 & 2,wheelchair_accessible_place,,yes,,,Metro Trains Melbourne,,True,-38.1216718,145.1353711
way/69991908,Platform 3,wheelchair_accessible_place,,yes,,,Metro Trains Melbourne;V/Line,,True,-37.877401,145.0424885
way/69991916,Platform 1,wheelchair_accessible_place,,yes,,,Metro Trains Melbourne,,True,-37.8774291,145.042154
way/69991924,Platform 4,wheelchair_accessible_place,,yes,,,Metro Trains Melbourne;V/Line,,True,-37.877134,145.0423262
way/70692997,Wheelchair Accessible Place,wheelchair_accessible_place,,yes,,,,,True,-37.8257407,145.1620883
way/70810210,Stop D4: Docklands Park,wheelchair_accessible_place,,yes,,,Yarra Trams,,True,-37.8213602,144.9475848
way/70811167,Stop D16: Harbour Esplanade,wheelchair_accessible_place,,yes,,,Yarra Trams,,True,-37.8208417,144.9478529
way/70811487,Stop D16: Harbour Esplanade,wheelchair_accessible_place,,yes,,,Yarra Trams,,True,-37.8208008,144.9483062
way/70812063,Stop D14: Southern Cross Station,wheelchair_accessible_place,,yes,,,Yarra Trams,,True,-37.8196061,144.9524086
way/70812076,Stop D14: Southern Cross Station,wheelchair_accessible_place,,yes,,,Yarra Trams,,True,-37.8195276,144.9523758
way/70812082,Stop D15: Batman's Hill,wheelchair_accessible_place,,yes,,,Yarra Trams,,True,-37.8202146,144.9503341
way/70812083,Stop D15: Batman's Hill,wheelchair_accessible_place,,yes,,,Yarra Trams,,True,-37.8201379,144.9502898
way/70812331,Stop D17: Collins Landing,wheelchair_accessible_place,,yes,,,Yarra Trams,,True,-37.8214895,144.9453655
way/70955271,Stop 13: Flinders Street Station,wheelchair_accessible_place,,yes,,,Yarra Trams,,True,-37.8183042,144.9677734
way/71080207,Stop 14: Arts Precinct,wheelchair_accessible_place,,yes,,,Yarra Trams,,True,-37.8217526,144.9693538
way/71081228,Stop 14: Arts Precinct,wheelchair_accessible_place,,yes,,,Yarra Trams,,True,-37.821741,144.9694651
way/72003150,Parkdale Plaza,wheelchair_accessible_place,,yes,no,,,,True,-37.9974888,145.08459
way/72003154,Wheelchair Accessible Place,wheelchair_accessible_place,parking,yes,no,,,,True,-37.9971623,145.0842414
way/72003162,Thrift Park Shopping Centre,wheelchair_accessible_place,,yes,yes,"Mo-Su,PH 09:00-17:30",,,True,-37.9841297,145.0771014
way/73140297,Gardiners Creek Trail,wheelchair_accessible_place,,yes,,,,,True,-37.8435613,145.1179377
way/73346754,Aldi,wheelchair_accessible_place,,yes,,Mo-Su 08:30-20:00,,,True,-37.7842775,144.8922627
way/74036306,King Center for the Performing Arts,wheelchair_accessible_place,theatre,yes,,,,,True,28.1702363,-80.6690778
way/74452814,Deer Park,wheelchair_accessible_place,,yes,,,Public Transport Victoria - Regional,,True,-37.7774355,144.7711469
way/75367836,Wheelchair Accessible Place,wheelchair_accessible_place,,yes,,,,,True,-37.8773274,145.0432434
way/75609780,Greencross Customer/Staff Car Park,wheelchair_accessible_place,parking,yes,,24/7,Greencross Veterinary Hospital,"Reserved for Greencross Customers & Staff Only
University staff & students may not park here",True,-37.8890763,144.6920347
way/75610115,Werribee Learning & Teaching Building (418),wheelchair_accessible_place,,yes,,,University of Melbourne,,True,-37.8891044,144.6938513
way/75620109,Wheelchair Accessible Place,wheelchair_accessible_place,,yes,,,,,True,-38.0154572,145.112916
way/75620138,Wheelchair Accessible Place,wheelchair_accessible_place,,yes,,,,,True,-38.0156801,145.1138261
way/75620148,Wheelchair Accessible Place,wheelchair_accessible_place,,yes,,,,,True,-38.0151555,145.1134653
way/75620157,Wheelchair Accessible Place,wheelchair_accessible_place,,yes,,,,,True,-38.0153191,145.1133707
way/75620159,Wheelchair Accessible Place,wheelchair_accessible_place,,yes,,,,,True,-38.0150239,145.1135218
way/80793839,Latelab,wheelchair_accessible_place,study_room,yes,,24/7,Swinburne Univeristy of Technology,,True,-37.8225265,145.0386229
way/82144574,723 Swanston St (348),wheelchair_accessible_place,,yes,,,University of Melbourne,,True,-37.8008707,144.9634016
way/83569106,RMIT Swanston Academic Building,wheelchair_accessible_place,,yes,,,,,True,-37.8082591,144.9626754
way/85246931,Wheelchair Accessible Place,wheelchair_accessible_place,toilets,yes,,,,,True,-37.76858,144.8717061
way/87905618,Bluff Road Medical Centre,wheelchair_accessible_place,doctors,yes,,,,,True,-37.95236,145.0214811
way/88144931,Princeton View Aged Care Residence,wheelchair_accessible_place,social_facility,yes,,,Bolton Clarke,,True,-37.9271683,145.008311
way/88192465,Atura Hotel Dandenong,wheelchair_accessible_place,,yes,,,Atura Hotels,,True,-38.0022044,145.2507722
way/88288949,Lisa Bellear House,wheelchair_accessible_place,,yes,,,University of Melbourne,,True,-37.7862929,144.9583254
way/88315669,Hays Paddock Playground,wheelchair_accessible_place,,yes,,,,,True,-37.7889208,145.0575542
way/89051131,HammondCare Caulfield - The Glens,wheelchair_accessible_place,social_facility,yes,,,HammondCare,,True,-37.884142,145.0159196
way/90728866,Tassells Cove Dog Beach,wheelchair_accessible_place,,yes,,,,,True,-38.3052365,144.9940657
way/91190531,Stop 31: Barkly Street,wheelchair_accessible_place,,yes,,,Yarra Trams,,True,-37.858174,144.98343
way/91190533,Stop 32: Alma Road,wheelchair_accessible_place,,yes,,,Yarra Trams,,True,-37.8600449,144.9840815
way/91190535,Stop 31: Barkly Street,wheelchair_accessible_place,,yes,,,Yarra Trams,,True,-37.8581604,144.9835276
way/92372302,Kensington Town Hall,wheelchair_accessible_place,townhall,yes,,,City Of Melbourne,,True,-37.7894519,144.9286411
way/92391505,Wheelchair Accessible Place,wheelchair_accessible_place,,yes,,,,,True,-37.7939326,144.9305127
way/92391509,Wheelchair Accessible Place,wheelchair_accessible_place,,yes,,,,,True,-37.7939042,144.9306826
way/92519427,Wheelchair Accessible Place,wheelchair_accessible_place,,yes,,,,,True,-38.043025,145.1274148
way/93175188,Stop 32: Moonee Ponds Junction,wheelchair_accessible_place,,yes,,,Yarra Trams,,True,-37.7667793,144.924808
way/93570022,Wheelchair Accessible Place,wheelchair_accessible_place,,yes,,,,,True,-37.9505082,145.0522945
way/94324407,BP,wheelchair_accessible_place,fuel,yes,,,,,True,-37.8168125,144.818171
way/94670969,Royal Talbot Rehabilitation Centre,wheelchair_accessible_place,hospital,yes,,,Austin Health,,True,-37.7895278,145.023268
way/97173955,Wheelchair Accessible Place,wheelchair_accessible_place,,yes,,,,,True,-37.9471365,145.0870791
way/97742071,Mullum Mullum Trail,wheelchair_accessible_place,,yes,,,,,True,-37.7515061,145.1761753
way/97790702,Stop D3: Docklands Stadium,wheelchair_accessible_place,,yes,,,Yarra Trams,,True,-37.8176155,144.9461675
way/97790705,Stop D3: Docklands Stadium,wheelchair_accessible_place,,yes,,,Yarra Trams,,True,-37.8176458,144.9460596
way/97793255,Stop D2: Central Pier,wheelchair_accessible_place,,yes,,,Yarra Trams,,True,-37.8144561,144.9446794
way/97793256,Stop D2: Central Pier,wheelchair_accessible_place,,yes,,,Yarra Trams,,True,-37.8144312,144.9447821
way/97917640,Wheelchair Accessible Place,wheelchair_accessible_place,toilets,yes,,,,,True,-37.9332479,145.1107606
way/98836680,Narre Warren CFA,wheelchair_accessible_place,,yes,,,,,True,-38.0578496,145.3009593
way/99176919,Peninsula Link Trail,wheelchair_accessible_place,,yes,,,,,True,-38.1053944,145.1519667
way/99177991,Carrum Downs Trail,wheelchair_accessible_place,,yes,,,,,True,-38.1083882,145.1650381
way/99178000,Wheelchair Accessible Place,wheelchair_accessible_place,,yes,,,,,True,-38.1091878,145.1620378
node/99557478,Wheelchair Accessible Place,wheelchair_accessible_place,,yes,,,,,True,-37.7933269,144.9814859
way/99998610,Warringal Private Hospital,wheelchair_accessible_place,hospital,yes,,,Ramsay Health Care,,True,-37.7546567,145.0609665
node/100869757,Ringwood Station,wheelchair_accessible_place,bus_station,yes,yes,,,,True,-37.8152752,145.22962
way/102411441,Notting Hill Hotel,wheelchair_accessible_place,pub,yes,,Mo-We 10:00-23:00;Th 10:00-01:00;Fr-Sa 10:00-23:00,Byer Family,,True,-37.9001727,145.1295175
way/102757024,ALDI,wheelchair_accessible_place,,yes,,Mo-Su 08:30-20:00,,,True,-38.3303177,144.987326
way/102927119,Belgrave Library,wheelchair_accessible_place,library,yes,,"Mo-We, Fr 10:00-17:30; Th 10:00-20:00; Sa 10:00-13:00",,,True,-37.9089645,145.3525093
way/103247405,Wheelchair Accessible Place,wheelchair_accessible_place,,yes,,,,,True,-37.8191939,145.1232658
way/103401907,Wheelchair Accessible Place,wheelchair_accessible_place,toilets,yes,,,,,True,-38.174493,145.1404763
way/103964586,Platform 2,wheelchair_accessible_place,,yes,,,Metro Trains Melbourne,,True,-38.057138,145.2493811
way/103964587,Platform 1,wheelchair_accessible_place,,yes,,,Metro Trains Melbourne,,True,-38.0571808,145.2492405
way/105136824,Wheelchair Accessible Place,wheelchair_accessible_place,,yes,,Mo-Fr 7:00-21:00; Sa 7:00-19:00; Su 7:00-18:00,,,True,-37.7420365,145.0326132
way/105310128,Walmart Neighborhood Market,wheelchair_accessible_place,,yes,,Mo-Su 06:00-24:00,Walmart,,True,28.1713013,-80.6739568
way/105437847,Stop 32: Alma Road,wheelchair_accessible_place,,yes,,,Yarra Trams,,True,-37.8608831,144.9844661
way/105438605,Stop 33: Argyle Street,wheelchair_accessible_place,,yes,,,Yarra Trams,,True,-37.8619765,144.984835
way/105438612,Stop 33: Argyle Street,wheelchair_accessible_place,,yes,,,Yarra Trams,,True,-37.8625585,144.9849314
way/105439760,Stop 34: Inkerman Street,wheelchair_accessible_place,,yes,,,Yarra Trams,,True,-37.8641911,144.9854853
way/105439761,Stop 34: Inkerman Street,wheelchair_accessible_place,,yes,,,Yarra Trams,,True,-37.8650034,144.9858608
way/105686526,Stop 35: Carlisle Street,wheelchair_accessible_place,,yes,,,Yarra Trams,,True,-37.8675336,144.9867272
way/105686531,Stop 35: Carlisle Street,wheelchair_accessible_place,,yes,,,Yarra Trams,,True,-37.8673977,144.9867571
way/106472437,Melbourne Star Observation Wheel,wheelchair_accessible_place,,yes,,,,,True,-37.8118724,144.93763
way/106474445,Stop D10: NewQuay,wheelchair_accessible_place,,yes,,,Yarra Trams,,True,-37.8137452,144.9406462
way/106474447,Stop D10: NewQuay,wheelchair_accessible_place,,yes,,,Yarra Trams,,True,-37.8133633,144.9413723
way/106599113,Stop 32: Chapel Street,wheelchair_accessible_place,,yes,,,Yarra Trams,,True,-37.8574693,144.9917721
way/106599130,Stop 32: Chapel Street,wheelchair_accessible_place,,yes,,,Yarra Trams,,True,-37.8574273,144.9918661
way/106604966,Stop 34: Westbury Street,wheelchair_accessible_place,,yes,,,Yarra Trams,,True,-37.8585598,144.9977041
way/106604968,Stop 34: The Avenue,wheelchair_accessible_place,,yes,,,Yarra Trams,,True,-37.8583946,144.9971099
way/106605319,Stop 35: Williams Road,wheelchair_accessible_place,,yes,,,Yarra Trams,,True,-37.8591074,145.0017403
way/106605324,Stop 35: Williams Road,wheelchair_accessible_place,,yes,,,Yarra Trams,,True,-37.8590499,145.0019441
way/106605801,Stop 36: Closeburn Avenue,wheelchair_accessible_place,,yes,,,Yarra Trams,,True,-37.8593974,145.0045135
way/106605804,Stop 36: Alexandra Street,wheelchair_accessible_place,,yes,,,Yarra Trams,,True,-37.8594686,145.0044166
way/106605810,Stop 37: Lansdowne Road,wheelchair_accessible_place,,yes,,,Yarra Trams,,True,-37.8597772,145.0073862
way/106605813,Stop 37: Lansdowne Road,wheelchair_accessible_place,,yes,,,Yarra Trams,,True,-37.8598621,145.0073967
way/106717083,Aldi,wheelchair_accessible_place,,yes,,Mo-Su 08:30-20:00,,,True,-37.8430635,145.2661744
way/106721364,Bunnings Trade,wheelchair_accessible_place,,yes,,Mo-Fr 06:30-17:00,,,True,-37.831565,145.2854531
way/107425933,Wheelchair Accessible Place,wheelchair_accessible_place,,yes,,,,,True,-37.8228709,144.962935
way/107692700,Woolworths,wheelchair_accessible_place,,yes,,Mo-Su 07:00-22:00,Woolworths Group,,True,-37.9095382,145.3526923
way/107787626,Belgrave Community Pharmacy,wheelchair_accessible_place,pharmacy,yes,,Mo-Fr 09:00-18:00; Sa 09:00-17:00; Su 10:00-14:00,,,True,-37.9095853,145.3535495
way/107988626,Centrelink,wheelchair_accessible_place,,yes,,Mo-Fr 08:30-16:30,,,True,-37.9090991,145.3541492
way/108058473,Wheelchair Accessible Place,wheelchair_accessible_place,parking,yes,,,,,True,-37.921772,145.0583951
way/108887143,Newmarket Plaza,wheelchair_accessible_place,,yes,,Mo-Su 06:00-24:00,,,True,-37.7872887,144.9279339
way/109230466,Melbourne Central,wheelchair_accessible_place,,yes,,Su-We 10:00-19:00; Th-Fr 10:00-21:00; Sa 10:00-19:00,,,True,-37.8107906,144.9627758
way/111779966,Masonic Centre Brunswick,wheelchair_accessible_place,,yes,,,,,True,-37.7568883,144.9647569
way/111977999,Reading Cinemas,wheelchair_accessible_place,cinema,yes,yes,,,,True,-37.7603719,145.3101425
way/112439984,Stop 64: Footscray Station,wheelchair_accessible_place,,yes,,,Yarra Trams,,True,-37.8013003,144.9009537
way/112553030,Wheelchair Accessible Place,wheelchair_accessible_place,,yes,,,,,True,-37.7558423,145.0684292
way/112553032,Wheelchair Accessible Place,wheelchair_accessible_place,,yes,,,,,True,-37.7557113,145.0685158
way/112648019,Stop 26: Melbourne Zoo,wheelchair_accessible_place,,yes,,,Yarra Trams,,True,-37.7825303,144.9492869
way/112648025,Stop 26: Melbourne Zoo,wheelchair_accessible_place,,yes,,,Yarra Trams,,True,-37.7824803,144.9491977
way/112651727,Stop 27: Royal Park Station,wheelchair_accessible_place,,yes,,,Yarra Trams,,True,-37.7808847,144.9507334
way/112651740,Stop 27: Royal Park Station,wheelchair_accessible_place,,yes,,,Yarra Trams,,True,-37.7809771,144.9507466
way/112653662,Stop 25: State Netball Hockey Centre,wheelchair_accessible_place,,yes,,,Yarra Trams,,True,-37.7844367,144.9488008
way/112653666,Stop 25: State Netball Hockey Centre,wheelchair_accessible_place,,yes,,,Yarra Trams,,True,-37.7844521,144.9486931
way/112653669,Stop 23: Macarthur Road,wheelchair_accessible_place,,yes,,,Yarra Trams,,True,-37.7879135,144.9497251
way/112653670,Stop 23: Macarthur Road,wheelchair_accessible_place,,yes,,,Yarra Trams,,True,-37.7879306,144.9496237
way/112752278,Wheelchair Accessible Place,wheelchair_accessible_place,,yes,,,,,True,-37.9688355,145.0109335
way/112766262,Stop 15: Murphy Street,wheelchair_accessible_place,,yes,,,Yarra Trams,,True,-37.7973947,144.9522833
way/112766264,Stop 15: Murphy Street,wheelchair_accessible_place,,yes,,,Yarra Trams,,True,-37.7977448,144.9525778
way/112974757,Caulfield-Frankston Rail Trail,wheelchair_accessible_place,,yes,,,,,True,-37.987442,145.0710002
way/113656397,Anstey Way,wheelchair_accessible_place,,yes,,,,,True,-37.7627282,144.9616804
way/113689449,Platform 8,wheelchair_accessible_place,,yes,,,,,True,-37.81858,144.9667334
way/113689450,Platform 7,wheelchair_accessible_place,,yes,,,,,True,-37.8184751,144.9666858
way/113695099,Southern Cross 9,wheelchair_accessible_place,,yes,,,Metro Trains Melbourne,,True,-37.8184588,144.9521587
way/113695106,Southern Cross 13,wheelchair_accessible_place,,yes,,,Metro Trains Melbourne,,True,-37.8185821,144.9517196
way/113695111,"Southern Cross 1, 2A & 2B",wheelchair_accessible_place,,yes,,,V/Line;NSW Trains;Great Southern Rail,,True,-37.8168613,144.952049
way/114392491,Commonwealth Bank,wheelchair_accessible_place,bank,yes,,Mo-Th 09:30-16:00; Fr 09:30-17:00,,,True,-37.9087263,145.3544619
way/114525376,Sooki Lounge,wheelchair_accessible_place,bar,yes,,"Mo 12:00+, Fr, Sa 08:00-03:00, We,Th,Su 08:00+",,,True,-37.9100657,145.3534507
node/114574448,DoubleTree by Hilton Hotel Melbourne - Flinders Street,wheelchair_accessible_place,,yes,,,Hilton,,True,-37.8177285,144.9653561
node/115049006,Canterbury,wheelchair_accessible_place,,yes,,,Metro Trains Melbourne,,True,-37.8247469,145.0807636
way/115824211,Wheelchair Accessible Place,wheelchair_accessible_place,toilets,yes,,24/7,Moreland City Council,,True,-37.7744723,144.9766545
way/117313933,Carrum Downs Trail,wheelchair_accessible_place,,yes,,,,,True,-38.109639,145.1695854
way/117313948,Carrum Downs Trail,wheelchair_accessible_place,,yes,,,,,True,-38.108484,145.1676735
way/117894665,Runway Secrets,wheelchair_accessible_place,,yes,no,,,,True,-37.8134402,144.9651118
way/117894667,Zara,wheelchair_accessible_place,,yes,,Mo-We 10:00-19:00; Th-Fr 10:00-21:00; Sa 10:00-20:00; Su 10:00-19:00,,,True,-37.8134487,144.9649352
way/117903562,Stop 5: Bourke Street Mall,wheelchair_accessible_place,,yes,,,Yarra Trams,,True,-37.8140768,144.9634969
way/117903569,Stop 5: Bourke Street Mall,wheelchair_accessible_place,,yes,,,Yarra Trams,,True,-37.8142024,144.9635596
way/119447494,Wheelchair Accessible Place,wheelchair_accessible_place,,yes,,,,,True,-37.6533415,144.9172157
way/119447503,Rokewood Milford Walkway,wheelchair_accessible_place,,yes,,,,,True,-37.6540166,144.9164595
way/119880934,Platform 2,wheelchair_accessible_place,,yes,,,Metro Trains Melbourne,,True,-37.8159008,145.2290962
way/124184194,Wheelchair Accessible Place,wheelchair_accessible_place,,yes,,,,,True,-38.105019,145.1355778
way/124702009,Albion,wheelchair_accessible_place,,yes,no,,Public Transport Victoria - Metro,,True,-37.7772065,144.8243771
way/125111837,The Pancake Parlour,wheelchair_accessible_place,restaurant,yes,,,,,True,-37.8812846,145.0901281
way/125254821,Wheelchair Accessible Place,wheelchair_accessible_place,,yes,,,,,True,-37.8448464,145.1112632
way/125254844,Wheelchair Accessible Place,wheelchair_accessible_place,,yes,,,,,True,-37.8449608,145.1105509
way/127306647,Wheelchair Accessible Place,wheelchair_accessible_place,,yes,,,,,True,-37.8164092,144.889777
way/127595640,Doherty Institute,wheelchair_accessible_place,,yes,,,University of Melbourne,,True,-37.8000636,144.9582736
way/128384084,Ruffey Creek Trail,wheelchair_accessible_place,,yes,,,,,True,-37.7727931,145.13499
way/128384085,Wheelchair Accessible Place,wheelchair_accessible_place,,yes,,,,,True,-37.7725349,145.1358894
way/129171568,Northcote Central,wheelchair_accessible_place,,yes,yes,"Sa 09:00-17:00, Su 11:00-16:00, Mo-Fr 09:00-17:00+",,,True,-37.768986,145.0001921
way/129531116,Jefferson Ford,wheelchair_accessible_place,,yes,,,,,True,-37.9777517,145.0668212
way/129833211,Mullum Mullum Trail,wheelchair_accessible_place,,yes,,,,,True,-37.771097,145.1868027
way/130521324,Platform 1,wheelchair_accessible_place,,yes,,,Metro Trains Melbourne,,True,-38.3740442,145.2213039
way/130521328,Stony Point,wheelchair_accessible_place,,yes,,,Metro Trains Melbourne,,True,-38.3740775,145.2216939
node/131107666,Mantra on Little Bourke,wheelchair_accessible_place,,yes,,24/7,Mantra,,True,-37.8145395,144.9590572
way/131707402,Wheelchair Accessible Place,wheelchair_accessible_place,,yes,,,,,True,-37.8164842,144.984726
way/131724921,Stop 8: Spring Street,wheelchair_accessible_place,,yes,,,Yarra Trams,,True,-37.8153977,144.9742878
way/131724924,Stop 8: Spring Street,wheelchair_accessible_place,,yes,,,Yarra Trams,,True,-37.8154701,144.9743232
way/131724931,Stop 8: Spring Street,wheelchair_accessible_place,,yes,,,Yarra Trams,,True,-37.8135081,144.9734358
way/131724954,Stop 8: Spring Street,wheelchair_accessible_place,,yes,,,Yarra Trams,,True,-37.8134465,144.9733483
way/131941024,City of Kingston Municipal Offices,wheelchair_accessible_place,townhall,yes,,,City of Kingston,,True,-37.9662318,145.0574908
way/132087621,Stop 61: Presbyterian Ladies College,wheelchair_accessible_place,,yes,,,Yarra Trams,,True,-37.8499804,145.105265
way/132087627,Stop 61: Presbyterian Ladies College,wheelchair_accessible_place,,yes,,,Yarra Trams,,True,-37.8499334,145.1059226
way/132414482,KFC,wheelchair_accessible_place,fast_food,yes,,Su-We 10:00-22:00; Th-Sa 10:00-23:00,,,True,-37.824893,145.2882705
way/132600974,Wheelchair Accessible Place,wheelchair_accessible_place,,yes,,,,,True,-37.817616,145.0089845
way/132924142,Stop 23: Hawthorn Bridge,wheelchair_accessible_place,,yes,,,Yarra Trams,,True,-37.8199288,145.0162605
way/132924166,Stop 23: Hawthorn Bridge,wheelchair_accessible_place,,yes,,,Yarra Trams,,True,-37.820024,145.0162876
way/134621259,Stop 1: Spencer Street,wheelchair_accessible_place,,yes,,,Yarra Trams,,True,-37.8209674,144.955596
way/134621277,Stop 1: Spencer Street,wheelchair_accessible_place,,yes,,,Yarra Trams,,True,-37.8208781,144.9556062
way/135165132,Wheelchair Accessible Place,wheelchair_accessible_place,,yes,,,,,True,-37.8192905,145.1235666
way/135241289,Platform 2,wheelchair_accessible_place,,yes,,,Metro Trains Melbourne,,True,-37.820138,145.1500273
way/135955016,Stop 1: Melbourne University,wheelchair_accessible_place,,yes,,"Mo-Th 04:59-01:06, Fr 04:59-24:00, Sa 00:00-24:00, Su 00:00-24:37, PH Mo-Th 04:58-01:06, PH Fr 04:58-24:00, PH Sa 00:00-24:00, PH Su 00:00-24:37",Yarra Trams,,True,-37.7990138,144.9642202
way/135955605,Stop 3: Lincoln Square,wheelchair_accessible_place,,yes,,,Yarra Trams,,True,-37.8023369,144.9637034
way/135955606,Stop 3: Lincoln Square,wheelchair_accessible_place,,yes,,,Yarra Trams,,True,-37.8022897,144.9636026
way/135984683,Stop 4: Queensberry Street,wheelchair_accessible_place,,yes,,,Yarra Trams,,True,-37.8053797,144.9630697
way/135984686,Stop 4: Queensberry Street,wheelchair_accessible_place,,yes,,,Yarra Trams,,True,-37.805419,144.9631689
way/135985451,Stop 9: Haymarket,wheelchair_accessible_place,,yes,,,Yarra Trams,,True,-37.8021591,144.9576683
way/135985452,Stop 9: Haymarket,wheelchair_accessible_place,,yes,,,Yarra Trams,,True,-37.8020071,144.9574857
way/136388818,Preston Market,wheelchair_accessible_place,marketplace,yes,,"We-Th,Sa-Su 08:00-15:00; Fr 08:00-18:00; Mo-Tu closed",,,True,-37.7389668,145.0019879
way/136466950,Wheelchair Accessible Place,wheelchair_accessible_place,toilets,yes,,,,,True,-37.7521549,145.0988472
way/136479661,Wheelchair Accessible Place,wheelchair_accessible_place,,yes,,,,,True,-38.0492926,145.1424289
node/137010639,Wheelchair Accessible Place,wheelchair_accessible_place,toilets,yes,,,,,True,-37.8907122,145.1441694
way/138659106,Platform 2,wheelchair_accessible_place,,yes,,,Metro Trains Melbourne,,True,-37.6521271,145.032296
way/139193205,Oaks on Market,wheelchair_accessible_place,,yes,,,,,True,-37.8177802,144.9608374
way/141175952,Stop 19: Royal Children's Hospital,wheelchair_accessible_place,,yes,,,Yarra Trams,,True,-37.794147,144.9480607
way/141175954,Stop 19: Royal Children's Hospital,wheelchair_accessible_place,,yes,,,Yarra Trams,,True,-37.7940894,144.9481362
way/141196274,Nunawading Police Complex,wheelchair_accessible_place,police,yes,,,Victoria Police,,True,-37.8173269,145.1832752
way/142248400,Coronella Retirement Home,wheelchair_accessible_place,social_facility,yes,,,AdventCare,,True,-37.8240049,145.1689186
way/142254158,Coronella Retirement Village,wheelchair_accessible_place,social_facility,yes,,,AdventCare,,True,-37.8226485,145.1711503
way/142746897,Baptcare Hedley Sutton aged care,wheelchair_accessible_place,nursing_home,yes,,,Baptcare,,True,-37.8211814,145.0627748
way/145399472,Wheelchair Accessible Place,wheelchair_accessible_place,,yes,,,,,True,-38.3103608,144.6645458
way/147610145,Wheelchair Accessible Place,wheelchair_accessible_place,toilets,yes,,,,,True,-38.3193267,144.7131589
way/148170101,St Andrews Beach Brewery,wheelchair_accessible_place,pub,yes,,,,,True,-38.418538,144.8600412
way/148936203,St. Martin's Anglican,wheelchair_accessible_place,place_of_worship,yes,,,,,True,-37.926147,145.354148
way/148936208,Wheelchair Accessible Place,wheelchair_accessible_place,toilets,yes,,,,,True,-37.9264795,145.3543952
way/149557312,Wheelchair Accessible Place,wheelchair_accessible_place,,yes,,,,,True,-38.0207106,145.1215719
way/152173749,Wheelchair Accessible Place,wheelchair_accessible_place,,yes,,,,,True,-37.8198683,145.0201832
way/152173780,Wheelchair Accessible Place,wheelchair_accessible_place,,yes,,,,,True,-37.8202259,145.0200928
way/154296947,1 Hotel Melbourne,wheelchair_accessible_place,,yes,,,,,True,-37.8228752,144.9502883
way/156925825,North Court,wheelchair_accessible_place,,yes,,,University of Melbourne,,True,-37.7965956,144.9609771
way/157186413,Bentleigh Library,wheelchair_accessible_place,library,yes,,,,,True,-37.9195196,145.040771
way/158029742,Ernie's Cafe,wheelchair_accessible_place,cafe,yes,,,,,True,-38.1727701,145.1494573
way/158190193,Wheelchair Accessible Place,wheelchair_accessible_place,,yes,,,,,True,-38.172751,145.149207
way/158305621,Chadstone Lifestyle Precinct,wheelchair_accessible_place,,yes,,,,,True,-37.8774742,145.0924922
way/159645431,Belgrave Medical Clinic,wheelchair_accessible_place,doctors,yes,,Mo-Th 08:30-20:00; Fr 08:30-17:30; Sa 08:30-12:00,,,True,-37.906904,145.3471639
way/159810917,IGA,wheelchair_accessible_place,,yes,,Mo-Sa 07:00-19:30; Su 08:00-19:30,,,True,-37.9041781,145.3311819
way/160088478,Upwey Village Pies and Cakes,wheelchair_accessible_place,,yes,,,,,True,-37.9034146,145.3305721
way/160098928,Wheelchair Accessible Place,wheelchair_accessible_place,toilets,yes,,,,,True,-38.3539511,144.9500446
way/161008896,Stop 42: Kooyong Road,wheelchair_accessible_place,,yes,,,Yarra Trams,,True,-37.8625726,145.0190233
way/161008902,Stop 42: Kooyong Road,wheelchair_accessible_place,,yes,,,Yarra Trams,,True,-37.8624988,145.0190703
way/161050435,Stop 48: Hawthorn Road,wheelchair_accessible_place,,yes,,,Yarra Trams,,True,-37.8653653,145.0256356
way/161050440,Stop 48: Hawthorn Road,wheelchair_accessible_place,,yes,,,Yarra Trams,,True,-37.865421,145.0255484
way/161050442,Stop 48: Hawthorn Road,wheelchair_accessible_place,,yes,,,Yarra Trams,,True,-37.8658702,145.0265732
way/161050443,Stop 48: Hawthorn Road,wheelchair_accessible_place,,yes,,,Yarra Trams,,True,-37.8657939,145.026631
way/161615915,100 Leicester St (Building 278),wheelchair_accessible_place,,yes,,,University of Melbourne,Faculty of Education,True,-37.8037183,144.9608631
way/161622443,Collingwood Leisure Centre,wheelchair_accessible_place,,yes,,Mo-Th 6:00-21:00; Fr 6:00-20:00; Sa-Su 6:00-20:00,City of Yarra,,True,-37.7889578,144.9940979
way/162370763,ALDI,wheelchair_accessible_place,,yes,,Mo-Su 08:30-20:00,Aldi,,True,-38.076667,145.1235678
way/162692129,Smile Place Dental,wheelchair_accessible_place,dentist,yes,,"Mo-Th 09:00-19:00; Fr, Sa 09:00-17:00",,,True,-37.9078487,145.3483543
way/165178821,Stop 51: Highpoint Shopping Centre,wheelchair_accessible_place,,yes,,,Yarra Trams,,True,-37.7761904,144.8856642
way/165178823,Stop 51: Highpoint Shopping Centre,wheelchair_accessible_place,,yes,,,Yarra Trams,,True,-37.7761393,144.8855623
way/165183150,Stop 52: River Street,wheelchair_accessible_place,,yes,,,Yarra Trams,,True,-37.7784135,144.8852314
way/165183311,Stop 52: River Street,wheelchair_accessible_place,,yes,,,Yarra Trams,,True,-37.7793394,144.8858476
way/166121988,Stop 38: Orrong Road,wheelchair_accessible_place,,yes,,,Yarra Trams,,True,-37.8602404,145.0109908
way/166121992,Stop 40: Wattletree Road,wheelchair_accessible_place,,yes,,,Yarra Trams,,True,-37.8608138,145.0146125
way/166122000,Stop 40: Wattletree Road,wheelchair_accessible_place,,yes,,,Yarra Trams,,True,-37.8608093,145.0150393
way/166122006,Stop 38: Orrong Road,wheelchair_accessible_place,,yes,,,Yarra Trams,,True,-37.8603358,145.0109355
way/168069190,570 Bourke Street,wheelchair_accessible_place,,yes,,,,,True,-37.8155139,144.9567609
way/168117453,Atlantis Hotel,wheelchair_accessible_place,,yes,,,,,True,-37.8136272,144.9520121
way/168962096,Wheelchair Accessible Place,wheelchair_accessible_place,parking,yes,,,,,True,-37.5913697,144.9046985
way/169723285,Merri-bek Civic Centre,wheelchair_accessible_place,townhall,yes,,,Merri-bek City Council,,True,-37.7410644,144.9695295
way/172237653,Wheelchair Accessible Place,wheelchair_accessible_place,toilets,yes,,,,,True,-38.4932054,144.8887927
way/173759102,Wheelchair Accessible Place,wheelchair_accessible_place,toilets,yes,,24/7,,,True,-37.8804815,144.7349845
way/174718734,Wheelchair Accessible Place,wheelchair_accessible_place,,yes,,,,,True,-37.7703741,145.3530897
node/174844923,Novotel Melbourne on Collins,wheelchair_accessible_place,,yes,yes,,Accor Hotels,,True,-37.815692,144.9649494
way/175856898,BP Montmorency,wheelchair_accessible_place,fuel,yes,,Mo-Sa 06:00-21:00; Su 07:00-20:00,,,True,-37.7169932,145.1219712
way/175947381,Wheelchair Accessible Place,wheelchair_accessible_place,,yes,,,,,True,-37.7654502,145.3490364
way/176315220,Wheelchair Accessible Place,wheelchair_accessible_place,,yes,,,,,True,-37.7503643,145.1751067
node/176668273,Melbourne On Swanston Hotel,wheelchair_accessible_place,,yes,,,Pullman Hotels and Resorts,,True,-37.8130976,144.9649711
way/177233350,Wells Fargo,wheelchair_accessible_place,bank,yes,,Mo-Fr 09:00-17:00; Sa 09:00-12:00; Su off,,,True,28.0794752,-80.6523444
way/177482306,South Court,wheelchair_accessible_place,,yes,,,University of Melbourne,,True,-37.7973206,144.9610674
way/177617220,Wheelchair Accessible Place,wheelchair_accessible_place,,yes,,,,,True,-37.7197823,145.1396564
way/177627635,McAlpin Reserve Walk,wheelchair_accessible_place,,yes,,,,,True,-37.790234,145.2433632
way/177627636,Joe Licheri Walkway,wheelchair_accessible_place,,yes,,,,,True,-37.7886211,145.2432579
way/177627637,McAlpin Reserve Walk,wheelchair_accessible_place,,yes,,,,,True,-37.7865262,145.2420805
way/177627971,McAlpin Reserve Walk,wheelchair_accessible_place,,yes,,,,,True,-37.790625,145.2429347
way/178265677,Wheelchair Accessible Place,wheelchair_accessible_place,toilets,yes,,,,,True,-37.7128738,145.043659
way/178268570,Public Toilets,wheelchair_accessible_place,toilets,yes,,,,,True,-37.7103269,145.0459643
way/178268571,Public Toilets,wheelchair_accessible_place,toilets,yes,,,,,True,-37.7086407,145.0462668
way/178314490,Wheelchair Accessible Place,wheelchair_accessible_place,,yes,,,,,True,-37.975799,145.0155648
way/180072288,Woolworths,wheelchair_accessible_place,,yes,,06:00-24:00,Woolworths Group,,True,-37.866424,145.0937422
way/180815819,Wheelchair Accessible Place,wheelchair_accessible_place,parking,yes,no,,,,True,-37.9932566,145.07724
way/185447214,"Southern Cross 3A, 3B, 4A & 4B",wheelchair_accessible_place,,yes,,,V/Line,,True,-37.81711,144.9519937
way/185447222,Platform 8S,wheelchair_accessible_place,,yes,,,V/Line,,True,-37.8196817,144.9532905
way/185447226,"Southern Cross 5A, 5B, 6A & 6B",wheelchair_accessible_place,,yes,,,V/Line,,True,-37.8177543,144.9522406
way/185737823,Wheelchair Accessible Place,wheelchair_accessible_place,,yes,,,,,True,-37.8183344,144.9670455
way/188284706,cohealth Collingwood,wheelchair_accessible_place,doctors,yes,,Mo-We 8:30-18:00;Th 8:30-19:00;Fr 8:30-18:00;Sa 9:00-12:00,,,True,-37.798744,144.9926063
way/188434970,Collingwood Library,wheelchair_accessible_place,library,yes,,Mo 13:00-18:00; Tu 10:00-18:00; We 13:00-20:00; Th 10:00-20:00; Fr 10:00-18:00; Sa 10:00-15:00; Su 14:00-17:00,City of Yarra,,True,-37.8045216,144.9930269
way/189156083,RMIT Design Hub,wheelchair_accessible_place,,yes,,,RMIT University,,True,-37.8062184,144.9626801
way/189992767,Seaford Beach Cabin Park,wheelchair_accessible_place,,yes,,,,,True,-38.1205382,145.1253733
way/190527942,Wheelchair Accessible Place,wheelchair_accessible_place,,yes,,,,,True,-37.8326392,144.9693909
way/190672819,Wheelchair Accessible Place,wheelchair_accessible_place,toilets,yes,,,,,True,-37.7773112,145.1444334
way/190672824,Ruffey Lake Circuit,wheelchair_accessible_place,,yes,,,,,True,-37.7785182,145.1448653
way/190672831,Ruffey Lake Circuit,wheelchair_accessible_place,,yes,,,,,True,-37.7782249,145.1447473
way/190680157,WaterMarc,wheelchair_accessible_place,,yes,,"Mo-Fr 06:00-21:30; Sa,Su 07:00-19:30",Belgravia Leisure,,True,-37.7043398,145.1046339
way/190680169,Wheelchair Accessible Place,wheelchair_accessible_place,,yes,,,,,True,-37.7042866,145.1053122
way/190680174,Wheelchair Accessible Place,wheelchair_accessible_place,,yes,,,,,True,-37.7038119,145.104932
way/190680175,Wheelchair Accessible Place,wheelchair_accessible_place,,yes,,,,,True,-37.7035796,145.1047095
way/190695333,Deakin University Library,wheelchair_accessible_place,library,yes,yes,,,,True,-37.8470043,145.1147565
way/191508249,Jaycar,wheelchair_accessible_place,,yes,,"Mo-Th 08:30-17:30; Fr 08:30-19:30; Sa 08:30-17:00; Su 10:00-17:00; PH 10:00-16:00; easter -2 days,Dec 25 off",,,True,-37.9314696,145.1552522
way/192241738,Bottlemart,wheelchair_accessible_place,,yes,,,,,True,-38.1535521,145.1852681
way/192241739,Bubba pizza,wheelchair_accessible_place,fast_food,yes,,"Mo-Th 16:00-10:00, Fr 12:00-22:30, Sa 12:00-22:00, Su 14:00-22:00",,,True,-38.1535275,145.1853537
way/192241743,Wholelife Pharmacy,wheelchair_accessible_place,pharmacy,yes,,"Mo-Fr 08:30-19:00; Sa,Su 09:00-17:00",,,True,-38.1535517,145.1850551
way/192241747,Langwarrin Service Centre,wheelchair_accessible_place,,yes,,,,,True,-38.1535734,145.1846901
way/193423386,Glen Iris Road Uniting Church,wheelchair_accessible_place,place_of_worship,yes,,,,,True,-37.8607203,145.0655658
way/193631400,Wheelchair Accessible Place,wheelchair_accessible_place,toilets,yes,,,,,True,28.079436,-80.6007732
way/194204572,Aldi,wheelchair_accessible_place,,yes,,"Mo,Sa,Su 08:30-20:00; Tu 08:30-21:00; We 08:30-19:00, Fr 09:00-19:00",,,True,-38.0447475,145.3679958
way/197877897,Wheelchair Accessible Place,wheelchair_accessible_place,,yes,,,,,True,-37.5905135,144.9052815
way/198108152,Wheelchair Accessible Place,wheelchair_accessible_place,toilets,yes,,,,,True,-37.8387303,145.1042537
way/198108153,Band Stand,wheelchair_accessible_place,,yes,,,,,True,-37.8382105,145.1044952
way/198868983,Stanley Grose Pavillion,wheelchair_accessible_place,,yes,,,,,True,-37.8708808,145.0661372
way/200237951,Wheelchair Accessible Place,wheelchair_accessible_place,,yes,,,,,True,-37.8334302,144.9688421
way/201711232,Dandenong Police Station,wheelchair_accessible_place,police,yes,,,Victoria Police,,True,-37.9902705,145.2171326
way/201711233,Dandenong Magistrates' Court,wheelchair_accessible_place,courthouse,yes,,,Government of Victoria,,True,-37.9898973,145.2165536
way/202622737,Pick-A-Part,wheelchair_accessible_place,,yes,,Mo-Sa 09:00-16:30,,,True,-37.82102,145.3237299
way/202797744,Stop 70: Janefield Drive,wheelchair_accessible_place,,yes,,,Yarra Trams,,True,-37.6821753,145.0689652
way/202799111,Stop 70: Clements Drive,wheelchair_accessible_place,,yes,,,Yarra Trams,,True,-37.6814403,145.069
way/203464560,Platform 2,wheelchair_accessible_place,,yes,,,,,True,-38.0711905,145.4376629
way/204339724,Q,wheelchair_accessible_place,,yes,,,,,True,-37.7401898,144.9975989
way/204339726,A,wheelchair_accessible_place,,yes,,,,,True,-37.7419066,144.9978676
way/204339727,K,wheelchair_accessible_place,,yes,,,,,True,-37.7428024,144.9964056
way/204339731,C,wheelchair_accessible_place,library,yes,,Mo-Th 08:30-20:00; Fr 08:30-17:00; Sa 10:00-15:00,,,True,-37.7428857,144.9973876
way/204339735,D,wheelchair_accessible_place,,yes,,,,,True,-37.7429204,144.9970164
way/204339738,G,wheelchair_accessible_place,,yes,,,,,True,-37.7422411,144.9974406
way/204339742,E,wheelchair_accessible_place,,yes,,,,,True,-37.7417233,144.9976737
way/204339743,B,wheelchair_accessible_place,,yes,,,,,True,-37.7424413,144.9976858
way/205015147,Platforms 1 & 2,wheelchair_accessible_place,,yes,,,Metro Trains Melbourne,,True,-38.0999204,145.2810604
way/205415905,Wheelchair Accessible Place,wheelchair_accessible_place,,yes,,,,,True,-37.9401899,145.0882623
way/205419041,Bunnings Warehouse,wheelchair_accessible_place,,yes,,Mo-Fr 06:30-19:00; Sa-Su 07:00-19:00,Wesfarmers,,True,-37.7576332,145.3473927
way/205624854,NewHope Baptist Church,wheelchair_accessible_place,,yes,,,,,True,-37.808558,145.1414224
way/206039715,St Kilda Delivery Centre,wheelchair_accessible_place,post_office,yes,,,Australia Post,,True,-37.8714115,144.9901755
way/207133840,F,wheelchair_accessible_place,,yes,,,,,True,-37.7413359,144.9979364
way/207147456,Wheelchair Accessible Place,wheelchair_accessible_place,,yes,,,,,True,-38.108842,145.1675593
way/207552362,Wheelchair Accessible Place,wheelchair_accessible_place,,yes,,,,,True,-37.8439823,145.1141288
way/207651871,Glen Waverley Police Station,wheelchair_accessible_place,police,yes,,,Victoria Police,,True,-37.9033335,145.1641448
way/207979911,Stop 11: Collins Street,wheelchair_accessible_place,,yes,,,Yarra Trams,,True,-37.8160115,144.9668428
way/207981353,Stop 6: Town Hall,wheelchair_accessible_place,,yes,no,,Yarra Trams,,True,-37.8155831,144.9660538
way/207981355,Stop 6: Town Hall,wheelchair_accessible_place,,yes,no,,Yarra Trams,,True,-37.8156589,144.9660918
way/207981487,Stop 11: Collins Street,wheelchair_accessible_place,,yes,,,Yarra Trams,,True,-37.8160417,144.9667246
way/208506996,Stop 9: Spring Street,wheelchair_accessible_place,,yes,,,Yarra Trams,,True,-37.8115377,144.9722378
way/208507089,Stop 9: Spring Street,wheelchair_accessible_place,,yes,,,Yarra Trams,,True,-37.8115011,144.9726548
way/208554603,Stop 7: Russell Street,wheelchair_accessible_place,,yes,,,Yarra Trams,,True,-37.8126934,144.9685931
way/208555094,Stop 7: Russell Street,wheelchair_accessible_place,,yes,,,Yarra Trams,,True,-37.8124783,144.9690248
way/208555241,Stop 6: Swanston Street,wheelchair_accessible_place,,yes,,,Yarra Trams,,True,-37.8133244,144.96611
way/208555242,Stop 6: Swanston Street,wheelchair_accessible_place,,yes,,,Yarra Trams,,True,-37.8134396,144.9661611
way/208678386,Stop 10: Parliament Station,wheelchair_accessible_place,,yes,,,Yarra Trams,,True,-37.8095883,144.9729587
way/208678387,Stop 10: Parliament Station,wheelchair_accessible_place,,yes,,,Yarra Trams,,True,-37.8095752,144.972851
way/208795255,Stop 1: Flinders Street Station,wheelchair_accessible_place,,yes,,,Yarra Trams,,True,-37.8176821,144.9647388
way/208800814,Stop 7: Queen Victoria Market,wheelchair_accessible_place,,yes,,,Yarra Trams,,True,-37.8067337,144.9596592
way/208800815,Stop 7: Queen Victoria Market,wheelchair_accessible_place,,yes,,,Yarra Trams,,True,-37.8067132,144.9597634
way/208801846,Stop 8: Melbourne Central Station,wheelchair_accessible_place,,yes,,,Yarra Trams,,True,-37.8101229,144.9639858
way/208801850,Stop 8: Melbourne Central Station,wheelchair_accessible_place,,yes,,,Yarra Trams,,True,-37.8100734,144.9641452
way/208802105,Stop 7: RMIT University,wheelchair_accessible_place,,yes,,,Yarra Trams,,True,-37.8079716,144.9631746
way/208802106,Stop 7: RMIT University,wheelchair_accessible_place,,yes,,,Yarra Trams,,True,-37.8080152,144.9630113
way/209004318,St Thomas,wheelchair_accessible_place,place_of_worship,yes,,,,,True,-38.164693,145.1891046
way/209681521,Wheelchair Accessible Place,wheelchair_accessible_place,,yes,,,,,True,-38.0771689,145.1212818
way/209935872,St. Georges,wheelchair_accessible_place,restaurant,yes,,,Melbourne Polytechnic,,True,-37.7429591,144.9967318
way/210346471,Stop 29: Arthurton Road,wheelchair_accessible_place,,yes,,,Yarra Trams,,True,-37.7680285,144.9916318
way/210346635,Stop 29: Arthurton Road,wheelchair_accessible_place,,yes,,,Yarra Trams,,True,-37.7686927,144.9912198
way/210346938,Stop 30: Gladstone Avenue,wheelchair_accessible_place,,yes,,,Yarra Trams,,True,-37.7654134,144.9919395
way/210346965,Stop 30: Gladstone Avenue,wheelchair_accessible_place,,yes,,,Yarra Trams,,True,-37.7650814,144.9921715
way/210347201,Stop 31: Bird Avenue,wheelchair_accessible_place,,yes,,,Yarra Trams,,True,-37.7625348,144.9925013
way/210347202,Stop 31: Gadd Street,wheelchair_accessible_place,,yes,,,Yarra Trams,,True,-37.7625108,144.9926883
way/210347256,Stop 32: Normanby Avenue,wheelchair_accessible_place,,yes,,,Yarra Trams,,True,-37.7591017,144.9932005
way/210347331,Stop 32: Normanby Avenue,wheelchair_accessible_place,,yes,,,Yarra Trams,,True,-37.7583628,144.9935281
way/210347432,Stop 33: Hutton Street,wheelchair_accessible_place,,yes,,,Yarra Trams,,True,-37.7549691,144.9942257
way/210347433,Stop 33: Hutton Street,wheelchair_accessible_place,,yes,,,Yarra Trams,,True,-37.7555591,144.9939103
way/210572947,Stop 27: Westgarth Street,wheelchair_accessible_place,,yes,,,Yarra Trams,,True,-37.7806051,144.9967713
way/210573397,Stop 30: Clarke Street,wheelchair_accessible_place,,yes,,,Yarra Trams,,True,-37.7769399,144.9974739
way/210731871,Stop 16: Haines Street,wheelchair_accessible_place,,yes,,,Yarra Trams,,True,-37.7980828,144.9463852
way/210731873,Stop 16: Haines Street,wheelchair_accessible_place,,yes,,,Yarra Trams,,True,-37.7980721,144.9462891
way/210732277,Stop 15: Arden Street,wheelchair_accessible_place,,yes,,,Yarra Trams,,True,-37.8008746,144.9458895
way/210732278,Stop 15: Arden Street,wheelchair_accessible_place,,yes,,,Yarra Trams,,True,-37.800876,144.9457906
way/210941627,Stop 10: Victoria Street,wheelchair_accessible_place,,yes,,,Yarra Trams,,True,-37.8055284,144.9559918
way/210941628,Stop 10: Victoria Street,wheelchair_accessible_place,,yes,,,Yarra Trams,,True,-37.8055399,144.9560969
way/211244687,Stop 31: Northcote Town Hall,wheelchair_accessible_place,,yes,,,Yarra Trams,,True,-37.7748386,144.997836
way/211244688,Stop 31: Northcote Town Hall,wheelchair_accessible_place,,yes,,,Yarra Trams,,True,-37.7748574,144.9979629
way/211245820,Stop 32: Mitchell Street,wheelchair_accessible_place,,yes,,,Yarra Trams,,True,-37.7712553,144.9987
way/211245821,Stop 32: Mitchell Street,wheelchair_accessible_place,,yes,,,Yarra Trams,,True,-37.7712409,144.9985576
way/211250274,Ashburton Baptist Church,wheelchair_accessible_place,place_of_worship,yes,,We-Fr 09:00-15:00; Su 09:30-12:30,,,True,-37.8622153,145.0789591
way/211257947,Stop 26: Walker Street,wheelchair_accessible_place,,yes,,,Yarra Trams,,True,-37.7837552,144.9962252
way/211257950,Stop 26: Walker Street,wheelchair_accessible_place,,yes,,,Yarra Trams,,True,-37.7837435,144.9961286
way/211401443,Stop 22: Smith Street,wheelchair_accessible_place,,yes,,,Yarra Trams,,True,-37.7904949,144.9863018
way/211401444,Stop 22: Smith Street,wheelchair_accessible_place,,yes,,,Yarra Trams,,True,-37.7905581,144.9863639
way/211401478,Stop 23: Wellington Street,wheelchair_accessible_place,,yes,,,Yarra Trams,,True,-37.789677,144.9884876
way/211401479,Stop 23: Wellington Street,wheelchair_accessible_place,,yes,,,Yarra Trams,,True,-37.7895709,144.9885271
way/211401509,Stop 24: Gold Street,wheelchair_accessible_place,,yes,,,Yarra Trams,,True,-37.7888662,144.9904505
way/211401944,Stop 24: Michael Street,wheelchair_accessible_place,,yes,,,Yarra Trams,,True,-37.7884402,144.9912553
way/211435681,Stop 69: Taunton Drive,wheelchair_accessible_place,,yes,,,Yarra Trams,,True,-37.688092,145.0665965
way/211435782,Stop 69: Taunton Drive,wheelchair_accessible_place,,yes,,,Yarra Trams,,True,-37.6880637,145.0667575
way/211438431,Stop 68: Greenhills Road,wheelchair_accessible_place,,yes,,,Yarra Trams,,True,-37.6917728,145.0630313
way/211438432,Stop 68: Greenhills Road,wheelchair_accessible_place,,yes,,,Yarra Trams,,True,-37.691828,145.0631241
way/211440106,Stop 67: Bundoora Square Shopping Centre,wheelchair_accessible_place,,yes,,,Yarra Trams,,True,-37.6957748,145.0596574
way/211440108,Stop 67: Bundoora Square Shopping Centre,wheelchair_accessible_place,,yes,,,Yarra Trams,,True,-37.6957567,145.0595423
way/211557576,Stop 64: Mount Cooper Drive,wheelchair_accessible_place,,yes,,,Yarra Trams,,True,-37.7037778,145.0558486
way/211557577,Stop 64: Mount Cooper Drive,wheelchair_accessible_place,,yes,,,Yarra Trams,,True,-37.7037969,145.0559773
way/211558241,Stop 66: Settlement Road,wheelchair_accessible_place,,yes,,,Yarra Trams,,True,-37.6980937,145.0587983
way/211558375,Stop 66: Settlement Road,wheelchair_accessible_place,,yes,,,Yarra Trams,,True,-37.6981117,145.0588939
way/211559104,Stop 65: Grimshaw Street,wheelchair_accessible_place,,yes,,,Yarra Trams,,True,-37.6997411,145.0583756
way/211559169,Stop 65: Grimshaw Street,wheelchair_accessible_place,,yes,,,Yarra Trams,,True,-37.700278,145.0581406
way/211559725,Stop 63: Greenwood Drive,wheelchair_accessible_place,,yes,,,Yarra Trams,,True,-37.7074767,145.0521127
way/211559830,Stop 63: Greenwood Drive,wheelchair_accessible_place,,yes,,,Yarra Trams,,True,-37.7080203,145.0517156
way/211572664,Stop 61: Bundoora Park,wheelchair_accessible_place,,yes,,,Yarra Trams,,True,-37.7125517,145.0462653
way/211572665,Stop 61: Bundoora Park,wheelchair_accessible_place,,yes,,,Yarra Trams,,True,-37.713076,145.0457006
way/211572700,Stop 62: Bundoora Metropolitan Fire Brigade,wheelchair_accessible_place,,yes,,,Yarra Trams,,True,-37.7103642,145.0492919
way/211573129,Stop 62: Bundoora Metropolitan Fire Brigade,wheelchair_accessible_place,,yes,,,Yarra Trams,,True,-37.7106521,145.0488086
way/211618588,Stop 60: La Trobe University,wheelchair_accessible_place,,yes,,,Yarra Trams,,True,-37.7165799,145.043161
way/211619092,Stop 60: La Trobe University,wheelchair_accessible_place,,yes,,,Yarra Trams,,True,-37.7172958,145.0428189
way/211619520,Stop 59: Preston Cemetery,wheelchair_accessible_place,,yes,,,Yarra Trams,,True,-37.7190566,145.0394408
way/211619704,Stop 59: Preston Cemetery,wheelchair_accessible_place,,yes,,,Yarra Trams,,True,-37.7189796,145.039916
way/211620241,Stop 58: Browning Street,wheelchair_accessible_place,,yes,,,Yarra Trams,,True,-37.7200234,145.0370888
way/211620365,Stop 58: Browning Street,wheelchair_accessible_place,,yes,,,Yarra Trams,,True,-37.720096,145.0366337
way/211640262,Stop 57: Reservoir High School,wheelchair_accessible_place,,yes,,,Yarra Trams,,True,-37.7227836,145.0298692
way/211640263,Stop 57: Reservoir High School,wheelchair_accessible_place,,yes,,,Yarra Trams,,True,-37.7225857,145.0304195
way/211640691,Stop 56: Loddon Avenue,wheelchair_accessible_place,,yes,,,Yarra Trams,,True,-37.7240465,145.0277062
way/211640692,Stop 56: Loddon Avenue,wheelchair_accessible_place,,yes,,,Yarra Trams,,True,-37.7244715,145.0271678
way/211641512,Stop 55: Albert Street,wheelchair_accessible_place,,yes,,,Yarra Trams,,True,-37.7255356,145.0228659
way/211641859,Stop 55: Boldrewood Parade,wheelchair_accessible_place,,yes,,,Yarra Trams,,True,-37.7254614,145.0228383
way/211789338,Stop 59: Matthews Avenue,wheelchair_accessible_place,,yes,,,Yarra Trams,,True,-37.7137707,144.8905186
way/211795941,Stop 58: Marshall Road,wheelchair_accessible_place,,yes,,,Yarra Trams,,True,-37.7185969,144.891949
way/211795942,Stop 58: Marshall Road,wheelchair_accessible_place,,yes,,,Yarra Trams,,True,-37.7182133,144.8921066
way/211797335,Stop 57: Hawker Street,wheelchair_accessible_place,,yes,,,Yarra Trams,,True,-37.7232206,144.8912616
way/211797336,Stop 57: Hawker Street,wheelchair_accessible_place,,yes,,,Yarra Trams,,True,-37.7228219,144.8914214
way/211814347,Stop 56: Earl Street,wheelchair_accessible_place,,yes,,,Yarra Trams,,True,-37.7272653,144.8905973
way/211814348,Stop 56: Earl Street,wheelchair_accessible_place,,yes,,,Yarra Trams,,True,-37.7272744,144.8906902
way/211814938,Stop 55: Cameron Street,wheelchair_accessible_place,,yes,,,Yarra Trams,,True,-37.7301563,144.8901132
way/211815214,Stop 55: Cameron Street,wheelchair_accessible_place,,yes,,,Yarra Trams,,True,-37.7297643,144.8902746
way/211816426,Stop 54: Fullarton Road,wheelchair_accessible_place,,yes,,,Yarra Trams,,True,-37.7321833,144.8898725
way/211816427,Stop 54: Fullarton Road,wheelchair_accessible_place,,yes,,,Yarra Trams,,True,-37.7325716,144.8897108
way/211816744,Stop 53: Keilor Road,wheelchair_accessible_place,,yes,,,Yarra Trams,,True,-37.7351027,144.8893872
way/211816745,Stop 53: Keilor Road,wheelchair_accessible_place,,yes,,,Yarra Trams,,True,-37.7350942,144.8892897
way/213205500,Stop 54: Gordon Street,wheelchair_accessible_place,,yes,,,Yarra Trams,,True,-37.7799871,144.89101
way/213205501,Stop 54: Gordon Street,wheelchair_accessible_place,,yes,,,Yarra Trams,,True,-37.7799069,144.8910256
way/213205585,Stop 53: Maribyrnong Secondary College,wheelchair_accessible_place,,yes,,,Yarra Trams,,True,-37.7795962,144.887873
way/213205586,Stop 53: Maribyrnong Secondary College,wheelchair_accessible_place,,yes,,,Yarra Trams,,True,-37.779512,144.8878899
way/213908812,Stop 44: Thorn Street,wheelchair_accessible_place,,yes,,,Yarra Trams,,True,-37.7480013,144.9126936
way/213908997,Stop 44: Thorn Street,wheelchair_accessible_place,,yes,,,Yarra Trams,,True,-37.7484912,144.9128942
way/213909724,Stop 43: Thistle Street,wheelchair_accessible_place,,yes,,,Yarra Trams,,True,-37.7507158,144.9144198
way/213909725,Stop 43: Brewster Street,wheelchair_accessible_place,,yes,,,Yarra Trams,,True,-37.7501558,144.9141631
way/213909937,Stop 42: Grice Crescent,wheelchair_accessible_place,,yes,,,Yarra Trams,,True,-37.7525581,144.9158135
way/213909938,Stop 42: Shamrock Street,wheelchair_accessible_place,,yes,,,Yarra Trams,,True,-37.752603,144.9157146
way/214158661,Stop 18: Hoddle Street,wheelchair_accessible_place,,yes,,,Yarra Trams,,True,-37.8097836,144.990415
way/214158663,Stop 18: Hoddle Street,wheelchair_accessible_place,,yes,,,Yarra Trams,,True,-37.8097135,144.9905534
way/214161910,Stop 16: Wellington Street,wheelchair_accessible_place,,yes,,,Yarra Trams,,True,-37.809311,144.985966
way/214161912,Stop 16: Wellington Street,wheelchair_accessible_place,,yes,,,Yarra Trams,,True,-37.8092279,144.9859723
way/214163656,Stop 15: Smith Street,wheelchair_accessible_place,,yes,,,Yarra Trams,,True,-37.8089161,144.9822073
way/214163658,Stop 15: Smith Street,wheelchair_accessible_place,,yes,,,Yarra Trams,,True,-37.8088918,144.9828045
way/214165649,Stop 13: Lansdowne Street,wheelchair_accessible_place,,yes,,,Yarra Trams,,True,-37.8084096,144.9783074
way/214165651,Stop 13: Lansdowne Street,wheelchair_accessible_place,,yes,,,Yarra Trams,,True,-37.8085721,144.9789737
way/214170413,Platform 1,wheelchair_accessible_place,,yes,,,Metro Trains Melbourne,,True,-37.8104994,144.9925506
way/214689133,Stop 24: Victoria Gardens Shopping Centre,wheelchair_accessible_place,,yes,,,Yarra Trams,,True,-37.8114257,145.0102334
way/214689604,Stop 24: Victoria Gardens Shopping Centre,wheelchair_accessible_place,,yes,,,Yarra Trams,,True,-37.811509,145.0102165
way/214690408,Stop 25: River Boulevard,wheelchair_accessible_place,,yes,,,Yarra Trams,,True,-37.8118343,145.0130733
way/214690409,Stop 25: River Boulevard,wheelchair_accessible_place,,yes,,,Yarra Trams,,True,-37.8117574,145.0131142
way/215190268,Stop 54: Inglisby Road,wheelchair_accessible_place,,yes,,,Yarra Trams,,True,-37.8153986,145.1030444
way/215190269,Stop 54: Inglisby Road,wheelchair_accessible_place,,yes,,,Yarra Trams,,True,-37.8154782,145.1028362
way/215191052,Stop 55: Hood Street,wheelchair_accessible_place,,yes,,,Yarra Trams,,True,-37.8163217,145.109884
way/215191053,Stop 55: Hood Street,wheelchair_accessible_place,,yes,,,Yarra Trams,,True,-37.8161611,145.1093724
way/215252331,Wheelchair Accessible Place,wheelchair_accessible_place,,yes,,,Yarra Trams,,True,-37.8179047,145.1225584
way/215253157,Stop 57: Nelson Road,wheelchair_accessible_place,,yes,,,Yarra Trams,,True,-37.8174512,145.1197643
way/215253202,Stop 57: Nelson Road,wheelchair_accessible_place,,yes,,,Yarra Trams,,True,-37.8174132,145.1188146
way/215253450,Stop 56: Elgar Road,wheelchair_accessible_place,,yes,,,Yarra Trams,,True,-37.8168722,145.1145381
way/215253454,Stop 56: Elgar Road,wheelchair_accessible_place,,yes,,,Yarra Trams,,True,-37.8168959,145.1154993
way/215311967,"Stop 1: Southern Cross Station, Spencer Street",wheelchair_accessible_place,,yes,,,Yarra Trams,,True,-37.8188302,144.9551082
way/215311968,"Stop 1: Southern Cross Station, Spencer Street",wheelchair_accessible_place,,yes,,,Yarra Trams,,True,-37.8187458,144.9551048
way/215318072,Stop 7: 101 Collins Street,wheelchair_accessible_place,,yes,,,Yarra Trams,,True,-37.8142525,144.9705869
way/215318653,Stop 7: 101 Collins Street,wheelchair_accessible_place,,yes,,,Yarra Trams,,True,-37.8143356,144.970599
way/215320375,Stop 5: Elizabeth Street,wheelchair_accessible_place,,yes,,,Yarra Trams,,True,-37.8163585,144.963607
way/215320658,Stop 5: Elizabeth Street,wheelchair_accessible_place,,yes,,,Yarra Trams,,True,-37.8162994,144.9635792
way/215331109,Stop D6: Flinders Street West,wheelchair_accessible_place,,yes,,,Yarra Trams,,True,-37.8215201,144.9534208
way/215331118,Stop D6: Flinders Street West,wheelchair_accessible_place,,yes,no,,Yarra Trams,,True,-37.8216078,144.953462
way/215333709,Williams Landing,wheelchair_accessible_place,,yes,,,Public Transport Victoria - Metro,,True,-37.8700436,144.746964
way/215335799,Stop D5: The Goods Shed,wheelchair_accessible_place,,yes,,,Yarra Trams,,True,-37.8218636,144.9510513
way/215335861,Stop D5: The Goods Shed,wheelchair_accessible_place,,yes,,,Yarra Trams,,True,-37.8219443,144.9510818
way/215387500,Stop 51: Balwyn Road,wheelchair_accessible_place,,yes,,,Yarra Trams,,True,-37.7946281,145.0844083
way/215523353,Stop 18: Yarra Boulevard,wheelchair_accessible_place,,yes,,,Yarra Trams,,True,-37.8264208,145.0205334
way/215523354,Stop 18: Yarra Boulevard,wheelchair_accessible_place,,yes,,,Yarra Trams,,True,-37.8266326,145.0197
way/215665430,Stop 29: Riversdale Junction,wheelchair_accessible_place,,yes,,,Yarra Trams,,True,-37.827518,145.0255987
way/216271896,Stop 59: Gilmour Street,wheelchair_accessible_place,,yes,,,Yarra Trams,,True,-37.8507531,145.098835
way/216272037,Stop 59: Somers Street,wheelchair_accessible_place,,yes,,,Yarra Trams,,True,-37.8506833,145.09889
way/216277739,Stop 62: Elgar Road,wheelchair_accessible_place,,yes,,,Yarra Trams,,True,-37.8495915,145.1084282
way/216277740,Stop 62: Elgar Road,wheelchair_accessible_place,,yes,,,Yarra Trams,,True,-37.8495172,145.1084222
way/216278465,Stop 63: Deakin University,wheelchair_accessible_place,,yes,,,Yarra Trams,,True,-37.8499684,145.1151292
way/216278610,Stop 63: Deakin University,wheelchair_accessible_place,,yes,,,Yarra Trams,,True,-37.8501141,145.1156186
way/216279157,Stop 64: Station Street,wheelchair_accessible_place,,yes,,,Yarra Trams,,True,-37.8506103,145.1204608
way/216279158,Stop 64: Station Street,wheelchair_accessible_place,,yes,,,Yarra Trams,,True,-37.8505859,145.1195232
way/216469462,Platform 2,wheelchair_accessible_place,,yes,,,Metro Trains Melbourne,,True,-37.8266114,145.0586591
way/216617276,Stop 61: Elgar Road,wheelchair_accessible_place,,yes,,,Yarra Trams,,True,-37.8376353,145.1106334
way/216622341,Stop 65: Starling Street,wheelchair_accessible_place,,yes,,,Yarra Trams,,True,-37.8512294,145.1258361
way/216622344,Stop 65: Starling Street,wheelchair_accessible_place,,yes,,,Yarra Trams,,True,-37.8513964,145.1265572
way/216690560,Stop 67: Old Burwood Road,wheelchair_accessible_place,,yes,,,Yarra Trams,,True,-37.8515,145.1378696
way/216690561,Stop 67: Old Burwood Road,wheelchair_accessible_place,,yes,,,Yarra Trams,,True,-37.8514433,145.1384574
way/216691171,Stop 68: Benwerrin Reserve,wheelchair_accessible_place,,yes,,,Yarra Trams,,True,-37.8514208,145.1422877
way/216691245,Stop 68: Benwerrin Reserve,wheelchair_accessible_place,,yes,,,Yarra Trams,,True,-37.8512708,145.1417149
way/216691441,Stop 69: Keats Street,wheelchair_accessible_place,,yes,,,Yarra Trams,,True,-37.8518033,145.1458634
way/216691454,Stop 69: Highview Grove,wheelchair_accessible_place,,yes,,,Yarra Trams,,True,-37.8519589,145.1464555
way/216691624,Stop 70: Blackburn Road,wheelchair_accessible_place,,yes,,,Yarra Trams,,True,-37.8525997,145.1513516
way/216691722,Stop 70: Blackburn Road,wheelchair_accessible_place,,yes,,,Yarra Trams,,True,-37.8526509,145.1526186
way/216703111,Stop 71: Sevenoaks Road,wheelchair_accessible_place,,yes,,,Yarra Trams,,True,-37.8535694,145.1588537
way/216703112,Stop 71: Sevenoaks Road,wheelchair_accessible_place,,yes,,,Yarra Trams,,True,-37.8536433,145.1587222
way/216703207,Stop 72: Lakeside Drive,wheelchair_accessible_place,,yes,,,Yarra Trams,,True,-37.854379,145.1647939
way/216703210,Stop 72: Lakeside Drive,wheelchair_accessible_place,,yes,,,Yarra Trams,,True,-37.8543909,145.1659166
way/216703279,Stop 73: Springvale Road,wheelchair_accessible_place,,yes,,,Yarra Trams,,True,-37.8547962,145.1684439
way/216725958,Stop 73: Springvale Road,wheelchair_accessible_place,,yes,,,Yarra Trams,,True,-37.8548853,145.1699259
way/216726288,Stop 74: Stanley Road,wheelchair_accessible_place,,yes,,,Yarra Trams,,True,-37.8554782,145.1747902
way/216726435,Stop 74: Stanley Road,wheelchair_accessible_place,,yes,,,Yarra Trams,,True,-37.8555727,145.1747687
way/216727453,Stop 75: Vermont South Shopping Centre,wheelchair_accessible_place,,yes,,,Yarra Trams,,True,-37.856448,145.1820756
way/216809851,Wheelchair Accessible Place,wheelchair_accessible_place,parking,yes,,,,,True,-37.732974,144.9063595
way/216905994,Stop 3: Market Street,wheelchair_accessible_place,,yes,,,Yarra Trams,,True,-37.8191223,144.9615654
way/216906003,Stop 3: Market Street,wheelchair_accessible_place,,yes,,,Yarra Trams,,True,-37.8192167,144.9615537
way/216906024,"Stop 4: Flinders Street Station, Elizabeth Street",wheelchair_accessible_place,,yes,,,Yarra Trams,,True,-37.8182806,144.9644567
way/216906025,"Stop 4: Flinders Street Station, Elizabeth Street",wheelchair_accessible_place,,yes,,,Yarra Trams,,True,-37.8183624,144.9644813
way/216906045,"Stop 5: Flinders Street Station, Swanston Street",wheelchair_accessible_place,,yes,,,Yarra Trams,,True,-37.8176711,144.9667445
way/217027815,Wheelchair Accessible Place,wheelchair_accessible_place,,yes,,,,,True,-37.9151384,144.9860205
way/217053159,Wheelchair Accessible Place,wheelchair_accessible_place,,yes,,,,,True,-37.6925246,144.9611213
way/217383049,Stop 9: Queen Victoria Market,wheelchair_accessible_place,,yes,,,Yarra Trams,,True,-37.8073271,144.955781
way/217383050,Stop 9: Queen Victoria Market,wheelchair_accessible_place,,yes,,,Yarra Trams,,True,-37.8073159,144.9556793
way/217383985,Stop 128: Albert Park,wheelchair_accessible_place,,yes,,,Yarra Trams,,True,-37.8402167,144.9587394
way/217383986,Stop 128: Albert Park,wheelchair_accessible_place,,yes,,,Yarra Trams,,True,-37.8402521,144.9586181
way/217384055,Stop 127: South Melbourne Market,wheelchair_accessible_place,,yes,,,Yarra Trams,,True,-37.8331097,144.9554717
way/217384056,Stop 127: South Melbourne Market,wheelchair_accessible_place,,yes,,,Yarra Trams,,True,-37.8331431,144.9553552
way/217384572,Stop 126: City Road,wheelchair_accessible_place,,yes,,,Yarra Trams,,True,-37.8293388,144.9544682
way/217384573,Stop 126: City Road,wheelchair_accessible_place,,yes,,,Yarra Trams,,True,-37.8293271,144.9543529
way/217393799,Stop 129: Melbourne Sports and Aquatic Centre,wheelchair_accessible_place,,yes,,,Yarra Trams,,True,-37.8456689,144.9618013
way/217393800,Stop 129: Melbourne Sports and Aquatic Centre,wheelchair_accessible_place,,yes,,,Yarra Trams,,True,-37.8450903,144.9615273
way/217394261,Stop 130: Middle Park,wheelchair_accessible_place,,yes,,,Yarra Trams,,True,-37.849738,144.9656
way/217394262,Stop 130: Middle Park,wheelchair_accessible_place,,yes,,,Yarra Trams,,True,-37.8496765,144.9656829
way/217397228,Stop 132: St Kilda Station,wheelchair_accessible_place,,yes,,,Yarra Trams,,True,-37.8592045,144.9774152
way/217397229,Stop 132: St Kilda Station,wheelchair_accessible_place,,yes,,,Yarra Trams,,True,-37.85915,144.9775185
way/217398258,Stop 131: Fraser Street,wheelchair_accessible_place,,yes,,,Yarra Trams,,True,-37.8540538,144.9712516
way/217398706,Stop 131: Fraser Street,wheelchair_accessible_place,,yes,,,Yarra Trams,,True,-37.8536135,144.9708119
way/217509580,Stop 129: Beacon Cove,wheelchair_accessible_place,,yes,,,Yarra Trams,,True,-37.8408249,144.9327732
way/217509850,Stop 128: Graham Street,wheelchair_accessible_place,,yes,,,Yarra Trams,,True,-37.8369144,144.9376163
way/217509924,Stop 128: Graham Street,wheelchair_accessible_place,,yes,,,Yarra Trams,,True,-37.8371695,144.9370088
way/217510683,Stop 127: North Port,wheelchair_accessible_place,,yes,,,Yarra Trams,,True,-37.8333257,144.9432978
way/217510684,Stop 127: North Port,wheelchair_accessible_place,,yes,no,,Yarra Trams,,True,-37.8334002,144.9433707
way/217511136,Stop 126: Montague Street,wheelchair_accessible_place,,yes,,,Yarra Trams,,True,-37.8300658,144.9489493
way/217511137,Stop 126: Montague Street,wheelchair_accessible_place,,yes,,,Yarra Trams,,True,-37.8303687,144.9482781
way/217511453,Stop 125A: Southbank Tram Depot,wheelchair_accessible_place,,yes,,,Yarra Trams,,True,-37.8276118,144.9538835
way/217511454,Stop 125A: Southbank Tram Depot,wheelchair_accessible_place,,yes,,,Yarra Trams,,True,-37.8275305,144.953822
way/217604193,Stop 25: Cecil Street,wheelchair_accessible_place,,yes,,,Yarra Trams,,True,-37.8361017,144.9586762
way/217604211,Stop 25: Cecil Street,wheelchair_accessible_place,,yes,,,Yarra Trams,,True,-37.8360038,144.9587117
way/217620229,Stop 32: Beaconsfield Parade,wheelchair_accessible_place,,yes,,,Yarra Trams,,True,-37.8472668,144.948613
way/217621177,Stop 29: Merton Street,wheelchair_accessible_place,,yes,,,Yarra Trams,,True,-37.841619,144.9531962
way/217621178,Stop 29: Merton Street,wheelchair_accessible_place,,yes,,,Yarra Trams,,True,-37.8416328,144.9534143
way/217625262,Stop 124A: Casino/MCEC,wheelchair_accessible_place,,yes,,,Keolis Downer,,True,-37.8233299,144.9561838
way/217625264,Stop 124A: Casino/MCEC,wheelchair_accessible_place,,yes,,,Keolis Downer,,True,-37.8233716,144.9560877
way/217627436,Stop 122: Southern Cross Station,wheelchair_accessible_place,,yes,,,Yarra Trams,,True,-37.8185237,144.9538441
way/217627437,Stop 122: Southern Cross Station,wheelchair_accessible_place,,yes,,,Yarra Trams,,True,-37.8184922,144.9539506
way/217697656,Stop 131: Melbourne Sports and Aquatic Centre,wheelchair_accessible_place,,yes,,,Yarra Trams,,True,-37.8407454,144.9610523
way/217697657,Stop 131: Melbourne Sports and Aquatic Centre,wheelchair_accessible_place,,yes,,,Yarra Trams,,True,-37.8405063,144.9615235
way/217700317,Stop 130: Clarendon Street,wheelchair_accessible_place,,yes,,,Yarra Trams,,True,-37.8395665,144.9628104
way/217703970,Wheelchair Accessible Place,wheelchair_accessible_place,toilets,yes,,,,,True,-37.779313,144.9669206
way/217736251,Stop 143: Fitzroy Street,wheelchair_accessible_place,,yes,,,Yarra Trams,,True,-37.8609326,144.9744025
way/217848183,Stop 25: Commercial Road,wheelchair_accessible_place,,yes,,,Yarra Trams,,True,-37.8442955,144.9785441
way/217848538,Stop 25: Commercial Road,wheelchair_accessible_place,,yes,,,Yarra Trams,,True,-37.8442916,144.9784333
way/217848674,Stop 27: High Street,wheelchair_accessible_place,,yes,,,Yarra Trams,,True,-37.8496296,144.9804926
way/217848712,Stop 27: High Street,wheelchair_accessible_place,,yes,no,,Yarra Trams,,True,-37.8496475,144.9803867
way/217848962,Stop 29: Union Street,wheelchair_accessible_place,,yes,,,Yarra Trams,,True,-37.8527813,144.9816382
way/217849067,Stop 29: Union Street,wheelchair_accessible_place,,yes,,,Yarra Trams,,True,-37.8527953,144.9815314
way/217909717,Stop 134: Park Street,wheelchair_accessible_place,,yes,,,Yarra Trams,,True,-37.861003,144.9753766
way/217909718,Stop 134: Park Street,wheelchair_accessible_place,,yes,,,Yarra Trams,,True,-37.8609326,144.9753095
way/217909862,Stop 135: Catani Gardens,wheelchair_accessible_place,,yes,,,Yarra Trams,,True,-37.8622266,144.9733091
way/217909863,Stop 135: Catani Gardens,wheelchair_accessible_place,,yes,,,Yarra Trams,,True,-37.8621565,144.9732393
way/217910044,Stop 138: Luna Park,wheelchair_accessible_place,,yes,,,Yarra Trams,,True,-37.8670211,144.9770103
way/217910108,Stop 138: Luna Park,wheelchair_accessible_place,,yes,,,Yarra Trams,,True,-37.8669518,144.9770868
way/217949523,Stop 26: Alfred Hospital,wheelchair_accessible_place,,yes,,,Yarra Trams,,True,-37.845376,144.9824873
way/217949524,Stop 26: Alfred Hospital,wheelchair_accessible_place,,yes,,,Yarra Trams,,True,-37.8452393,144.9820847
way/218054208,Platforms 1 & 2,wheelchair_accessible_place,,yes,,,Metro Trains Melbourne,,True,-37.8592423,145.0581545
way/218205168,Stop 53: Malvern Road,wheelchair_accessible_place,,yes,,,Yarra Trams,,True,-37.8600108,145.0565542
way/218438857,Stop 68: Koornang Road,wheelchair_accessible_place,,yes,,,Yarra Trams,,True,-37.8938458,145.0558115
way/218547177,Stop 68: Nepean Highway,wheelchair_accessible_place,,yes,,,Yarra Trams,,True,-37.9142967,145.0168531
way/218670823,"Stop 1: Southern Cross Station, Spencer Street",wheelchair_accessible_place,,yes,,,Yarra Trams,,True,-37.8169408,144.9539208
way/218670843,"Stop 1: Southern Cross Station, Spencer Street",wheelchair_accessible_place,,yes,,,Yarra Trams,,True,-37.8168064,144.9540755
way/218671039,Stop 3: William Street,wheelchair_accessible_place,,yes,,,Yarra Trams,,True,-37.8157504,144.9577672
way/218671041,Stop 3: William Street,wheelchair_accessible_place,,yes,,,Yarra Trams,,True,-37.8158345,144.9577893
way/218671090,Stop 4: Queen Street,wheelchair_accessible_place,,yes,,,Yarra Trams,,True,-37.815214,144.9599534
way/218671091,Stop 4: Queen Street,wheelchair_accessible_place,,yes,,,Yarra Trams,,True,-37.8151292,144.9599477
way/218688443,Stop 10: Parliament Station,wheelchair_accessible_place,,yes,,,Yarra Trams,,True,-37.8122934,144.9743403
way/218688445,Stop 10: Parliament Station,wheelchair_accessible_place,,yes,,,Yarra Trams,,True,-37.8123409,144.9744688
way/219204780,Powelltown Hall,wheelchair_accessible_place,community_centre,yes,,,,,True,-37.863776,145.7522139
way/220483801,Woolworths,wheelchair_accessible_place,,yes,,Mo-Su 06:00-00:00,Woolworths Group,,True,-37.737145,145.0028388
way/220549962,Annettes Place,wheelchair_accessible_place,,yes,,,,,True,-37.8144692,145.0138215
node/220672394,Wheelchair Accessible Place,wheelchair_accessible_place,toilets,yes,,,,,True,-37.7896509,144.9722775
way/220687203,Seasons Botanic Gardens Melbourne,wheelchair_accessible_place,,yes,,,Seasons Apartment Hotel Group,,True,-37.8309857,144.9704022
way/221027101,Australian Garden - Royal Botanic Gardens Cranbourne,wheelchair_accessible_place,,yes,,Mo-Su 09:00-17:00; Dec 25 off,,,True,-38.1286547,145.2704842
way/221468680,ALDI,wheelchair_accessible_place,,yes,,Mo-Fr 08:30-20:00; Sa-Su 08:30-19:00,,,True,-37.7399085,145.001834
way/222075021,Northcote Plaza Shopping Centre,wheelchair_accessible_place,,yes,yes,,,,True,-37.7678686,145.001997
way/222883694,McDonald's,wheelchair_accessible_place,fast_food,yes,,24/7,,,True,-37.808397,144.983003
way/222884988,Platforms 2 & 3,wheelchair_accessible_place,,yes,,,Metro Trains Melbourne,,True,-37.9377451,145.1379814
way/222884989,Platform 1,wheelchair_accessible_place,,yes,,,Metro Trains Melbourne,,True,-37.9380405,145.1381497
way/223643191,Diamond Valley Library,wheelchair_accessible_place,library,yes,,"Mo-We 10:00-20:30; Fr,Sa 10:00-17:00; Su 13:00-17:00; PH off",Nillumbik Shire Council,,True,-37.68961,145.1083555
way/223643193,Nillumbik Shire Council,wheelchair_accessible_place,townhall,yes,,Mo-Fr 08:30-17:00,Shire of Nillumbik,,True,-37.6889235,145.1083972
way/223957712,Koonung Creek Trail,wheelchair_accessible_place,,yes,,,,,True,-37.805666,145.1739524
way/225791185,Dan Murphy's,wheelchair_accessible_place,,yes,,Mo-Sa 09:00-21:00; Su 10:00-19:00,,,True,-37.7768112,144.9288536
way/226042303,Wheelchair Accessible Place,wheelchair_accessible_place,toilets,yes,,,,,True,-37.7205636,145.0461341
way/226704384,Wheelchair Accessible Place,wheelchair_accessible_place,,yes,,,,,True,-37.7640582,145.3558678
way/226705358,Wheelchair Accessible Place,wheelchair_accessible_place,,yes,,,,,True,-37.7637665,145.3554726
way/226705369,Wheelchair Accessible Place,wheelchair_accessible_place,toilets,yes,,,,,True,-37.765755,145.3579957
way/227657644,Armadale 4,wheelchair_accessible_place,,yes,,,Metro Trains Melbourne,,True,-37.8560916,145.0192483
way/227657655,Armadale 1,wheelchair_accessible_place,,yes,,,Metro Trains Melbourne,,True,-37.856247,145.0190052
way/228984496,Station ramp,wheelchair_accessible_place,,yes,,,,,True,-37.8697116,144.7477215
way/229239893,Catholic Leadership Centre,wheelchair_accessible_place,events_centre,yes,,,Catholic Education Melbourne,,True,-37.8105977,144.9904547
way/229621662,7-Eleven,wheelchair_accessible_place,fuel,yes,,24/7,,,True,-37.7374972,144.8920726
way/231340884,Wheelchair Accessible Place,wheelchair_accessible_place,,yes,,,,,True,-37.8412569,145.1215193
way/231340886,Wheelchair Accessible Place,wheelchair_accessible_place,,yes,,,,,True,-37.8439396,145.1154701
way/231442511,Wheelchair Accessible Place,wheelchair_accessible_place,toilets,yes,,,,,True,-38.3451977,144.7266712
way/231520890,Wheelchair Accessible Place,wheelchair_accessible_place,,yes,,,,,True,-37.8138415,144.9603964
way/231561502,Smith Kebab,wheelchair_accessible_place,fast_food,yes,,,,,True,-37.8060539,144.9832992
way/231561508,Bowl Bowl,wheelchair_accessible_place,restaurant,yes,,,,,True,-37.8055281,144.983391
way/231561511,Maha Bar,wheelchair_accessible_place,restaurant,yes,,,,,True,-37.8057587,144.9833384
way/231700672,Wheelchair Accessible Place,wheelchair_accessible_place,toilets,yes,,,,,True,-37.7138683,144.9609385
way/231808237,Istanbul Kebab,wheelchair_accessible_place,fast_food,yes,,,,,True,-37.8061257,144.9828481
way/231983224,Wheelchair Accessible Place,wheelchair_accessible_place,toilets,yes,,,,,True,-38.314046,145.0075435
way/232462722,Senior Center,wheelchair_accessible_place,social_facility,yes,,,,,True,28.1620059,-80.66796
way/234947202,Abbotsford LPO,wheelchair_accessible_place,post_office,yes,,Mo-Fr 09:00-17:00; Sa 09:00-12:00,Australia Post,,True,-37.8037978,144.9918394
way/235147453,EG Australia,wheelchair_accessible_place,fuel,yes,,24/7,EG Australia,,True,-37.7378004,144.9370201
way/235755563,Wheelchair Accessible Place,wheelchair_accessible_place,,yes,,,,,True,-38.0517348,145.1128087
way/236157850,Southern Cross 11,wheelchair_accessible_place,,yes,,,Metro Trains Melbourne,,True,-37.8184598,144.9518661
way/236157853,"Southern Cross 7A, 7B, 8A & 8B",wheelchair_accessible_place,,yes,,,Metro Trains Melbourne;V/Line,,True,-37.8174262,144.9516043
way/237063506,Wheelchair Accessible Place,wheelchair_accessible_place,,yes,,,,,True,-37.7871397,144.9289548
way/239328767,Devine Hot Pot,wheelchair_accessible_place,restaurant,yes,,,,,True,-37.7998077,144.901916
way/239882844,Wheelchair Accessible Place,wheelchair_accessible_place,,yes,,,,,True,-37.6460591,144.9072707
way/239882846,Wheelchair Accessible Place,wheelchair_accessible_place,,yes,,,,,True,-37.643827,144.9081066
way/239882847,Wheelchair Accessible Place,wheelchair_accessible_place,,yes,,,,,True,-37.6446546,144.9077578
way/239882848,Wheelchair Accessible Place,wheelchair_accessible_place,,yes,,,,,True,-37.6454444,144.9074164
way/240017787,Wheelchair Accessible Place,wheelchair_accessible_place,,yes,,,,,True,-37.7272143,144.9881924
way/240116293,Wheelchair Accessible Place,wheelchair_accessible_place,,yes,,,,,True,-37.9338773,145.0704048
way/240116295,Wheelchair Accessible Place,wheelchair_accessible_place,,yes,,,,,True,-37.9348636,145.0721115
way/240392178,West Footscray,wheelchair_accessible_place,,yes,no,,,,True,-37.8017387,144.884102
way/241959714,Mercure Welcome,wheelchair_accessible_place,,yes,,,,,True,-37.8128921,144.9646595
way/242183745,Wheelchair Accessible Place,wheelchair_accessible_place,,yes,,,,,True,-37.9597225,145.0158291
node/242540167,Wheelchair Accessible Place,wheelchair_accessible_place,post_box,yes,,,,,True,-37.8160526,144.9610479
node/242541845,Wheelchair Accessible Place,wheelchair_accessible_place,toilets,yes,,,Melbourne City Council,,True,-37.8174779,144.9602846
node/242543653,Wheelchair Accessible Place,wheelchair_accessible_place,telephone,yes,,,,,True,-37.8161503,144.9644424
way/242778069,Metro Petroleum,wheelchair_accessible_place,,yes,,,,,True,-37.6655734,144.9408763
way/242914505,Westfield Airport West Shopping Centre,wheelchair_accessible_place,,yes,yes,,Scentre Group,,True,-37.7138261,144.8855099
node/243646000,Wheelchair Accessible Place,wheelchair_accessible_place,,yes,,,,,True,-37.7916498,144.9612222
node/244076231,Wheelchair Accessible Place,wheelchair_accessible_place,,yes,,,,,True,-37.8338454,144.9126699
way/245014686,Pro Colour,wheelchair_accessible_place,,yes,,,,,True,-37.7988722,144.9851949
node/245494315,Wheelchair Accessible Place,wheelchair_accessible_place,toilets,yes,,,,,True,-37.7789227,144.9604998
node/245509493,Gate 4,wheelchair_accessible_place,,yes,,,,,True,-37.7985038,144.9640965
node/245915476,Wheelchair Accessible Place,wheelchair_accessible_place,toilets,yes,,,,,True,-37.7914432,144.9619657
node/245916608,Wheelchair Accessible Place,wheelchair_accessible_place,toilets,yes,,,,,True,-37.7855345,144.9663802
way/245944200,Art on the Park Apartments,wheelchair_accessible_place,,yes,,,,,True,-37.8112309,144.9565922
way/246249477,Brentwood Reserve Playground,wheelchair_accessible_place,,yes,,,,,True,-37.9016694,145.171718
way/246252111,Wheelchair Accessible Place,wheelchair_accessible_place,,yes,,,,,True,-37.8875594,145.1167929
way/246252138,Mayfield Park Pavilion,wheelchair_accessible_place,,yes,,,,,True,-37.8874708,145.1169703
way/246745345,Wheelchair Accessible Place,wheelchair_accessible_place,,yes,,,,,True,-37.8772459,145.1902743
node/247523808,Salford Park Retirement Village / Harold Street,wheelchair_accessible_place,,yes,,,,,True,-37.8566322,145.2282903
node/247627075,Bakers Delight,wheelchair_accessible_place,,yes,,,,,True,-37.7884332,144.9905823
node/247627078,Clifton Hill LPO,wheelchair_accessible_place,post_office,yes,,Mo-Fr 09:00-17:00; Sa 09:00-12:00; Su closed,Australia Post,,True,-37.788551,144.99195
node/248255982,Entrance/Exit from over-bridge,wheelchair_accessible_place,,yes,,,,Entrance from over-bridge,True,-37.7969708,144.9643342
way/250268895,Punjabi Masala,wheelchair_accessible_place,restaurant,yes,,"Mo,Tu 17:00-22:00; We-Fr 11:00-22:30; Sa,Su 17:00-22:30",,,True,-37.8193914,145.1762515
node/255061155,Wheelchair Accessible Place,wheelchair_accessible_place,,yes,,,,,True,-37.808649,144.9708569
node/256535709,Fast Fuel,wheelchair_accessible_place,fuel,yes,,,,,True,-37.850873,145.2365512
way/256663830,Platform 3,wheelchair_accessible_place,,yes,,,V/Line,,True,-37.6826493,144.9202184
node/256993102,Prince Alfred Rooftop & Bar,wheelchair_accessible_place,pub,yes,yes,"Tu-Fr 12:00-21:00,Sa 15:00-24:00",,"Buzzy student haunt with a rooftop bar, serving up casual pub grub - student night on Wednesday - specials most nights during week",True,-37.8004316,144.9622254
node/257891287,Wheelchair Accessible Place,wheelchair_accessible_place,toilets,yes,,,,,True,-37.866332,145.2492765
way/257948289,Surrey Hills Neighbourhood Centre,wheelchair_accessible_place,community_centre,yes,,,,,True,-37.8231884,145.0980853
way/257948291,Surrey Hills Neighbourhood Centre,wheelchair_accessible_place,,yes,,,,,True,-37.8231133,145.0984324
way/258244752,Mitcham Private Hospital,wheelchair_accessible_place,hospital,yes,,,Ramsay Health Care,,True,-37.8104805,145.1947515
way/260042805,Templestowe Orchards Retirement Village,wheelchair_accessible_place,retirement_home,yes,,,,,True,-37.7668026,145.170276
node/260559651,Coles,wheelchair_accessible_place,,yes,,,Coles Group,,True,-37.8682575,145.240404
way/260719615,Wheelchair Accessible Place,wheelchair_accessible_place,,yes,,,,,True,-37.7389891,144.871722
way/260719618,Wheelchair Accessible Place,wheelchair_accessible_place,,yes,,,,,True,-37.7386463,144.8709126
way/261020074,Wheelchair Accessible Place,wheelchair_accessible_place,,yes,,,,,True,-37.7638019,144.918176
way/261177399,Wheelchair Accessible Place,wheelchair_accessible_place,social_facility,yes,,,,,True,-37.7077187,144.8926196
node/261507649,Harvey Norman,wheelchair_accessible_place,,yes,,,Chadsuper Pty Ltd,,True,-37.8784289,145.0926373
way/261755942,Wheelchair Accessible Place,wheelchair_accessible_place,parking,yes,,,,,True,-37.736559,144.8890361
way/261756233,Wheelchair Accessible Place,wheelchair_accessible_place,parking,yes,,,,,True,-37.7363251,144.8879589
way/261819728,Ruffey Lake Circuit,wheelchair_accessible_place,,yes,,,,,True,-37.7776729,145.1442146
way/261819730,Wheelchair Accessible Place,wheelchair_accessible_place,,yes,,,,,True,-37.7770235,145.1418059
way/261991998,Avondale Heights Care Community,wheelchair_accessible_place,social_facility,yes,,,,,True,-37.7535017,144.853847
way/263455107,Melbourne Water Head Office,wheelchair_accessible_place,,yes,,,,,True,-37.8138381,144.9467294
way/263925680,Fire Station No. 39,wheelchair_accessible_place,fire_station,yes,,,Fire Rescue Victoria,,True,-37.8331195,144.9329419
way/264033924,St. Andrews Somerville,wheelchair_accessible_place,place_of_worship,yes,,,,,True,-38.2232664,145.1743386
way/264543868,Simonds Hall,wheelchair_accessible_place,,yes,,,,,True,-37.8106971,144.9907569
way/264859320,Wheelchair Accessible Place,wheelchair_accessible_place,,yes,,,,,True,-37.8206795,144.9707701
way/265762363,Stop 3: Bourke Street Mall,wheelchair_accessible_place,,yes,,,Yarra Trams,,True,-37.8137315,144.9628797
way/265762364,Stop 3: Bourke Street Mall,wheelchair_accessible_place,,yes,,,Yarra Trams,,True,-37.8137016,144.9629749
way/265762365,Stop 5: Melbourne Central Station,wheelchair_accessible_place,,yes,,,Yarra Trams,,True,-37.8108564,144.9615583
way/265762366,Stop 5: Melbourne Central Station,wheelchair_accessible_place,,yes,,,Yarra Trams,,True,-37.8108305,144.9616568
way/266541990,Sunshine Leisure Centre,wheelchair_accessible_place,,yes,,,,,True,-37.7840362,144.8348289
node/267317634,Wheelchair Accessible Place,wheelchair_accessible_place,,yes,,,,,True,-37.8212164,144.9614741
node/267462974,Boronia Road,wheelchair_accessible_place,,yes,,,Ventura,,True,-37.8482149,145.2273191
node/267464189,Subway,wheelchair_accessible_place,fast_food,yes,,,,,True,-37.8483105,145.2273986
way/270267763,Wheelchair Accessible Place,wheelchair_accessible_place,,yes,,,,,True,-37.9669845,145.0908591
way/271407831,ALDI,wheelchair_accessible_place,,yes,,Mo-Su 08:30-20:00,,,True,-38.1115747,145.2842262
way/272720512,Epworth Rehabilitation,wheelchair_accessible_place,hospital,yes,yes,,,,True,-37.8160051,144.9925114
way/274721143,St Georges Road Trail,wheelchair_accessible_place,,yes,,,,,True,-37.6963843,145.0224353
way/274721144,St Georges Road Trail,wheelchair_accessible_place,,yes,,,,,True,-37.697273,145.0219811
way/276655757,Platform 4,wheelchair_accessible_place,,yes,,,V/Line,,True,-37.7891544,144.8330809
way/277180584,Wheelchair Accessible Place,wheelchair_accessible_place,toilets,yes,,,,,True,-37.7564619,145.0659539
way/278132841,cohealth,wheelchair_accessible_place,,yes,,,,,True,-37.7653358,144.9126593
node/279534193,Wheelchair Accessible Place,wheelchair_accessible_place,toilets,yes,,,,,True,-37.7844924,144.9515761
node/279540995,Wheelchair Accessible Place,wheelchair_accessible_place,toilets,yes,,,,,True,-37.7825097,144.9511105
node/280897051,Coles,wheelchair_accessible_place,,yes,,,Coles Group,,True,-37.8855399,145.0845484
node/280897094,Woolworths,wheelchair_accessible_place,,yes,,"closed; ""Temporarily closed""",Woolworths Group,,True,-37.887188,145.0842821
node/280897102,ALDI,wheelchair_accessible_place,,yes,,Mo-Su 08:30-20:00,,,True,-37.8863767,145.0839366
node/280899096,Wheelchair Accessible Place,wheelchair_accessible_place,,yes,,,,,True,-37.9143412,145.0166747
way/281016645,Upper West Side: Hudson Tower,wheelchair_accessible_place,,yes,,,,,True,-37.8157286,144.9530225
way/282436724,Wheelchair Accessible Place,wheelchair_accessible_place,toilets,yes,,,,,True,-37.7301989,144.8362815
way/282468274,ALDI,wheelchair_accessible_place,,yes,,Mo-Fr 08:30-20:00; Sa-Su 08:30-19:00,,,True,-37.9833906,145.2161115
way/283415767,Wheelchair Accessible Place,wheelchair_accessible_place,,yes,,,,,True,-37.6630112,145.0183194
way/285378369,Wheelchair Accessible Place,wheelchair_accessible_place,toilets,yes,,,,,True,-37.7331171,144.9668846
way/285932817,Wheelchair Accessible Place,wheelchair_accessible_place,,yes,,,,,True,-37.7629621,145.1073857
way/288876106,Tarneit Central Shopping Centre,wheelchair_accessible_place,,yes,,,,,True,-37.8364859,144.6930021
way/289021972,Croydon Library,wheelchair_accessible_place,library,yes,,"Mo-Fr 09:00-20:00, Sa 09:00-16:00, Su 13:00-16:00",Your Library,,True,-37.8006106,145.2817446
way/289049782,Wheelchair Accessible Place,wheelchair_accessible_place,,yes,,,,,True,-37.7415502,144.9980523
way/289051907,Wheelchair Accessible Place,wheelchair_accessible_place,,yes,,,,,True,-37.7426423,144.996732
way/289663923,Wheelchair Accessible Place,wheelchair_accessible_place,parking,yes,no,,,,True,-37.9745627,145.0660497
node/291209938,RMIT Swanston Library,wheelchair_accessible_place,library,yes,,,RMIT University,,True,-37.8081589,144.9639444
node/291210034,Hoyts Melbourne Central,wheelchair_accessible_place,cinema,yes,,,,,True,-37.8100694,144.9634038
way/291407938,Sunny's Bakery,wheelchair_accessible_place,,yes,,Mo-Sa 6:00-18:00; Su 7:00-18:00,,,True,-37.8015605,144.9840537
way/291407939,Straight To Wok,wheelchair_accessible_place,restaurant,yes,,,,,True,-37.8015144,144.9840309
way/291407941,Cash Converters,wheelchair_accessible_place,,yes,,Mo-Fr 09:30-17:30; Sa 10:00-17:00,,,True,-37.8013821,144.9841435
way/291412286,Wheelchair Accessible Place,wheelchair_accessible_place,,yes,,,,,True,-37.6811653,145.0678676
way/291412288,Wheelchair Accessible Place,wheelchair_accessible_place,,yes,,,,,True,-37.6810107,145.0654245
way/291412289,Wheelchair Accessible Place,wheelchair_accessible_place,,yes,,,,,True,-37.6812822,145.0650192
way/291412293,Wheelchair Accessible Place,wheelchair_accessible_place,,yes,,,,,True,-37.6811335,145.0647937
way/291412294,Wheelchair Accessible Place,wheelchair_accessible_place,,yes,,,,,True,-37.6810289,145.0650869
way/291412299,Wheelchair Accessible Place,wheelchair_accessible_place,,yes,,,,,True,-37.6810739,145.0649743
way/291412304,Wheelchair Accessible Place,wheelchair_accessible_place,,yes,,,,,True,-37.6810842,145.0668251
way/291412306,Wheelchair Accessible Place,wheelchair_accessible_place,,yes,,,,,True,-37.6811696,145.0656401
way/291737245,Wheelchair Accessible Place,wheelchair_accessible_place,,yes,,,,,True,-37.9473948,145.2231687
way/291853790,Wheelchair Accessible Place,wheelchair_accessible_place,,yes,,,,,True,-37.9407356,145.0536911
way/291853792,Wheelchair Accessible Place,wheelchair_accessible_place,,yes,,,,,True,-37.9405306,145.0537706
way/291853793,Wheelchair Accessible Place,wheelchair_accessible_place,,yes,,,,,True,-37.9416765,145.0531478
node/291965748,Wheelchair Accessible Place,wheelchair_accessible_place,,yes,,,,,True,-37.8254392,144.95679
way/292010179,Sunbury Station Bus Interchange,wheelchair_accessible_place,bus_station,yes,,,,,True,-37.5788198,144.7287144
way/292444942,Platform 14,wheelchair_accessible_place,,yes,,,,,True,-37.8175618,144.968071
way/292446009,Platform 2,wheelchair_accessible_place,,yes,,,,,True,-37.818223,144.9663441
way/292465263,Watsonia Podiatry,wheelchair_accessible_place,doctors,yes,,,,,True,-37.7019993,145.0839449
way/292492215,Wheelchair Accessible Place,wheelchair_accessible_place,,yes,,,,,True,-37.7816262,144.8278739
way/292492436,Platform 5,wheelchair_accessible_place,,yes,,,,,True,-37.8183109,144.966608
way/292681039,Wheelchair Accessible Place,wheelchair_accessible_place,,yes,,,,,True,-38.1476198,145.1920472
way/293135477,Bank Lane,wheelchair_accessible_place,,yes,,,,,True,-37.7973706,144.960086
way/293415961,Watsonia Library,wheelchair_accessible_place,library,yes,,"Mo-Th 10:00-20:30; Fr,Sa 10:00-17:00; Su 13:00-17:00",Yarra Plenty Regional Library,,True,-37.7104001,145.083534
way/293637818,Wheelchair Accessible Place,wheelchair_accessible_place,,yes,,,,,True,-37.7997657,144.9603629
way/293800149,Professors Walk,wheelchair_accessible_place,,yes,,,,,True,-37.7988588,144.9597291
way/293800459,Wheelchair Accessible Place,wheelchair_accessible_place,,yes,,,,,True,-37.797351,144.9608588
way/293800460,Wheelchair Accessible Place,wheelchair_accessible_place,,yes,,,,,True,-37.7972295,144.9611192
way/293800461,Union Road,wheelchair_accessible_place,,yes,,,,,True,-37.7969093,144.961481
way/293944789,Wheelchair Accessible Place,wheelchair_accessible_place,,yes,,,,,True,-37.799244,144.959116
way/293979167,Hungry Jack's,wheelchair_accessible_place,fast_food,yes,,24/7,,,True,-37.8116603,144.9912971
node/294582059,Wheelchair Accessible Place,wheelchair_accessible_place,,yes,,,,,True,-37.842656,144.9621107
node/294964802,Village Cinemas,wheelchair_accessible_place,cinema,yes,,,,,True,-37.8429484,144.9959858
way/295041842,Antioch House,wheelchair_accessible_place,place_of_worship,yes,,,,,True,-38.0967771,145.1582456
node/296846628,Wheelchair Accessible Place,wheelchair_accessible_place,toilets,yes,,,,,True,-37.7669552,144.9530465
way/296877118,Mullum Mullum Trail,wheelchair_accessible_place,,yes,,,,,True,-37.7461998,145.1711286
way/296877119,Mullum Mullum Trail,wheelchair_accessible_place,,yes,,,,,True,-37.7473768,145.1724851
way/296877120,Mullum Mullum Trail,wheelchair_accessible_place,,yes,,,,,True,-37.7505453,145.1749496
way/297475548,Wheelchair Accessible Place,wheelchair_accessible_place,,yes,,,,,True,-37.6961524,145.0220839
way/298015491,Paradise Angels Brothel,wheelchair_accessible_place,brothel,yes,,,,,True,-38.1228568,145.1339875
way/299663183,7-Eleven,wheelchair_accessible_place,,yes,,24/7,,,True,-37.7731833,144.9788701
node/301363626,Wheelchair Accessible Place,wheelchair_accessible_place,toilets,yes,,,,,True,-37.7252588,144.9575255
node/301373712,Wheelchair Accessible Place,wheelchair_accessible_place,toilets,yes,,,,,True,-37.7202532,144.9604833
way/301866004,Glyn Davis Building (133),wheelchair_accessible_place,,yes,,,University of Melbourne,"Faculty of Architecture, Building & Planning Melbourne School of Design",True,-37.7971865,144.9627847
node/301990838,Jacana,wheelchair_accessible_place,,yes,,,,,True,-37.6951482,144.9158281
node/302129361,Cinema Nova,wheelchair_accessible_place,cinema,yes,,,,,True,-37.7978092,144.9680124
node/302129542,Woolworths,wheelchair_accessible_place,,yes,,Mo-Su 07:00-23:00,Woolworths Group,,True,-37.7981407,144.9683576
node/302210905,Wheelchair Accessible Place,wheelchair_accessible_place,toilets,yes,,,,,True,-37.8294449,144.9799076
node/302571953,Wheelchair Accessible Place,wheelchair_accessible_place,toilets,yes,,24/7,,,True,-37.802418,144.979111
node/302755132,Sacred Heart Catholic Church,wheelchair_accessible_place,place_of_worship,yes,,,,,True,-37.8634405,144.9807088
way/304340822,Wheelchair Accessible Place,wheelchair_accessible_place,,yes,,,,,True,-37.8012945,145.0011028
way/304352567,Atrium,wheelchair_accessible_place,,yes,,,Swinburne Univeristy of Technology,,True,-37.8222401,145.0393766
node/304909949,Wheelchair Accessible Place,wheelchair_accessible_place,post_office,yes,,Mo-Sa 07:30-17:00,Australia Post,,True,-37.7162102,145.1209473
node/304949427,Metro Petroleum Carlton,wheelchair_accessible_place,fuel,yes,,Mo-Su 06:00-21:00,,,True,-37.7932452,144.9753768
way/305248101,Darebin City Council,wheelchair_accessible_place,townhall,yes,,,City Of Darebin,,True,-37.7400149,145.0042913
way/305248102,Preston Customer Service Centre,wheelchair_accessible_place,,yes,,,City Of Darebin,,True,-37.7401517,145.0047689
way/306106452,Platform 1,wheelchair_accessible_place,,yes,,,Metro Trains Melbourne,,True,-38.15206,145.139606
way/306785081,424 Illoura,wheelchair_accessible_place,,yes,,,,,True,-37.836855,144.9748558
way/306785231,Queens Domain,wheelchair_accessible_place,parking,yes,,,,,True,-37.8386965,144.9746515
node/307365728,Wheelchair Accessible Place,wheelchair_accessible_place,toilets,yes,,,,,True,-37.7267549,145.1127258
node/307586499,Wheelchair Accessible Place,wheelchair_accessible_place,telephone,yes,,,Telstra,,True,-37.8141143,144.9629553
node/307956749,Wheelchair Accessible Place,wheelchair_accessible_place,toilets,yes,,,,,True,-37.7536214,145.1158797
way/307981589,Wheelchair Accessible Place,wheelchair_accessible_place,,yes,,,,,True,-37.8070975,144.9590064
node/308435391,Wheelchair Accessible Place,wheelchair_accessible_place,toilets,yes,,,,,True,-37.8347557,144.9657978
way/308550427,Wheelchair Accessible Place,wheelchair_accessible_place,toilets,yes,,,,,True,-38.1464227,145.1173703
way/309152004,Wheelchair Accessible Place,wheelchair_accessible_place,,yes,,,,,True,-37.7117245,145.126172
way/309701820,Platform 2,wheelchair_accessible_place,,yes,,,Metro Trains Melbourne;V/Line,,True,-37.756089,144.9161656
way/309701822,Platform 1,wheelchair_accessible_place,,yes,,,Metro Trains Melbourne;V/Line,,True,-37.7562297,144.9163578
way/309846900,Flagstaff Place,wheelchair_accessible_place,,yes,,,PS703332F,,True,-37.8111123,144.9515615
way/310628329,Kevin Pratt Pavilion,wheelchair_accessible_place,,yes,,,,,True,-37.8039401,145.2381967
node/310943260,McDonald's,wheelchair_accessible_place,fast_food,yes,,24/7,,,True,-37.741462,145.027743
node/310945088,Convent Bakery,wheelchair_accessible_place,,yes,,Mo-Su 07:00-17:00,,,True,-37.8025203,145.0035085
way/311192775,163 Bouverie St (Building 265),wheelchair_accessible_place,,yes,,,"Campus Management, The University of Melbourne",,True,-37.8026174,144.9617606
node/312914362,BdyX,wheelchair_accessible_place,,yes,,"24/7 open ""Unstaffed"", Mo-Th 09:00-12:00,16:00-19:00; Fr 09:00-12:00 open ""Staffed""",,,True,-37.7171865,145.1208807
node/312968358,Yarraville Post Office,wheelchair_accessible_place,post_office,yes,,,Australia Post,,True,-37.8163601,144.8888051
node/313429707,Wheelchair Accessible Place,wheelchair_accessible_place,toilets,yes,,Mo-Su 06:00-21:00,,,True,-37.7046506,144.9145448
node/313665421,Wheelchair Accessible Place,wheelchair_accessible_place,,yes,,,,,True,-38.05429,145.1168502
way/313934006,Simpson Park Community Facility,wheelchair_accessible_place,toilets,yes,,09:00-17:00,,,True,-37.8244392,145.200483
node/314087330,Coles,wheelchair_accessible_place,,yes,,24/7,Coles Group,,True,-37.8535375,145.1487011
node/314097675,Blackburn Hotel,wheelchair_accessible_place,pub,yes,,Mo-Su 10:00-04:00,,,True,-37.8169646,145.1520743
way/314944179,Embassy Cafe,wheelchair_accessible_place,cafe,yes,,24/7,,,True,-37.8080932,144.9478478
way/315098360,Northland Shopping Centre,wheelchair_accessible_place,bus_station,yes,,,Transdev;Ventura;Dysons,,True,-37.7403968,145.0284561
way/315107047,CPL West Melbourne,wheelchair_accessible_place,,yes,,Mo-Fr 09:30-18:00; PH closed,Computer Parts Land,,True,-37.8082146,144.9479086
way/315126226,North Melbourne Supa IGA + Liquor,wheelchair_accessible_place,,yes,,"Mo-Fr 07:30-23:00; Sa 07:30-22:00; Su, PH 09:00-22:00",,,True,-37.8045841,144.9497888
way/315596859,Aldi,wheelchair_accessible_place,,yes,,Mo-Su 08:30-20:00,,,True,-37.9558454,145.0334368
way/315756434,Wheelchair Accessible Place,wheelchair_accessible_place,parking,yes,,,,,True,-37.5915002,144.9134378
way/315824220,Illura Apartments,wheelchair_accessible_place,,yes,,,,,True,-37.8074943,144.9488405
way/315837607,Wheelchair Accessible Place,wheelchair_accessible_place,parking,yes,,,,,True,-37.5934066,144.9160032
way/316031813,Wheelchair Accessible Place,wheelchair_accessible_place,parking,yes,,,,,True,-37.5917489,144.9153271
way/316063323,Wheelchair Accessible Place,wheelchair_accessible_place,parking,yes,,,,,True,-37.5945335,144.9130356
way/316063330,Wheelchair Accessible Place,wheelchair_accessible_place,parking,yes,,,,,True,-37.592728,144.9118017
way/316314856,Shaw's Garage,wheelchair_accessible_place,,yes,,Mo-Fr 08:30-17:30; PH off,,,True,-37.8205411,145.1579625
way/316631487,Wheelchair Accessible Place,wheelchair_accessible_place,parking,yes,no,,,,True,-37.9724802,145.0639066
way/317136455,Officeworks,wheelchair_accessible_place,,yes,,Mo-Fr 07:00-21:00; Sa 08:00-18:00; Su 09:00-18:00,,,True,-37.7043903,145.0544716
way/317256562,Wash 'n Glo,wheelchair_accessible_place,car_wash,yes,,Mo-Su 07:00-20:00,,,True,-38.1595149,145.1892757
way/317644471,Wheelchair Accessible Place,wheelchair_accessible_place,,yes,,,,,True,-37.5938777,144.9072543
node/317697330,Coles,wheelchair_accessible_place,,yes,,06:00-21:00,Coles Group,,True,-37.9494484,145.0033694
way/318930687,"Garfield Station, platform 2",wheelchair_accessible_place,,yes,,,,,True,-38.090987,145.6740667
node/319157917,Wheelchair Accessible Place,wheelchair_accessible_place,toilets,yes,,,Melbourne City Council,,True,-37.8062577,144.969196
way/322818071,McDonald's,wheelchair_accessible_place,fast_food,yes,,,,,True,-37.828176,144.9578644
node/323857221,Public Toilets,wheelchair_accessible_place,toilets,yes,,,,,True,-37.7590831,145.0011583
node/323995797,Coburg Library,wheelchair_accessible_place,library,yes,,Mo-Fr 10:00-20:00; Sa 09:00-16:00; Su 13:00-17:00,Moreland City Council,,True,-37.7433351,144.9653376
node/324018675,Westpac,wheelchair_accessible_place,bank,yes,,,Westpac,,True,-37.7734571,144.9612111
way/324163657,Wheelchair Accessible Place,wheelchair_accessible_place,toilets,yes,,,,,True,-37.7343143,145.1421438
way/325190336,Wingrove Park Trail,wheelchair_accessible_place,,yes,,,,,True,-37.7274995,145.1452982
way/325190337,Wheelchair Accessible Place,wheelchair_accessible_place,,yes,,,,,True,-37.7256107,145.1443107
way/326037692,ALDI,wheelchair_accessible_place,,yes,,Mo-Su 08:30-20:00,,,True,-38.0645713,145.4547133
way/326173634,Prince Alfred Rooftop & Bar,wheelchair_accessible_place,pub,yes,yes,"Tu-Fr 12:00-21:00, Sa 15:00-21:00",,,True,-37.8004574,144.9622054
way/327532413,Wheelchair Accessible Place,wheelchair_accessible_place,,yes,,,,,True,-37.7174785,145.1382497
node/327832566,Syndal,wheelchair_accessible_place,,yes,,,Metro Trains Melbourne,,True,-37.8762762,145.149793
node/327941812,Glen Waverley Station,wheelchair_accessible_place,bus_station,yes,,,,,True,-37.8793882,145.1627795
node/328104101,7-Eleven,wheelchair_accessible_place,,yes,,24/7,,,True,-37.7984386,144.9782418
node/328419988,Psarakos Market,wheelchair_accessible_place,,yes,,"Mo-Fr 09:00-18:00; Sa 08:00-16:00; Su,PH off",,,True,-37.7597746,145.0007011
way/328660799,Chemist Warehouse,wheelchair_accessible_place,pharmacy,yes,,Mo-Fr 08:30-21:00; Sa 08:30-18:00; Su 10:00-17:30,,,True,-37.817751,145.1244637
way/328872412,Vinnies,wheelchair_accessible_place,,yes,,Mo-Sa 09:30-17:00; Su 10:00-17:00,,,True,-38.2215264,145.0403949
way/328927124,Ringwood Police Complex,wheelchair_accessible_place,police,yes,,24/7,Victoria Police,,True,-37.8131036,145.2269583
way/330164887,The Charles Weston Hotel,wheelchair_accessible_place,pub,yes,,,,,True,-37.7748207,144.9633194
way/330164900,My Ride Brunswick,wheelchair_accessible_place,,yes,,Mo-Fr 08:00-18:00; Sa 09:00-17:00; Su 11:00-17:00,,,True,-37.77332,144.9614202
way/330347805,Dan Murphy's,wheelchair_accessible_place,,yes,,,,,True,-37.690893,144.957056
node/331120780,Tirhatuan Park Public Restroom,wheelchair_accessible_place,toilets,yes,,,,,True,-37.9462289,145.2228649
way/331952730,Stop 112: Lygon Street,wheelchair_accessible_place,,yes,,,Yarra Trams,,True,-37.7970685,144.9667624
way/334763945,Yarra Lane,wheelchair_accessible_place,,yes,,,,,True,-37.8377005,144.9933385
way/334959194,Heidelberg Magistrates' Court,wheelchair_accessible_place,courthouse,yes,,,,,True,-37.7580593,145.0710107
way/335694829,Wheelchair Accessible Place,wheelchair_accessible_place,,yes,,,,,True,-37.8665846,145.1736778
way/335694831,Wheelchair Accessible Place,wheelchair_accessible_place,parking,yes,,,,,True,-37.867302,145.1741197
way/337569054,ALDI,wheelchair_accessible_place,,yes,,Mo-Su 08:30-20:00,,,True,-37.5782701,144.7123852
way/338081217,Wheelchair Accessible Place,wheelchair_accessible_place,,yes,,,,,True,-37.7252678,145.1070518
node/338857834,City Library,wheelchair_accessible_place,library,yes,,Mo-Th 08:00-20:00; Fr 08:00-18:00; Sa 10:00-17:00; Su 12:00-17:00,,,True,-37.8169458,144.9659025
way/339719290,Wheelchair Accessible Place,wheelchair_accessible_place,,yes,,,,,True,-37.9043982,145.0025973
node/340177820,KFC,wheelchair_accessible_place,fast_food,yes,,,,,True,-37.8005281,144.9637501
node/340177991,7-Eleven,wheelchair_accessible_place,,yes,,,,,True,-37.8006537,144.9637357
way/342876642,Victoria Police Academy D Block,wheelchair_accessible_place,,yes,,,,,True,-37.8924113,145.1722477
way/342876659,Victoria Police Parade Ground,wheelchair_accessible_place,,yes,,,,,True,-37.8920209,145.1736527
way/343464143,Melbourne Regional Medical Center,wheelchair_accessible_place,hospital,yes,,24/7,Orlando Health,,True,28.1092733,-80.6744263
way/344085546,Nellie Melba Retirement Village,wheelchair_accessible_place,social_facility,yes,,,Ryman Healthcare,,True,-37.9060306,145.1652122
node/344097631,Arcadia Hotel,wheelchair_accessible_place,pub,yes,,,,,True,-37.838569,144.986712
node/344408987,Nar Nar Goon,wheelchair_accessible_place,,yes,,,Public Transport Victoria - Regional,,True,-38.0816079,145.5718175
way/346725558,Platform 1,wheelchair_accessible_place,,yes,,,Metro Trains Melbourne,,True,-37.9492622,145.1532976
way/347016389,Stop 136: Alfred Square,wheelchair_accessible_place,,yes,,,Yarra Trams,,True,-37.8652658,144.9735947
way/347016390,Stop 136: Alfred Square,wheelchair_accessible_place,,yes,,,Yarra Trams,,True,-37.8652301,144.973701
way/347401311,Stop 10: Bourke Street Mall,wheelchair_accessible_place,,yes,,,Yarra Trams,,True,-37.8130175,144.9653492
way/347401312,Stop 10: Bourke Street Mall,wheelchair_accessible_place,,yes,,,Yarra Trams,,True,-37.8129924,144.9654752
node/355059905,Clearview Drive / Harold Street,wheelchair_accessible_place,,yes,,,,,True,-37.8560443,145.2265535
node/355059914,Clearview Drive / Harold Street,wheelchair_accessible_place,,yes,,,,,True,-37.8559072,145.2265951
node/355075293,Knox Centre for the Disabled,wheelchair_accessible_place,,yes,,,,,True,-37.8468737,145.2205809
way/355395857,Bunnings Warehouse,wheelchair_accessible_place,,yes,yes,"Mo-Fr 06:00-21:00; Sa,Su 07:00-19:00",,,True,-37.9769165,145.0693219
node/356631072,Wheelchair Accessible Place,wheelchair_accessible_place,toilets,yes,,,,,True,-37.8816485,145.359314
node/357080124,Wheelchair Accessible Place,wheelchair_accessible_place,toilets,yes,,,,,True,-38.3290893,144.6955876
node/357823600,Linsley Way / Harold Street,wheelchair_accessible_place,,yes,,,,,True,-37.8531595,145.2223403
node/358750541,Auditorium,wheelchair_accessible_place,school,yes,,,,,True,28.169151,-80.669971
node/358750563,Parrish Student Center,wheelchair_accessible_place,school,yes,,,,,True,28.170346,-80.670211
node/358750567,Philip L Nohrr Learning Resource Center,wheelchair_accessible_place,school,yes,,,,,True,28.169275,-80.670742
node/358750574,Science Building,wheelchair_accessible_place,school,yes,,,,,True,28.168811,-80.669971
node/358750576,Student Services Center and Administration Building,wheelchair_accessible_place,school,yes,,,,,True,28.169924,-80.670804
node/358750766,Crossroads United Church of Christ,wheelchair_accessible_place,place_of_worship,yes,,,,,True,28.1463,-80.6562
way/362177083,Port Melbourne Medical,wheelchair_accessible_place,clinic,yes,,,,,True,-37.8341497,144.9460746
way/362398897,Wheelchair Accessible Place,wheelchair_accessible_place,,yes,,,,,True,-37.7669827,144.9802747
way/362398900,Stop 23: Blyth Street,wheelchair_accessible_place,,yes,,,Yarra Trams,,True,-37.7669823,144.9802891
way/362493675,Holy Trinity Anglican Church,wheelchair_accessible_place,place_of_worship,yes,,,,,True,-37.8398172,144.9416948
way/364079550,Port Melbourne Neighbourhood Centre,wheelchair_accessible_place,community_centre,yes,,Mo-Fr 09:30-16:30,Port Melbourne Neighbourhood Centre Inc,,True,-37.8378984,144.9415815
node/364875775,Village Cinemas,wheelchair_accessible_place,cinema,yes,yes,,,,True,-37.959618,145.0546178
node/364875782,Southland Post Office,wheelchair_accessible_place,post_office,yes,no,,Australia Post,,True,-37.9585352,145.0510129
node/365211337,Commonwealth Bank,wheelchair_accessible_place,bank,yes,no,,,,True,-37.9815808,145.0642382
node/365211338,ANZ,wheelchair_accessible_place,bank,yes,no,,,,True,-37.9812819,145.0640079
node/365211439,Wheelchair Accessible Place,wheelchair_accessible_place,,yes,no,,,,True,-37.9567449,145.0506542
node/365211574,ALDI,wheelchair_accessible_place,,yes,,Mo-Fr 08:30-20:00; Sa-Su 08:30-19:00,,,True,-37.9590509,145.0548965
node/365211575,Coles,wheelchair_accessible_place,,yes,,,Coles Group,,True,-37.9589132,145.0512356
way/366050551,Wheelchair Accessible Place,wheelchair_accessible_place,parking,yes,no,,,,True,-37.9761632,145.0693531
way/366283036,Ringwood Secondary College Junior School,wheelchair_accessible_place,,yes,,,,,True,-37.8160713,145.2388612
way/366284137,Ringwood Secondary College Food Studies Rooms,wheelchair_accessible_place,,yes,,,,,True,-37.8168388,145.2398343
way/366676407,Coburg Elderly Citizens' Clubrooms,wheelchair_accessible_place,community_centre,yes,,,moreland city council,,True,-37.7450247,144.9686452
node/367127279,Woolworths,wheelchair_accessible_place,,yes,,Mo-Su 07:00-22:00,,,True,-38.1838062,145.0898802
way/367523746,North West Brunswick Kindergarten Inc,wheelchair_accessible_place,kindergarten,yes,,,,,True,-37.7574762,144.952586
node/368380056,Fitzroy Library,wheelchair_accessible_place,library,yes,,Mo 10:00-18:00; Tu-We 13:00-20:00; Th 10:00-18:00; Fr 13:00-18:00; Sa 10:00-16:00; Su 14:00-17:00,City of Yarra,,True,-37.8018889,144.979691
node/368387444,Woolworths,wheelchair_accessible_place,,yes,,Mo-Su 07:00-22:00,Woolworths Group,,True,-38.2244567,145.1715701
way/368570569,Mount Medical Clinic,wheelchair_accessible_place,doctors,yes,,Mo-Fr 08:30-21:00; Sa 09:00-17:00,,,True,-37.9081174,145.3491726
way/369450437,Wheelchair Accessible Place,wheelchair_accessible_place,,yes,,,,,True,-37.945514,145.2204475
way/369646078,Wheelchair Accessible Place,wheelchair_accessible_place,parking,yes,,,,,True,-37.5831759,144.9028776
node/370224122,North Melbourne IGA X-press,wheelchair_accessible_place,,yes,,Mo-Fr 08:00-22:00; Sa 09:00-22:00; Su 10:00-21:00,,,True,-37.798856,144.953525
way/374095446,Melbourne Audiology Centre,wheelchair_accessible_place,audiologist,yes,,,,,True,-37.8083108,144.9812521
node/375188068,Wheelchair Accessible Place,wheelchair_accessible_place,,yes,,,,,True,-37.932764,145.0340688
way/377564360,Wheelchair Accessible Place,wheelchair_accessible_place,,yes,,,,,True,-37.7569098,144.9649007
way/377575315,Ferntree Gully Library,wheelchair_accessible_place,library,yes,,"Mo-We 10:00-20:00; Th,Fr 10:00-17:30; Sa 10:00-13:00",,,True,-37.8898934,145.2909254
way/377679325,Stop D18: Victoria Harbour Docklands,wheelchair_accessible_place,,yes,,,Yarra Trams,,True,-37.8207711,144.9419011
way/377937988,Realm,wheelchair_accessible_place,library,yes,,Mo-Fr 09:00-20:00; Sa-Su 10:00-17:00,Your Library,,True,-37.8148968,145.2292532
way/378079819,Sage Hotel,wheelchair_accessible_place,,yes,,,,,True,-37.8143845,145.2302972
way/378590449,Hamer Court,wheelchair_accessible_place,social_facility,yes,,,,,True,-37.8010898,145.0454691
way/380034348,McDonald's,wheelchair_accessible_place,fast_food,yes,,24/7,,,True,-37.7880475,145.3110151
way/381164051,Wheelchair Accessible Place,wheelchair_accessible_place,,yes,,,,,True,-37.7974618,144.9605851
way/381863406,Flemington Police Station,wheelchair_accessible_place,police,yes,,,Victoria Police,,True,-37.7853611,144.9321388
way/382367751,Coles,wheelchair_accessible_place,,yes,,Mo-Su 06:00-22:00,Coles Group,,True,-37.7145205,145.0073117
way/382975569,McDonald's,wheelchair_accessible_place,fast_food,yes,,,,,True,-37.7880914,144.9321049
way/383258088,EG Australia,wheelchair_accessible_place,,yes,,,,,True,-38.2146191,145.4970056
way/383374611,Wheelchair Accessible Place,wheelchair_accessible_place,,yes,,,,,True,-37.7880294,144.9375266
way/383374612,Wheelchair Accessible Place,wheelchair_accessible_place,,yes,,,,,True,-37.7870997,144.9380989
way/383402005,Kathleen Syme Library and Community Centre,wheelchair_accessible_place,community_centre,yes,,Mo-Th 10:00-19:00; Fr 13:00-18:00; Sa 10:00-16:00; Su 12:00-16:00,City of Melbourne,,True,-37.7987297,144.9652502
node/385176066,Fitzroy Business Centre,wheelchair_accessible_place,post_office,yes,,Mo-Fr 9:00-17:00,Australia Post,,True,-37.7977485,144.9829523
way/386757643,Platform 1,wheelchair_accessible_place,,yes,,,Metro Trains Melbourne,,True,-37.8159215,145.2291109
node/387704652,Belgian Beer Cafe,wheelchair_accessible_place,pub,yes,,Su-Th 12:00-23:00; Fr-Sa 12:00-01:00,,,True,-37.8214816,144.9644575
way/389356490,Stop 17: Police Memorial and Grant Street,wheelchair_accessible_place,,yes,,,Yarra Trams,,True,-37.8244332,144.9707041
way/389356491,Stop 17: Police Memorial and Grant Street,wheelchair_accessible_place,,yes,,,Yarra Trams,,True,-37.8244492,144.9705973
way/389366465,Stop 19: Shrine of Remembrance,wheelchair_accessible_place,,yes,,,Yarra Trams,,True,-37.8293402,144.971249
way/389366466,Stop 19: Shrine of Remembrance,wheelchair_accessible_place,,yes,,,Yarra Trams,,True,-37.8285143,144.9713893
node/389440327,Wheelchair Accessible Place,wheelchair_accessible_place,toilets,yes,,Mo-Su 08:00-18:00,,,True,-37.7050795,144.9536716
way/389455411,Collingwood Post Shop,wheelchair_accessible_place,post_office,yes,,Mo-Fr 9:00-17:00,Australia Post,,True,-37.8031843,144.9839109
way/389455413,Wah Wah Records,wheelchair_accessible_place,,yes,,Mo-Fr 10:00-18:00; Sa 10:00-16:00,,,True,-37.8029936,144.9838029
way/389455414,S&J Lotto,wheelchair_accessible_place,,yes,,,,,True,-37.8029123,144.983865
way/389458167,South Yarra,wheelchair_accessible_place,,yes,,,Metro Trains Melbourne,,True,-37.8381009,144.99237
way/389781737,Como Private Hospital,wheelchair_accessible_place,hospital,yes,yes,,,,True,-37.9908387,145.0725043
way/390550952,Stop 6: Russell Street,wheelchair_accessible_place,,yes,,,Yarra Trams,,True,-37.8165481,144.9705166
way/391360140,Stop 124: Batman Park,wheelchair_accessible_place,,yes,,,Yarra Trams,,True,-37.821798,144.9554039
way/391360141,Stop 2: Collins Street,wheelchair_accessible_place,,yes,,,Yarra Trams,,True,-37.81567,144.9637707
way/391360142,Stop 2: Collins Street,wheelchair_accessible_place,,yes,,,Yarra Trams,,True,-37.8156485,144.963867
way/391360143,Stop 3: William Street,wheelchair_accessible_place,,yes,,,Yarra Trams,,True,-37.8175128,144.9596151
way/391360144,Stop 3: William Street,wheelchair_accessible_place,,yes,,,Yarra Trams,,True,-37.8174568,144.9595902
way/391367196,Wheelchair Accessible Place,wheelchair_accessible_place,,yes,yes,,,Currently all facilities are closed and stripped due to Suburban Link Line tunnelling. NOT demolished- unclear if they will return,True,-37.9569031,145.0508035
way/391719624,Shell,wheelchair_accessible_place,fuel,yes,,24/7,,,True,-37.7519991,145.1345483
way/392201849,Colonial Tramcar Restaurant Departure Platform,wheelchair_accessible_place,,yes,no,,Colonial Tramcar Restaurant,,True,-37.8258843,144.9562719
way/392201850,Stop 125: Clarendon Street Junction,wheelchair_accessible_place,,yes,no,,Yarra Trams,,True,-37.8258819,144.9564404
way/393558711,"Southern Cross 15A, 15B, 16A & 16B",wheelchair_accessible_place,,yes,,,V/Line,,True,-37.818163,144.951122
way/394991031,Wheelchair Accessible Place,wheelchair_accessible_place,,yes,,,,,True,-38.1460881,145.1180067
way/397008499,Balaclava,wheelchair_accessible_place,,yes,,,Metro Trains Melbourne,,True,-37.8695996,144.9935111
way/397008500,Caulfield,wheelchair_accessible_place,,yes,,,Metro Trains Melbourne;V/Line,,True,-37.8773212,145.0423811
way/397260833,Malvern,wheelchair_accessible_place,,yes,,,Metro Trains Melbourne,,True,-37.8663425,145.029464
way/397735517,Wheelchair Accessible Place,wheelchair_accessible_place,,yes,,,,,True,-37.6950406,144.9193895
way/398836240,ALDI,wheelchair_accessible_place,,yes,,Mo-Su 08:30-20:00,,,True,-38.2199255,145.0628334
way/399440671,EG Australia,wheelchair_accessible_place,fuel,yes,,24/7,EG Australia,,True,-37.8006228,144.9442524
node/401507879,Wheelchair Accessible Place,wheelchair_accessible_place,toilets,yes,,"Mo-Su,PH 07:00-19:00",,,True,-37.7972669,144.9842867
way/401771555,Elsternwick,wheelchair_accessible_place,,yes,,,Metro Trains Melbourne,,True,-37.8851207,145.0010903
way/402067980,Monty Clinic,wheelchair_accessible_place,doctors,yes,,Mo-Fr 08:30-12:00; PH off,,,True,-37.718279,145.1176743
way/402561524,Wheelchair Accessible Place,wheelchair_accessible_place,,yes,,,,,True,-37.9348772,145.1130263
way/403221834,1st Elwood Scout Hall,wheelchair_accessible_place,,yes,,,Scouts Victoria,,True,-37.8848014,144.9869826
way/403430034,Eltham Clinic,wheelchair_accessible_place,doctors,yes,,Mo-Fr 08:30-19:00; Sa 08:30-12:00; PH 10:00-12:00; Su off; Dec 25 off; Jan 01 off; easter -2 days off,,,True,-37.7244331,145.1466277
way/403604215,Armadale,wheelchair_accessible_place,,yes,,,Metro Trains Melbourne,,True,-37.8562948,145.0192436
way/403604216,Prahran,wheelchair_accessible_place,,yes,,,Metro Trains Melbourne,,True,-37.849825,144.9897945
way/403642930,ALDI,wheelchair_accessible_place,,yes,,Mo-Su 08:30-20:00,,,True,-37.6830219,144.578842
way/403795656,Stop 19: North Richmond Station,wheelchair_accessible_place,,yes,,,Yarra Trams,,True,-37.8096871,144.9928097
way/403795657,Stop 19: North Richmond Station,wheelchair_accessible_place,,yes,,,Yarra Trams,,True,-37.8097952,144.9927802
way/403795658,Stop 20: Lennox Street,wheelchair_accessible_place,,yes,,,Yarra Trams,,True,-37.8101722,144.9963608
way/403795659,Stop 20: Lennox Street,wheelchair_accessible_place,,yes,,,Yarra Trams,,True,-37.8099804,144.995596
way/404487983,BP Shop,wheelchair_accessible_place,,yes,,,,,True,-37.81666,144.8184767
way/406535470,Melbourne Convention Centre,wheelchair_accessible_place,conference_centre,yes,,,,,True,-37.8253422,144.9524747
way/406695490,Wheelchair Accessible Place,wheelchair_accessible_place,,yes,,,,,True,-37.9546566,145.0490433
way/409412661,Toorak,wheelchair_accessible_place,,yes,,,Metro Trains Melbourne,,True,-37.8506631,145.0136792
way/409455097,Gardiner,wheelchair_accessible_place,,yes,,,Metro Trains Melbourne,,True,-37.8528938,145.0511267
way/409455100,Stop 51: Gardiner Station,wheelchair_accessible_place,,yes,,,Yarra Trams,,True,-37.8529571,145.0526616
node/410408934,The National Hotel,wheelchair_accessible_place,pub,yes,,,,,True,-37.8109133,145.0028288
node/410409094,Newton & Leung Pharmacy,wheelchair_accessible_place,pharmacy,yes,,Mo-Fr 9:00-20:00; Sa 9:00-18:00; Su 10:00-18:00,,,True,-37.8011431,144.9840159
way/412027927,Victoria Police Academy,wheelchair_accessible_place,college,yes,,,Victoria Police,,True,-37.891762,145.1748425
way/412913537,Stop 32: Moonee Ponds Junction,wheelchair_accessible_place,,yes,,,Yarra Trams,,True,-37.7668046,144.9249166
way/413118908,Platform 1,wheelchair_accessible_place,,yes,,,,,True,-38.0712895,145.4376319
way/413303688,Wheelchair Accessible Place,wheelchair_accessible_place,,yes,,,,,True,-37.766509,145.3559069
way/413591726,Jolimont,wheelchair_accessible_place,,yes,,,Metro Trains Melbourne,,True,-37.8164953,144.9838397
way/413591728,Richmond,wheelchair_accessible_place,,yes,,,Metro Trains Melbourne;V/Line,,True,-37.8239266,144.9892592
way/413591731,Stop 11: Jolimont Station,wheelchair_accessible_place,,yes,,,Yarra Trams,,True,-37.8162856,144.9844074
way/413591734,Stop 7A: William Barak Bridge,wheelchair_accessible_place,,yes,,,Yarra Trams,,True,-37.8182059,144.9759994
way/413591737,Stop 7A: William Barak Bridge,wheelchair_accessible_place,,yes,,,Yarra Trams,,True,-37.8182932,144.9759969
way/413591740,Stop 7C: MCG/John Cain Arena,wheelchair_accessible_place,,yes,,,Yarra Trams,,True,-37.8222371,144.98325
way/413591741,Stop 7C: MCG/John Cain Arena,wheelchair_accessible_place,,yes,,,Yarra Trams,,True,-37.8223246,144.9831603
way/414532197,Wheelchair Accessible Place,wheelchair_accessible_place,,yes,,,,,True,-37.8671134,145.1758747
way/414532211,Wheelchair Accessible Place,wheelchair_accessible_place,,yes,,,,,True,-37.8664914,145.1728915
way/414590974,Burnley,wheelchair_accessible_place,,yes,,,Metro Trains Melbourne,,True,-37.827611,145.0080903
way/414590975,East Richmond,wheelchair_accessible_place,,yes,,,Metro Trains Melbourne,,True,-37.826344,144.9967562
way/414590976,Stop 15: Epworth Hospital,wheelchair_accessible_place,,yes,,,Yarra Trams,,True,-37.8179069,144.9937633
way/414590977,Stop 15: Epworth Hospital,wheelchair_accessible_place,,yes,,,Yarra Trams,,True,-37.8180115,144.9937361
way/414590978,Stop 17: Bosisto Street,wheelchair_accessible_place,,yes,,,Yarra Trams,,True,-37.8182122,144.996453
way/414590979,Stop 17: Waltham Street,wheelchair_accessible_place,,yes,,,Yarra Trams,,True,-37.8183431,144.9966468
node/414613148,Wheelchair Accessible Place,wheelchair_accessible_place,toilets,yes,,,,,True,-37.7830322,144.941865
node/415515181,netfocus IT,wheelchair_accessible_place,,yes,,Mo-Fr 09:00-17:00; Sa 10:00-15:00,,,True,-38.1433196,145.1232064
way/416811555,Wheelchair Accessible Place,wheelchair_accessible_place,,yes,,,,,True,-37.7767459,145.1397802
way/418554844,St Ambrose,wheelchair_accessible_place,place_of_worship,yes,,,,,True,-37.7709829,144.9609516
way/419813159,Platform 3,wheelchair_accessible_place,,yes,,,Metro Trains Melbourne,,True,-37.8011712,144.9027332
way/419813160,Platform 1,wheelchair_accessible_place,,yes,,,Metro Trains Melbourne,,True,-37.8011829,144.9023634
way/421713476,Kingdom Hall of Jehovah's Witnesses,wheelchair_accessible_place,place_of_worship,yes,,,,,True,-37.8674157,144.9855941
way/421733835,Kingdom Hall of Jehovah's Witnesses,wheelchair_accessible_place,place_of_worship,yes,,,,,True,-37.9098643,145.3445783
way/427977741,Stop 137: Harold Street,wheelchair_accessible_place,,yes,,,Yarra Trams,,True,-37.8513753,144.9592841
way/427977745,Stop 137: Harold Street,wheelchair_accessible_place,,yes,,,Yarra Trams,,True,-37.8509899,144.9587932
way/429281512,The Commons,wheelchair_accessible_place,,yes,,,,,True,-37.829587,144.9579721
way/430888678,Box Hill Station,wheelchair_accessible_place,bus_station,yes,,,Kinetic;Ventura;CDC Melbourne,,True,-37.8196356,145.1223642
way/430888679,Box Hill,wheelchair_accessible_place,,yes,,,Metro Trains Melbourne,,True,-37.8193176,145.1221238
way/430888680,Platform 3,wheelchair_accessible_place,,yes,,,Metro Trains Melbourne,,True,-37.8193268,145.1221175
way/430888681,Platform 4,wheelchair_accessible_place,,yes,,,Metro Trains Melbourne,,True,-37.8192236,145.1221439
way/430987127,Metro Petroleum,wheelchair_accessible_place,fuel,yes,,,,,True,-37.6655852,144.9407759
node/431026642,Wheelchair Accessible Place,wheelchair_accessible_place,,yes,,,,,True,-37.9229558,144.6671468
node/431026652,Wheelchair Accessible Place,wheelchair_accessible_place,,yes,,,,,True,-37.9225515,144.6673374
way/431122379,Broadmeadows,wheelchair_accessible_place,,yes,,,Metro Trains Melbourne;V/Line;NSW Trains,,True,-37.6828127,144.9197003
way/432579242,Windsor,wheelchair_accessible_place,,yes,,,Metro Trains Melbourne,,True,-37.8558081,144.9916619
way/432717240,Staff pick up/set down stop,wheelchair_accessible_place,,yes,,,,Tram staff pick up/set down platform,True,-37.751681,144.996327
way/434337769,Moreland,wheelchair_accessible_place,,yes,,,Metro Trains Melbourne,,True,-37.7542928,144.9618924
way/437726767,Stop 139: Acland Street Plaza,wheelchair_accessible_place,,yes,,,Yarra Trams,,True,-37.8689422,144.980168
way/437726768,Stop 139: Acland Street Plaza,wheelchair_accessible_place,,yes,,,Yarra Trams,,True,-37.8689941,144.9800818
way/438080061,Wheelchair Accessible Place,wheelchair_accessible_place,,yes,,,,,True,-37.8459954,144.8615487
way/441423581,Wheelchair Accessible Place,wheelchair_accessible_place,,yes,,,,,True,-37.7854346,145.1259539
way/441584472,Wheelchair Accessible Place,wheelchair_accessible_place,,yes,,,,,True,-37.7142365,144.8867002
way/441870137,Wheelchair Accessible Place,wheelchair_accessible_place,,yes,,,,,True,-37.8155448,145.2229383
way/441870138,Wheelchair Accessible Place,wheelchair_accessible_place,,yes,,,,,True,-37.8156584,145.2219475
way/442877754,Wheelchair Accessible Place,wheelchair_accessible_place,parking,yes,,,,,True,-37.8259353,144.9546388
way/443043632,Essendon,wheelchair_accessible_place,,yes,,,Metro Trains Melbourne;V/Line,,True,-37.756095,144.9161962
way/443362023,Wheelchair Accessible Place,wheelchair_accessible_place,toilets,yes,,,,,True,-37.7391846,145.269717
way/443781750,Footscray,wheelchair_accessible_place,,yes,,,Metro Trains Melbourne;V/Line,,True,-37.8014321,144.9022405
way/444688187,Wayside Inn,wheelchair_accessible_place,pub,yes,no,Mo-Su 12:00+,,,True,-37.8310102,144.953667
way/446614243,Carrum Surf Life Saving Club,wheelchair_accessible_place,,yes,,,Carrum Surf Life Saving Club,,True,-38.0763622,145.1212625
way/446972353,BP,wheelchair_accessible_place,fuel,yes,no,,,,True,-37.9772648,145.0666425
way/446972463,Ampol,wheelchair_accessible_place,fuel,yes,no,Mo-Sa 05:00-24:00; Su 06:00-24:00,,,True,-37.9650836,145.0554394
way/447604595,Wheelchair Accessible Place,wheelchair_accessible_place,toilets,yes,,Mo-Su 09:00-17:00; Dec 25 off,,,True,-38.130539,145.2692483
way/447835778,Wheelchair Accessible Place,wheelchair_accessible_place,,yes,,,,,True,-37.7658787,144.9193745
way/448582507,United,wheelchair_accessible_place,fuel,yes,,,,,True,-38.2117296,145.3770902
way/448595287,John Medley Building (191),wheelchair_accessible_place,,yes,,,University of Melbourne,,True,-37.799279,144.9606727
way/448787960,Flemington Bridge,wheelchair_accessible_place,,yes,,,Metro Trains Melbourne,,True,-37.7882105,144.9392677
way/448787962,Stop 22: Flemington Bridge Station,wheelchair_accessible_place,,yes,,,Yarra Trams,,True,-37.7881433,144.9408034
way/448787963,Stop 22: Flemington Bridge Station,wheelchair_accessible_place,,yes,,,Yarra Trams,,True,-37.7881935,144.9407103
way/448787964,Stop 23: Djerring Flemington Hub,wheelchair_accessible_place,,yes,,,Yarra Trams,,True,-37.7859418,144.9389538
way/448787965,Stop 23: Djerring Flemington Hub,wheelchair_accessible_place,,yes,,,Yarra Trams,,True,-37.7858567,144.9390113
way/448909004,Wheelchair Accessible Place,wheelchair_accessible_place,,yes,,,,,True,-37.8238152,144.9838865
way/449025573,Wheelchair Accessible Place,wheelchair_accessible_place,parking,yes,yes,,,,True,-37.6275751,145.0267282
way/451802436,University Car Park,wheelchair_accessible_place,parking,yes,,,University of Melbourne,,True,-37.8882553,144.6946347
way/452611058,Wheelchair Accessible Place,wheelchair_accessible_place,toilets,yes,,,,,True,-37.6138593,145.6044784
way/453690869,Wheelchair Accessible Place,wheelchair_accessible_place,,yes,,,,,True,-38.0772936,145.1215401
way/453695659,Wheelchair Accessible Place,wheelchair_accessible_place,,yes,,,,,True,-38.0762896,145.1211752
way/453695660,Wheelchair Accessible Place,wheelchair_accessible_place,,yes,,,,,True,-38.0762841,145.1212796
way/455191523,Santorini,wheelchair_accessible_place,,yes,,,,,True,-37.8083316,144.9476032
way/455680163,Stop 116: City Road,wheelchair_accessible_place,,yes,no,,Yarra Trams,,True,-37.8262662,144.960768
way/455680164,Stop 116: City Road,wheelchair_accessible_place,,yes,,,Yarra Trams,,True,-37.8263181,144.9606835
way/455680174,Stop 115: Casino and Southbank,wheelchair_accessible_place,,yes,,,Yarra Trams,,True,-37.8219267,144.9612887
way/455680175,Stop 115: Casino and Southbank,wheelchair_accessible_place,,yes,,,Yarra Trams,,True,-37.821905,144.9611805
way/455889026,Heidelberg Police Station,wheelchair_accessible_place,police,yes,,24/7,Victoria Police,,True,-37.7575682,145.0706398
node/457302467,Cafe Commercio,wheelchair_accessible_place,cafe,yes,yes,Mo-Fr 07:30-18:30,,A multicultural menu for an on-the-go or relaxed lunch,True,-37.8014283,144.9587685
node/457308113,Bar Scopa,wheelchair_accessible_place,cafe,yes,,Mo-Fr 07:30-18:00,,,True,-37.802929,144.9602863
node/457318538,Amicus Espresso,wheelchair_accessible_place,cafe,yes,yes,Mo 07:30-15:30; Tu-Th 07:30-17:00; Fr 07:30-14:30,,"A small cafe with a great variety of gluten free, dairy free and vegetarian options",True,-37.8022481,144.9601666
way/457350358,Aldi,wheelchair_accessible_place,,yes,,Mo-Su 08:30-20:00,,,True,-37.8447747,144.8454614
way/458461654,Parliament,wheelchair_accessible_place,,yes,yes,,Metro Trains Melbourne,,True,-37.8109221,144.9729099
way/458461656,Platform 3,wheelchair_accessible_place,,yes,,,Metro Trains Melbourne,,True,-37.8109538,144.9728877
way/458461657,Platform 1,wheelchair_accessible_place,,yes,,,Metro Trains Melbourne,,True,-37.810951,144.9728954
way/459734246,Old Quadrangle (North Wing) (150),wheelchair_accessible_place,,yes,,,University of Melbourne,,True,-37.7975538,144.9609737
way/459973943,Melbourne Central,wheelchair_accessible_place,,yes,yes,,Metro Trains Melbourne,,True,-37.8100345,144.9624768
way/459973944,Platform 4,wheelchair_accessible_place,,yes,,,Metro Trains Melbourne,,True,-37.8099316,144.9624875
way/459973945,Platform 2,wheelchair_accessible_place,,yes,,,Metro Trains Melbourne,,True,-37.809922,144.9624813
way/460872000,Flagstaff,wheelchair_accessible_place,,yes,yes,,Metro Trains Melbourne,,True,-37.8118656,144.9560156
way/460872007,Platform 3,wheelchair_accessible_place,,yes,,,Metro Trains Melbourne,,True,-37.8118666,144.956027
way/460872010,Platform 1,wheelchair_accessible_place,,yes,,,Metro Trains Melbourne,,True,-37.8118545,144.956021
way/462129195,Realm Park,wheelchair_accessible_place,,yes,,,,,True,-37.8411449,145.0888468
way/463244586,Reservoir Community and Learning Centre,wheelchair_accessible_place,,yes,,,,"Reservoir Community and Learning Centre, Included Reservoir Public Library",True,-37.7165729,145.005698
way/463340079,Blackburn,wheelchair_accessible_place,,yes,,,Metro Trains Melbourne,,True,-37.8200847,145.1500487
node/465186446,Woolworths,wheelchair_accessible_place,,yes,,,Woolworths Group,,True,-37.7867173,145.1262784
way/465375449,ALDI,wheelchair_accessible_place,,yes,,Mo-Su 08:30-20:00,,,True,-37.9012273,145.2329917
way/466535462,7-Eleven,wheelchair_accessible_place,fuel,yes,,24/7,,,True,-37.6603232,145.0299878
way/467888834,Wheelchair Accessible Place,wheelchair_accessible_place,,yes,,,,,True,-37.8042225,145.2826447
way/468677359,Wheelchair Accessible Place,wheelchair_accessible_place,,yes,,,,,True,-37.5888456,144.7117329
way/469374342,Wheelchair Accessible Place,wheelchair_accessible_place,,yes,,,,,True,-37.9597301,145.0157585
node/469627440,McDonald's,wheelchair_accessible_place,fast_food,yes,,,,,True,-37.7867907,145.1251519
node/470245054,Waverley Private Hospital,wheelchair_accessible_place,,yes,,,Ventura,,True,-37.8850034,145.1460713
node/472236182,Public Toilets,wheelchair_accessible_place,toilets,yes,,,,,True,-37.8020642,144.9664322
way/473460580,Cardinia Club,wheelchair_accessible_place,pub,yes,,"Mo-We,Su 10:00-02:00; Th-Sa 10:00-03:00",,,True,-38.0768915,145.4926006
way/474064380,The Western Medical Centre,wheelchair_accessible_place,doctors,yes,,Mo-Fr 08:00-18:00; Sa 08:00-10:00; Su off; PH off,,,True,-37.8125908,144.8832129
way/474101063,Stoney Creek Reserve,wheelchair_accessible_place,,yes,,,,,True,-37.8269027,144.8953755
way/474101064,Wheelchair Accessible Place,wheelchair_accessible_place,,yes,,,,,True,-37.8281503,144.8975033
way/474141230,Wheelchair Accessible Place,wheelchair_accessible_place,,yes,,,,,True,-37.8160656,144.8896852
way/474964742,Wheelchair Accessible Place,wheelchair_accessible_place,,yes,,,,,True,-37.7654031,145.1650775
way/477567309,Koonung Creek Trail,wheelchair_accessible_place,,yes,,,,,True,-37.8050353,145.1758788
way/478369758,RSPCA Peninsula,wheelchair_accessible_place,veterinary,yes,,Th-Fr 10:00-19:30; Sa-We 10:00-16:00,,,True,-38.1906115,145.2541951
way/478555394,RSPCA Peninsula Vet Clinic,wheelchair_accessible_place,veterinary,yes,,Mo-Fr 09:00-17:00; Sa 09:00-16:00; Su 09:00-12:00,,,True,-38.1895763,145.2542181
way/478968175,Dan Murphy's,wheelchair_accessible_place,,yes,,"Mo-Sa 09:00-21:00, Su 10:00-19:00",,,True,-37.8740778,145.0401337
way/478969940,McDonald's,wheelchair_accessible_place,fast_food,yes,,,,,True,-37.8760925,145.0478528
way/479236557,Platform 2,wheelchair_accessible_place,,yes,,,Metro Trains Melbourne,,True,-38.0793532,145.263797
node/479754804,Wheelchair Accessible Place,wheelchair_accessible_place,toilets,yes,,,,,True,-37.7850873,145.0113339
node/479827041,Grandview Hotel,wheelchair_accessible_place,pub,yes,,,,,True,-37.7831868,145.017209
way/480358290,Town Hall Hotel,wheelchair_accessible_place,pub,yes,,Mo-Th 16:00-01:00; Fr-Sa 12:00-01:00; Su 12:00-23:00,,,True,-37.804201,144.9490553
way/480358291,S&J Sushi Noodle Town,wheelchair_accessible_place,fast_food,yes,,Mo-Sa 11:00-22:00,,,True,-37.8042525,144.9490775
way/480358293,Ferguson Plarre Bakehouse,wheelchair_accessible_place,,yes,,,,,True,-37.8043467,144.9490919
way/480358294,North Melbourne Lotto,wheelchair_accessible_place,,yes,,,,,True,-37.8043973,144.9491084
way/480586176,7-Eleven,wheelchair_accessible_place,,yes,,24/7,,,True,-37.8031755,144.9493016
way/480586178,Wheelchair Accessible Place,wheelchair_accessible_place,,yes,,,,,True,-37.8032719,144.9492848
way/480586181,Errol's Cafe,wheelchair_accessible_place,cafe,yes,,Mo-Sa 06:30-22:30; Su 07:30-22:30,,,True,-37.803465,144.9492049
way/480586183,Agraba,wheelchair_accessible_place,restaurant,yes,,Tu-Su 11:30-23:00,,,True,-37.8036029,144.9492353
way/480586184,Kapar Hair Artistry,wheelchair_accessible_place,,yes,,Mo-Tu 08:30-17:30; We-Th 08:30-20:30; Fr 08:30-21:00; Sa 07:30-16:00; Su off,,,True,-37.8036417,144.9492639
way/480586186,Salvos,wheelchair_accessible_place,,yes,,,Salvation Army,,True,-37.8037226,144.9491414
way/480586188,Dong Xing Asian Food,wheelchair_accessible_place,fast_food,yes,,Mo-Su 09:30-20:30,,,True,-37.8038804,144.9492348
way/480586189,Wheelchair Accessible Place,wheelchair_accessible_place,fast_food,yes,,Mo-Th 10:00-21:30; Fr 10:00-22:00; Sa-Su 11:00-21:30,,,True,-37.8039149,144.9491551
way/480586191,Parkhill Cellars,wheelchair_accessible_place,,yes,,Mo-We 10:00-20:00; Th-Sa 10:00-21:00; Su 10:00-18:00,,,True,-37.803967,144.9490968
way/480586192,Eros,wheelchair_accessible_place,,yes,,Mo off; Tu 10:00-16:00; We 09:30-20:00; Th 10:00-20:00; Fr 09:30-18:00; Sa 09:00-16:00; Su off,,,True,-37.8040401,144.9492075
way/480586195,Char Siu House,wheelchair_accessible_place,restaurant,yes,,Mo-Sa 10:00-21:00; Su 11:00-21:00,,,True,-37.8041225,144.9490905
way/480772043,Wheelchair Accessible Place,wheelchair_accessible_place,toilets,yes,,,,,True,-37.972466,144.6876481
way/480776712,Wheelchair Accessible Place,wheelchair_accessible_place,toilets,yes,,,,,True,-37.5207001,145.1106826
way/481152148,WB Simpson & Son,wheelchair_accessible_place,,yes,,"Mo-Fr 09:00-17:00; Sa 09:00-11:00; Su, PH off",,,True,-37.8044405,144.9496838
way/481152150,KL Bunga Raya,wheelchair_accessible_place,restaurant,yes,,"Mo-Su 11:30-15:00,17:00-22:00",,,True,-37.8043436,144.9497293
node/481586175,Wheelchair Accessible Place,wheelchair_accessible_place,toilets,yes,,,,,True,-37.7414894,145.2096066
way/482161402,Platform 1,wheelchair_accessible_place,,yes,,,,,True,-37.815715,144.8899435
way/482161403,Platform 2,wheelchair_accessible_place,,yes,,,,,True,-37.8156877,144.8900859
node/482806364,Bentleigh,wheelchair_accessible_place,,yes,,,Metro Trains Melbourne,,True,-37.9175354,145.0369346
node/485687995,Ascot Market,wheelchair_accessible_place,,yes,,Mo-Fr 07:00-19:00; Sa 08:00-19:00; Su 08:00-19:00,,,True,-37.7810004,144.9319747
way/485842787,Arden,wheelchair_accessible_place,,yes,,,Metro Trains Melbourne,,True,-37.8013559,144.9401413
way/485844368,Parkville,wheelchair_accessible_place,,yes,,,Metro Trains Melbourne,,True,-37.7996753,144.9588627
way/485847421,State Library,wheelchair_accessible_place,,yes,,,Metro Trains Melbourne,,True,-37.8083635,144.9629703
way/485972646,Anzac,wheelchair_accessible_place,,yes,,,Metro Trains Melbourne,,True,-37.8334112,144.9729322
way/485973852,Town Hall,wheelchair_accessible_place,,yes,,,Metro Trains Melbourne,,True,-37.8164773,144.9671051
way/486031011,South Kensington 1,wheelchair_accessible_place,,yes,,,,,True,-37.7994486,144.9247729
way/486031013,South Kensington 2,wheelchair_accessible_place,,yes,,,,,True,-37.7995564,144.924887
way/487125804,Wheelchair Accessible Place,wheelchair_accessible_place,,yes,,,,,True,-37.8793719,144.8034525
way/487125805,Wheelchair Accessible Place,wheelchair_accessible_place,,yes,,,,,True,-37.8797574,144.8033325
way/487434520,Heatherdale platform 1 access path,wheelchair_accessible_place,,yes,,,,,True,-37.818882,145.2142035
way/488649106,Seaholme,wheelchair_accessible_place,,yes,,,Public Transport Victoria - Metro,,True,-37.8678735,144.8410699
way/488656647,Platform 1,wheelchair_accessible_place,,yes,,,,,True,-37.8652008,144.8140911
way/489212322,Wheelchair Accessible Place,wheelchair_accessible_place,toilets,yes,,,,,True,-38.1826664,145.0915269
way/490070989,Wheelchair Accessible Place,wheelchair_accessible_place,,yes,,,,,True,-37.813372,144.8921844
way/491079805,Stop 139: Glenferrie Road,wheelchair_accessible_place,,yes,,,Yarra Trams,,True,-37.8436326,145.0300356
way/491495569,Avive Clinic Mt Eliza,wheelchair_accessible_place,,yes,,24/7,Avive Health,,True,-38.1790661,145.0952607
node/492085532,Chemist Warehouse,wheelchair_accessible_place,pharmacy,yes,,"Mo-Fr 08:30-21:00, Sa 08:30-18:00, Su 09:00-18:00",,,True,-37.7377998,145.0038865
way/492320202,Somerville Village Clinic,wheelchair_accessible_place,clinic,yes,,,,,True,-38.2240251,145.1778503
node/493878999,Wheelchair Accessible Place,wheelchair_accessible_place,toilets,yes,,,,,True,-37.7937172,144.930359
node/493880562,Kensington Licensed Post Office,wheelchair_accessible_place,post_office,yes,,Mo-Fr 09:00-17:30; Sa 09:00-14:00; Su closed,Australia Post,,True,-37.7944926,144.9295903
way/494095221,The Gables,wheelchair_accessible_place,nursing_home,yes,,,Sapphire Care,,True,-37.8321184,145.066937
way/494095227,The Gables,wheelchair_accessible_place,social_facility,yes,,,Sapphire Care,,True,-37.8316935,145.067113
way/494095234,The Gables,wheelchair_accessible_place,social_facility,yes,,,Sapphire Care,,True,-37.8314255,145.0672292
node/496943527,Village Cinemas Crown,wheelchair_accessible_place,cinema,yes,yes,,,,True,-37.8242677,144.9577541
way/497710546,Wheelchair Accessible Place,wheelchair_accessible_place,,yes,,,,,True,-37.9658064,145.0575298
way/498025236,Car Park 6,wheelchair_accessible_place,car_sharing,yes,,24/7,GoGet,,True,-37.7201438,145.0538919
way/498026545,"Car Park 3 , latrobe",wheelchair_accessible_place,car_sharing,yes,,24/7,GoGet,,True,-37.7244298,145.0501054
node/498748439,Little River,wheelchair_accessible_place,,yes,,,Public Transport Victoria - Regional,,True,-37.9626364,144.4987369
way/499190620,New Peninsula Baptist Church,wheelchair_accessible_place,place_of_worship,yes,,,,,True,-38.2653071,145.0679049
way/504762376,Wheelchair Accessible Place,wheelchair_accessible_place,,yes,,,,,True,-37.820823,145.1571429
way/504762378,Box Hill to Ringwood Trail,wheelchair_accessible_place,,yes,,,,,True,-37.821292,145.1691469
node/506153647,Woolworths,wheelchair_accessible_place,,yes,no,"Mo-Fr 07:00-23:00; Sa,Su 08:00-23:00",Woolworths Group,,True,-37.8205606,144.9436054
way/506995846,Stop 22: Toorak Road,wheelchair_accessible_place,,yes,,,Yarra Trams,,True,-37.8356762,144.9752918
way/506995847,Stop 22: Toorak Road,wheelchair_accessible_place,,yes,,,Yarra Trams,,True,-37.835726,144.9751907
way/506995850,Stop 123: Fawkner Park,wheelchair_accessible_place,,yes,,,Yarra Trams,,True,-37.8376804,144.9808792
way/506995851,Stop 123: Fawkner Park,wheelchair_accessible_place,,yes,,,Yarra Trams,,True,-37.8375564,144.98091
node/508030778,ALDI,wheelchair_accessible_place,,yes,,Mo-Su 08:30-20:00,,,True,-37.7930599,144.8607906
way/511020424,Australian Red Cross Blood Bank,wheelchair_accessible_place,,yes,,,,,True,-37.8110128,144.9489151
way/511372699,Hillsong Melbourne East,wheelchair_accessible_place,place_of_worship,yes,,,,,True,-37.8726923,145.2495258
way/512176224,Costco Gasoline,wheelchair_accessible_place,fuel,yes,,Mo-Fr 06:00-21:30; Sa 06:00-19:30; Su 07:00-19:00,,,True,-37.9779436,145.1081812
way/517813840,Gravity Worx,wheelchair_accessible_place,,yes,,"Mo-Fr 12:00-21:30; Sa,Su 11:00-18:00; PH 11:00-17:00",,,True,-37.726771,144.9508088
node/518260719,Palace Cinemas,wheelchair_accessible_place,cinema,yes,,,,,True,-37.8392617,144.9970194
node/519556649,Wheelchair Accessible Place,wheelchair_accessible_place,,yes,,,,,True,-38.0882878,145.1260962
way/520978483,Burwood Link,wheelchair_accessible_place,,yes,,,,,True,-37.8455844,145.1125952
node/521004042,NAB,wheelchair_accessible_place,bank,yes,,Mo-Th 9:30-16:00; Fr 9:30-17:00,NAB,,True,-37.8396282,144.9957354
way/523526199,Elizabeth Blackburn School of Sciences,wheelchair_accessible_place,,yes,,,Victorian Department of Education (tenant),"Melbourne University High School (occupant).
Building & land is owned by the University of Melbourne",True,-37.7970038,144.9544864
way/525746710,Farndons Hall,wheelchair_accessible_place,community_centre,yes,,,,,True,-37.8283853,145.3648989
node/527874305,United Doncaster East,wheelchair_accessible_place,fuel,yes,,Mo-Su 06:00-23:59,,,True,-37.7635822,145.1694588
way/528433499,Wheelchair Accessible Place,wheelchair_accessible_place,,yes,,,,,True,-37.7774491,145.1446642
way/528433500,Ruffey Lake Circuit,wheelchair_accessible_place,,yes,,,,,True,-37.7776367,145.1416659
way/528433501,Ruffey Lake Circuit,wheelchair_accessible_place,,yes,,,,,True,-37.7766728,145.1384481
way/528976200,St Hellier Street Children's Centre,wheelchair_accessible_place,kindergarten,yes,,,,,True,-37.7495553,145.0515568
node/529836156,Australia Post,wheelchair_accessible_place,post_office,yes,,,Australia Post,,True,-37.8385639,144.996051
way/530722545,TLC Homewood Residential Aged Care,wheelchair_accessible_place,social_facility,yes,,,TLC Residential Aged Care,,True,-38.0044562,145.2761418
way/531018973,Wheelchair Accessible Place,wheelchair_accessible_place,toilets,yes,,"""from sunrise to sunset""",moreland city council,,True,-37.7623308,144.9792247
way/531380017,Great Northern Hotel,wheelchair_accessible_place,pub,yes,,"Mo-We,Su 11:00-24:00; Th-Sa 11:00-01:00",,,True,-37.7819934,144.9734663
node/531390733,Wheelchair Accessible Place,wheelchair_accessible_place,toilets,yes,,24/7,City of Melbourne,,True,-37.8217324,144.9474251
way/536854955,Platform 2,wheelchair_accessible_place,,yes,,,Metro Trains Melbourne,,True,-37.9492357,145.1534202
way/539218328,Wallara,wheelchair_accessible_place,social_facility,yes,,,,,True,-37.9816047,145.2064671
way/540946226,Wheelchair Accessible Place,wheelchair_accessible_place,,yes,,,,,True,-38.0680022,145.3287289
way/540946227,Wheelchair Accessible Place,wheelchair_accessible_place,,yes,,,,,True,-38.0712625,145.3304075
way/542245298,Wheelchair Accessible Place,wheelchair_accessible_place,,yes,,,,,True,-37.9283259,145.1181347
way/542404396,Dragon Hot Pot,wheelchair_accessible_place,restaurant,yes,,Mo-Su 11:00-23:00,Y. M. Panda Pty Ltd Carnegie VIC,,True,-37.9253585,145.1199977
way/543418853,Public Toilets,wheelchair_accessible_place,toilets,yes,,,,,True,-37.6666844,145.064223
way/544664789,Wheelchair Accessible Place,wheelchair_accessible_place,toilets,yes,,,,,True,-37.9009217,144.6644089
way/545452599,Menzies Malvern,wheelchair_accessible_place,social_facility,yes,,,,,True,-37.8571354,145.0301593
way/547799736,Wheelchair Accessible Place,wheelchair_accessible_place,,yes,,,,,True,-37.9000828,144.661852
way/547799740,Wheelchair Accessible Place,wheelchair_accessible_place,,yes,,,,,True,-37.9005436,144.6613746
way/547799741,Wheelchair Accessible Place,wheelchair_accessible_place,,yes,,,,,True,-37.9005725,144.6610521
way/550097102,Wheelchair Accessible Place,wheelchair_accessible_place,,yes,,,,,True,-37.7816162,144.8129954
way/550101194,Wheelchair Accessible Place,wheelchair_accessible_place,,yes,,,,,True,-37.7828112,144.8277097
way/552984719,M80 Trail,wheelchair_accessible_place,,yes,,,,,True,-37.6948196,144.9163052
node/553816167,Wild Bean Cafe,wheelchair_accessible_place,cafe,yes,,,,,True,-37.8276047,144.9578222
way/557278756,Olinda Primary School,wheelchair_accessible_place,school,yes,,,Victorian Department of Education,,True,-37.8548758,145.3667363
way/558780945,I-MED Radiology,wheelchair_accessible_place,,yes,,,,,True,-37.9819427,145.0674659
way/558805117,Camberwell Manor,wheelchair_accessible_place,social_facility,yes,,,,,True,-37.8318671,145.0641309
way/559563985,Harp Family Medical,wheelchair_accessible_place,clinic,yes,,Mo-Fr 08:30-18:00; Sa 09:00-12:30; PH off,,,True,-37.7989191,145.0510542
way/560404431,Wheelchair Accessible Place,wheelchair_accessible_place,,yes,,,,,True,-37.9066142,145.008707
way/560404434,Wheelchair Accessible Place,wheelchair_accessible_place,,yes,,,,,True,-37.9040839,145.0073527
way/560431453,Wheelchair Accessible Place,wheelchair_accessible_place,,yes,,,,,True,-37.7967805,145.000901
way/560618752,Wheelchair Accessible Place,wheelchair_accessible_place,toilets,yes,,,,,True,-37.8559753,145.3740176
way/560844166,Montrose Community Playground,wheelchair_accessible_place,,yes,,,,,True,-37.812229,145.3457756
node/561009126,Wantirna Road / Mountain Highway,wheelchair_accessible_place,,yes,,,,,True,-37.8492011,145.2263344
node/561009167,Knox Private Hospital / Mountain Highway,wheelchair_accessible_place,,yes,,,,,True,-37.8496268,145.2263336
node/561042926,Wheelchair Accessible Place,wheelchair_accessible_place,drinking_water,yes,,,Knox City Council,,True,-37.8678798,145.2636245
way/561226976,Destiny Point Cafe,wheelchair_accessible_place,cafe,yes,,"We-Su,PH 09:00-17:00",,,True,-37.8180533,145.366347
way/561647730,Nancy Millis Building (401),wheelchair_accessible_place,,yes,,,University of Melbourne,"Bio21 Institute
University of Melbourne",True,-37.7973068,144.9542373
node/562105556,Bayswater Station/Station St,wheelchair_accessible_place,bus_station,yes,,,,,True,-37.8416733,145.2674592
way/562158800,Monash Children's Hospital,wheelchair_accessible_place,hospital,yes,yes,,,,True,-37.9194124,145.123559
way/562662029,Bodyline Health,wheelchair_accessible_place,doctors,yes,,Mo-Fr 08:00-19:00; Sa 09:00-14:00,,Medical and Wellness Centre,True,-37.7287927,145.1087093
way/562714267,Starfish Early Learning Centre,wheelchair_accessible_place,kindergarten,yes,,,,,True,-37.7015119,145.0039436
way/563174835,Wheelchair Accessible Place,wheelchair_accessible_place,,yes,,,,,True,-37.9574102,145.0268709
way/563174838,Wheelchair Accessible Place,wheelchair_accessible_place,,yes,,,,,True,-37.9584251,145.026968
way/563174854,Wheelchair Accessible Place,wheelchair_accessible_place,,yes,,,,,True,-37.9589374,145.0273112
way/563337978,Wheelchair Accessible Place,wheelchair_accessible_place,,yes,,,,,True,-37.9789802,145.0629498
node/563746547,The Night Cat,wheelchair_accessible_place,nightclub,yes,,,,,True,-37.7983052,144.9794393
way/563753773,Wheelchair Accessible Place,wheelchair_accessible_place,,yes,,,,,True,-37.9246821,145.0264921
way/563753786,Wheelchair Accessible Place,wheelchair_accessible_place,,yes,,,,,True,-37.9226853,145.0244867
way/563754926,Wheelchair Accessible Place,wheelchair_accessible_place,,yes,,,,,True,-37.9179666,145.0195709
way/563756594,Wheelchair Accessible Place,wheelchair_accessible_place,,yes,,,,,True,-37.9065073,145.0046811
node/563762764,Wheelchair Accessible Place,wheelchair_accessible_place,toilets,yes,,,,,True,-37.842557,144.93652
node/565827594,Target,wheelchair_accessible_place,,yes,,Mo-Su 09:00-18:00,Wesfarmers,,True,-37.8142991,145.2289143
way/566268064,Public Toilets,wheelchair_accessible_place,toilets,yes,,,,,True,-37.7756249,145.2194298
node/566505600,Ainsdale Avenue,wheelchair_accessible_place,,yes,,,Transdev,,True,-37.8483512,145.2304683
way/566871252,Wheelchair Accessible Place,wheelchair_accessible_place,,yes,,,,,True,-37.9618134,145.050998
way/566871260,Wheelchair Accessible Place,wheelchair_accessible_place,,yes,,,,,True,-37.9636565,145.0522367
way/566871261,Wheelchair Accessible Place,wheelchair_accessible_place,,yes,,,,,True,-37.9628211,145.0517527
way/568375572,Wheelchair Accessible Place,wheelchair_accessible_place,,yes,,,,,True,-37.7988963,144.8287216
way/568375574,Wheelchair Accessible Place,wheelchair_accessible_place,,yes,,,,,True,-37.7993963,144.8288257
node/570616542,Espresso Bar International,wheelchair_accessible_place,cafe,yes,,,,,True,-37.8191459,144.9551442
node/571113422,Wheelchair Accessible Place,wheelchair_accessible_place,toilets,yes,,,,,True,-37.8621996,144.9722015
way/571563871,St Albans,wheelchair_accessible_place,,yes,yes,,Public Transport Victoria - Metro,,True,-37.7445346,144.7996392
node/571731110,Knox City Shopping Centre (Bay 5),wheelchair_accessible_place,,yes,,,Ventura,,True,-37.8692873,145.2380473
node/571731169,Knox City Shopping Centre (Bay 4),wheelchair_accessible_place,,yes,,,Ventura,,True,-37.8693413,145.2382123
node/571731170,Knox City Shopping Centre (Bay 3),wheelchair_accessible_place,,yes,,,Ventura,,True,-37.8694048,145.238404
node/571731240,Knox City Shopping Centre (Bay 2),wheelchair_accessible_place,,yes,,,Ventura,,True,-37.8692269,145.2386736
node/571731242,Knox City Shopping Centre (Bay 1),wheelchair_accessible_place,,yes,,,Ventura,,True,-37.8691174,145.2387393
node/571731670,Knox City Shopping Centre (Bay 6),wheelchair_accessible_place,,yes,,,Ventura,,True,-37.869165,145.2388909
node/571731684,Knox City Shopping Centre (Bay 7),wheelchair_accessible_place,,yes,,,Ventura,,True,-37.8693175,145.2388131
node/571731705,Knox City Shopping Centre (Bay 8),wheelchair_accessible_place,,yes,,,Ventura,,True,-37.8694646,145.2387205
node/571731727,Knox City Shopping Centre (Bay 9),wheelchair_accessible_place,,yes,,,Transdev;Ventura,,True,-37.8695228,145.2382605
node/571731764,Knox City Shopping Centre (Bay 10),wheelchair_accessible_place,,yes,,,Transdev;Ventura,,True,-37.869436,145.237987
node/572149518,Wheelchair Accessible Place,wheelchair_accessible_place,,yes,,,,,True,-37.8432559,144.9624195
node/572153714,Wheelchair Accessible Place,wheelchair_accessible_place,,yes,,,,,True,-37.8420229,144.9617492
node/572777436,McCoppins Wine Shop,wheelchair_accessible_place,,yes,,Mo-Sa 10:00-24:00; Su 11:00-24:00,,,True,-37.798243,144.980499
node/573825139,Panda Homeware,wheelchair_accessible_place,,yes,,,,,True,-37.7884703,144.9904934
node/575432508,Wheelchair Accessible Place,wheelchair_accessible_place,,yes,,,,,True,-37.8496207,144.9772806
node/577083925,Royal Oak Hotel,wheelchair_accessible_place,pub,yes,yes,,,,True,-37.9728461,145.0640586
node/577243373,Wheelchair Accessible Place,wheelchair_accessible_place,toilets,yes,,,,,True,-37.8504843,144.9732146
node/578390766,IGA Xpress,wheelchair_accessible_place,,yes,,Mo-Fr 07:00-23:00; Sa-Su 08:00-23:00,IGA,,True,-37.829439,144.970885
way/578781451,Sacred Heart Community,wheelchair_accessible_place,social_facility,yes,,Mo-Su 09:00-17:00,Sacred Heart Mission,,True,-37.8637507,144.9806689
node/578831855,Sushi Genzo,wheelchair_accessible_place,restaurant,yes,,Mo-Sa 10:00-16:00,,,True,-37.8313658,144.9710043
way/578836056,Wheelchair Accessible Place,wheelchair_accessible_place,toilets,yes,,,,,True,-37.8450181,144.9418802
node/578895459,Gamasot K BBQ,wheelchair_accessible_place,restaurant,yes,,,,,True,-37.831831,144.969664
way/581461762,Fairfield Library,wheelchair_accessible_place,library,yes,,Mo-Fr 10:00-17:00; Sa 10:00-16:00,Darebin City Council,,True,-37.7774896,145.0189442
way/582420419,Red Sparrow Pizza,wheelchair_accessible_place,restaurant,yes,,Tu-Fr 17:00-22:00; Sa 12:00-22:00,,,True,-37.7964961,144.9849751
way/582491757,Reynard Street Neighbourhood House,wheelchair_accessible_place,,yes,,,,,True,-37.7478562,144.9592334
node/582779599,The Harem,wheelchair_accessible_place,brothel,yes,,Mo-Su 10:00-4:00,,,True,-37.8333509,144.968603
way/583242469,Lysterfield Sailing Club Jetty,wheelchair_accessible_place,,yes,,,,"Pontoon type jetty, designed to allow access to sailing craft by people in wheelchairs",True,-37.966036,145.2998827
way/584061092,BP,wheelchair_accessible_place,fuel,yes,,,,,True,-37.7837626,144.9359273
node/584595156,Boronia Road,wheelchair_accessible_place,,yes,,,Transdev,,True,-37.8469388,145.2269552
node/585128223,BP Montrose,wheelchair_accessible_place,fuel,yes,,24/7,,,True,-37.8116285,145.3368885
way/587353100,Computers and Parts Land,wheelchair_accessible_place,,yes,,Mo-Fr 09:30-17:30; Sa 09:30-18:45,,,True,-37.744286,145.022824
node/588178960,Royal Melbourne Hotel,wheelchair_accessible_place,pub,yes,,,,,True,-37.8167994,144.9552063
node/588179778,Wheelchair Accessible Place,wheelchair_accessible_place,telephone,yes,,,Telstra,,True,-37.8148062,144.9609115
node/588179859,Commonwealth Bank,wheelchair_accessible_place,bank,yes,,,Commonwealth Bank,,True,-37.814624,144.9628853
way/588296292,8 Track Brewery,wheelchair_accessible_place,pub,yes,,Fr-Sa 12:00-21:00; Su 12:00-18:00,,,True,-37.8199141,145.2142038
node/589501836,Wheelchair Accessible Place,wheelchair_accessible_place,,yes,,,,,True,-37.8203042,144.9573641
node/591284647,Lucky Chan,wheelchair_accessible_place,restaurant,yes,yes,,,,True,-37.8231279,144.9575576
node/591316595,Wheelchair Accessible Place,wheelchair_accessible_place,,yes,,,,,True,-37.8256107,144.9569733
node/591316600,Wheelchair Accessible Place,wheelchair_accessible_place,,yes,,,,,True,-37.8256664,144.9570094
node/591372262,Flora,wheelchair_accessible_place,restaurant,yes,,,,,True,-37.8175372,144.9665144
node/591382457,Coles,wheelchair_accessible_place,,yes,,"Mo-Fr 06:00-24:00; Sa,Su 07:00-24:00",Coles Group,,True,-37.8175611,144.9649673
node/591396149,Wheelchair Accessible Place,wheelchair_accessible_place,,yes,,,,,True,-37.8212439,144.9613138
node/591415025,Wheelchair Accessible Place,wheelchair_accessible_place,,yes,,,,,True,-37.8191673,144.9610293
node/591415229,Wheelchair Accessible Place,wheelchair_accessible_place,,yes,,,,,True,-37.8192836,144.960914
node/591416771,Wheelchair Accessible Place,wheelchair_accessible_place,toilets,yes,,,Melbourne City Council,,True,-37.819412,144.961285
node/591432437,Yarra River,wheelchair_accessible_place,,yes,,,,,True,-37.8190735,144.9655304
way/591457114,Sidney Myer Asia Centre (158),wheelchair_accessible_place,,yes,,,University of Melbourne,,True,-37.7989157,144.9639234
node/591887778,Rocket Burgers and Fries,wheelchair_accessible_place,fast_food,yes,,24/7,,,True,-37.8179913,144.9650732
node/592123669,Wheelchair Accessible Place,wheelchair_accessible_place,,yes,,,,,True,-37.8908282,145.0713018
node/592809433,My Mac Australia,wheelchair_accessible_place,,yes,,,,,True,-37.816994,144.968526
node/593055517,Wheelchair Accessible Place,wheelchair_accessible_place,,yes,,,,,True,-37.8117563,144.9635572
node/593055521,Wheelchair Accessible Place,wheelchair_accessible_place,,yes,,,,,True,-37.8109493,144.9631749
node/594206614,Wheelchair Accessible Place,wheelchair_accessible_place,telephone,yes,,,Telstra,,True,-37.8158092,144.9656492
node/594229290,Wheelchair Accessible Place,wheelchair_accessible_place,telephone,yes,,,,,True,-37.8168187,144.9644727
node/594365265,Old Treasury Building Museum,wheelchair_accessible_place,,yes,,Su-Fr 10:00-16:00,,,True,-37.8131993,144.9743546
node/594370602,Wheelchair Accessible Place,wheelchair_accessible_place,telephone,yes,,,Telstra,,True,-37.8151472,144.9672751
node/594397738,Kmart,wheelchair_accessible_place,,yes,,Mo-We 08:00-19:00; Th-Fr 08:00-21:00; Sa 09:00-18:00; Su 10:00-18:00,,,True,-37.812787,144.966429
node/595441836,ANZ,wheelchair_accessible_place,atm,yes,,,ANZ,,True,-37.8131589,144.9657566
node/595441840,Commonwealth Bank,wheelchair_accessible_place,atm,yes,,,Commonwealth Bank,,True,-37.8131462,144.9657941
node/595441845,The Change Group,wheelchair_accessible_place,bureau_de_change,yes,,,,,True,-37.8131801,144.965692
node/595503060,IGA,wheelchair_accessible_place,,yes,,,,,True,-37.8164808,144.961159
node/595503986,Wheelchair Accessible Place,wheelchair_accessible_place,post_box,yes,,,,,True,-37.814639,144.969151
node/595504813,Fire Services Museum,wheelchair_accessible_place,,yes,,Th-Fr 09:00-15:00; Su 10:00-16:00,,,True,-37.8085973,144.9754517
node/595594342,Wheelchair Accessible Place,wheelchair_accessible_place,toilets,yes,,,Melbourne City Council,,True,-37.8100362,144.9699065
node/595793509,7-Eleven,wheelchair_accessible_place,,yes,,24/7,,,True,-37.812154,144.9708339
node/595842972,Commonwealth Bank,wheelchair_accessible_place,bank,yes,yes,"Mo-We 09:30-16:00; Th 09:30-17:00; Fr 09:30-16:00; Sa,Su off",Commonwealth Bank,,True,-37.8123639,144.9704395
node/596263048,Wheelchair Accessible Place,wheelchair_accessible_place,toilets,yes,,,,,True,-37.8535967,145.0598754
node/597124793,Mount Waverley Police Station,wheelchair_accessible_place,police,yes,,,Victoria Police,,True,-37.8804749,145.1284828
node/597124830,Croydon Police Station,wheelchair_accessible_place,police,yes,,24/7,Victoria Police,,True,-37.799029,145.2785836
way/597372559,Victorian Spritualists' Union Inc.,wheelchair_accessible_place,,yes,,Su 15:00+,,,True,-37.8112176,145.2489033
node/597558185,Wheelchair Accessible Place,wheelchair_accessible_place,post_box,yes,,,,,True,-37.8155034,144.9584113
way/597558663,Wheelchair Accessible Place,wheelchair_accessible_place,,yes,,,,,True,-37.7509068,145.0027659
node/597558756,Quest on William,wheelchair_accessible_place,,yes,,,,,True,-37.8149908,144.9582123
node/597597039,Hasir Kebabs,wheelchair_accessible_place,fast_food,yes,,,,,True,-37.8003328,144.9838621
node/597972749,Emergency,wheelchair_accessible_place,hospital,yes,,,,,True,-37.9380359,145.2127203
node/598035322,Mister Munro,wheelchair_accessible_place,restaurant,yes,,,,,True,-37.8144174,144.9668304
node/598109211,Brunetti,wheelchair_accessible_place,cafe,yes,,"Mo-Su 06:00-23:00; Fr,Sa 06:00-24:00",,,True,-37.7981549,144.9678859
node/598110355,STA Travel,wheelchair_accessible_place,,yes,,,,,True,-37.798158,144.967578
node/598114553,Donati's Fine Meats,wheelchair_accessible_place,,yes,,,,,True,-37.7975559,144.9676908
node/598405140,No. 136 Coffee,wheelchair_accessible_place,cafe,yes,,,,,True,-37.8149205,144.9636713
way/598432315,7-Eleven,wheelchair_accessible_place,fuel,yes,,24/7,,,True,-37.7890053,144.9410667
node/599175496,Wine Republic,wheelchair_accessible_place,,yes,,,,,True,-37.799495,144.978102
node/599177023,Frolic,wheelchair_accessible_place,ice_cream,yes,,,,,True,-37.79632,144.978623
node/599889022,Streets Convenience 24 Seven,wheelchair_accessible_place,,yes,,Mo-Su 09:00-22:00,,,True,-37.7921848,144.9716357
node/600643786,Cafe Ecco,wheelchair_accessible_place,cafe,yes,,,,,True,-37.808354,144.973813
node/600644114,Bank of Sydney,wheelchair_accessible_place,bank,yes,,Mo-Fr 09:30-16:00,,,True,-37.80963,144.971923
way/600905131,Firebreak Track Trail,wheelchair_accessible_place,,yes,,,,,True,-37.824801,145.1652863
node/601637035,Leicester Avenue,wheelchair_accessible_place,,yes,,,Ventura,,True,-37.8875543,145.1456917
node/601637036,Waverley Private Hospital,wheelchair_accessible_place,,yes,,,Ventura,,True,-37.8844026,145.1459778
node/601637037,Pinewood Shopping Centre,wheelchair_accessible_place,,yes,,,Ventura,,True,-37.8911754,145.1446106
node/602732550,High Street Road,wheelchair_accessible_place,,yes,,,Ventura,,True,-37.871514,145.1485943
node/604292318,Kmart,wheelchair_accessible_place,,yes,,"Mo-Fr 08:00-22:00; Sa,Su 08:00-20:00",,,True,-38.1397104,145.1246202
node/604292555,Target,wheelchair_accessible_place,,yes,,Fr-We 09:00-18:00; Th 09:00-21:00,,,True,-38.1420184,145.1235994
way/605489018,Wheelchair Accessible Place,wheelchair_accessible_place,,yes,,,,,True,-37.786991,144.929111
node/607606053,Commonwealth Bank,wheelchair_accessible_place,bank,yes,,"Mo-We,Fr 09:30-16:00; Th 09:30-17:00; Sa,Su off",Commonwealth Bank,,True,-37.8131093,144.965215
node/607756377,Flinders Station Hotel,wheelchair_accessible_place,,yes,,,,,True,-37.8174426,144.9643336
way/607886436,Murrumbeena Baptist Church,wheelchair_accessible_place,,yes,,,,,True,-37.8883159,145.0672644
node/607967790,Tribal Rose,wheelchair_accessible_place,,yes,,Mo-Sa 08:30-17:00,,,True,-37.80113,144.983741
node/608004827,Belgrave,wheelchair_accessible_place,,yes,,,Metro Trains Melbourne,,True,-37.9090141,145.3552538
node/608812323,7-Eleven,wheelchair_accessible_place,,yes,,,,,True,-37.8177302,144.9621509
node/608891223,Armin Street,wheelchair_accessible_place,,yes,,,Transdev;Ventura,,True,-37.888703,145.2330948
node/609000720,Thonet,wheelchair_accessible_place,,yes,,,,,True,-37.8032833,144.9774483
node/609081626,Saint Cloud,wheelchair_accessible_place,,yes,,Mo-Fr 11:00-18:00; Sa 11:00-17:00; Su 11:00-16:00,,,True,-37.8034353,144.977432
way/610917509,Gilpin Dog Park,wheelchair_accessible_place,,yes,,,,,True,-37.7686384,144.9502018
node/611561165,Bupa Dental,wheelchair_accessible_place,dentist,yes,,,,,True,-37.8154,144.959895
node/612015101,NAB,wheelchair_accessible_place,bank,yes,,"Mo-Fr 09:30-17:00; Sa,Su,PH off",NAB,,True,-37.8161115,144.9637051
node/612015885,Zambrero,wheelchair_accessible_place,fast_food,yes,,"Su-Th 11:00-22:00; Fr,Sa 11:00-23:00",,,True,-37.8158069,144.9636585
node/612015886,Harry's Tobacconist,wheelchair_accessible_place,,yes,,,,,True,-37.8153619,144.9634495
way/612433542,Wheelchair Accessible Place,wheelchair_accessible_place,,yes,,,,,True,-37.890022,145.2919837
way/612510301,Prospect Hill Retirement Village,wheelchair_accessible_place,social_facility,yes,,24/7,,,True,-37.828774,145.0591543
node/612726658,Wheelchair Accessible Place,wheelchair_accessible_place,telephone,yes,,,Telstra,,True,-37.814833,144.961385
node/612757127,GPO Private Box Centre,wheelchair_accessible_place,post_office,yes,,,Australia Post,,True,-37.8142936,144.9622924
node/612770809,Priceline Pharmacy,wheelchair_accessible_place,pharmacy,yes,,Mo-Fr 8:00-18:30; Sa 10:00-18:30,,,True,-37.814233,144.962432
node/612771755,Wheelchair Accessible Place,wheelchair_accessible_place,toilets,yes,,,,,True,-37.7360389,145.199534
node/613295128,Relay,wheelchair_accessible_place,,yes,,Mo-Fr 07:30-17:30; Sa 09:00-16:00,,,True,-37.8186579,144.9676657
node/613313406,BOM,wheelchair_accessible_place,bank,yes,,Mo-Fr 09:30-17:00,,,True,-37.814137,144.962877
node/613315007,Pacific Smiles Dental,wheelchair_accessible_place,dentist,yes,,,,,True,-37.81408,144.962813
node/613316144,Curry Point,wheelchair_accessible_place,restaurant,yes,,,,Indian Dhaba cuisine,True,-37.814375,144.961984
node/613355219,The Port Bake House,wheelchair_accessible_place,cafe,yes,no,,,in middle of road! should it be on east side?,True,-37.8375671,144.9430892
node/613991823,Nelayan,wheelchair_accessible_place,restaurant,yes,,,,,True,-37.8120238,144.9647177
node/613996660,Woolworths,wheelchair_accessible_place,,yes,,,Woolworths Group,,True,-37.8110951,144.9655613
node/614096145,Syndal Station,wheelchair_accessible_place,,yes,,,Ventura,,True,-37.8757997,145.1479076
node/614502866,EzyMart,wheelchair_accessible_place,,yes,,,,,True,-37.813985,144.960495
node/614503137,Wheelchair Accessible Place,wheelchair_accessible_place,toilets,yes,,,Melbourne City Council,,True,-37.8129204,144.9600238
node/615241067,Wheelchair Accessible Place,wheelchair_accessible_place,toilets,yes,,,,,True,-37.8399914,144.8709657
node/616089290,Nando's,wheelchair_accessible_place,restaurant,yes,,,,,True,-37.8372445,144.943305
node/616090275,Pho St,wheelchair_accessible_place,restaurant,yes,no,"Mo-Fr 11:00-21:00; Sa,Su 11:30-21:00",,in middle of road! should it be on east side?,True,-37.8378152,144.9427212
way/616339966,Wheelchair Accessible Place,wheelchair_accessible_place,toilets,yes,,,,,True,-37.7136919,145.1495329
node/616583020,Boost Juice,wheelchair_accessible_place,cafe,yes,,,,,True,-37.837463,144.943575
node/616584085,PharmaSave,wheelchair_accessible_place,pharmacy,yes,no,,PharmaSave Australia Pty Ltd,,True,-37.8374633,144.9435435
node/616584782,Alfred Nott Optometrists,wheelchair_accessible_place,,yes,no,Mo-Fr 09:00-17:00; Sa 09:00-14:00,,,True,-37.8380147,144.9426149
node/616586390,NAB,wheelchair_accessible_place,bank,yes,no,Mo-Th 09:30-16:00; Fr 09:30-17:00,nab,,True,-37.838259,144.942448
node/616588796,Buckets and Spades for kids,wheelchair_accessible_place,,yes,no,,,,True,-37.8385752,144.9421086
node/616589598,Bakers Delight,wheelchair_accessible_place,,yes,no,,,,True,-37.838626,144.942068
node/616589909,Grey & Bliss,wheelchair_accessible_place,cafe,yes,no,,,,True,-37.8389787,144.9417695
node/616590867,Zambrero,wheelchair_accessible_place,fast_food,yes,no,,,,True,-37.8390521,144.9416989
node/616591342,Blue Illusion,wheelchair_accessible_place,,yes,no,,,,True,-37.839114,144.9416376
node/616593404,Hunky Dory Fish & Burger Bar,wheelchair_accessible_place,fast_food,yes,no,Mo-Su 11:00-22:00+,,,True,-37.8393062,144.9414057
node/616602030,About Life,wheelchair_accessible_place,,yes,,,,,True,-37.84107,144.940275
node/616604127,1st Choice Liquor Superstore,wheelchair_accessible_place,,yes,no,,,,True,-37.8409683,144.9403493
node/616962659,Chapel Bakery Cafè,wheelchair_accessible_place,cafe,yes,no,,,,True,-37.8354456,144.9457409
node/616963465,Wheelchair Accessible Place,wheelchair_accessible_place,,yes,,,,,True,-37.815594,144.9578685
way/617930610,Templestowe Retirement Village,wheelchair_accessible_place,social_facility,yes,,,,,True,-37.7506144,145.137083
node/617934462,Wheelchair Accessible Place,wheelchair_accessible_place,,yes,,,,,True,-37.8202958,145.176086
way/618118799,Building 125,wheelchair_accessible_place,,yes,,,University of Melbourne,Teaching building for biological sciences,True,-37.7962845,144.9586751
node/619026121,Hog Lobster,wheelchair_accessible_place,fast_food,yes,yes,,,,True,-37.8420841,144.939721
node/619027750,Port Melbourne IGA,wheelchair_accessible_place,,yes,no,"Mo-Sa 06:30-24:00, Su 07:30-24:00",,,True,-37.8417397,144.9396635
way/620139513,Eltham Central Veterinary Hospital,wheelchair_accessible_place,veterinary,yes,,Mo-Fr 08:00-19:00; Sa 08:00-17:00; Su 09:00-13:00,,,True,-37.703937,145.1614662
way/620194915,7-Eleven,wheelchair_accessible_place,,yes,,,,,True,-37.7832637,145.2677121
way/620213032,Wheelchair Accessible Place,wheelchair_accessible_place,,yes,,,,,True,-37.9354748,145.1111241
way/620213033,Wheelchair Accessible Place,wheelchair_accessible_place,,yes,,,,,True,-37.9353136,145.1112263
way/620213036,Wheelchair Accessible Place,wheelchair_accessible_place,,yes,,,,,True,-37.9341097,145.1117195
way/620213039,Wheelchair Accessible Place,wheelchair_accessible_place,,yes,,,,,True,-37.9348708,145.1113779
way/620213040,Wheelchair Accessible Place,wheelchair_accessible_place,,yes,,,,,True,-37.9351902,145.1112932
node/622819429,Alto Hotel on Bourke,wheelchair_accessible_place,,yes,,,,,True,-37.8163983,144.9547964
node/623894124,Bentley the Butler,wheelchair_accessible_place,,yes,,Mo-Fr 8:00-19:00; Sa 8:00-16:00,,,True,-37.7981591,144.9686494
way/624295518,Wheelchair Accessible Place,wheelchair_accessible_place,parking,yes,,,,,True,-37.5898646,144.9133541
way/624295519,Wheelchair Accessible Place,wheelchair_accessible_place,parking,yes,,,,,True,-37.5886722,144.9117933
node/624924103,Clarion Suites Gateway,wheelchair_accessible_place,,yes,,,,,True,-37.8194275,144.9595214
node/625030272,Stud Road,wheelchair_accessible_place,,yes,,,Ventura,,True,-37.8611866,145.2397057
node/625030431,Stud Road,wheelchair_accessible_place,,yes,,,Ventura,,True,-37.861139,145.240052
node/625071621,Wheelchair Accessible Place,wheelchair_accessible_place,,yes,,,,,True,-37.8619955,145.2422458
node/625072298,Wheelchair Accessible Place,wheelchair_accessible_place,,yes,,,,,True,-37.861986,145.2426066
way/625169973,All Abilities Playground,wheelchair_accessible_place,,yes,,,,,True,-37.7670291,145.0031204
way/625687327,Wheelchair Accessible Place,wheelchair_accessible_place,,yes,,,,,True,-37.6727044,144.8491187
way/626179263,Ahlulbait Mosque,wheelchair_accessible_place,place_of_worship,yes,,9:00-22:00,,,True,-37.7069563,144.982933
node/626235631,Boronia Road,wheelchair_accessible_place,,yes,,,Transdev;Ventura,,True,-37.8534855,145.2434742
node/626259680,Nosh,wheelchair_accessible_place,restaurant,yes,,,,,True,-37.8186381,144.9570064
node/627166050,Thaxted Parade,wheelchair_accessible_place,,yes,,,Transdev,,True,-37.8497448,145.2348134
node/627166475,Yorkminster Avenue,wheelchair_accessible_place,,yes,,,Transdev,,True,-37.8496805,145.2335849
node/627244245,Old Stud Road/Burwood Highway,wheelchair_accessible_place,,yes,,,Ventura,,True,-37.8680225,145.2329245
node/627244248,Old Stud Road/Burwood Highway,wheelchair_accessible_place,,yes,,,Ventura,,True,-37.8682598,145.2325931
node/627280015,Ajisen Ramen,wheelchair_accessible_place,restaurant,yes,yes,,,,True,-37.812287,144.96922
node/628257496,Rose Street Artist Market,wheelchair_accessible_place,marketplace,yes,,Sa-Su 10:00-16:00,,,True,-37.7959296,144.9772234
node/628542213,Target,wheelchair_accessible_place,,yes,,Mo-We 09:00-20:00; Th-Fr 09:00-22:00; Sa 09:00-21:00; Su 09:00-19:00,,,True,-37.8845191,145.0842594
node/628543974,Kmart,wheelchair_accessible_place,,yes,,,,,True,-37.8855187,145.0841997
way/628813803,Moreton Walk,wheelchair_accessible_place,,yes,,,,,True,-37.9613791,145.0409108
node/630106513,Nando's,wheelchair_accessible_place,restaurant,yes,,,,,True,-37.8528999,145.1493586
node/630118847,Kmart,wheelchair_accessible_place,,yes,,24/7,,,True,-37.8538746,145.1502057
way/630992799,Stop 13: Johnston Street,wheelchair_accessible_place,,yes,,,Yarra Trams,,True,-37.7983102,144.9748361
way/630992806,Stop 13: Johnston Street,wheelchair_accessible_place,,yes,,,Yarra Trams,,True,-37.7975905,144.9749364
way/630992811,Stop 12: Moor Street,wheelchair_accessible_place,,yes,,,Yarra Trams,,True,-37.8017235,144.9742456
way/630992814,Stop 11: Melbourne Museum,wheelchair_accessible_place,,yes,,,Yarra Trams,,True,-37.8059567,144.9735288
way/631561743,Carnegie,wheelchair_accessible_place,,yes,,,Metro Trains Melbourne,,True,-37.8863001,145.0587252
way/631587136,Chemist Warehouse,wheelchair_accessible_place,pharmacy,yes,,Mo-Su 09:00-21:00,,,True,-37.8873187,145.0570985
node/632243942,Aux Batifolles,wheelchair_accessible_place,restaurant,yes,,,,,True,-37.7906955,144.9764179
node/632349591,Wheelchair Accessible Place,wheelchair_accessible_place,,yes,,,,,True,-37.7927147,144.9759553
node/633158404,Red Rice,wheelchair_accessible_place,restaurant,yes,,,,,True,-37.801713,144.977697
node/633912823,Laurent Boulangerie Patisserie,wheelchair_accessible_place,cafe,yes,,,,,True,-37.814938,144.957603
node/634865703,Normanby Road,wheelchair_accessible_place,,yes,,,Ventura,,True,-37.9060798,145.1422345
node/635705922,Wheelchair Accessible Place,wheelchair_accessible_place,toilets,yes,,,,,True,-37.8217408,144.9556032
way/636860863,LJ's Bottleshop,wheelchair_accessible_place,,yes,,"Mo-We,Su 12:00-21:00; Th 11:00-21:00; Fr-Sa 11:00-22:00",,,True,-37.7998085,144.9015197
node/639574043,Wheelchair Accessible Place,wheelchair_accessible_place,,yes,,24/7,,,True,-37.7930754,144.9635483
way/639689974,Charles Pharmacy,wheelchair_accessible_place,pharmacy,yes,,"Mo-Fr 09:00-20:00, Sa 9:00-13:00",,"A pharmacy, variety store, and post office that offers free medication deliveries to neighbouring suburbs.",True,-37.8949918,145.0768863
way/639690012,Wheelchair Accessible Place,wheelchair_accessible_place,toilets,yes,,,,,True,-37.893763,145.0775799
way/639791167,Wheelchair Accessible Place,wheelchair_accessible_place,,yes,,,,,True,-37.819259,145.1220298
way/639854798,Wheelchair Accessible Place,wheelchair_accessible_place,,yes,,,,,True,-37.8432158,145.112145
way/639854800,Wheelchair Accessible Place,wheelchair_accessible_place,,yes,,,,,True,-37.8442333,145.1128034
way/639854803,Wheelchair Accessible Place,wheelchair_accessible_place,,yes,,,,,True,-37.8445043,145.1126722
way/639854804,Wheelchair Accessible Place,wheelchair_accessible_place,,yes,,,,,True,-37.8444505,145.1128216
way/639872095,Wheelchair Accessible Place,wheelchair_accessible_place,,yes,,,,,True,-37.845317,145.1105718
node/640842307,McDonald's,wheelchair_accessible_place,fast_food,yes,,,,,True,-37.821335,144.962225
way/642150929,Gardiners Creek Trail,wheelchair_accessible_place,,yes,,,,,True,-37.8457244,145.1142995
node/642429650,Royale Food Store,wheelchair_accessible_place,,yes,,"Tu-We,Su 12:00-22:00; Th-Sa 12:00-23:00; PH closed",,,True,-37.8194311,144.9545735
node/642709036,7-Eleven,wheelchair_accessible_place,,yes,,24/7,,,True,-37.8188477,144.9542821
node/642936794,Hawthorn Post Office Business Centre,wheelchair_accessible_place,post_office,yes,,Mo-Fr 07:00-17:00,Australia Post,,True,-37.8300932,145.0428324
way/643089670,Wheelchair Accessible Place,wheelchair_accessible_place,,yes,,,,,True,-38.0520396,145.1130384
way/643089672,Wheelchair Accessible Place,wheelchair_accessible_place,,yes,,,,,True,-38.0520331,145.1132111
way/643089680,Wheelchair Accessible Place,wheelchair_accessible_place,,yes,,,,,True,-38.0492476,145.1143649
way/643816889,Wheelchair Accessible Place,wheelchair_accessible_place,,yes,,,,,True,-38.0512021,145.1133061
way/647900977,Wheelchair Accessible Place,wheelchair_accessible_place,,yes,,,,,True,-37.818557,145.0018665
node/650273191,Wheelchair Accessible Place,wheelchair_accessible_place,,yes,,,,,True,-37.8101377,144.9807283
way/652155694,Wheelchair Accessible Place,wheelchair_accessible_place,toilets,yes,,,,,True,-38.1488469,145.1904588
way/652163970,Wheelchair Accessible Place,wheelchair_accessible_place,,yes,,,,,True,-37.9158195,145.0181221
node/652309865,Fitzroy Community Health Centre,wheelchair_accessible_place,doctors,yes,,Mo-Fr 9:00-18:00; Sa 9:00-12:00,North Yarra Community Health,,True,-37.804945,144.977145
way/652548809,Wheelchair Accessible Place,wheelchair_accessible_place,,yes,,,,,True,-37.9658472,145.0581211
way/653684721,Wheelchair Accessible Place,wheelchair_accessible_place,,yes,,,,,True,-37.9049275,145.0024643
way/654376767,Wheelchair Accessible Place,wheelchair_accessible_place,,yes,,,,,True,-37.9199917,145.0219952
way/656200580,Block Place,wheelchair_accessible_place,,yes,,,,,True,-37.8155378,144.9644352
way/658296148,Wheelchair Accessible Place,wheelchair_accessible_place,,yes,,,,,True,-37.9504818,145.0243541
way/658931986,Wheelchair Accessible Place,wheelchair_accessible_place,,yes,,,,,True,-38.0710565,145.3302784
way/659232191,Wheelchair Accessible Place,wheelchair_accessible_place,,yes,,,,,True,-37.953249,145.0040227
way/659232210,Wheelchair Accessible Place,wheelchair_accessible_place,,yes,,,,,True,-37.9528427,145.003777
way/659232213,Wheelchair Accessible Place,wheelchair_accessible_place,,yes,,,,Entrance to church parking (when outside school hours),True,-37.9508656,145.0082731
way/659234446,Wheelchair Accessible Place,wheelchair_accessible_place,,yes,,,,,True,-37.9502815,145.0041543
way/659234447,Wheelchair Accessible Place,wheelchair_accessible_place,,yes,,,,,True,-37.9492611,145.0036351
way/659644275,Wheelchair Accessible Place,wheelchair_accessible_place,toilets,yes,,,,,True,-38.3442386,144.9519409
node/660027389,Ssam Korean BBQ,wheelchair_accessible_place,restaurant,yes,,,,,True,-37.8157535,144.9552079
node/660065940,Takumi,wheelchair_accessible_place,restaurant,yes,,,,Contemporary Japanese grille & bar,True,-37.811459,144.97208
way/660343671,Wheelchair Accessible Place,wheelchair_accessible_place,,yes,,,,,True,-38.0712406,145.3326665
node/660478011,Nourish,wheelchair_accessible_place,cafe,yes,,Mo-Fr 07:30-16:00; Sa-Su 08:00-16:00,,,True,-37.8047657,144.9834417
node/660615395,Smith Street Cellars,wheelchair_accessible_place,,yes,,,,,True,-37.8033024,144.9833897
way/661332297,Wheelchair Accessible Place,wheelchair_accessible_place,,yes,,,,,True,-37.9656267,145.057566
node/661600405,Woolworths,wheelchair_accessible_place,,yes,,Mo-Su 06:00-23:00,Woolworths Group,,True,-37.7871515,144.92789
way/661632296,Wheelchair Accessible Place,wheelchair_accessible_place,,yes,,,,,True,-37.9670753,145.0570953
way/661632297,Wheelchair Accessible Place,wheelchair_accessible_place,,yes,,,,,True,-37.9661281,145.0609571
way/661632298,Wheelchair Accessible Place,wheelchair_accessible_place,,yes,,,,,True,-37.9673904,145.062254
way/661632302,Wheelchair Accessible Place,wheelchair_accessible_place,,yes,,,,,True,-37.9671947,145.0589978
way/661632303,Wheelchair Accessible Place,wheelchair_accessible_place,,yes,,,,,True,-37.9688335,145.0642985
way/661912655,Wheelchair Accessible Place,wheelchair_accessible_place,,yes,,,,,True,-37.9584311,145.0285534
way/662247046,Wheelchair Accessible Place,wheelchair_accessible_place,,yes,,,,,True,-37.9530664,145.0287232
way/662247050,Wheelchair Accessible Place,wheelchair_accessible_place,,yes,,,,,True,-37.9521027,145.0223353
way/662247053,Wheelchair Accessible Place,wheelchair_accessible_place,,yes,,,,,True,-37.9526908,145.0265296
way/662247075,Wheelchair Accessible Place,wheelchair_accessible_place,,yes,,,,,True,-37.9518338,145.0227579
way/662247078,Wheelchair Accessible Place,wheelchair_accessible_place,,yes,,,,,True,-37.9525106,145.0260467
way/662247083,Wheelchair Accessible Place,wheelchair_accessible_place,,yes,,,,,True,-37.9523361,145.0214747
way/662247273,Wheelchair Accessible Place,wheelchair_accessible_place,,yes,,,,,True,-37.9552064,145.0266221
way/662271443,Wheelchair Accessible Place,wheelchair_accessible_place,,yes,,,,,True,-37.8279908,144.9767172
way/662443457,Belgrave Heated Outdoor Swimming Pool,wheelchair_accessible_place,,yes,,,,Belgrave pool is a 33 metre outdoor heated swimming pool. Closed during winter.,True,-37.914146,145.3546561
way/663036575,Wheelchair Accessible Place,wheelchair_accessible_place,,yes,,,,,True,-37.9512171,145.0521491
node/663479932,Fiona & Sidney Myer Gallery,wheelchair_accessible_place,,yes,,Tu-Sa 12:00-17:00,University of Melbourne,The Fiona and Sidney Myer Gallery (formerly the Margaret Lawrence Gallery) is a highly influential curatorial art space frequented by the general public and artists at all stages of their career.,True,-37.8255106,144.967941
node/663484860,Flawless Flowers,wheelchair_accessible_place,,yes,,,,,True,-37.8178143,144.9672388
node/663914526,Grill'd,wheelchair_accessible_place,fast_food,yes,,Mo-Su 11:00-22:00,,,True,-37.8151993,144.9716261
node/663937314,Pop Mart,wheelchair_accessible_place,,yes,,,,,True,-37.814067,144.964518
node/663937408,Optus,wheelchair_accessible_place,,yes,,,,,True,-37.8135111,144.9662351
node/664314815,Westpac,wheelchair_accessible_place,bank,yes,,Mo-Fr 09:30-17:00; Sa 09:30-13:00,,,True,-37.81571,144.966422
node/664318260,Gorman,wheelchair_accessible_place,,yes,,"Sa-We 10:00-18:00; Th,Fr 10:00-21:00",Gorman,,True,-37.814491,144.965813
way/664342723,Wheelchair Accessible Place,wheelchair_accessible_place,,yes,,,,,True,-37.9586726,145.0151729
way/664342725,Wheelchair Accessible Place,wheelchair_accessible_place,,yes,,,,,True,-37.9557004,145.014366
way/664346454,Able Australia,wheelchair_accessible_place,social_facility,yes,,,Able Australia,,True,-37.8326735,145.0654953
way/664734555,Wheelchair Accessible Place,wheelchair_accessible_place,,yes,,,,,True,-37.9789282,145.0629138
way/664772109,Wheelchair Accessible Place,wheelchair_accessible_place,,yes,,,,,True,-37.9611819,145.0185404
way/664772112,Wheelchair Accessible Place,wheelchair_accessible_place,,yes,,,,,True,-37.9604614,145.018345
way/664772120,Wheelchair Accessible Place,wheelchair_accessible_place,,yes,,,,,True,-37.9591155,145.0167192
way/664772125,Wheelchair Accessible Place,wheelchair_accessible_place,,yes,,,,,True,-37.9611677,145.0187525
way/664772130,Wheelchair Accessible Place,wheelchair_accessible_place,,yes,,,,emergencies entrance,True,-37.961339,145.0185819
way/664773946,Wheelchair Accessible Place,wheelchair_accessible_place,,yes,,,,,True,-37.9607997,145.0193299
node/664863768,Wheelchair Accessible Place,wheelchair_accessible_place,,yes,,,,,True,-37.7755558,144.9630012
way/664949938,Wheelchair Accessible Place,wheelchair_accessible_place,toilets,yes,,,,2 Flush Toilets,True,-38.121192,145.1246696
way/665171947,NewHope Baptist Church,wheelchair_accessible_place,place_of_worship,yes,,,,,True,-37.8088729,145.1417215
way/665175135,NewHope Baptist Preschool,wheelchair_accessible_place,kindergarten,yes,,,NewHope Baptist Church,,True,-37.8086385,145.1413778
way/665218021,Wheelchair Accessible Place,wheelchair_accessible_place,,yes,,,,,True,-37.8218888,144.9832722
way/665242468,Wheelchair Accessible Place,wheelchair_accessible_place,toilets,yes,,24/7,Werribee South Caravan Park,,True,-37.9725573,144.690281
way/665242470,Wheelchair Accessible Place,wheelchair_accessible_place,toilets,yes,,24/7,Werribee South Caravan Park,,True,-37.9733147,144.6898842
way/665465103,Wheelchair Accessible Place,wheelchair_accessible_place,,yes,,,,,True,-37.9522908,145.0216009
way/665475327,Baptcare The Orchards Community,wheelchair_accessible_place,social_facility,yes,,,Baptcare,,True,-37.7667406,145.1713539
way/665503941,Wheelchair Accessible Place,wheelchair_accessible_place,,yes,,,,,True,-37.9429633,145.0050704
way/665730187,The Ian Potter Southbank Centre (880),wheelchair_accessible_place,,yes,,,University of Melbourne,"In 2019, the Melbourne Conservatorium relocated from its historic Parkville home to new state-of-the-art teaching, learning, rehearsal & performance spaces at The Ian Potter Southbank Centre. The new building complements existing & ongoing Conservatorium",True,-37.8245891,144.967424
way/666244249,Abbotsford Convent,wheelchair_accessible_place,,yes,,,Abbotsford Convent Foundation,"The former Convent of the Good Shepherd, is an ex-monastic site is spread over 16 acres with 11 historic buildings and gardens, and Australia’s largest multi-arts precinct with 100 studios, two galleries, cafes, aradio station, a shool and gardens. Sourc",True,-37.8030012,145.0037456
way/666398864,Wheelchair Accessible Place,wheelchair_accessible_place,,yes,,,,,True,-37.9552044,145.0288235
way/666399926,Wheelchair Accessible Place,wheelchair_accessible_place,,yes,,,,,True,-37.9555493,145.0349347
way/666404718,Wheelchair Accessible Place,wheelchair_accessible_place,,yes,,,,,True,-37.9554153,145.0335847
way/666410857,Wheelchair Accessible Place,wheelchair_accessible_place,,yes,,,,,True,-37.9575118,145.0488231
way/666410862,Wheelchair Accessible Place,wheelchair_accessible_place,,yes,,,,,True,-37.9558329,145.0385887
way/666410865,Wheelchair Accessible Place,wheelchair_accessible_place,,yes,,,,,True,-37.9571131,145.0474283
way/666414792,Wheelchair Accessible Place,wheelchair_accessible_place,,yes,,,,,True,-37.9582223,145.0472864
way/666414797,Wheelchair Accessible Place,wheelchair_accessible_place,,yes,,,,,True,-37.9582262,145.0461722
way/666414798,Wheelchair Accessible Place,wheelchair_accessible_place,,yes,,,,,True,-37.9582361,145.0463256
way/666415332,Wheelchair Accessible Place,wheelchair_accessible_place,,yes,,,,,True,-37.9592324,145.050379
way/666415333,Wheelchair Accessible Place,wheelchair_accessible_place,,yes,,,,,True,-37.958983,145.0498635
way/666415335,Wheelchair Accessible Place,wheelchair_accessible_place,,yes,,,,,True,-37.9594034,145.0519025
way/666415338,Wheelchair Accessible Place,wheelchair_accessible_place,,yes,,,,,True,-37.9592371,145.0508136
way/666416783,Wheelchair Accessible Place,wheelchair_accessible_place,,yes,,,,,True,-37.9590678,145.0528968
way/666416784,Wheelchair Accessible Place,wheelchair_accessible_place,,yes,,,,,True,-37.9639928,145.0555491
way/666416785,Wheelchair Accessible Place,wheelchair_accessible_place,,yes,,,,,True,-37.9587913,145.0526358
way/666416786,Wheelchair Accessible Place,wheelchair_accessible_place,,yes,,,,,True,-37.9588923,145.0528831
way/666418727,Wheelchair Accessible Place,wheelchair_accessible_place,,yes,,,,,True,-37.9600848,145.054172
way/666421136,Wheelchair Accessible Place,wheelchair_accessible_place,,yes,,,,,True,-37.9616256,145.0540377
way/666421137,Wheelchair Accessible Place,wheelchair_accessible_place,,yes,,,,,True,-37.9623489,145.0537848
way/666424296,Wheelchair Accessible Place,wheelchair_accessible_place,,yes,,,,,True,-37.9640363,145.0505912
way/666424299,Wheelchair Accessible Place,wheelchair_accessible_place,,yes,,,,,True,-37.9660109,145.0544372
way/666781289,Wheelchair Accessible Place,wheelchair_accessible_place,,yes,,,,,True,-37.9551971,145.0470353
way/666781291,Wheelchair Accessible Place,wheelchair_accessible_place,,yes,,,,,True,-37.957131,145.0492686
node/666846435,Wheelchair Accessible Place,wheelchair_accessible_place,toilets,yes,,,,,True,-37.7756891,144.960905
way/667055133,Wheelchair Accessible Place,wheelchair_accessible_place,,yes,,,,,True,-37.8098392,144.9762685
way/667082801,Wheelchair Accessible Place,wheelchair_accessible_place,,yes,,,,,True,-37.9654051,145.0556856
way/667082822,Wheelchair Accessible Place,wheelchair_accessible_place,,yes,,,,,True,-37.9653534,145.0546168
node/667224582,Wheelchair Accessible Place,wheelchair_accessible_place,toilets,yes,,,Melbourne City Council,,True,-37.8143428,144.9551331
node/667226014,Wheelchair Accessible Place,wheelchair_accessible_place,bank,yes,,Mo-Sa 09:30-16:00,,,True,-37.8140086,144.9520574
way/668016801,Wheelchair Accessible Place,wheelchair_accessible_place,,yes,,,,,True,-37.9607892,145.0531739
way/668016802,Wheelchair Accessible Place,wheelchair_accessible_place,,yes,,,,,True,-37.9605902,145.0536752
way/668141685,Wheelchair Accessible Place,wheelchair_accessible_place,,yes,,,,,True,-37.9737411,145.016862
way/668348251,Wheelchair Accessible Place,wheelchair_accessible_place,,yes,,,,,True,-37.959634,145.0381172
way/668487829,McDonald's,wheelchair_accessible_place,fast_food,yes,yes,06:00-23:00,,,True,28.1391378,-80.672214
way/668563114,Wheelchair Accessible Place,wheelchair_accessible_place,,yes,,,,,True,-37.9615254,145.0420055
way/668563115,Wheelchair Accessible Place,wheelchair_accessible_place,,yes,,,,,True,-37.9617748,145.0398773
way/668563127,Wheelchair Accessible Place,wheelchair_accessible_place,,yes,,,,,True,-37.9621597,145.0406039
way/668565934,Wheelchair Accessible Place,wheelchair_accessible_place,,yes,,,,,True,-37.961405,145.0405547
way/668565939,Wheelchair Accessible Place,wheelchair_accessible_place,,yes,,,,,True,-37.9612741,145.0404881
way/668565945,Wheelchair Accessible Place,wheelchair_accessible_place,,yes,,,,,True,-37.9624838,145.0414469
way/668565947,Wheelchair Accessible Place,wheelchair_accessible_place,,yes,,,,,True,-37.9612106,145.0406879
way/668565950,Wheelchair Accessible Place,wheelchair_accessible_place,,yes,,,,,True,-37.9625232,145.0409229
way/668598720,Wheelchair Accessible Place,wheelchair_accessible_place,toilets,yes,,,,,True,-38.3446063,144.9803928
way/669007329,Wheelchair Accessible Place,wheelchair_accessible_place,,yes,,,,,True,-37.9603627,145.0403813
way/669007330,Wheelchair Accessible Place,wheelchair_accessible_place,,yes,,,,,True,-37.961578,145.0469625
way/669007334,Wheelchair Accessible Place,wheelchair_accessible_place,,yes,,,,,True,-37.9605043,145.0415484
node/669188593,ALDI,wheelchair_accessible_place,,yes,,Mo-Fr 08:30-20:00; Sa-Su 08:30-19:00,,,True,-37.768958,145.000045
way/669599449,Wheelchair Accessible Place,wheelchair_accessible_place,,yes,,,,,True,-37.9463708,145.0220275
way/669616942,Wheelchair Accessible Place,wheelchair_accessible_place,parking,yes,,,Hillsong Melbourne East,,True,-37.8722133,145.2497205
node/670133141,Bourke Street Post Office,wheelchair_accessible_place,post_office,yes,,"Mo-Fr 09:00-17:00; PH,Sa,Su off",Australia Post,,True,-37.8127959,144.9699292
way/671174716,Wheelchair Accessible Place,wheelchair_accessible_place,,yes,,,,,True,-37.9667306,145.0209708
way/671174727,Wheelchair Accessible Place,wheelchair_accessible_place,,yes,,,,,True,-37.9661159,145.0205494
way/671177345,Wheelchair Accessible Place,wheelchair_accessible_place,,yes,,,,,True,-37.9758128,145.0152851
way/671178562,Wheelchair Accessible Place,wheelchair_accessible_place,,yes,,,,,True,-37.9687274,145.0111503
way/671232985,North Eltham Medical Centre,wheelchair_accessible_place,doctors,yes,,Mo-Fr 08:00-18:30; Sa 08:00-14:00; Su 10:00-12:00,,,True,-37.7057072,145.1529003
way/672182155,1st West Drive,wheelchair_accessible_place,,yes,,,,,True,-37.9595684,145.0326458
way/672182158,Wheelchair Accessible Place,wheelchair_accessible_place,,yes,,,,,True,-37.9576588,145.0292151
way/672530405,Titan Tennis Center,wheelchair_accessible_place,,yes,,,Eastern Florida State College,,True,28.1714591,-80.6659029
way/673392700,Eltham Milk Bar,wheelchair_accessible_place,,yes,,,,,True,-37.7216225,145.1509151
node/674012637,Benson's Cafe and Restaurant,wheelchair_accessible_place,cafe,yes,,"Mo-Th 09:00-16:00; Fr,Sa 16:00-21:00; Su 08:00-16:00",,,True,-37.9085561,145.3551653
node/674012641,Hillscene Family Medical Centre,wheelchair_accessible_place,doctors,yes,,Mo-Th 09:00-18:00; Fr 09:00-13:00,,,True,-37.9093554,145.3540485
node/674012661,The Blacksmith,wheelchair_accessible_place,,yes,,"Mo,Tu 06:00-16:00; We-Fr 06:00-16:00+; Sa 07:00-16:00+; Su 08:00-16:00",,,True,-37.9087863,145.3549682
way/674092356,Chumley's Depot,wheelchair_accessible_place,bar,yes,,,,,True,28.0787598,-80.604513
way/674231510,Southern Cross Medical Imaging,wheelchair_accessible_place,clinic,yes,,Mo-Fr 09:00-17:00,,,True,-37.7125636,145.1491895
node/675484838,Wheelchair Accessible Place,wheelchair_accessible_place,drinking_water,yes,,,,,True,-37.7999061,145.1533323
node/675499355,Wheelchair Accessible Place,wheelchair_accessible_place,toilets,yes,,,,,True,-37.732131,144.966921
way/676178475,Wheelchair Accessible Place,wheelchair_accessible_place,toilets,yes,,,,,True,-37.9739067,144.6928405
node/676421043,Wheelchair Accessible Place,wheelchair_accessible_place,toilets,yes,,,,,True,-37.6992223,145.1536188
node/676533299,Leonardo's Pizza Palace,wheelchair_accessible_place,restaurant,yes,,,,,True,-37.8011213,144.9686055
way/676693127,Wheelchair Accessible Place,wheelchair_accessible_place,,yes,,,,,True,-37.9496277,145.0044754
way/676693128,Wheelchair Accessible Place,wheelchair_accessible_place,,yes,,,,,True,-37.9526644,145.0123754
way/676693129,Wheelchair Accessible Place,wheelchair_accessible_place,,yes,,,,,True,-37.9518279,145.0047809
way/676693133,Wheelchair Accessible Place,wheelchair_accessible_place,,yes,,,,,True,-37.9537737,145.0205884
way/676693135,Wheelchair Accessible Place,wheelchair_accessible_place,,yes,,,,,True,-37.953793,145.0207988
way/676693136,Wheelchair Accessible Place,wheelchair_accessible_place,,yes,,,,,True,-37.9531142,145.014366
way/676693138,Wheelchair Accessible Place,wheelchair_accessible_place,,yes,,,,,True,-37.9494922,145.0033772
way/676693139,Wheelchair Accessible Place,wheelchair_accessible_place,,yes,,,,,True,-37.9537026,145.0207109
way/676693142,Wheelchair Accessible Place,wheelchair_accessible_place,,yes,,,,,True,-37.9538641,145.0206764
way/676693143,Wheelchair Accessible Place,wheelchair_accessible_place,,yes,,,,,True,-37.950531,145.0061836
way/676693144,Wheelchair Accessible Place,wheelchair_accessible_place,,yes,,,,,True,-37.9519801,145.0052063
node/678340951,Shooter McGavin's,wheelchair_accessible_place,cafe,yes,,,,,True,-37.8007773,144.9656309
node/678342215,Nasi Lemak House,wheelchair_accessible_place,restaurant,yes,,12:00-22:00,,Malaysian Hawker Food,True,-37.8007845,144.9656918
way/678979273,Wheelchair Accessible Place,wheelchair_accessible_place,,yes,,,,,True,-37.813807,144.9666497
node/679022238,Taxi Dining Room,wheelchair_accessible_place,restaurant,yes,,,,,True,-37.81843,144.968386
node/679022408,Time Out Cafe,wheelchair_accessible_place,cafe,yes,,,,,True,-37.8177683,144.9683649
way/679138510,Wheelchair Accessible Place,wheelchair_accessible_place,toilets,yes,,24/7,,,True,-37.8657113,145.0497171
way/679141927,Wheelchair Accessible Place,wheelchair_accessible_place,,yes,,,,,True,-37.8250084,144.952388
way/679141931,Wheelchair Accessible Place,wheelchair_accessible_place,,yes,,,,,True,-37.8251433,144.953867
way/679143783,Wheelchair Accessible Place,wheelchair_accessible_place,,yes,,,,,True,-38.2138527,145.107333
way/679145584,Wheelchair Accessible Place,wheelchair_accessible_place,car_wash,yes,,Mo-Su 07:00-22:00,,,True,-37.8683649,145.0602849
way/679193455,Huntingdale Station,wheelchair_accessible_place,bus_station,yes,,,Ventura;CDC Melbourne,,True,-37.9109638,145.1028378
way/679193459,Wheelchair Accessible Place,wheelchair_accessible_place,,yes,,,,,True,-37.9111661,145.1028258
way/679621022,Kananook Creek Trail,wheelchair_accessible_place,,yes,,,,,True,-38.1048595,145.1277131
node/679639223,Wheelchair Accessible Place,wheelchair_accessible_place,bar,yes,,,,,True,-37.798509,144.97877
way/680786447,Wheelchair Accessible Place,wheelchair_accessible_place,,yes,,,,,True,-37.9532296,145.0270345
way/680786449,Wheelchair Accessible Place,wheelchair_accessible_place,,yes,,,,,True,-37.9552061,145.0204983
way/682573246,Wheelchair Accessible Place,wheelchair_accessible_place,parking_space,yes,,,,,True,-37.7779339,144.9473335
way/682790274,Wheelchair Accessible Place,wheelchair_accessible_place,,yes,,,,,True,-37.957398,145.0265142
way/683024880,Wheelchair Accessible Place,wheelchair_accessible_place,,yes,,,,,True,-37.9584468,145.0272338
way/683025341,Wheelchair Accessible Place,wheelchair_accessible_place,,yes,,,,,True,-37.9604037,145.0287522
way/683806483,Wheelchair Accessible Place,wheelchair_accessible_place,,yes,,,,,True,-37.9494085,145.0021271
node/685057149,Wheelchair Accessible Place,wheelchair_accessible_place,drinking_water,yes,,,,,True,-37.7463327,145.1721855
way/686066383,Wheelchair Accessible Place,wheelchair_accessible_place,toilets,yes,,,,,True,-37.8089207,144.9550425
node/686126003,Wheelchair Accessible Place,wheelchair_accessible_place,,yes,,,,,True,-37.7766765,144.9896666
node/686126004,Wheelchair Accessible Place,wheelchair_accessible_place,,yes,,,,,True,-37.7766309,144.9896048
node/686126005,Wheelchair Accessible Place,wheelchair_accessible_place,,yes,,,,,True,-37.7766099,144.9895738
node/686126006,Wheelchair Accessible Place,wheelchair_accessible_place,,yes,,,,,True,-37.7765785,144.9895296
node/687135541,Wheelchair Accessible Place,wheelchair_accessible_place,,yes,,,,,True,-37.9204763,145.0226217
way/689624551,Mantra Epping,wheelchair_accessible_place,,yes,,,mantra,,True,-37.649485,145.0078839
node/689775369,Parkdale Library,wheelchair_accessible_place,library,yes,,"Mo,We 13:00-17:00; Tu,Fr 10:00-13:00; Th,Sa,Su off",,,True,-37.9935034,145.0778325
node/689775372,Parkdale Railway Station/Parkers Rd,wheelchair_accessible_place,,yes,no,,,,True,-37.9932892,145.0774454
node/690177803,Mordialloc,wheelchair_accessible_place,,yes,,,Metro Trains Melbourne,,True,-38.0059125,145.0872801
way/690864783,Wheelchair Accessible Place,wheelchair_accessible_place,,yes,,,,,True,-38.0697623,145.3305879
way/690864784,Wheelchair Accessible Place,wheelchair_accessible_place,,yes,,,,,True,-38.0694296,145.3308895
way/693844137,Goodstart Early Learning Mooroolbark,wheelchair_accessible_place,,yes,,Mo-Fr 06:30-18:30,,,True,-37.789725,145.3114801
node/694029992,Wheelchair Accessible Place,wheelchair_accessible_place,,yes,,24/7,,,True,-37.8210111,145.1903936
way/694513293,Bunnings Warehouse,wheelchair_accessible_place,,yes,,,,,True,-37.6480141,145.0043381
way/696148353,Henry Lane,wheelchair_accessible_place,,yes,,,,,True,-37.9478055,145.0441445
way/698812680,Lakeside Circuit,wheelchair_accessible_place,,yes,,,,,True,-37.8269973,145.1603547
node/699434493,Picture Box,wheelchair_accessible_place,,yes,,Mo-Fr 09:30-17:30; Sa 10:00-17:00; Su 12:00-16:00,,,True,-37.7991117,144.9843946
node/702376353,Wheelchair Accessible Place,wheelchair_accessible_place,,yes,,,,,True,-37.8074545,144.9426366
node/703064147,Moreland LPO,wheelchair_accessible_place,post_office,yes,,Mo-Fr 08:30-17:00; Sa 09:00-12:00; Su off,Australia Post,,True,-37.7549003,144.9643683
node/703067976,Pharmacy 4 Less,wheelchair_accessible_place,pharmacy,yes,,24/7,,,True,-37.7444515,144.964038
node/704091047,102UNIQ,wheelchair_accessible_place,restaurant,yes,,,,,True,-37.806143,144.983214
node/704119503,Telstra,wheelchair_accessible_place,,yes,yes,,Telstra,,True,-37.813291,144.965776
way/704235295,wat djerring Animal Facility,wheelchair_accessible_place,animal_shelter,yes,,"Mo,Tu,Th,Fr 10:00-16:00; We 10:00-18:30; Sa-Su,PH 10:00-14:00; Apr 25, Dec 25, easter -2 days off",City of Whittlesea;City of Darebin;Merri-bek City Council,,True,-37.6445485,144.9753147
way/705030158,Wheelchair Accessible Place,wheelchair_accessible_place,,yes,,,,,True,-38.0558336,145.1181163
node/705053603,Vintage Garage,wheelchair_accessible_place,,yes,,Tu-Fr 11:00-17:00; Sa 10:00-17:00; Su 12:00-17:00,,,True,-37.799388,144.984046
way/706573191,ALDI,wheelchair_accessible_place,,yes,,Mo-Su 08:30-20:00,,,True,-37.723371,144.9623695
node/706906468,Café Excello,wheelchair_accessible_place,cafe,yes,,,,,True,-37.812532,144.973293
node/706916611,Coffee HQ,wheelchair_accessible_place,cafe,yes,,,,,True,-37.818122,144.967206
node/706916689,Baguette,wheelchair_accessible_place,cafe,yes,,,,,True,-37.818329,144.967288
node/706916776,Flinders Street Station Pharmacy,wheelchair_accessible_place,pharmacy,yes,,"Mo-Fr 07:00-21:00; Sa,Su 10:00-16:00",,,True,-37.818596,144.967418
node/706917237,Wheelchair Accessible Place,wheelchair_accessible_place,toilets,yes,,24/7,,,True,-37.8176756,144.9683598
way/708014666,Platform 1 & 2,wheelchair_accessible_place,,yes,,,Public Transport Victoria,,True,-37.7083552,145.0093771
node/708373055,IGA Deer Park,wheelchair_accessible_place,,yes,,Mo-Fr 07:00-21:00; Sa 08:00-21:00; Su 08:00-20:00,"10/8 Hatchlands Dr, Deer Park VIC 3023",,True,-37.7777999,144.7559358
way/708453124,Rock Springs,wheelchair_accessible_place,fast_food,yes,,,,,True,-38.069193,145.6596654
way/710774896,Heidelberg Preschool,wheelchair_accessible_place,kindergarten,yes,,,,,True,-37.7572275,145.0626903
node/711360774,Wheelchair Accessible Place,wheelchair_accessible_place,toilets,yes,,"Mo,We 05:00-15:00; Tu,Th 03:00-16:30; Fr 03:00-16:00; Sa 03:00-17:30; Su 03:00-18:00",,,True,-37.806138,144.9566275
way/711561000,The Wine Corner,wheelchair_accessible_place,,yes,,"Mo-We,Su 12:00-21:30; Th-Sa 12:00-22:30",,,True,-37.7926386,144.973973
way/712744849,Bianca,wheelchair_accessible_place,,yes,,,,,True,-37.7943523,144.9311148
way/714104004,Wheelchair Accessible Place,wheelchair_accessible_place,,yes,,,,,True,-37.822888,144.9818865
way/714104008,Wheelchair Accessible Place,wheelchair_accessible_place,,yes,,,,,True,-37.8229018,144.9812985
way/714104009,Wheelchair Accessible Place,wheelchair_accessible_place,,yes,,,,,True,-37.8227457,144.9813276
way/714104010,Wheelchair Accessible Place,wheelchair_accessible_place,,yes,,,,,True,-37.8225948,144.9813556
way/714104012,Wheelchair Accessible Place,wheelchair_accessible_place,,yes,,,,,True,-37.8234477,144.9817708
way/714104013,Wheelchair Accessible Place,wheelchair_accessible_place,,yes,,,,,True,-37.8233646,144.9818002
way/714104014,Wheelchair Accessible Place,wheelchair_accessible_place,,yes,,,,,True,-37.8227177,144.9824864
way/714104036,Wheelchair Accessible Place,wheelchair_accessible_place,,yes,,,,,True,-37.8203315,144.9843326
way/714353207,Hawksburn,wheelchair_accessible_place,,yes,,,Public Transport Victoria - Metro,Pakenham/Cranbourne services are limited at Hawksburn station.,True,-37.8446738,145.0019694
way/714353208,Clifton Hill,wheelchair_accessible_place,,yes,,,Public Transport Victoria - Metro,,True,-37.7888914,144.9953594
way/715730928,Ringwood Ballet Group,wheelchair_accessible_place,dancing_school,yes,,"Mo-Fr 15:30-21:00, Sa 09:00-16:00, Su closed",Rosemary Frost A.R.A.D. (Reg. RAD) – M.S.F.D. (Examiner) - I.D.T.A.,,True,-37.8143917,145.2372687
way/717017387,Uniting AgeWell Manor Lakes Community,wheelchair_accessible_place,social_facility,yes,,,,,True,-37.8738513,144.6064836
way/717275996,Wheelchair Accessible Place,wheelchair_accessible_place,,yes,,,,,True,-38.1507125,145.1965291
way/718621227,Cooma Lane,wheelchair_accessible_place,,yes,,,,,True,-37.939988,145.0512413
way/718621228,Joan Lane,wheelchair_accessible_place,,yes,,,,,True,-37.9405193,145.0504935
way/718778815,Wheelchair Accessible Place,wheelchair_accessible_place,,yes,,,,,True,-37.9412861,145.0535737
way/718778816,Wheelchair Accessible Place,wheelchair_accessible_place,,yes,,,,,True,-37.9410896,145.0538437
way/720829491,Old Treasury Walk,wheelchair_accessible_place,,yes,,,,,True,-37.8131774,144.9746262
way/721066241,Wheelchair Accessible Place,wheelchair_accessible_place,toilets,yes,,Mo-Su 07:00-23:00,,,True,-37.800662,144.984113
way/721761320,Wheelchair Accessible Place,wheelchair_accessible_place,,yes,,,,,True,-37.8174225,144.969566
way/721761321,Wheelchair Accessible Place,wheelchair_accessible_place,,yes,,,,,True,-37.8177922,144.9697124
way/721761322,Wheelchair Accessible Place,wheelchair_accessible_place,,yes,,,,,True,-37.8178104,144.9695567
way/722365734,Wheelchair Accessible Place,wheelchair_accessible_place,,yes,,,,,True,-37.820289,144.9656691
way/723117502,Wheelchair Accessible Place,wheelchair_accessible_place,,yes,,,,,True,-37.9408666,145.0508625
way/725743259,Liberty,wheelchair_accessible_place,,yes,,,,,True,-37.7941902,144.9474561
way/725993185,Wheelchair Accessible Place,wheelchair_accessible_place,,yes,,,,,True,-37.8106138,144.9630394
way/726574045,Professors Walk,wheelchair_accessible_place,,yes,,,,,True,-37.7980964,144.9596863
node/726966333,Oaks On Lonsdale,wheelchair_accessible_place,,yes,,,,,True,-37.809801,144.971353
node/726966377,IGA,wheelchair_accessible_place,,yes,,Mo-Fr 07:00-23:00; Sa 08:00-23:00; Su 09:00-23:00,,,True,-37.809886,144.971151
node/726967748,Woolworths Metro,wheelchair_accessible_place,,yes,,Mo-Fr 07:00-22:00; Sa 08:00-22:00; Su 08:00-21:00,Woolworths Group,,True,-37.810488,144.97004
way/732485980,Foodworks,wheelchair_accessible_place,,yes,,,,,True,-37.7879973,144.9304459
way/733163325,North End Cafe,wheelchair_accessible_place,cafe,yes,,Mo-Fr 06:00-15:00,,,True,-37.7955785,144.9381973
way/735142298,West Richmond,wheelchair_accessible_place,,yes,,,Metro Trains Melbourne,,True,-37.8146909,144.9914761
way/738359883,Wheelchair Accessible Place,wheelchair_accessible_place,,yes,,,,,True,-37.8163932,144.9525193
way/738359884,Wheelchair Accessible Place,wheelchair_accessible_place,,yes,,,,,True,-37.816361,144.9520126
way/740521885,Wheelchair Accessible Place,wheelchair_accessible_place,,yes,,,,,True,-37.8191391,144.9603948
way/741336938,Wheelchair Accessible Place,wheelchair_accessible_place,,yes,,,,,True,-37.9327827,145.0343312
way/741422548,Wheelchair Accessible Place,wheelchair_accessible_place,,yes,,,,,True,-37.9109328,145.0134786
way/741422550,Wheelchair Accessible Place,wheelchair_accessible_place,,yes,,,,,True,-37.9117404,145.0144303
way/741435972,Wheelchair Accessible Place,wheelchair_accessible_place,,yes,,,,,True,-37.9139797,145.0168397
way/741435973,Wheelchair Accessible Place,wheelchair_accessible_place,,yes,,,,,True,-37.9144322,145.0167913
way/741435974,Wheelchair Accessible Place,wheelchair_accessible_place,,yes,,,,,True,-37.9144321,145.0164461
way/741436755,Wheelchair Accessible Place,wheelchair_accessible_place,,yes,,,,,True,-37.9142327,145.0170304
way/741436758,Wheelchair Accessible Place,wheelchair_accessible_place,,yes,,,,,True,-37.9150719,145.0178504
way/741499852,Wheelchair Accessible Place,wheelchair_accessible_place,,yes,,,,,True,-37.9153247,145.020898
way/741499855,Wheelchair Accessible Place,wheelchair_accessible_place,,yes,,,,,True,-37.9157443,145.0185834
way/741499856,Wheelchair Accessible Place,wheelchair_accessible_place,,yes,,,,,True,-37.9156735,145.0174589
way/741500811,Wheelchair Accessible Place,wheelchair_accessible_place,,yes,,,,,True,-37.918022,145.0204882
way/741500812,Wheelchair Accessible Place,wheelchair_accessible_place,,yes,,,,,True,-37.9160829,145.0184762
way/741500813,Wheelchair Accessible Place,wheelchair_accessible_place,,yes,,,,,True,-37.9162771,145.0202915
way/741502573,Wheelchair Accessible Place,wheelchair_accessible_place,,yes,,,,,True,-37.9199095,145.022361
way/741502576,Wheelchair Accessible Place,wheelchair_accessible_place,,yes,,,,,True,-37.9181802,145.0228363
way/741577296,Wheelchair Accessible Place,wheelchair_accessible_place,,yes,,,,,True,-37.9228101,145.0271522
way/741577298,Wheelchair Accessible Place,wheelchair_accessible_place,,yes,,,,,True,-37.9191253,145.0255911
way/741577299,Wheelchair Accessible Place,wheelchair_accessible_place,,yes,,,,,True,-37.9209716,145.0231175
way/741577300,Wheelchair Accessible Place,wheelchair_accessible_place,,yes,,,,,True,-37.9215315,145.0250888
way/741577301,Wheelchair Accessible Place,wheelchair_accessible_place,,yes,,,,,True,-37.923787,145.0271973
way/741577305,Wheelchair Accessible Place,wheelchair_accessible_place,,yes,,,,,True,-37.920443,145.0228068
way/741579160,Wheelchair Accessible Place,wheelchair_accessible_place,,yes,,,,,True,-37.9247495,145.0266731
way/741579161,Wheelchair Accessible Place,wheelchair_accessible_place,,yes,,,,,True,-37.9289055,145.0312399
way/741579162,Wheelchair Accessible Place,wheelchair_accessible_place,,yes,,,,,True,-37.925116,145.0298422
way/741579462,Wheelchair Accessible Place,wheelchair_accessible_place,,yes,,,,,True,-37.9256254,145.0269795
way/741581670,Wheelchair Accessible Place,wheelchair_accessible_place,,yes,,,,,True,-37.9269671,145.0309329
way/741587221,Wheelchair Accessible Place,wheelchair_accessible_place,,yes,,,,,True,-37.9340911,145.0357768
way/741590599,Wheelchair Accessible Place,wheelchair_accessible_place,,yes,,,,,True,-37.9330776,145.0341671
way/741590600,Wheelchair Accessible Place,wheelchair_accessible_place,,yes,,,,,True,-37.9330564,145.0348391
way/741783205,Wheelchair Accessible Place,wheelchair_accessible_place,,yes,,,,,True,-37.9096344,145.009993
way/741783445,Wheelchair Accessible Place,wheelchair_accessible_place,,yes,,,,,True,-37.9067284,145.0083603
way/741783446,Wheelchair Accessible Place,wheelchair_accessible_place,,yes,,,,,True,-37.9112327,145.0129089
way/743140142,Lukumades,wheelchair_accessible_place,,yes,,,,,True,-37.7989528,144.967515
way/743599139,Wheelchair Accessible Place,wheelchair_accessible_place,,yes,,,,,True,-37.8412401,145.2676169
way/743599140,Wheelchair Accessible Place,wheelchair_accessible_place,,yes,,,,,True,-37.8415183,145.2678869
way/744203968,Wheelchair Accessible Place,wheelchair_accessible_place,,yes,,,,,True,-37.9063991,145.0085737
way/744203971,Wheelchair Accessible Place,wheelchair_accessible_place,,yes,,,,,True,-37.9062492,145.0092085
way/744203977,Wheelchair Accessible Place,wheelchair_accessible_place,,yes,,,,,True,-37.906363,145.0088721
way/744203981,Wheelchair Accessible Place,wheelchair_accessible_place,,yes,,,,,True,-37.9070774,145.0100803
way/744816065,Wheelchair Accessible Place,wheelchair_accessible_place,,yes,,,,,True,-37.9024596,145.0028664
way/744819332,Wheelchair Accessible Place,wheelchair_accessible_place,,yes,,,,,True,-37.9150971,145.0160072
way/744819333,Wheelchair Accessible Place,wheelchair_accessible_place,,yes,,,,,True,-37.9145876,145.0150046
way/744819334,Wheelchair Accessible Place,wheelchair_accessible_place,,yes,,,,,True,-37.9151397,145.0161441
way/745540619,Wheelchair Accessible Place,wheelchair_accessible_place,,yes,,,,,True,-37.90376,145.0029667
way/745540622,Wheelchair Accessible Place,wheelchair_accessible_place,,yes,,,,,True,-37.9048248,145.002802
way/745554459,Wheelchair Accessible Place,wheelchair_accessible_place,,yes,,,,,True,-37.905773,145.0045301
way/745620925,Wheelchair Accessible Place,wheelchair_accessible_place,,yes,,,,,True,-37.9049996,145.0067219
way/745620927,Wheelchair Accessible Place,wheelchair_accessible_place,,yes,,,,,True,-37.9056293,145.0072917
way/745620928,Wheelchair Accessible Place,wheelchair_accessible_place,,yes,,,,,True,-37.905518,145.0066483
node/746041889,Blackburn Railway Station/South Parade,wheelchair_accessible_place,,yes,,,Ventura,,True,-37.8204671,145.1503704
node/746912872,Wheelchair Accessible Place,wheelchair_accessible_place,,yes,,,,,True,-37.8249615,144.9848664
node/746917992,Wheelchair Accessible Place,wheelchair_accessible_place,,yes,,,,,True,-37.8247514,144.9827077
way/747484661,Wheelchair Accessible Place,wheelchair_accessible_place,,yes,,,,,True,-38.0149521,145.1075905
way/751770083,Wheelchair Accessible Place,wheelchair_accessible_place,,yes,,,,,True,-37.7967769,144.9591572
way/751770086,Wheelchair Accessible Place,wheelchair_accessible_place,,yes,,,,,True,-37.7967771,144.9591584
way/751770087,Wheelchair Accessible Place,wheelchair_accessible_place,,yes,,,,,True,-37.7967764,144.9591573
way/752877884,Wheelchair Accessible Place,wheelchair_accessible_place,toilets,yes,,,,,True,-37.8977625,145.0725098
way/753178040,Wheelchair Accessible Place,wheelchair_accessible_place,,yes,,,,,True,-37.8418472,145.1194853
way/753639126,Wheelchair Accessible Place,wheelchair_accessible_place,,yes,,,,,True,-37.7647653,145.3497469
way/754133647,RMIT Multifaith & Wellbeing Centre,wheelchair_accessible_place,,yes,,,RMIT University,RMIT University,True,-37.8065061,144.965377
way/759605196,Wheelchair Accessible Place,wheelchair_accessible_place,bank,yes,,,,,True,28.1471288,-80.6724102
way/759954629,Wheelchair Accessible Place,wheelchair_accessible_place,,yes,,,,,True,-38.0154873,145.1138291
node/761558337,Diggers Rest,wheelchair_accessible_place,,yes,no,,Public Transport Victoria - Regional,,True,-37.6275995,144.7200075
way/762761733,Wheelchair Accessible Place,wheelchair_accessible_place,,yes,,,,,True,-37.654748,144.9265355
way/762761734,Wheelchair Accessible Place,wheelchair_accessible_place,,yes,,,,,True,-37.6551987,144.9324161
way/762761735,Wheelchair Accessible Place,wheelchair_accessible_place,,yes,,,,,True,-37.6566246,144.9321168
way/762761736,Wheelchair Accessible Place,wheelchair_accessible_place,,yes,,,,,True,-37.6577187,144.9300727
way/762763866,Wheelchair Accessible Place,wheelchair_accessible_place,,yes,,,,,True,-37.6450418,144.9273623
way/762763867,Wheelchair Accessible Place,wheelchair_accessible_place,,yes,,,,,True,-37.6444538,144.9261616
way/762763868,Wheelchair Accessible Place,wheelchair_accessible_place,,yes,,,,,True,-37.6453265,144.925581
way/762763869,Wheelchair Accessible Place,wheelchair_accessible_place,,yes,,,,,True,-37.6460175,144.9250403
way/762763870,Wheelchair Accessible Place,wheelchair_accessible_place,,yes,,,,,True,-37.6456352,144.9249292
way/762763871,Wheelchair Accessible Place,wheelchair_accessible_place,,yes,,,,,True,-37.6456319,144.9258448
way/762763872,Wheelchair Accessible Place,wheelchair_accessible_place,,yes,,,,,True,-37.6461453,144.9264101
way/762764169,Wheelchair Accessible Place,wheelchair_accessible_place,,yes,,,,,True,-37.6421365,144.9258724
way/762764170,Wheelchair Accessible Place,wheelchair_accessible_place,,yes,,,,,True,-37.6418476,144.9258863
node/764851994,Donnybrook,wheelchair_accessible_place,,yes,,,Public Transport Victoria - Regional,,True,-37.5419879,144.9702272
node/767659043,Wheelchair Accessible Place,wheelchair_accessible_place,,yes,,,,,True,-37.8076252,144.9731658
node/767665014,Wheelchair Accessible Place,wheelchair_accessible_place,,yes,,,,,True,-37.8077605,144.9733967
node/768250472,Miss Pearl Bar + Dining,wheelchair_accessible_place,bar,yes,,"Mo-Tu 15:00+, We-Sa 12:00+",,,True,-37.8238869,144.9680321
way/768419770,Wheelchair Accessible Place,wheelchair_accessible_place,,yes,,,,,True,-37.7139798,144.8872312
way/768988644,Wheelchair Accessible Place,wheelchair_accessible_place,,yes,,,,,True,-37.788798,145.149201
way/769534364,Wheelchair Accessible Place,wheelchair_accessible_place,,yes,,,,,True,-37.8764683,145.0447616
way/770781575,Wheelchair Accessible Place,wheelchair_accessible_place,,yes,,,,,True,-38.1592201,145.1911371
way/770968498,Wheelchair Accessible Place,wheelchair_accessible_place,,yes,,,,,True,-38.1622626,145.1837673
way/770968501,Wheelchair Accessible Place,wheelchair_accessible_place,,yes,,,,,True,-38.1623405,145.1844397
way/771258989,Wheelchair Accessible Place,wheelchair_accessible_place,,yes,,,,,True,-37.7992651,144.8632055
way/771782380,Carlton North Post Office,wheelchair_accessible_place,post_office,yes,,,Australia Post,,True,-37.7845389,144.9729933
node/772366476,Wheelchair Accessible Place,wheelchair_accessible_place,toilets,yes,,,,,True,-38.1522694,145.1599099
way/773654820,Wheelchair Accessible Place,wheelchair_accessible_place,,yes,,,,,True,-38.1455548,145.2008204
way/773654822,Wheelchair Accessible Place,wheelchair_accessible_place,,yes,,,,,True,-38.1598416,145.1907463
way/774540387,Wheelchair Accessible Place,wheelchair_accessible_place,parking,yes,,,,,True,-37.8618893,144.7497072
way/775423231,Wheelchair Accessible Place,wheelchair_accessible_place,,yes,,,,,True,-37.7741083,144.9790557
way/775423232,Wheelchair Accessible Place,wheelchair_accessible_place,,yes,,,,,True,-37.7731512,144.9792928
way/775423233,Wheelchair Accessible Place,wheelchair_accessible_place,,yes,,,,,True,-37.7703751,144.9797614
way/775423234,Wheelchair Accessible Place,wheelchair_accessible_place,,yes,,,,,True,-37.7701522,144.9797279
node/775655136,Wheelchair Accessible Place,wheelchair_accessible_place,toilets,yes,,,,,True,-37.7070859,145.6821308
way/775845131,Stop 14: Rose Street,wheelchair_accessible_place,,yes,,,,,True,-37.7950067,144.9753897
way/775886738,Wheelchair Accessible Place,wheelchair_accessible_place,toilets,yes,,,,,True,-37.9402464,145.0316232
way/775979894,Wheelchair Accessible Place,wheelchair_accessible_place,,yes,,,,,True,-38.0660453,145.328512
way/776429691,Wheelchair Accessible Place,wheelchair_accessible_place,,yes,,,,,True,-37.8161581,144.952563
way/776429692,Wheelchair Accessible Place,wheelchair_accessible_place,,yes,,,,,True,-37.8162476,144.9526017
way/776636372,Southern Cross Coach Terminal,wheelchair_accessible_place,bus_station,yes,,,V/Line;McKenzie's,,True,-37.8162253,144.9521529
way/776715363,Norris Bank Dog Off Leash Area,wheelchair_accessible_place,,yes,,,City of Whittlesea,,True,-37.6944665,145.0523716
way/776874929,Wheelchair Accessible Place,wheelchair_accessible_place,,yes,,,,,True,-37.9507169,145.001614
way/777609495,Stop 17: Arts Precinct and Sturt Street,wheelchair_accessible_place,,yes,,,Yarra Trams,,True,-37.8239482,144.9672165
node/777746930,Wheelchair Accessible Place,wheelchair_accessible_place,,yes,,,,,True,-37.8057429,144.9558818
node/777753004,Wheelchair Accessible Place,wheelchair_accessible_place,,yes,,,,,True,-37.8059072,144.9557689
way/778480577,Wheelchair Accessible Place,wheelchair_accessible_place,,yes,,,,,True,-37.8177498,144.9697085
way/778486277,Wheelchair Accessible Place,wheelchair_accessible_place,,yes,,,,,True,-37.8177529,144.9696699
way/778486278,Wheelchair Accessible Place,wheelchair_accessible_place,,yes,,,,,True,-37.8177239,144.9697058
way/779222455,Ivanhoe Baptist Church Chapel,wheelchair_accessible_place,place_of_worship,yes,,,,,True,-37.7676866,145.0427176
way/782616929,Langwarrin Performing Arts Centre,wheelchair_accessible_place,theatre,yes,,,Elisabeth Murdoch College,,True,-38.1596713,145.1906911
way/782623573,Joanne O’Kelly School of Dance,wheelchair_accessible_place,,yes,,,,,True,-38.1483051,145.196958
way/783775056,Building 26,wheelchair_accessible_place,,yes,,,RMIT University,,True,-37.8081081,144.9641164
way/785738889,Wheelchair Accessible Place,wheelchair_accessible_place,,yes,,,,,True,-37.967045,145.0592772
way/785773862,Wheelchair Accessible Place,wheelchair_accessible_place,,yes,,,,,True,-37.9652255,145.0518396
way/785799025,Wheelchair Accessible Place,wheelchair_accessible_place,,yes,,,,,True,-37.9602347,145.0542522
way/786201957,Wheelchair Accessible Place,wheelchair_accessible_place,,yes,,,,,True,-37.9651892,145.05462
way/786383873,Wheelchair Accessible Place,wheelchair_accessible_place,,yes,,,,,True,-37.9578762,145.0519373
way/786383878,Wheelchair Accessible Place,wheelchair_accessible_place,,yes,,,,,True,-37.9584352,145.0523766
way/786385068,Wheelchair Accessible Place,wheelchair_accessible_place,,yes,,,,,True,-37.9593335,145.0521897
way/786385069,Wheelchair Accessible Place,wheelchair_accessible_place,,yes,,,,,True,-37.9590858,145.0499625
way/786394640,Wheelchair Accessible Place,wheelchair_accessible_place,,yes,,,,,True,-37.9589068,145.0522345
way/786394641,Wheelchair Accessible Place,wheelchair_accessible_place,,yes,,,,,True,-37.9591599,145.0522251
way/790977109,Wheelchair Accessible Place,wheelchair_accessible_place,,yes,,,,,True,-38.1671171,145.18665
way/790980411,The Fowler Pavilion,wheelchair_accessible_place,,yes,,,,,True,-37.8203954,145.0218626
way/793444457,Wheelchair Accessible Place,wheelchair_accessible_place,,yes,,,,,True,-37.7750338,145.138731
way/793695291,Wheelchair Accessible Place,wheelchair_accessible_place,,yes,,,,,True,-37.7655523,145.1202045
node/793892420,V Wine Salon,wheelchair_accessible_place,bar,yes,,,,,True,-37.8170723,144.9539481
way/795551721,Evergreen,wheelchair_accessible_place,,yes,,,,,True,-37.7684198,145.044152
way/795866769,Harold Downing Hall,wheelchair_accessible_place,,yes,,,Livingstone Community Centre,,True,-37.7675715,145.0426503
way/795866770,Livingstone Community Center,wheelchair_accessible_place,community_centre,yes,,Mo-Fr 09:00-16:00,Ivanhoe Baptist Church,,True,-37.7676225,145.042457
way/797916341,Victoria's Secret Bar & Cafe,wheelchair_accessible_place,bar,yes,,,,,True,-37.8083957,144.9745
way/798286668,Wheelchair Accessible Place,wheelchair_accessible_place,toilets,yes,,,,,True,-37.7758983,145.5278796
way/799302938,Wheelchair Accessible Place,wheelchair_accessible_place,toilets,yes,,,,,True,-37.7955223,144.9521661
way/801918602,Wheelchair Accessible Place,wheelchair_accessible_place,,yes,,,,,True,-37.7728683,145.1358268
node/803090505,Wheelchair Accessible Place,wheelchair_accessible_place,telephone,yes,,,,,True,-37.8140629,144.9710306
node/803092876,Collins Quarter,wheelchair_accessible_place,bar,yes,,,,,True,-37.8138341,144.9705459
way/809542771,Canterbury International Hotel,wheelchair_accessible_place,,yes,,,,,True,-37.8353592,145.1719497
way/809972077,Platform 1 & 2,wheelchair_accessible_place,,yes,,,Metro Trains Melbourne,,True,-37.910915,145.1022463
node/810754147,7-Eleven,wheelchair_accessible_place,,yes,yes,24/7,,,True,28.1579999,-80.6726459
node/812694558,Backspace Melbourne,wheelchair_accessible_place,bar,yes,,"Mo,Su off; Tu-Sa 15:00-24:00",,,True,-37.8148474,144.9701231
way/813574517,Wheelchair Accessible Place,wheelchair_accessible_place,toilets,yes,,,,,True,-37.9013397,144.6574926
way/813574529,Wheelchair Accessible Place,wheelchair_accessible_place,,yes,,,,,True,-37.9023405,144.6555267
way/813586059,Wheelchair Accessible Place,wheelchair_accessible_place,,yes,,,,,True,-37.9005015,144.6618186
way/814078973,Wheelchair Accessible Place,wheelchair_accessible_place,,yes,,,,,True,-37.8768203,145.0456229
way/814078974,Wheelchair Accessible Place,wheelchair_accessible_place,,yes,,,,,True,-37.8767046,145.0453816
way/814078975,Wheelchair Accessible Place,wheelchair_accessible_place,,yes,,,,,True,-37.8768243,145.0454941
way/814078976,Wheelchair Accessible Place,wheelchair_accessible_place,,yes,,,,,True,-37.8770193,145.0459135
way/814078977,Wheelchair Accessible Place,wheelchair_accessible_place,,yes,,,,,True,-37.8772498,145.0458216
way/814078981,Wheelchair Accessible Place,wheelchair_accessible_place,,yes,,,,,True,-37.8774273,145.0440933
way/814078982,Wheelchair Accessible Place,wheelchair_accessible_place,,yes,,,,,True,-37.8771493,145.0448722
way/814078983,Wheelchair Accessible Place,wheelchair_accessible_place,,yes,,,,,True,-37.8775724,145.0460599
way/814078984,Wheelchair Accessible Place,wheelchair_accessible_place,,yes,,,,,True,-37.8774901,145.045765
way/814078985,Wheelchair Accessible Place,wheelchair_accessible_place,,yes,,,,,True,-37.8774787,145.0455958
way/814078986,Wheelchair Accessible Place,wheelchair_accessible_place,,yes,,,,,True,-37.8777531,145.0463856
way/814078987,Wheelchair Accessible Place,wheelchair_accessible_place,,yes,,,,,True,-37.8776432,145.0464296
way/814078988,Wheelchair Accessible Place,wheelchair_accessible_place,,yes,,,,,True,-37.8774429,145.0462389
way/814078989,Wheelchair Accessible Place,wheelchair_accessible_place,,yes,,,,,True,-37.8776505,145.0455627
way/814078992,Wheelchair Accessible Place,wheelchair_accessible_place,,yes,,,,,True,-37.8770438,145.0448942
way/814078993,Wheelchair Accessible Place,wheelchair_accessible_place,,yes,,,,,True,-37.8773334,145.0448574
way/814078994,Wheelchair Accessible Place,wheelchair_accessible_place,,yes,,,,,True,-37.8775015,145.0446917
way/814078995,Wheelchair Accessible Place,wheelchair_accessible_place,,yes,,,,,True,-37.8776,145.0449009
way/814078996,Wheelchair Accessible Place,wheelchair_accessible_place,,yes,,,,,True,-37.8775818,145.0448878
way/814078997,Wheelchair Accessible Place,wheelchair_accessible_place,,yes,,,,,True,-37.8775531,145.044785
way/814078998,Wheelchair Accessible Place,wheelchair_accessible_place,,yes,,,,,True,-37.8770338,145.0448066
way/814078999,Wheelchair Accessible Place,wheelchair_accessible_place,,yes,,,,,True,-37.8782973,145.0453715
way/814079000,Wheelchair Accessible Place,wheelchair_accessible_place,,yes,,,,,True,-37.876539,145.0449603
way/814079001,Wheelchair Accessible Place,wheelchair_accessible_place,,yes,,,,,True,-37.8765889,145.0450229
way/814079002,Wheelchair Accessible Place,wheelchair_accessible_place,,yes,,,,,True,-37.8765525,145.0448611
node/817924234,Subway,wheelchair_accessible_place,fast_food,yes,yes,Mo-Th 07:00-23:00; Fr 07:00-24:00; Sa 08:00-24:00; Su 09:00-21:00,,,True,28.1636517,-80.6724356
way/818051806,Wheelchair Accessible Place,wheelchair_accessible_place,,yes,,,,,True,-37.8156424,145.2235986
way/823795262,Wheelchair Accessible Place,wheelchair_accessible_place,toilets,yes,,,,,True,-37.8492682,144.950933
node/827140439,Wheelchair Accessible Place,wheelchair_accessible_place,,yes,,,,,True,-37.8219984,144.95197
way/827604036,Wheelchair Accessible Place,wheelchair_accessible_place,,yes,,,,,True,-37.964968,145.0528303
way/827604037,Wheelchair Accessible Place,wheelchair_accessible_place,,yes,,,,,True,-37.965044,145.0534368
way/827604038,Wheelchair Accessible Place,wheelchair_accessible_place,,yes,,,,,True,-37.9652164,145.0535091
way/827604039,Wheelchair Accessible Place,wheelchair_accessible_place,,yes,,,,,True,-37.965164,145.0530908
way/834243346,Wheelchair Accessible Place,wheelchair_accessible_place,toilets,yes,,,,,True,-38.4238481,145.0761443
node/835070833,Warburton Tourist Information,wheelchair_accessible_place,,yes,,Mo-Su 10:00-16:00,,,True,-37.7539365,145.689641
node/835139135,Millgram,wheelchair_accessible_place,,yes,,"Sa-We 10:00-18:00; Th,Fr 10:00-20:00",,,True,-37.8131547,144.9662095
node/835998619,Aldi,wheelchair_accessible_place,,yes,,Mo-Su 08:30-20:00,,,True,-37.8093845,144.9956596
way/836044145,St Judes Residential Care,wheelchair_accessible_place,social_facility,yes,,,Japara Healthcare Limited,,True,-37.9899423,145.3123851
node/836246789,Mad Mex Fresh Mexican Grill,wheelchair_accessible_place,restaurant,yes,,,,,True,-37.7867289,145.1251994
node/836254635,Apple Store,wheelchair_accessible_place,,yes,,,Apple Pty Ltd,,True,-37.8857606,145.0822298
way/843173646,Wheelchair Accessible Place,wheelchair_accessible_place,,yes,,,,,True,-38.1848325,145.0896775
way/843173647,Wheelchair Accessible Place,wheelchair_accessible_place,,yes,,,,,True,-38.1851286,145.0896164
way/843173648,Wheelchair Accessible Place,wheelchair_accessible_place,,yes,,,,,True,-38.183864,145.0898057
way/843895213,Wheelchair Accessible Place,wheelchair_accessible_place,,yes,,,,,True,-37.934,145.1059485
way/845215232,Wheelchair Accessible Place,wheelchair_accessible_place,toilets,yes,,,,,True,-37.7932434,144.9056452
way/845568030,Tirhatuan Park Parking Lot,wheelchair_accessible_place,parking,yes,,,Greater Dandenong City Council,,True,-37.9459176,145.222628
way/846571858,S1,wheelchair_accessible_place,,yes,,,,,True,-38.1587624,145.1905579
way/846571860,Wheelchair Accessible Place,wheelchair_accessible_place,,yes,,,,,True,-38.1592281,145.1904364
way/846571862,Café,wheelchair_accessible_place,,yes,,,,,True,-38.1588748,145.1908293
way/846571863,S3,wheelchair_accessible_place,,yes,,,,,True,-38.1588869,145.1903406
way/846571866,T1,wheelchair_accessible_place,,yes,,,,,True,-38.1588027,145.1907602
way/846571868,S2,wheelchair_accessible_place,,yes,,,,,True,-38.1588252,145.1904515
way/846571871,S4,wheelchair_accessible_place,,yes,,,,,True,-38.1589848,145.1904682
node/846788440,Wheelchair Accessible Place,wheelchair_accessible_place,toilets,yes,,,,,True,-37.75524,145.6796785
way/846877347,Wheelchair Accessible Place,wheelchair_accessible_place,,yes,,,,,True,-37.8017458,144.8848392
way/847022849,Ritchies Village Shopping Centre,wheelchair_accessible_place,,yes,,Mo-Su 07:00-22:00,,,True,-38.1850427,145.0898452
way/847183682,Baptcare Hedley Sutton aged care,wheelchair_accessible_place,social_facility,yes,,,Baptcare,,True,-37.8208001,145.0628514
way/847183683,Baptcare Hedley Sutton aged care,wheelchair_accessible_place,social_facility,yes,,,Baptcare,,True,-37.8211759,145.0625653
way/847183684,Baptcare Hedley Sutton aged care,wheelchair_accessible_place,social_facility,yes,,,Baptcare,,True,-37.8211555,145.0629295
way/849067026,Sutton Park Aged Care,wheelchair_accessible_place,social_facility,yes,,,McKenzie Aged Care Group,,True,-37.715511,144.5736958
way/854080546,Wheelchair Accessible Place,wheelchair_accessible_place,,yes,,,,,True,-37.819988,145.0194284
way/854080548,Wheelchair Accessible Place,wheelchair_accessible_place,,yes,,,,,True,-37.8206528,145.0217349
way/855773533,Platform 4,wheelchair_accessible_place,,yes,,,,,True,-37.8018,144.9017381
way/857737026,Wheelchair Accessible Place,wheelchair_accessible_place,,yes,,,,,True,-38.1591047,145.1921462
way/859114375,Wheelchair Accessible Place,wheelchair_accessible_place,,yes,,,,,True,-37.8602989,145.0620919
way/859114376,Wheelchair Accessible Place,wheelchair_accessible_place,,yes,,,,,True,-37.8603942,145.0619761
way/859119595,Wheelchair Accessible Place,wheelchair_accessible_place,,yes,,,,,True,-37.8607748,145.0603796
way/859119596,Wheelchair Accessible Place,wheelchair_accessible_place,,yes,,,,,True,-37.8605704,145.0612728
way/859896873,Wheelchair Accessible Place,wheelchair_accessible_place,,yes,,,,,True,-37.8410636,145.1210539
way/860041763,Phoenix Park Adventure Playground,wheelchair_accessible_place,,yes,,,City of Stonnington,,True,-37.8792237,145.0813756
way/862444093,Wheelchair Accessible Place,wheelchair_accessible_place,toilets,yes,,,,,True,-37.8800842,145.0392198
way/863687961,Platform 2,wheelchair_accessible_place,,yes,,,,,True,-37.865166,144.814097
way/864837695,Wheelchair Accessible Place,wheelchair_accessible_place,,yes,,,,,True,-37.9001884,145.0878242
way/865224933,Wheelchair Accessible Place,wheelchair_accessible_place,,yes,,,,,True,-37.9061365,145.0088319
way/866440183,Uniform Shop,wheelchair_accessible_place,,yes,,,Elisabeth Murdoch College,,True,-38.1594118,145.1903954
way/866817117,Wheelchair Accessible Place,wheelchair_accessible_place,,yes,,,,,True,-37.7495816,144.9622799
way/866817118,upfield cycle path,wheelchair_accessible_place,,yes,,,,,True,-37.7491282,144.962493
way/866817119,Wheelchair Accessible Place,wheelchair_accessible_place,,yes,,,,,True,-37.7475592,144.9626731
way/867519226,Wheelchair Accessible Place,wheelchair_accessible_place,,yes,,,,,True,-37.8384051,145.1024098
way/867568440,Wheelchair Accessible Place,wheelchair_accessible_place,,yes,,,,,True,-37.7886623,145.1503719
way/868288766,Wheelchair Accessible Place,wheelchair_accessible_place,,yes,,,,,True,-37.9411955,145.0045473
way/874943476,Wheelchair Accessible Place,wheelchair_accessible_place,,yes,,,,,True,-38.1597301,145.1907539
way/874943477,Wheelchair Accessible Place,wheelchair_accessible_place,,yes,,,,,True,-38.1597329,145.1907319
way/878591878,M80 Trail,wheelchair_accessible_place,,yes,,,,,True,-37.6948359,144.916006
way/878591879,M80 Trail,wheelchair_accessible_place,,yes,,,,,True,-37.6948196,144.915981
way/878591880,M80 Trail,wheelchair_accessible_place,,yes,,,,,True,-37.6948962,144.9153664
way/879113218,Wheelchair Accessible Place,wheelchair_accessible_place,,yes,,,,,True,-37.9651963,145.0529158
way/879863586,IGA,wheelchair_accessible_place,,yes,,Mo-Sa 07:00-21:00; Su 08:00-21:00,,,True,-37.8732679,145.0250024
way/880132403,Stop 5: Bourke Street,wheelchair_accessible_place,,yes,,,Yarra Trams,,True,-37.8151675,144.957924
way/880132404,Stop 5: Bourke Street,wheelchair_accessible_place,,yes,,,Yarra Trams,,True,-37.8151343,144.9580188
way/880132405,Stop 7: Flagstaff Station,wheelchair_accessible_place,,yes,,,Yarra Trams,,True,-37.8122534,144.9567055
way/880132406,Stop 7: Flagstaff Station,wheelchair_accessible_place,,yes,,,Yarra Trams,,True,-37.8122724,144.9566171
way/880475457,Caulfield-Frankston Rail Trail,wheelchair_accessible_place,,yes,,,,,True,-38.0843376,145.1252213
way/880475461,Caulfield-Frankston Rail Trail,wheelchair_accessible_place,,yes,,,,,True,-38.0776216,145.1232603
way/880475464,Kananook Creek Trail,wheelchair_accessible_place,,yes,,,,,True,-38.1067857,145.1278167
way/885471299,Wheelchair Accessible Place,wheelchair_accessible_place,toilets,yes,,,,,True,-38.1012458,145.1287251
node/887960983,Wheelchair Accessible Place,wheelchair_accessible_place,toilets,yes,,,,,True,-37.7885185,144.9310599
way/888793487,Ringwood,wheelchair_accessible_place,,yes,,,Metro Trains Melbourne,,True,-37.8158332,145.2290332
way/889426995,Dandenong,wheelchair_accessible_place,,yes,,,Metro Trains Melbourne;V/Line,,True,-37.9900732,145.2097555
way/889951534,Frankston,wheelchair_accessible_place,,yes,,,Metro Trains Melbourne,,True,-38.1426676,145.1262003
way/890871437,Wheelchair Accessible Place,wheelchair_accessible_place,,yes,,,,,True,-38.1877782,145.1857078
way/890871438,Wheelchair Accessible Place,wheelchair_accessible_place,,yes,,,,,True,-38.1873396,145.1858007
way/890871439,Wheelchair Accessible Place,wheelchair_accessible_place,,yes,,,,,True,-38.1871675,145.1858092
way/890871440,Wheelchair Accessible Place,wheelchair_accessible_place,,yes,,,,,True,-38.1878318,145.1854411
way/890871441,Wheelchair Accessible Place,wheelchair_accessible_place,,yes,,,,,True,-38.1872193,145.1858191
way/890871442,Wheelchair Accessible Place,wheelchair_accessible_place,,yes,,,,,True,-38.187851,145.1852785
way/890871443,Wheelchair Accessible Place,wheelchair_accessible_place,,yes,,,,,True,-38.1870953,145.1858604
way/890871444,Wheelchair Accessible Place,wheelchair_accessible_place,,yes,,,,,True,-38.1878875,145.184939
way/890871445,Wheelchair Accessible Place,wheelchair_accessible_place,,yes,,,,,True,-38.1878658,145.1851022
way/890871446,Wheelchair Accessible Place,wheelchair_accessible_place,,yes,,,,,True,-38.1878952,145.1847818
way/890871447,Wheelchair Accessible Place,wheelchair_accessible_place,,yes,,,,,True,-38.1870318,145.184581
way/890871449,Wheelchair Accessible Place,wheelchair_accessible_place,,yes,,,,,True,-38.1876877,145.1852626
way/890871451,Wheelchair Accessible Place,wheelchair_accessible_place,,yes,,,,,True,-38.1878991,145.1846151
way/890871453,Wheelchair Accessible Place,wheelchair_accessible_place,,yes,,,,,True,-38.1875394,145.1847905
way/890871454,Wheelchair Accessible Place,wheelchair_accessible_place,,yes,,,,,True,-38.1873887,145.1858092
way/890871458,Wheelchair Accessible Place,wheelchair_accessible_place,,yes,,,,,True,-38.1874622,145.1857793
way/891153210,Wheelchair Accessible Place,wheelchair_accessible_place,,yes,,,,,True,-38.0678662,145.1453945
node/891277654,Wheelchair Accessible Place,wheelchair_accessible_place,toilets,yes,,24/7,,,True,-37.8050518,144.9834162
way/893193800,Wheelchair Accessible Place,wheelchair_accessible_place,,yes,,,,,True,-37.9588443,145.0493662
way/893193810,Bay Trail,wheelchair_accessible_place,,yes,,,,,True,-38.0089024,145.0873988
way/894767008,Wheelchair Accessible Place,wheelchair_accessible_place,,yes,,,,,True,-37.8192239,145.121765
way/894767018,Wheelchair Accessible Place,wheelchair_accessible_place,,yes,,,,,True,-37.8193353,145.1223234
way/895827954,Bay Trail,wheelchair_accessible_place,,yes,,,,,True,-37.9082906,144.98552
way/897346798,Wheelchair Accessible Place,wheelchair_accessible_place,,yes,,,,,True,-38.1506239,145.1970136
way/897346799,Wheelchair Accessible Place,wheelchair_accessible_place,,yes,,,,,True,-38.1508388,145.1966483
way/897346801,Gateway Charcoal Chicken,wheelchair_accessible_place,fast_food,yes,,Mo-Su 10:00-20:30,,,True,-38.1507654,145.1961691
way/897346802,Poppy's Thai,wheelchair_accessible_place,fast_food,yes,,Tu-Su 04:30-21:00,The Gateway,,True,-38.1508852,145.1961475
way/897346803,Epic Health Medical Clinic,wheelchair_accessible_place,clinic,yes,,Mo-Fr 08:00-18:00; Sa 08:30-16:00,The Gateway,,True,-38.1508198,145.1962444
way/897346810,Coles,wheelchair_accessible_place,,yes,,Mo-Su 07:00-22:00,Coles Group,,True,-38.1512148,145.196592
way/897346812,Kotaro Sushi,wheelchair_accessible_place,fast_food,yes,,Mo-We 09:00-16:00; Th-Sa 09:00-17:00; Su 10:00-16:00,The Gateway,,True,-38.1508293,145.1970265
way/897346813,McKays Quality Meats,wheelchair_accessible_place,,yes,,Mo-Fr 09:00-18:00; Sa-Su 07:00-17:00,,,True,-38.150845,145.1969491
way/897346814,Lotto,wheelchair_accessible_place,,yes,,"Th,Sa 09:00-18:30; Mo-We,Fr 09:00-18:00; Su 10:00-14:00",The Gateway,,True,-38.1509357,145.1969552
way/897346818,TickTax,wheelchair_accessible_place,,yes,,Mo-Fr 09:00-17:00,The Gateway,,True,-38.1512478,145.1970494
way/899745651,Caulfield-Frankston Rail Trail,wheelchair_accessible_place,,yes,,,,,True,-38.0864148,145.1262536
way/899745652,Wheelchair Accessible Place,wheelchair_accessible_place,,yes,,,,,True,-38.0860615,145.1259668
node/900141412,Wheelchair Accessible Place,wheelchair_accessible_place,toilets,yes,,,,Out of service 2024-02,True,-37.834294,145.3704861
node/900505908,Savige Avenue,wheelchair_accessible_place,,yes,,,Ventura,,True,-37.8806219,145.1468849
node/900505912,Tambo Court,wheelchair_accessible_place,,yes,,,Ventura,,True,-37.8701284,145.1488779
node/900505918,Sesame Street,wheelchair_accessible_place,,yes,,,Ventura,,True,-37.865845,145.149693
way/901055076,Coolaroo,wheelchair_accessible_place,,yes,,,Metro Trains Melbourne,,True,-37.6614005,144.9259773
way/901055077,Platform 2,wheelchair_accessible_place,,yes,,,Metro Trains Melbourne,,True,-37.661283,144.9259397
way/901055078,Platform 1,wheelchair_accessible_place,,yes,,,Metro Trains Melbourne,,True,-37.6615264,144.9260127
way/901489159,Epping,wheelchair_accessible_place,,yes,,,Metro Trains Melbourne,,True,-37.652329,145.0319334
way/902178530,Bakers Delight,wheelchair_accessible_place,,yes,,Mo-Su 07:30-19:00,,,True,-38.1506903,145.1969699
way/902178533,Shanshui Massage Therapy,wheelchair_accessible_place,,yes,,"Mo-We,Sa 09:00-18:00; Th-Fr 09:00-20:00; Su 09:00-17:30",,,True,-38.1505793,145.1970036
way/902178535,Australia Post,wheelchair_accessible_place,post_office,yes,,Mo-Fr 09:00-17:00; Sa 09:00-12:00,Australia Post,,True,-38.1505255,145.197043
way/902178536,Ducky Brown Café,wheelchair_accessible_place,cafe,yes,,Mo-Su 07:00-17:00,The Gateway,,True,-38.1503712,145.1970702
way/902178540,Langwarrin Home & Party,wheelchair_accessible_place,,yes,,,,,True,-38.1504881,145.1968011
way/902178542,Liquorland,wheelchair_accessible_place,,yes,,Su-We 09:00-20:00; Th-Sa 09:00-21:00,,,True,-38.1506503,145.1967406
way/902178546,Noodle Hub,wheelchair_accessible_place,restaurant,yes,,Mo 11:30-21:00; Tu 16:30-21:00; We-Sa 11:30-21:30; Su 16:30-21:00,The Gateway,,True,-38.1505577,145.1962323
way/902178548,Free Choice Tobacconist,wheelchair_accessible_place,,yes,,Mo-We 09:00-18:00; Th-Fr 09:00-19:00; Sa 09:00-17:30; Su 10:00-17:00,The Gateway,,True,-38.1506708,145.1964755
way/902178550,Harcourts,wheelchair_accessible_place,,yes,,,,,True,-38.1506165,145.1963372
way/902178551,Gateway Fish & Chips,wheelchair_accessible_place,fast_food,yes,,"Mo-Th 11:30-20:00; Fr,Sa 11:30-20:30; Su 16:00-20:00",The Gateway,,True,-38.1506355,145.1962606
way/902494524,Huntingdale,wheelchair_accessible_place,,yes,,,Metro Trains Melbourne,,True,-37.9108364,145.1021349
way/904359779,Eltham,wheelchair_accessible_place,,yes,,,Metro Trains Melbourne,,True,-37.7137782,145.1476014
way/904650687,Doncaster Shopping Centre,wheelchair_accessible_place,bus_station,yes,,,Transdev,,True,-37.783941,145.1249434
way/906386515,Nunawading,wheelchair_accessible_place,,yes,,,Metro Trains Melbourne,,True,-37.8205253,145.1746456
way/907601371,Glen Waverley,wheelchair_accessible_place,,yes,,,Metro Trains Melbourne,,True,-37.8794708,145.1623515
way/907638448,IGA,wheelchair_accessible_place,,yes,,,Mount Evelyn Supa IGA,,True,-37.786984,145.3788507
node/907674176,Woolworths,wheelchair_accessible_place,,yes,,Mo-Fr 07:00-20:00; Sa-Su 07:00-21:00,Woolworths Group,,True,-37.8120412,145.2284585
way/909178223,Wheelchair Accessible Place,wheelchair_accessible_place,toilets,yes,,,,,True,-37.8366824,144.9206
way/909767725,Wheelchair Accessible Place,wheelchair_accessible_place,toilets,yes,,,,,True,-37.836735,144.9306991
way/910464860,Springvale,wheelchair_accessible_place,,yes,,,Metro Trains Melbourne,,True,-37.9495913,145.1537838
way/910660481,Wheelchair Accessible Place,wheelchair_accessible_place,,yes,,,,,True,-37.8045216,144.8985004
way/910660483,Wheelchair Accessible Place,wheelchair_accessible_place,,yes,,,,,True,-37.805245,144.8987164
way/913039736,Tosaria Restaurant Cafe,wheelchair_accessible_place,restaurant,yes,,,,,True,-37.9049762,145.2440787
node/915085888,Coles,wheelchair_accessible_place,,yes,,,Coles Group,,True,-37.6543378,145.0188275
node/925337237,The Avenue,wheelchair_accessible_place,,yes,,,Ventura,,True,-37.8233178,145.1496608
node/925337254,Linum Street,wheelchair_accessible_place,,yes,,,Ventura,,True,-37.8246521,145.14942
node/925337264,Furness Park,wheelchair_accessible_place,,yes,,,Ventura,,True,-37.8276285,145.1490746
node/925337273,Arna Street,wheelchair_accessible_place,,yes,,,Ventura,,True,-37.8288291,145.1489275
node/925337285,Canterbury Road,wheelchair_accessible_place,,yes,,,Ventura,,True,-37.8314548,145.1485266
node/925346385,Faulkner Street,wheelchair_accessible_place,,yes,,,,,True,-37.838486,145.1559238
node/925346390,Vicki Street,wheelchair_accessible_place,,yes,,,,,True,-37.8414195,145.1554162
node/925346396,Hawthorn Road,wheelchair_accessible_place,,yes,,,,,True,-37.844772,145.1548054
node/925346397,Eley Road,wheelchair_accessible_place,,yes,,,Ventura,,True,-37.8478623,145.1530797
node/925346415,Lagoona Court,wheelchair_accessible_place,,yes,,,Ventura,,True,-37.8329771,145.1589256
node/925346429,Deans Wood Rd/Canterbury Rd,wheelchair_accessible_place,,yes,,,Ventura,,True,-37.8334638,145.1606405
node/925346440,Lavelle Street,wheelchair_accessible_place,,yes,,,Ventura,,True,-37.8336409,145.1567218
node/925346445,Cornwall Street,wheelchair_accessible_place,,yes,,,,,True,-37.8361114,145.1563208
node/925346461,Wandinong Sanctuary,wheelchair_accessible_place,,yes,,,Ventura,,True,-37.8322378,145.1524037
node/925354559,Ray Road,wheelchair_accessible_place,,yes,,,Ventura,,True,-37.8548589,145.151717
node/925354560,Alice Street,wheelchair_accessible_place,,yes,,,Ventura,,True,-37.8572527,145.1513029
node/925354561,Highbury Road,wheelchair_accessible_place,,yes,,,Ventura,,True,-37.8587403,145.1510622
node/925354562,Cypress Avenue,wheelchair_accessible_place,,yes,,,Ventura,,True,-37.8622295,145.1504024
node/925358274,Utah Road,wheelchair_accessible_place,,yes,,,Ventura,,True,-37.8687055,145.1491628
node/925369826,Ferntree Gully Road,wheelchair_accessible_place,,yes,,,Ventura,,True,-37.9021141,145.1429231
node/925369827,Samada Street,wheelchair_accessible_place,,yes,,,Ventura,,True,-37.9035117,145.1426787
node/925369828,Duerdin Street,wheelchair_accessible_place,,yes,,,Ventura,,True,-37.9091386,145.1416131
node/925369829,Australian Synchrotron,wheelchair_accessible_place,,yes,,,Ventura,,True,-37.9117548,145.1411602
node/925369830,Monash University (Bay L),wheelchair_accessible_place,,yes,,,Ventura,703 to Blackburn Station,True,-37.9138916,145.1317583
node/925369831,Marcella Court,wheelchair_accessible_place,,yes,,,Ventura,,True,-37.8896894,145.1452838
node/925369832,Pinewood Shopping Centre,wheelchair_accessible_place,,yes,,,Ventura,,True,-37.8916481,145.1448437
node/925369833,Avonhurst Drive,wheelchair_accessible_place,,yes,,,Ventura,,True,-37.8965352,145.1439448
node/925369834,Lionel Road,wheelchair_accessible_place,,yes,,,Ventura,,True,-37.899395,145.1434252
node/925421437,Myriong Street,wheelchair_accessible_place,,yes,,,Ventura,,True,-37.9153634,145.1216828
node/925421441,Hourigan Avenue,wheelchair_accessible_place,,yes,,,Ventura,,True,-37.9170272,145.1213627
node/925421449,Monash Specialist Centre,wheelchair_accessible_place,,yes,,,Ventura,,True,-37.9185585,145.1210574
node/925421461,Monash Medical Centre,wheelchair_accessible_place,,yes,,,Ventura,,True,-37.920885,145.1207155
node/925421509,Princes Highway,wheelchair_accessible_place,,yes,,,Ventura,,True,-37.9144361,145.1249364
node/925447863,Blackburn Road,wheelchair_accessible_place,,yes,,,Ventura,,True,-37.9162743,145.1387838
node/925984618,Wheelchair Accessible Place,wheelchair_accessible_place,,yes,,,Ventura,,True,-37.92064,145.0542635
node/925984619,Wheelchair Accessible Place,wheelchair_accessible_place,,yes,,,Ventura,,True,-37.9201618,145.0504118
node/925984620,Greek Orthodox Church,wheelchair_accessible_place,,yes,,,Ventura,,True,-37.9195735,145.0464422
node/925984621,Wheelchair Accessible Place,wheelchair_accessible_place,,yes,,,Ventura,,True,-37.9189766,145.0418201
node/925984622,Wheelchair Accessible Place,wheelchair_accessible_place,,yes,,,Ventura,,True,-37.9182689,145.0370568
node/925984623,Wheelchair Accessible Place,wheelchair_accessible_place,,yes,,,Ventura,,True,-37.9226204,145.0700038
node/925984624,Wheelchair Accessible Place,wheelchair_accessible_place,,yes,,,Ventura,,True,-37.9221803,145.0665587
node/925984625,Wheelchair Accessible Place,wheelchair_accessible_place,,yes,,,Ventura,,True,-37.9217656,145.0636405
node/925984626,East Boundary Road/Centre Road,wheelchair_accessible_place,,yes,,,Ventura,,True,-37.9211055,145.0582298
node/925984627,Francesco Street/Centre Road,wheelchair_accessible_place,,yes,,,Ventura,,True,-37.9208105,145.0558973
node/925984629,Warrigal Road,wheelchair_accessible_place,,yes,,,Ventura,,True,-37.9239419,145.0813691
node/925984630,Bradford Street,wheelchair_accessible_place,,yes,,,Ventura,,True,-37.9235711,145.077986
node/925984631,Route 703 Ventura Bus,wheelchair_accessible_place,,yes,,,Ventura,,True,-37.9234134,145.0764657
node/925984632,Mackie Road,wheelchair_accessible_place,,yes,,,Ventura,,True,-37.9229397,145.0725605
node/925984633,Wheelchair Accessible Place,wheelchair_accessible_place,,yes,,,Ventura,,True,-37.9265304,145.1020926
node/925984635,Wheelchair Accessible Place,wheelchair_accessible_place,,yes,,,Ventura,,True,-37.9263696,145.1008159
node/925984639,Wheelchair Accessible Place,wheelchair_accessible_place,,yes,,,Ventura,,True,-37.9260141,145.0980908
node/925984641,Farm Road,wheelchair_accessible_place,,yes,,,Ventura,,True,-37.9255571,145.0942821
node/925984647,Wheelchair Accessible Place,wheelchair_accessible_place,,yes,,,Ventura,,True,-37.9252186,145.0915677
node/925984662,Wheelchair Accessible Place,wheelchair_accessible_place,,yes,,,Ventura,,True,-37.9280515,145.1144582
node/925984666,Jeanette Street,wheelchair_accessible_place,,yes,,,Ventura,,True,-37.9277363,145.111923
node/925984667,Wheelchair Accessible Place,wheelchair_accessible_place,,yes,,,Ventura,,True,-37.9274107,145.1093747
node/925984674,Wheelchair Accessible Place,wheelchair_accessible_place,,yes,,,Ventura,,True,-37.9269366,145.1056385
node/925984676,Crawford Road,wheelchair_accessible_place,,yes,,,Ventura,,True,-37.9265431,145.102318
node/925984677,Clayton Shopping Centre,wheelchair_accessible_place,,yes,,,Ventura,,True,-37.9265685,145.1194948
node/925984678,Cooke Street,wheelchair_accessible_place,,yes,,,Ventura,,True,-37.9284882,145.1179147
node/925986961,Wheelchair Accessible Place,wheelchair_accessible_place,,yes,,,Ventura,,True,-37.9077403,144.9996752
node/925986964,Wheelchair Accessible Place,wheelchair_accessible_place,,yes,,,Ventura,,True,-37.909992,144.9964351
node/925986965,Wheelchair Accessible Place,wheelchair_accessible_place,,yes,,,Ventura,,True,-37.9123706,144.9929697
node/925986967,Wheelchair Accessible Place,wheelchair_accessible_place,,yes,,,Ventura,,True,-37.9159171,144.9948687
node/925986977,Wheelchair Accessible Place,wheelchair_accessible_place,,yes,,,Ventura,,True,-37.9131937,145.0069896
node/925986979,Byron Street,wheelchair_accessible_place,,yes,,,Ventura,,True,-37.9088244,145.0077406
node/925986982,Hillcrest Avenue,wheelchair_accessible_place,,yes,,,Ventura,,True,-37.9060584,145.0061802
node/925986984,North Brighton Station,wheelchair_accessible_place,,yes,,,SkyBus,,True,-37.9055334,145.0021502
node/925986993,Wheelchair Accessible Place,wheelchair_accessible_place,,yes,,,Ventura,,True,-37.9160949,145.018794
node/925986994,Wheelchair Accessible Place,wheelchair_accessible_place,,yes,,,Ventura,,True,-37.9158494,145.0169701
node/925986997,Wheelchair Accessible Place,wheelchair_accessible_place,,yes,,,Ventura,,True,-37.9154601,145.0132901
node/925986999,Hampton Street,wheelchair_accessible_place,,yes,,,Ventura,,True,-37.914856,145.0083521
node/925987000,Wheelchair Accessible Place,wheelchair_accessible_place,,yes,,,Ventura,,True,-37.9141079,145.0068347
node/925987006,Wheatley Road,wheelchair_accessible_place,,yes,,,Ventura,,True,-37.9178004,145.0324947
node/925987007,Wheelchair Accessible Place,wheelchair_accessible_place,,yes,,,Ventura,,True,-37.9173206,145.0286697
node/925987009,Wheelchair Accessible Place,wheelchair_accessible_place,,yes,,,Ventura,,True,-37.9169328,145.0252313
node/925987012,Wheelchair Accessible Place,wheelchair_accessible_place,,yes,,,Ventura,,True,-37.9166692,145.0233989
node/925987013,Wheelchair Accessible Place,wheelchair_accessible_place,,yes,,,Ventura,,True,-37.9163319,145.0205964
node/925987019,Wheelchair Accessible Place,wheelchair_accessible_place,,yes,,,Ventura,,True,-37.9181199,145.0364687
way/929250597,Taco Dive Melbourne,wheelchair_accessible_place,restaurant,yes,,Mo-Th 11:00-21:00; Fr-Sa 11:00-22:00; Su 11:00-16:00,,,True,28.0782673,-80.6146351
way/930126919,Wheelchair Accessible Place,wheelchair_accessible_place,,yes,,,,,True,-37.8217176,144.9746633
way/931876832,Wheelchair Accessible Place,wheelchair_accessible_place,,yes,,,,,True,-37.9057605,145.0049963
way/931948633,Wheelchair Accessible Place,wheelchair_accessible_place,toilets,yes,,,,,True,-37.7711106,144.9727913
node/932432768,Coles,wheelchair_accessible_place,,yes,,,Coles Group,,True,-37.8679128,144.9919849
way/933905481,Wheelchair Accessible Place,wheelchair_accessible_place,toilets,yes,,,,,True,-37.7593559,144.9596434
way/937543652,Wheelchair Accessible Place,wheelchair_accessible_place,toilets,yes,,,,,True,-37.7667616,144.9615677
node/939020158,Northcote Plaza Post Shop,wheelchair_accessible_place,post_office,yes,,Mo-Fr 09:00-17:00; Sa 09:00-13:00; Su off,Australia Post,,True,-37.7689487,145.0010804
node/939020309,Coles,wheelchair_accessible_place,,yes,no,,Coles Group,,True,-37.7673811,145.0017674
way/939209326,Wheelchair Accessible Place,wheelchair_accessible_place,,yes,,,,,True,-37.7732752,144.9534787
way/942506083,Sunshine,wheelchair_accessible_place,,yes,,,Metro Trains Melbourne;V/Line,,True,-37.7885779,144.8327818
way/944068480,Stop 8: Richmond Station,wheelchair_accessible_place,,yes,,,Yarra Trams,,True,-37.8247232,144.9893322
way/944068481,Stop 8: Richmond Station,wheelchair_accessible_place,,yes,,,Yarra Trams,,True,-37.8246384,144.989332
way/944094648,Coburg,wheelchair_accessible_place,,yes,,,Metro Trains Melbourne,,True,-37.7421767,144.9633152
way/944193062,Preston,wheelchair_accessible_place,,yes,,,Metro Trains Melbourne,,True,-37.7387674,145.0005355
way/944937324,Platforms 1 & 2,wheelchair_accessible_place,,yes,,,Metro Trains Melbourne,,True,-37.9565211,145.1628184
way/946440271,Wheelchair Accessible Place,wheelchair_accessible_place,toilets,yes,,,,,True,-37.5189522,145.1081638
way/948974456,Wheelchair Accessible Place,wheelchair_accessible_place,,yes,,,,,True,-37.8985488,144.6609929
way/948974459,Wheelchair Accessible Place,wheelchair_accessible_place,,yes,,,,,True,-37.8986896,144.6606873
way/948974460,Wheelchair Accessible Place,wheelchair_accessible_place,,yes,,,,,True,-37.8989004,144.6604341
way/949264035,Heidelberg,wheelchair_accessible_place,,yes,,,Metro Trains Melbourne,,True,-37.7571092,145.0607923
node/949319166,Naked For Satan,wheelchair_accessible_place,bar,yes,yes,"Su-Th 12:00-24:00+, Fr,Sa 12:00-01:00",,,True,-37.7988408,144.9782369
way/950248679,Oakleigh,wheelchair_accessible_place,,yes,,,Metro Trains Melbourne,,True,-37.9005967,145.0885938
way/951337541,Wheelchair Accessible Place,wheelchair_accessible_place,,yes,,,City of Kingston,,True,-37.9379093,145.0451104
way/951357382,Mentone,wheelchair_accessible_place,,yes,,,Metro Trains Melbourne,,True,-37.9835507,145.066334
way/951357385,Platform 2,wheelchair_accessible_place,,yes,,,Metro Trains Melbourne,,True,-37.9835305,145.0664152
way/951357386,Platform 1,wheelchair_accessible_place,,yes,,,Metro Trains Melbourne,,True,-37.9836378,145.066342
way/952053336,Wheelchair Accessible Place,wheelchair_accessible_place,,yes,,,,,True,28.1380954,-80.6302831
way/952552602,Stop 71: RMIT Bundoora Campus,wheelchair_accessible_place,,yes,,,,,True,-37.6793609,145.0694732
way/956061620,Cambridge House,wheelchair_accessible_place,social_facility,yes,,,St Vincent's Hospital,,True,-37.80827,144.9845867
way/956988674,Gabriel - Fitzroy,wheelchair_accessible_place,cafe,yes,,Mo-Fr 7:30-17:30; Sa 08:00-17:00; Su 8:00-16:00,,,True,-37.8059267,144.9808244
way/958568369,Wheelchair Accessible Place,wheelchair_accessible_place,,yes,,,,,True,-37.8063797,145.2801582
way/958569248,Tarralla Creek Trail,wheelchair_accessible_place,,yes,,,,,True,-37.8050553,145.2809598
way/958577615,Wheelchair Accessible Place,wheelchair_accessible_place,,yes,,,,,True,-37.8818691,145.280127
way/958837720,Wheelchair Accessible Place,wheelchair_accessible_place,,yes,,,,,True,-37.7681635,144.9616464
way/963232894,Martha Cove Retirement Village,wheelchair_accessible_place,social_facility,yes,,,,,True,-38.3186848,145.0038862
way/963674850,mecwacare Calwell Manor,wheelchair_accessible_place,social_facility,yes,,,,,True,-38.3285655,144.9883396
way/963684531,Royal Freemasons Mount Martha Valley,wheelchair_accessible_place,social_facility,yes,,,,,True,-38.32779,144.9850522
way/965136121,Wheelchair Accessible Place,wheelchair_accessible_place,,yes,,,,,True,-37.8999216,144.6612128
way/965154710,Crust,wheelchair_accessible_place,fast_food,yes,,Mo 17:00-22:00; Tu-Th 17:00-22:30; Fr 11:00-23:00; Sa 12:00-23:00; Su 12:00-22:30,,Gourmet pizza bar,True,-37.7985908,144.9845797
way/965154715,Good Money,wheelchair_accessible_place,,yes,,Mo-Fr 09:30-16:30,Good Shepherd Microfinance,,True,-37.79886,144.9845258
way/965353039,Wheelchair Accessible Place,wheelchair_accessible_place,,yes,,,,,True,-37.8733213,144.6103662
way/965353042,Wheelchair Accessible Place,wheelchair_accessible_place,,yes,,,,,True,-37.8736843,144.612322
way/965353044,Wheelchair Accessible Place,wheelchair_accessible_place,,yes,,,,,True,-37.8746474,144.6129307
way/965353045,Wheelchair Accessible Place,wheelchair_accessible_place,,yes,,,,,True,-37.8749873,144.6132962
way/965353046,Wheelchair Accessible Place,wheelchair_accessible_place,,yes,,,,,True,-37.8749801,144.6132652
way/965353047,Wheelchair Accessible Place,wheelchair_accessible_place,,yes,,,,,True,-37.874918,144.6141304
way/965353048,Wheelchair Accessible Place,wheelchair_accessible_place,,yes,,,,,True,-37.8743162,144.6142027
way/965353049,Wheelchair Accessible Place,wheelchair_accessible_place,,yes,,,,,True,-37.8745246,144.6138327
way/965353050,Wheelchair Accessible Place,wheelchair_accessible_place,,yes,,,,,True,-37.8744035,144.6138154
way/965521337,Wheelchair Accessible Place,wheelchair_accessible_place,,yes,,,,,True,-37.7888799,144.937042
way/966427277,Wheelchair Accessible Place,wheelchair_accessible_place,,yes,,,,,True,-37.9003735,144.6614677
way/966461783,Coles Arcade,wheelchair_accessible_place,,yes,,,,,True,-37.9029253,144.6592761
way/966461784,Wheelchair Accessible Place,wheelchair_accessible_place,,yes,,,,,True,-37.9016768,144.6615297
way/966461788,Wheelchair Accessible Place,wheelchair_accessible_place,,yes,,,,,True,-37.8997541,144.6611956
way/966904282,Wheelchair Accessible Place,wheelchair_accessible_place,,yes,,,,,True,-37.8073758,144.9832869
way/967793965,Wheelchair Accessible Place,wheelchair_accessible_place,,yes,,,,,True,-37.898482,144.6609472
way/967793968,Wheelchair Accessible Place,wheelchair_accessible_place,,yes,,,,,True,-37.8986177,144.6610781
way/967793970,Wheelchair Accessible Place,wheelchair_accessible_place,,yes,,,,,True,-37.8987104,144.6609024
way/967793971,Wheelchair Accessible Place,wheelchair_accessible_place,,yes,,,,,True,-37.8987974,144.6606423
way/967793972,Wheelchair Accessible Place,wheelchair_accessible_place,,yes,,,,,True,-37.8988643,144.6600173
way/967802179,Wheelchair Accessible Place,wheelchair_accessible_place,,yes,,,,,True,-37.9014152,144.6609057
way/967802180,Wheelchair Accessible Place,wheelchair_accessible_place,,yes,,,,,True,-37.9008246,144.6619653
way/967818526,Wheelchair Accessible Place,wheelchair_accessible_place,,yes,,,,,True,-37.9009777,144.6616039
node/968356576,IGA,wheelchair_accessible_place,,yes,,Mo-Su 07:00-00:00,,,True,-37.8078326,144.9609707
node/968357117,Oxford Scholar Hotel,wheelchair_accessible_place,pub,yes,yes,"Mo-Th 11:30-23:30, Fr-Sa 11:30-1:00",,Awesome student bar with 15% off for RMIT students and staff.,True,-37.8084557,144.9630105
way/968846925,Wheelchair Accessible Place,wheelchair_accessible_place,toilets,yes,,,,,True,-37.822943,144.9709874
node/970245197,Wheelchair Accessible Place,wheelchair_accessible_place,toilets,yes,,,,,True,-37.761756,145.1840938
way/972439189,Clarke Centre,wheelchair_accessible_place,community_centre,yes,,,The Village Baxter,Community Centre within The Village Baxter,True,-38.1765362,145.1510037
way/972439190,Administration,wheelchair_accessible_place,,yes,,,,Administration Building within The Village Baxter,True,-38.1764031,145.1440882
way/972980164,Wheelchair Accessible Place,wheelchair_accessible_place,,yes,,,,,True,-37.9062827,145.0079609
node/973208319,BC Car Rentals,wheelchair_accessible_place,car_rental,yes,no,,,,True,-37.826267,144.956409
way/975393810,The She Club,wheelchair_accessible_place,,yes,,,,,True,-37.80672,144.9827002
way/975393812,Wheelchair Accessible Place,wheelchair_accessible_place,,yes,,,,,True,-37.8068097,144.9826895
way/976154094,Circle K,wheelchair_accessible_place,fuel,yes,,,,,True,28.1724165,-80.6717277
way/976160762,Wheelchair Accessible Place,wheelchair_accessible_place,,yes,,,,,True,28.1732359,-80.670425
way/976160763,Wheelchair Accessible Place,wheelchair_accessible_place,,yes,,,,,True,28.1730038,-80.6695597
way/976160764,Wheelchair Accessible Place,wheelchair_accessible_place,,yes,,,,,True,28.1741405,-80.6710963
way/976197259,South of Johnston,wheelchair_accessible_place,cafe,yes,yes,Mo-Su 7:30-17:00,,,True,-37.8060035,144.9846903
way/976197260,Catherine Asquith Gallery,wheelchair_accessible_place,,yes,,,,,True,-37.8059168,144.9847375
node/976336633,Blossom Thai,wheelchair_accessible_place,restaurant,yes,,,,,True,-37.839718,144.99664
way/978056779,Rosebank North,wheelchair_accessible_place,restaurant,yes,,Tu 17:00-23:00; We-Sa 11:00-23:00; Su 11:00-18:00,,,True,-37.7976393,145.2343338
way/979460032,Ultra Tune,wheelchair_accessible_place,,yes,,,,,True,-37.7603419,145.2336452
way/980440359,BP Shop,wheelchair_accessible_place,,yes,,24/7,,,True,-38.1502012,145.196413
way/980440362,McDonald's,wheelchair_accessible_place,fast_food,yes,,24/7,,,True,-38.1502679,145.1963387
way/980791081,Eastland,wheelchair_accessible_place,,yes,,Mo-We 09:00-17:30; Th-Fr 09:00-21:00; Sa 09:00-17:00; Su 10:00-17:00,QIC,,True,-37.813042,145.2291281
way/981061526,Wheelchair Accessible Place,wheelchair_accessible_place,,yes,,,,,True,-37.7644555,145.1634863
way/983121423,Mayflower Brighton,wheelchair_accessible_place,social_facility,yes,,,Mayflower,,True,-37.9142634,145.0082379
way/983888199,Wheelchair Accessible Place,wheelchair_accessible_place,toilets,yes,,,,,True,-37.7389903,145.2172062
way/984963917,Sandbar Beach Cafe,wheelchair_accessible_place,cafe,yes,,Mo-Th 08:00-14:00; Fr-Su 08:00-18:00+,,,True,-37.8509538,144.9545739
way/985405741,Wheelchair Accessible Place,wheelchair_accessible_place,,yes,,,,,True,-37.8247775,144.9829686
way/985405742,Wheelchair Accessible Place,wheelchair_accessible_place,,yes,,,,,True,-37.8250185,144.9829218
way/985405743,Wheelchair Accessible Place,wheelchair_accessible_place,,yes,,,,,True,-37.8252521,144.9828906
way/985405744,Wheelchair Accessible Place,wheelchair_accessible_place,,yes,,,,,True,-37.8255033,144.982877
way/985405745,Wheelchair Accessible Place,wheelchair_accessible_place,,yes,,,,,True,-37.825676,144.9844215
way/985405746,Wheelchair Accessible Place,wheelchair_accessible_place,,yes,,,,,True,-37.8254415,144.9844938
way/985405747,Wheelchair Accessible Place,wheelchair_accessible_place,,yes,,,,,True,-37.8251942,144.9845464
way/985405748,Wheelchair Accessible Place,wheelchair_accessible_place,,yes,,,,,True,-37.824955,144.9845775
way/985509737,Wheelchair Accessible Place,wheelchair_accessible_place,,yes,,,,,True,-37.7693146,145.0421055
node/986213229,Wheelchair Accessible Place,wheelchair_accessible_place,toilets,yes,,,,,True,-37.7670267,144.9218678
way/987203559,Wheelchair Accessible Place,wheelchair_accessible_place,,yes,,,,,True,-38.052653,145.1153496
way/987384412,Wheelchair Accessible Place,wheelchair_accessible_place,,yes,,,,,True,-38.0508796,145.1140485
way/987384413,Wheelchair Accessible Place,wheelchair_accessible_place,,yes,,,,,True,-38.0529188,145.1147409
way/987384414,Wheelchair Accessible Place,wheelchair_accessible_place,,yes,,,,,True,-38.0525057,145.114704
way/988003786,Wheelchair Accessible Place,wheelchair_accessible_place,,yes,,,,,True,-38.0528001,145.1145624
way/988149345,Wheelchair Accessible Place,wheelchair_accessible_place,,yes,,,,,True,-38.0763354,145.1225273
way/988149369,Wheelchair Accessible Place,wheelchair_accessible_place,,yes,,,,,True,-38.0773528,145.1232114
way/988486090,Wheelchair Accessible Place,wheelchair_accessible_place,,yes,,,,,True,-38.0677207,145.1449546
way/988966718,Wheelchair Accessible Place,wheelchair_accessible_place,,yes,,,,,True,-37.9145848,145.0170129
way/988966719,Wheelchair Accessible Place,wheelchair_accessible_place,,yes,,,,,True,-37.914237,145.0166041
way/988975819,Wheelchair Accessible Place,wheelchair_accessible_place,,yes,,,,,True,-37.9159331,145.0182345
way/988975820,Wheelchair Accessible Place,wheelchair_accessible_place,,yes,,,,,True,-37.9157324,145.0181328
way/988975821,Wheelchair Accessible Place,wheelchair_accessible_place,,yes,,,,,True,-37.9160271,145.0181724
way/988975822,Wheelchair Accessible Place,wheelchair_accessible_place,,yes,,,,,True,-37.9160629,145.0178351
way/988975830,Wheelchair Accessible Place,wheelchair_accessible_place,,yes,,,,,True,-37.9156919,145.0176722
way/988975831,Wheelchair Accessible Place,wheelchair_accessible_place,,yes,,,,,True,-37.9157048,145.0178434
way/988975832,Wheelchair Accessible Place,wheelchair_accessible_place,,yes,,,,,True,-37.9157318,145.0180259
way/988998873,Wheelchair Accessible Place,wheelchair_accessible_place,,yes,,,,,True,-37.9255457,145.0271215
way/988998874,Wheelchair Accessible Place,wheelchair_accessible_place,,yes,,,,,True,-37.925502,145.0272506
way/988998880,Wheelchair Accessible Place,wheelchair_accessible_place,,yes,,,,,True,-37.9254378,145.0273762
way/988998888,Wheelchair Accessible Place,wheelchair_accessible_place,,yes,,,,,True,-37.9241328,145.0262606
way/988998889,Wheelchair Accessible Place,wheelchair_accessible_place,,yes,,,,,True,-37.9231154,145.0253178
way/988998890,Wheelchair Accessible Place,wheelchair_accessible_place,,yes,,,,,True,-37.9246285,145.0266467
way/988998891,Wheelchair Accessible Place,wheelchair_accessible_place,,yes,,,,,True,-37.9248449,145.0268382
way/988998892,Wheelchair Accessible Place,wheelchair_accessible_place,,yes,,,,,True,-37.9247425,145.0263538
way/988998893,Wheelchair Accessible Place,wheelchair_accessible_place,,yes,,,,,True,-37.9247388,145.0262288
way/989034030,Wheelchair Accessible Place,wheelchair_accessible_place,toilets,yes,,,,,True,-37.8152779,144.9776044
way/989040512,Caulfield-Frankston Rail Trail,wheelchair_accessible_place,,yes,,,,,True,-37.9794098,145.0632175
way/989040513,Caulfield-Frankston Rail Trail,wheelchair_accessible_place,,yes,,,,,True,-37.9813173,145.0648096
way/989048754,Wheelchair Accessible Place,wheelchair_accessible_place,,yes,,,,,True,-37.9332802,145.0350999
way/989048755,Wheelchair Accessible Place,wheelchair_accessible_place,,yes,,,,,True,-37.9332628,145.0350195
way/989048756,Wheelchair Accessible Place,wheelchair_accessible_place,,yes,,,,,True,-37.933228,145.034827
way/989048757,Wheelchair Accessible Place,wheelchair_accessible_place,,yes,,,,,True,-37.9331895,145.0345195
way/989048758,Wheelchair Accessible Place,wheelchair_accessible_place,,yes,,,,,True,-37.9331594,145.034288
way/989048759,Wheelchair Accessible Place,wheelchair_accessible_place,,yes,,,,,True,-37.9329984,145.0341369
way/989048761,Wheelchair Accessible Place,wheelchair_accessible_place,,yes,,,,,True,-37.9328813,145.0340084
way/989048762,Wheelchair Accessible Place,wheelchair_accessible_place,,yes,,,,,True,-37.9329548,145.0340943
way/989048767,Wheelchair Accessible Place,wheelchair_accessible_place,,yes,,,,,True,-37.9328237,145.0345621
way/989048768,Wheelchair Accessible Place,wheelchair_accessible_place,,yes,,,,,True,-37.9327591,145.0340291
way/989118223,Wheelchair Accessible Place,wheelchair_accessible_place,,yes,,,,,True,-38.0914363,145.1254247
way/989118224,Wheelchair Accessible Place,wheelchair_accessible_place,,yes,,,,,True,-38.0939772,145.126099
way/989118225,Wheelchair Accessible Place,wheelchair_accessible_place,,yes,,,,,True,-38.0939617,145.1265835
way/989118226,Wheelchair Accessible Place,wheelchair_accessible_place,,yes,,,,,True,-38.093541,145.1275487
way/989118229,Wheelchair Accessible Place,wheelchair_accessible_place,,yes,,,,,True,-38.0980556,145.1258714
way/989118232,Wheelchair Accessible Place,wheelchair_accessible_place,,yes,,,,,True,-38.1026588,145.1260853
way/989326833,Wheelchair Accessible Place,wheelchair_accessible_place,,yes,,,,,True,-37.9752761,145.01621
way/989326835,Wheelchair Accessible Place,wheelchair_accessible_place,,yes,,,,,True,-37.9750062,145.0161624
way/989326856,Wheelchair Accessible Place,wheelchair_accessible_place,,yes,,,,,True,-37.968474,145.0148582
way/989326857,Wheelchair Accessible Place,wheelchair_accessible_place,,yes,,,,,True,-37.9682841,145.0121225
way/989326863,Wheelchair Accessible Place,wheelchair_accessible_place,,yes,,,,,True,-37.9695051,145.0137445
way/989326868,Wheelchair Accessible Place,wheelchair_accessible_place,,yes,,,,,True,-37.96719,145.0150321
way/989326869,Wheelchair Accessible Place,wheelchair_accessible_place,,yes,,,,,True,-37.9670299,145.0150512
way/989326870,Wheelchair Accessible Place,wheelchair_accessible_place,,yes,,,,,True,-37.9646766,145.0152748
way/989326873,Wheelchair Accessible Place,wheelchair_accessible_place,,yes,,,,,True,-37.9658498,145.0151642
way/989326878,Wheelchair Accessible Place,wheelchair_accessible_place,,yes,,,,,True,-37.9641869,145.010689
way/990067652,Wheelchair Accessible Place,wheelchair_accessible_place,,yes,,,,,True,-38.0207368,145.1177238
way/990300480,Wheelchair Accessible Place,wheelchair_accessible_place,,yes,,,,,True,-37.975204,145.047468
way/990300481,Wheelchair Accessible Place,wheelchair_accessible_place,,yes,,,,,True,-37.9705707,145.0383724
node/990675867,Piccolina,wheelchair_accessible_place,ice_cream,yes,,,,,True,-37.800422,144.98417
node/990857152,Coles,wheelchair_accessible_place,,yes,,Mo-Su 07:00-21:00,Coles Group,,True,-37.8425504,145.2667021
way/990870268,Hawkers Beer,wheelchair_accessible_place,,yes,,,independent,,True,-37.7181213,144.9847872
way/991367936,Garfield Lane,wheelchair_accessible_place,,yes,,,,,True,-37.9593686,145.051702
way/991367946,Blue Car Park,wheelchair_accessible_place,parking,yes,,,,,True,-37.9583042,145.0507426
way/991367947,Garfield Lane,wheelchair_accessible_place,,yes,,,,,True,-37.9594654,145.0526062
way/991367965,Wheelchair Accessible Place,wheelchair_accessible_place,,yes,,,,,True,-37.9587752,145.0530531
way/991367973,Wheelchair Accessible Place,wheelchair_accessible_place,,yes,,,,,True,-37.9603412,145.0537355
way/991367974,Wheelchair Accessible Place,wheelchair_accessible_place,,yes,,,,,True,-37.9601572,145.0540474
way/991367975,Wheelchair Accessible Place,wheelchair_accessible_place,,yes,,,,,True,-37.9602609,145.0538796
way/991367989,Wheelchair Accessible Place,wheelchair_accessible_place,,yes,,,,,True,-37.9590588,145.0522281
way/991368009,Wheelchair Accessible Place,wheelchair_accessible_place,,yes,,,,,True,-37.9573536,145.0474624
way/991368010,Wheelchair Accessible Place,wheelchair_accessible_place,,yes,,,,,True,-37.9608953,145.0514556
way/991368027,Wheelchair Accessible Place,wheelchair_accessible_place,,yes,,,,,True,-37.9572172,145.0491588
way/991368028,Wheelchair Accessible Place,wheelchair_accessible_place,,yes,,,,,True,-37.9572406,145.049372
way/991368064,Wheelchair Accessible Place,wheelchair_accessible_place,,yes,,,,,True,-37.9586841,145.0532054
way/991368065,Wheelchair Accessible Place,wheelchair_accessible_place,,yes,,,,,True,-37.9589335,145.0527623
way/991368066,Wheelchair Accessible Place,wheelchair_accessible_place,,yes,,,,,True,-37.9592197,145.0529246
way/991411565,Wheelchair Accessible Place,wheelchair_accessible_place,,yes,,,,,True,-37.962444,145.0551208
way/991411566,Wheelchair Accessible Place,wheelchair_accessible_place,,yes,,,,,True,-37.9623529,145.0550558
way/991411567,Wheelchair Accessible Place,wheelchair_accessible_place,,yes,,,,,True,-37.9614106,145.0544016
way/991411568,Wheelchair Accessible Place,wheelchair_accessible_place,,yes,,,,,True,-37.9592467,145.0527647
way/991411569,Wheelchair Accessible Place,wheelchair_accessible_place,,yes,,,,,True,-37.9598802,145.0533159
way/991435375,Wheelchair Accessible Place,wheelchair_accessible_place,,yes,,,,,True,-37.9661443,145.0573534
way/991435377,Wheelchair Accessible Place,wheelchair_accessible_place,,yes,,,,,True,-37.9655197,145.0574709
way/991435378,Wheelchair Accessible Place,wheelchair_accessible_place,,yes,,,,,True,-37.9654982,145.0573867
way/991435379,Wheelchair Accessible Place,wheelchair_accessible_place,,yes,,,,,True,-37.9657209,145.0582082
way/991435380,Wheelchair Accessible Place,wheelchair_accessible_place,,yes,,,,,True,-37.9658334,145.0582467
way/991435381,Wheelchair Accessible Place,wheelchair_accessible_place,,yes,,,,,True,-37.965841,145.0578779
way/991435382,Wheelchair Accessible Place,wheelchair_accessible_place,,yes,,,,,True,-37.9657718,145.0576432
way/991504247,Wheelchair Accessible Place,wheelchair_accessible_place,,yes,,,,,True,-38.0883477,145.1279674
way/991504249,Wheelchair Accessible Place,wheelchair_accessible_place,,yes,,,,,True,-38.0913891,145.1284155
way/991504256,Wheelchair Accessible Place,wheelchair_accessible_place,,yes,,,,,True,-38.0974005,145.128646
way/991504268,Wheelchair Accessible Place,wheelchair_accessible_place,,yes,,,,,True,-38.1102039,145.1287625
way/991624387,Wheelchair Accessible Place,wheelchair_accessible_place,toilets,yes,,,,,True,-37.8210052,144.9759316
way/991642039,Wheelchair Accessible Place,wheelchair_accessible_place,,yes,,,,,True,-37.9672579,145.0587518
way/991642040,Wheelchair Accessible Place,wheelchair_accessible_place,,yes,,,,,True,-37.967129,145.0591831
way/991642041,Wheelchair Accessible Place,wheelchair_accessible_place,,yes,,,,,True,-37.9670951,145.059247
way/991677915,Wheelchair Accessible Place,wheelchair_accessible_place,toilets,yes,,Mo-Su 06:00-21:00,,,True,-37.8162803,145.0013077
way/992117932,The Reject Shop,wheelchair_accessible_place,,yes,no,,,,True,-37.9752656,145.0695219
way/992117935,Rebel Sport Mentone,wheelchair_accessible_place,,yes,,Mo-Fr 09:00-17:30; Sa 09:00-17:00; Su 10:00-17:00,,,True,-37.974984,145.0682996
way/992117936,Pillow Talk,wheelchair_accessible_place,,yes,,"Mo-We,Fr 09:00-17:30; Th 09:00-19:00; Sa 09:00-17:00; Su 10:00-17:00",,,True,-37.9750813,145.067971
way/992117937,ALDI,wheelchair_accessible_place,,yes,no,Mo-Su 08:30-20:00,,,True,-37.9752484,145.0677058
way/992117941,Officeworks,wheelchair_accessible_place,,yes,,Mo-Fr 07:00-21:00; Sa 08:00-18:00; Su 09:00-18:00,,,True,-37.9749877,145.0664883
way/992167504,NAB,wheelchair_accessible_place,bank,yes,no,,,,True,-37.9825414,145.0642857
way/992336275,Wheelchair Accessible Place,wheelchair_accessible_place,toilets,yes,,,,,True,-37.9199731,145.2396498
way/993379387,Wheelchair Accessible Place,wheelchair_accessible_place,,yes,,,,,True,-38.076584,145.1229304
way/993379388,Wheelchair Accessible Place,wheelchair_accessible_place,,yes,,,,,True,-38.0765191,145.1231803
way/993379389,Wheelchair Accessible Place,wheelchair_accessible_place,,yes,,,,,True,-38.0763257,145.1232876
way/993379390,Wheelchair Accessible Place,wheelchair_accessible_place,,yes,,,,,True,-38.0762452,145.1231268
way/995976143,Wheelchair Accessible Place,wheelchair_accessible_place,,yes,,,,,True,-37.9358651,145.0434365
way/997094254,Keilor East Leisure Centre,wheelchair_accessible_place,,yes,,"Mo-Fr 05:30-10:00; Sa,Su 09:00-19:00",Belgravia Leisure,,True,-37.7387904,144.8705323
way/998985701,Wheelchair Accessible Place,wheelchair_accessible_place,toilets,yes,,,,,True,-37.875124,144.8135503
way/999765802,Wheelchair Accessible Place,wheelchair_accessible_place,,yes,,,,,True,-37.94981,145.0043237
way/1000136262,Wheelchair Accessible Place,wheelchair_accessible_place,,yes,,,,,True,-37.7554745,145.0801004
way/1000265845,Wheelchair Accessible Place,wheelchair_accessible_place,toilets,yes,,,,,True,-37.8445273,145.2988479
way/1000368680,Wheelchair Accessible Place,wheelchair_accessible_place,,yes,,,,,True,-37.8386856,145.1044898
way/1000420429,Wheelchair Accessible Place,wheelchair_accessible_place,toilets,yes,,,,,True,-37.8689842,145.0541927
way/1000712586,Wheelchair Accessible Place,wheelchair_accessible_place,,yes,,,,,True,-37.952856,145.0281733
way/1000712587,Wheelchair Accessible Place,wheelchair_accessible_place,,yes,,,,,True,-37.9527389,145.0281875
way/1000712593,Wheelchair Accessible Place,wheelchair_accessible_place,,yes,,,,,True,-37.9522876,145.0240212
way/1000712602,Wheelchair Accessible Place,wheelchair_accessible_place,,yes,,,,,True,-37.9532795,145.0248645
way/1000788637,Wheelchair Accessible Place,wheelchair_accessible_place,toilets,yes,,,,,True,-37.7836703,145.0983236
way/1000844001,Wheelchair Accessible Place,wheelchair_accessible_place,,yes,,,,,True,-37.9600919,145.0428246
way/1000844003,Wheelchair Accessible Place,wheelchair_accessible_place,,yes,,,,,True,-37.9610031,145.0402265
way/1001459814,Wheelchair Accessible Place,wheelchair_accessible_place,,yes,,,,,True,-37.989581,145.2103808
way/1001469612,Wheelchair Accessible Place,wheelchair_accessible_place,toilets,yes,,,,,True,-38.147709,145.1157091
way/1002226819,St Helena Early Learning,wheelchair_accessible_place,childcare,yes,,Mo-Fr 06:30-18:30,,,True,-37.6977928,145.1220096
node/1002318439,Wheelchair Accessible Place,wheelchair_accessible_place,toilets,yes,,,,,True,-37.7747102,144.952982
node/1005020304,Lord of the Fries,wheelchair_accessible_place,fast_food,yes,,"Mo 10:00-19:00, Tu-We 10:00-21:00, Th 10:00-22:00, Fr 10:00-24:00, Sa 11:00-26:00, Su 11:00-20:00",,,True,-37.818122,144.9673805
node/1005020482,Sugar Station,wheelchair_accessible_place,,yes,,,,,True,-37.8181801,144.9674065
way/1006352990,Wheelchair Accessible Place,wheelchair_accessible_place,,yes,,,,,True,-38.0557668,145.1175298
way/1006690641,Firehouse Bar,wheelchair_accessible_place,,yes,,,,,True,-37.8130735,145.2328312
way/1006933138,Wheelchair Accessible Place,wheelchair_accessible_place,toilets,yes,,,,,True,-38.0259596,145.3039654
way/1007604504,Accessible Parking,wheelchair_accessible_place,parking,yes,,,Maroondah City Council,,True,-37.8120932,145.2367445
way/1007895008,Wheelchair Accessible Place,wheelchair_accessible_place,,yes,,,,,True,-37.8175638,144.9682329
way/1008221499,Yarra Farm Fresh,wheelchair_accessible_place,,yes,,Mo-Su 09:00-17:00,,,True,-37.7127742,145.3242778
node/1009829808,IGA,wheelchair_accessible_place,,yes,,Su-Th 7:00-22:30; Fr-Sa 7:00-23:00,,,True,-37.8097374,144.98563
way/1010215336,Wheelchair Accessible Place,wheelchair_accessible_place,,yes,,,,,True,-37.9111798,145.102908
way/1011624528,Wheelchair Accessible Place,wheelchair_accessible_place,toilets,yes,,,,,True,-37.8323646,144.9796381
node/1012105625,ALDI,wheelchair_accessible_place,,yes,,Mo-Fr 08:30-20:00; Sa-Su 08:30-19:00,,,True,-38.1397884,145.1260897
way/1012643159,Wheelchair Accessible Place,wheelchair_accessible_place,toilets,yes,,,,,True,-37.7959638,145.2809537
way/1012649238,Devon Street Car Park,wheelchair_accessible_place,parking,yes,,Mo-Th 06:00-20:00; Fr-Sa 06:00-22:00; Su 06:00-20:00,Maroondah City Council,,True,-37.7968181,145.2799002
way/1012739109,Heatherdale,wheelchair_accessible_place,,yes,,,Metro Trains Melbourne,,True,-37.8188131,145.2145089
way/1013435723,Wheelchair Accessible Place,wheelchair_accessible_place,,yes,,,,,True,-38.1033258,145.1249485
way/1013435726,Wheelchair Accessible Place,wheelchair_accessible_place,,yes,,,,,True,-38.1036505,145.1246591
way/1013435727,Wheelchair Accessible Place,wheelchair_accessible_place,,yes,,,,,True,-38.1033788,145.1250276
way/1013435736,Wheelchair Accessible Place,wheelchair_accessible_place,,yes,,,,,True,-38.1034172,145.1249631
node/1014043113,Cumbé,wheelchair_accessible_place,cafe,yes,,07:30-15:00,,,True,-37.7642078,144.9624778
node/1014254385,Blu Point,wheelchair_accessible_place,cafe,yes,,,,,True,-37.808112,144.966208
node/1015598784,Xiangli Cuisine,wheelchair_accessible_place,restaurant,yes,,"Mo-Su 11:30-15:00,17:00-22:00; PH closed",,,True,-37.8072922,144.9625268
way/1016424207,Wheelchair Accessible Place,wheelchair_accessible_place,,yes,,,,,True,-38.0767321,145.1228775
way/1017292079,Wheelchair Accessible Place,wheelchair_accessible_place,,yes,,,,,True,-37.7966424,145.001078
way/1017292081,Wheelchair Accessible Place,wheelchair_accessible_place,,yes,,,,,True,-37.7965529,145.0011427
way/1017539581,Wheelchair Accessible Place,wheelchair_accessible_place,,yes,,,,,True,-38.0931183,145.1284735
way/1018953156,Bay Trail,wheelchair_accessible_place,,yes,,,,,True,-37.8753329,144.9764758
way/1019843580,Wheelchair Accessible Place,wheelchair_accessible_place,,yes,,,,,True,-38.0098683,145.0916328
way/1019843583,Wheelchair Accessible Place,wheelchair_accessible_place,,yes,,,,,True,-38.0100388,145.0914538
way/1020986189,Wheelchair Accessible Place,wheelchair_accessible_place,,yes,,,,,True,-37.8236567,144.9830409
way/1020986190,Wheelchair Accessible Place,wheelchair_accessible_place,,yes,,,,,True,-37.8231847,144.9828395
node/1021355276,IGA,wheelchair_accessible_place,,yes,,Mo-Sa 08:00-21:00; Su 09:00-21:00,,,True,-37.8765871,144.9965585
node/1021358708,Discount Drug Store,wheelchair_accessible_place,pharmacy,yes,,,,,True,-37.8767633,144.9978338
way/1021870743,Wheelchair Accessible Place,wheelchair_accessible_place,toilets,yes,,,,,True,-37.8829595,145.2961441
way/1022420654,Wheelchair Accessible Place,wheelchair_accessible_place,,yes,,,,,True,-38.0763695,145.1236968
way/1022432841,Wheelchair Accessible Place,wheelchair_accessible_place,parking,yes,,,,,True,-37.7570518,145.3468663
way/1022496359,Our Community House,wheelchair_accessible_place,,yes,,,,,True,-37.8045704,144.9474385
way/1023269742,Wheelchair Accessible Place,wheelchair_accessible_place,,yes,,,,,True,-37.9207198,145.1150416
way/1023275934,Wheelchair Accessible Place,wheelchair_accessible_place,,yes,,,,,True,-37.9195914,145.1032158
way/1023275935,Wheelchair Accessible Place,wheelchair_accessible_place,,yes,,,,,True,-37.9199771,145.1019657
way/1023275937,Wheelchair Accessible Place,wheelchair_accessible_place,,yes,,,,,True,-37.9192556,145.1036151
way/1023515326,Star Box Noodles & Takeaway,wheelchair_accessible_place,restaurant,yes,,Mo-Sa 17:00-21:00,,,True,-38.1415847,145.2081955
way/1023515327,Pharmacy,wheelchair_accessible_place,pharmacy,yes,,"Mo-We 09:00-17:30; Th,Fr 09:00-18:00; Sa 09:00-17:00; Su 09:00-14:00",,,True,-38.1416007,145.2075717
way/1023515328,BWS,wheelchair_accessible_place,,yes,,Mo-Sa 09:00-21:00; Su 10:00-20:00,,,True,-38.1415212,145.2075124
way/1023515331,Woolworths,wheelchair_accessible_place,,yes,,07:00-22:00,Woolworths Group,,True,-38.1411816,145.2075134
way/1023802130,Wheelchair Accessible Place,wheelchair_accessible_place,,yes,,,,,True,-38.0428376,145.1278086
way/1024061617,Wheelchair Accessible Place,wheelchair_accessible_place,,yes,,,,,True,-38.068215,145.145234
way/1024140231,Wheelchair Accessible Place,wheelchair_accessible_place,toilets,yes,,,,,True,-37.795961,145.1763042
way/1024365269,Seaford Wetlands Trail,wheelchair_accessible_place,,yes,,,,,True,-38.1048703,145.1345101
way/1024365270,Seaford Wetlands Trail,wheelchair_accessible_place,,yes,,,,,True,-38.1041712,145.1334236
way/1024370762,Wheelchair Accessible Place,wheelchair_accessible_place,,yes,,,,,True,-38.0917568,145.1446901
way/1025023677,Wheelchair Accessible Place,wheelchair_accessible_place,,yes,,,,,True,-38.0133805,145.1032616
way/1025027514,Wheelchair Accessible Place,wheelchair_accessible_place,toilets,yes,,,,,True,-38.3935316,145.1571019
way/1025701856,Wheelchair Accessible Place,wheelchair_accessible_place,,yes,,,,,True,-37.9049329,145.0060452
way/1025701857,Grosvenor Hotel,wheelchair_accessible_place,pub,yes,,,,,True,-37.8723109,144.9903047
node/1026428944,Sandringham Library,wheelchair_accessible_place,library,yes,,"Mo,We,Fr 10:00-18:00; Tu,Th 10:00-20:00; Sa 10:00-16:00; Su 13:00-16:00",,,True,-37.9490387,145.0029332
way/1027208110,Wheelchair Accessible Place,wheelchair_accessible_place,,yes,,,,,True,-38.0758933,145.122702
node/1027208348,Tower Sushi,wheelchair_accessible_place,restaurant,yes,,,,,True,-37.8182382,144.9674325
way/1027578091,Box Hill Police Station,wheelchair_accessible_place,police,yes,,24/7,Victoria Police,,True,-37.8178707,145.127283
way/1028830186,Ferntree Manor,wheelchair_accessible_place,social_facility,yes,,,,,True,-37.8828289,145.292872
way/1028830188,Mountain District Learning Centre,wheelchair_accessible_place,,yes,,,,,True,-37.8833776,145.2932065
way/1029234542,Saint Paul's,wheelchair_accessible_place,place_of_worship,yes,,,,,True,-37.7945997,145.0502666
way/1029943301,Wheelchair Accessible Place,wheelchair_accessible_place,,yes,,,,,True,-38.121147,145.1265694
way/1029983525,Wheelchair Accessible Place,wheelchair_accessible_place,,yes,,,,,True,-37.9104124,144.9852889
way/1029983534,Wheelchair Accessible Place,wheelchair_accessible_place,,yes,,,,,True,-37.9105076,144.9853359
way/1029983536,Wheelchair Accessible Place,wheelchair_accessible_place,,yes,,,,,True,-37.9117573,144.9851826
way/1029983537,Wheelchair Accessible Place,wheelchair_accessible_place,,yes,,,,,True,-37.9098898,144.9844352
way/1029983564,Wheelchair Accessible Place,wheelchair_accessible_place,,yes,,,,,True,-37.898892,144.9848493
way/1029983567,Wheelchair Accessible Place,wheelchair_accessible_place,,yes,,,,,True,-37.9075385,144.9854571
way/1030367065,Stop 45: Bell Street,wheelchair_accessible_place,,yes,,,Yarra Trams,,True,-37.7402045,144.9455756
node/1030460088,Macpac,wheelchair_accessible_place,,yes,,Mo-Th 09:00-17:30; Fr 09:00-20:00; Sa 09:00-17:00; Su 11:00-17:00,,,True,-37.8134796,144.9616878
way/1031049514,Wheelchair Accessible Place,wheelchair_accessible_place,,yes,,,,,True,-38.0936212,145.1328343
way/1031065747,Fish Tank,wheelchair_accessible_place,fast_food,yes,,Tu-Su 08:00-15:00; Sa 08:00-12:00,,,True,-37.9128474,144.992783
way/1031065780,Botticelli of Brighton,wheelchair_accessible_place,restaurant,yes,,Tu-Su 08:00-15:00; Sa 08:00-12:00,,,True,-37.913386,144.9933993
way/1031069706,Platforms 1 & 2,wheelchair_accessible_place,,yes,,,,,True,-37.9248415,145.1209721
way/1034046015,Wheelchair Accessible Place,wheelchair_accessible_place,,yes,,,,,True,-37.932794,145.0339106
way/1034046053,Wheelchair Accessible Place,wheelchair_accessible_place,,yes,,,,,True,-37.922602,145.0247281
way/1034046070,Wheelchair Accessible Place,wheelchair_accessible_place,,yes,,,,,True,-37.9157271,145.0174435
way/1034046071,Wheelchair Accessible Place,wheelchair_accessible_place,,yes,,,,,True,-37.915686,145.017379
way/1034046077,Wheelchair Accessible Place,wheelchair_accessible_place,,yes,,,,,True,-37.9145999,145.0162494
way/1034046078,Wheelchair Accessible Place,wheelchair_accessible_place,,yes,,,,,True,-37.9146844,145.0163667
way/1034046099,Wheelchair Accessible Place,wheelchair_accessible_place,,yes,,,,,True,-37.9071347,145.0083231
way/1034046103,Wheelchair Accessible Place,wheelchair_accessible_place,,yes,,,,,True,-37.8989495,145.0058343
way/1034046104,Wheelchair Accessible Place,wheelchair_accessible_place,,yes,,,,,True,-37.8997551,145.0059968
way/1034046105,Wheelchair Accessible Place,wheelchair_accessible_place,,yes,,,,,True,-37.9060666,145.007977
way/1034320384,Wheelchair Accessible Place,wheelchair_accessible_place,,yes,,,,,True,-37.9010087,145.0063445
way/1034320385,Wheelchair Accessible Place,wheelchair_accessible_place,,yes,,,,,True,-37.9021062,145.0066996
way/1034321722,Wheelchair Accessible Place,wheelchair_accessible_place,,yes,,,,,True,-37.9060493,145.0071631
node/1034591468,Sacred Heart Mission Op Shop,wheelchair_accessible_place,,yes,,Mo-Su 10:00-17:30,,,True,-37.769143,144.998836
way/1035572269,Island Root Kava Bar Egad,wheelchair_accessible_place,cafe,yes,,,,,True,28.1293322,-80.6267707
way/1035576622,Platforms 1 & 2,wheelchair_accessible_place,,yes,,,,,True,-37.9661903,145.1758286
way/1036449860,South Kensington,wheelchair_accessible_place,,yes,,,Metro Trains Melbourne,,True,-37.7995079,144.9248416
way/1036508106,Newport,wheelchair_accessible_place,,yes,yes,,Metro Trains Melbourne,,True,-37.8424593,144.8835734
way/1036511921,Spotswood,wheelchair_accessible_place,,yes,,,Public Transport Victoria - Metro,,True,-37.8307299,144.8859121
way/1036516815,Yarraville,wheelchair_accessible_place,,yes,,,Public Transport Victoria - Metro,,True,-37.8157382,144.8900081
way/1036694734,ALDI,wheelchair_accessible_place,,yes,,Mo-Su 08:30-20:00,,,True,-37.7279736,145.1110688
way/1036702501,Seddon,wheelchair_accessible_place,,yes,,,Metro Trains Melbourne,,True,-37.8090372,144.8956437
way/1036761435,McKinnon,wheelchair_accessible_place,,yes,,,Metro Trains Melbourne,,True,-37.9114018,145.0381036
way/1037961907,Wheelchair Accessible Place,wheelchair_accessible_place,toilets,yes,,,,,True,-37.929326,145.1890497
node/1038001124,Inspo Home,wheelchair_accessible_place,,yes,,,,,True,-37.8148968,144.9603627
way/1038136553,Platforms 1 & 2,wheelchair_accessible_place,,yes,,,Metro Trains Melbourne,,True,-37.8939977,145.0757981
way/1039412678,Wheelchair Accessible Place,wheelchair_accessible_place,,yes,,,,,True,28.1526425,-80.638146
way/1039543645,All Florida Construction Group,wheelchair_accessible_place,,yes,,,All Florida Construction Group,,True,28.1483585,-80.6378405
way/1039545822,Wheelchair Accessible Place,wheelchair_accessible_place,,yes,,,,,True,28.1471315,-80.67125
way/1039547036,CVS Pharmacy,wheelchair_accessible_place,pharmacy,yes,,07:00-22:00,,,True,28.1570505,-80.672702
way/1039551675,Wheelchair Accessible Place,wheelchair_accessible_place,,yes,,,Murphy USA,,True,28.1714925,-80.6723538
way/1039808767,Wheelchair Accessible Place,wheelchair_accessible_place,,yes,,,,,True,-38.1432582,145.1199183
way/1040072644,Wheelchair Accessible Place,wheelchair_accessible_place,toilets,yes,,,,,True,-37.7561646,145.352434
way/1040760809,Wheelchair Accessible Place,wheelchair_accessible_place,parking,yes,no,,,,True,-37.9755131,145.0686784
way/1040760810,Wheelchair Accessible Place,wheelchair_accessible_place,parking,yes,no,,,,True,-37.9774319,145.0679183
way/1040760811,Wheelchair Accessible Place,wheelchair_accessible_place,parking,yes,no,,,,True,-37.9750016,145.0692386
way/1040958757,Student Pavilion,wheelchair_accessible_place,food_court,yes,,Mo-Fr 08:00-21:00; Sa 11:00-21:00; Su 11:00-17:00,University of Melbourne,,True,-37.7986369,144.9635381
way/1041863307,Wheelchair Accessible Place,wheelchair_accessible_place,,yes,,,,,True,-38.2284748,145.0465221
way/1041863309,Wheelchair Accessible Place,wheelchair_accessible_place,,yes,,,,,True,-38.2290522,145.0449152
way/1041863313,Wheelchair Accessible Place,wheelchair_accessible_place,,yes,,,,,True,-38.2296323,145.0451303
way/1041863314,Wheelchair Accessible Place,wheelchair_accessible_place,,yes,,,,,True,-38.2297409,145.0449054
way/1041863320,Wheelchair Accessible Place,wheelchair_accessible_place,,yes,,,,,True,-38.2282377,145.0574456
way/1042535792,Platform 1,wheelchair_accessible_place,,yes,,,Metro Trains Melbourne,,True,-38.079416,145.2636473
way/1044566159,Wheelchair Accessible Place,wheelchair_accessible_place,,yes,,,,,True,-37.9511258,145.0042041
way/1044566160,Wheelchair Accessible Place,wheelchair_accessible_place,,yes,,,,,True,-37.9504845,145.0042884
way/1044575117,Wheelchair Accessible Place,wheelchair_accessible_place,,yes,,,,,True,-37.9523517,145.0075164
way/1044575118,Wheelchair Accessible Place,wheelchair_accessible_place,,yes,,,,,True,-37.9521996,145.0068746
way/1046376280,Wheelchair Accessible Place,wheelchair_accessible_place,,yes,,,,,True,-37.9517462,145.0027982
way/1047368716,Wheelchair Accessible Place,wheelchair_accessible_place,toilets,yes,,,,,True,-38.3082409,145.1965443
way/1049271362,Mooroolbark Station Car Park,wheelchair_accessible_place,parking,yes,,,Public Transport Victoria,,True,-37.7844121,145.3123006
way/1050433610,Wheelchair Accessible Place,wheelchair_accessible_place,,yes,,,,,True,-37.9660786,145.0201975
way/1050477782,Wheelchair Accessible Place,wheelchair_accessible_place,,yes,,,,,True,-37.8865729,144.6409512
way/1050665673,Australian Red Cross Blood Service,wheelchair_accessible_place,,yes,,Mo-Fr 07:00-20:00; Sa-Su 07:30-16:30; PH 07:00-15:30,Australian Red Cross,,True,-37.8855593,145.0218089
way/1050901593,Britannia Rise,wheelchair_accessible_place,,yes,,,,,True,-37.8151553,145.1981968
way/1050965394,Wheelchair Accessible Place,wheelchair_accessible_place,,yes,,,,,True,-37.9692423,145.0103418
way/1050965420,Bay Trail,wheelchair_accessible_place,,yes,,,,,True,-37.9754688,145.0163256
way/1052417462,Wheelchair Accessible Place,wheelchair_accessible_place,,yes,,,,,True,-37.8020966,144.8273808
way/1052417463,Wheelchair Accessible Place,wheelchair_accessible_place,,yes,,,,,True,-37.802018,144.8277577
way/1052417464,Wheelchair Accessible Place,wheelchair_accessible_place,,yes,,,,,True,-37.8018103,144.8275146
way/1052561533,Kensington Healthcare,wheelchair_accessible_place,doctors,yes,,Sa 09:00-12:00; Su off; Mo-Fr 08:30-17:00; PH off,,,True,-37.7946326,144.9303661
way/1052893492,Wheelchair Accessible Place,wheelchair_accessible_place,,yes,,Mo-Fr 06:30-18:30,,,True,-37.786448,145.3151009
way/1052898750,Mayfield Early Education Mooroolbark,wheelchair_accessible_place,kindergarten,yes,,Mo-Fr 06:30-18:30,Mayfield Childcare Limited,,True,-37.786355,145.3151006
way/1052900841,Wheelchair Accessible Place,wheelchair_accessible_place,,yes,,,,,True,-37.7859846,145.3137904
way/1052900842,Wheelchair Accessible Place,wheelchair_accessible_place,,yes,,,,,True,-37.785933,145.313736
way/1053019161,Wheelchair Accessible Place,wheelchair_accessible_place,,yes,,,,,True,-38.0705047,145.3279983
way/1053019162,Wheelchair Accessible Place,wheelchair_accessible_place,shelter,yes,,,,,True,-38.0704497,145.3279436
node/1053376121,Dalpura Circuit Milk Bar,wheelchair_accessible_place,,yes,,,,,True,-38.1362144,145.1690116
way/1054321732,Wheelchair Accessible Place,wheelchair_accessible_place,,yes,,24/7,,,True,-37.7639175,145.3556397
way/1055003319,St Georges Road Trail,wheelchair_accessible_place,,yes,,,,,True,-37.6959608,145.0220708
node/1055795509,French Fantasies,wheelchair_accessible_place,,yes,,,,,True,-37.8382542,144.9870457
node/1055879475,Wheelchair Accessible Place,wheelchair_accessible_place,,yes,,,,,True,-37.8003198,144.903344
node/1055879506,Wheelchair Accessible Place,wheelchair_accessible_place,,yes,,,,,True,-37.8000674,144.903392
node/1055879508,Wheelchair Accessible Place,wheelchair_accessible_place,,yes,,,,,True,-37.8001767,144.9035282
way/1056363774,Mooroolbark Manor Care Community,wheelchair_accessible_place,social_facility,yes,,,Opal HealthCare,,True,-37.7809484,145.3176297
way/1058284257,Wheelchair Accessible Place,wheelchair_accessible_place,toilets,yes,,,,,True,-38.2625564,145.1687843
way/1058284258,Wheelchair Accessible Place,wheelchair_accessible_place,toilets,yes,,,,,True,-38.2625294,145.1689307
way/1059785635,Werribee Toyota,wheelchair_accessible_place,,yes,,,,,True,-37.8761341,144.7181879
way/1060199414,Wheelchair Accessible Place,wheelchair_accessible_place,,yes,,,,,True,-37.8055428,145.2802068
way/1060199415,Wheelchair Accessible Place,wheelchair_accessible_place,,yes,,,,,True,-37.804508,145.281424
way/1060199419,Wheelchair Accessible Place,wheelchair_accessible_place,,yes,,,,,True,-37.8044366,145.2813366
way/1060400465,Seaford Foreshore Walking Track,wheelchair_accessible_place,,yes,,,,,True,-38.0899156,145.1246562
way/1062489637,Wheelchair Accessible Place,wheelchair_accessible_place,,yes,,,,,True,-38.1208962,145.1238677
way/1062489651,Seaford Foreshore Walking Track,wheelchair_accessible_place,,yes,,,,,True,-38.1076079,145.1254368
way/1062489665,Seaford Foreshore Walking Track,wheelchair_accessible_place,,yes,,,,,True,-38.1016999,145.1255048
way/1062489689,Seaford Foreshore Walking Track,wheelchair_accessible_place,,yes,,,,,True,-38.0986579,145.1254925
way/1062489691,Seaford Foreshore Walking Track,wheelchair_accessible_place,,yes,,,,,True,-38.0959819,145.1253229
way/1062489697,Seaford Foreshore Walking Track,wheelchair_accessible_place,,yes,,,,,True,-38.0926154,145.1250515
way/1063760434,Wheelchair Accessible Place,wheelchair_accessible_place,,yes,,,,,True,-38.1025582,145.1263371
way/1063760435,Wheelchair Accessible Place,wheelchair_accessible_place,,yes,,,,,True,-38.1017642,145.1260501
way/1063760452,Wheelchair Accessible Place,wheelchair_accessible_place,,yes,,,,,True,-38.1017527,145.1261001
way/1063760453,Wheelchair Accessible Place,wheelchair_accessible_place,,yes,,,,,True,-38.1020724,145.1260926
way/1063760462,Wheelchair Accessible Place,wheelchair_accessible_place,,yes,,,,,True,-38.1017604,145.1260928
way/1063760474,Wheelchair Accessible Place,wheelchair_accessible_place,,yes,,,,,True,-38.1031444,145.1260724
way/1063760477,Wheelchair Accessible Place,wheelchair_accessible_place,,yes,,,,,True,-38.1034033,145.1260367
way/1063760478,Wheelchair Accessible Place,wheelchair_accessible_place,,yes,,,,,True,-38.1033635,145.1262532
way/1063760489,Wheelchair Accessible Place,wheelchair_accessible_place,toilets,yes,,,,,True,-38.1032904,145.1264764
way/1063760490,Wheelchair Accessible Place,wheelchair_accessible_place,,yes,,,,,True,-38.1017633,145.126085
way/1063944357,Former Lunar Cafe,wheelchair_accessible_place,,yes,,sunset-(sunset+03:00),Lunar Drive-In,,True,-38.0117029,145.2331794
way/1065987070,Wheelchair Accessible Place,wheelchair_accessible_place,,yes,,,,,True,-37.757514,145.3133565
way/1065987071,Wheelchair Accessible Place,wheelchair_accessible_place,,yes,,,,,True,-37.757404,145.3129341
way/1065987072,Wheelchair Accessible Place,wheelchair_accessible_place,,yes,,,,,True,-37.7574525,145.3129129
way/1065987073,Wheelchair Accessible Place,wheelchair_accessible_place,,yes,,,,,True,-37.7575776,145.3131183
way/1065987074,Wheelchair Accessible Place,wheelchair_accessible_place,,yes,,,,,True,-37.7566043,145.3126188
way/1066028675,Seaford Foreshore Walking Track,wheelchair_accessible_place,,yes,,,,,True,-38.1253916,145.1239537
way/1066028676,Seaford Foreshore Walking Track,wheelchair_accessible_place,,yes,,,,,True,-38.118768,145.1248519
way/1067477298,Bay Trail,wheelchair_accessible_place,,yes,,,,,True,-37.9079177,144.9854621
way/1067486819,Wheelchair Accessible Place,wheelchair_accessible_place,,yes,,,,,True,-38.054283,145.1168649
way/1067486838,Seaford Foreshore Walking Track,wheelchair_accessible_place,,yes,,,,,True,-38.1047385,145.1255139
way/1067486839,Seaford Foreshore Walking Track,wheelchair_accessible_place,,yes,,,,,True,-38.1040558,145.1255413
node/1068760463,Commonwealth Bank,wheelchair_accessible_place,bank,yes,,"Mo-Th 09:30-16:00, Fr 09:30-17:00",,,True,-37.769289,145.000553
node/1069990741,Museum Cafe,wheelchair_accessible_place,cafe,yes,yes,,,,True,-37.803693,144.972686
node/1070216118,Smith Street Newsagency,wheelchair_accessible_place,,yes,,Mo-Fr 6:00-17:30; Sa-Su 7:00-14:00,,,True,-37.802659,144.983792
way/1071931454,Wheelchair Accessible Place,wheelchair_accessible_place,,yes,,,,,True,-37.924796,145.0260968
way/1071939363,Wheelchair Accessible Place,wheelchair_accessible_place,,yes,,,,,True,-37.9227604,145.0242791
way/1071939364,Wheelchair Accessible Place,wheelchair_accessible_place,,yes,,,,,True,-37.9160357,145.0179827
way/1071939365,Wheelchair Accessible Place,wheelchair_accessible_place,,yes,,,,,True,-37.9156676,145.0175841
node/1072072827,Foodworks,wheelchair_accessible_place,,yes,,,,,True,-37.7998871,144.9922356
node/1072618046,Juicy Fruits Kensington,wheelchair_accessible_place,,yes,,,,,True,-37.7942872,144.9295286
node/1072618056,Hair Off Bellair,wheelchair_accessible_place,,yes,,"""by appointment""",,,True,-37.7943235,144.9300103
node/1072618063,Foodworks,wheelchair_accessible_place,,yes,,Mo-Sa 08:00-20:30; Su 08:30-19:30,,,True,-37.7943152,144.9298631
node/1072618069,italktravel Kensington,wheelchair_accessible_place,,yes,,Mo-Fr 09:00-17:30; Sa 09:00-13:00; Su off,,,True,-37.79378,144.930084
node/1072618097,Kensington Eyecare,wheelchair_accessible_place,,yes,,Mo-Fr 10:00-17:00; Sa 10:00-12:00,,,True,-37.7942809,144.9295913
node/1072618121,London K Burgers,wheelchair_accessible_place,fast_food,yes,,"Su-Th 11:00-22:00; Fr,Sa 11:00-22:00+",,,True,-37.7943163,144.9299679
node/1072618160,Crust,wheelchair_accessible_place,fast_food,yes,,,,,True,-37.7941572,144.9284068
node/1072618164,Edward Thomas,wheelchair_accessible_place,,yes,,,,,True,-37.7942965,144.9297651
way/1073731330,Wheelchair Accessible Place,wheelchair_accessible_place,toilets,yes,,,,,True,-37.8099936,145.3436592
way/1073791626,Wheelchair Accessible Place,wheelchair_accessible_place,toilets,yes,,,,,True,-37.6356879,144.8712632
node/1074141563,Somebuddy Loves You,wheelchair_accessible_place,,yes,,,,,True,-37.8033565,144.9833828
way/1074997243,Wheelchair Accessible Place,wheelchair_accessible_place,toilets,yes,,,,,True,-37.5193634,145.1117143
way/1075267520,AquaPulse,wheelchair_accessible_place,,yes,,Mo-Th 05:30-21:00; Fr 05:30-20:00; Sa 07:00-18:00; Su 08:00-18:00,Wyndham City Council,,True,-37.8832178,144.6834803
way/1075688284,Urban Climb,wheelchair_accessible_place,,yes,,"Mo-Fr 10:00-22:00; Sa,Su 08:00-20:00",,,True,-37.8206641,145.1588322
way/1076339600,Wheelchair Accessible Place,wheelchair_accessible_place,,yes,,,,,True,-37.7913719,145.00085
way/1076771274,Hallam,wheelchair_accessible_place,,yes,,,Metro Trains Melbourne,,True,-38.0179566,145.2703156
way/1076771279,Narre Warren,wheelchair_accessible_place,,yes,,,Metro Trains Melbourne,,True,-38.0276025,145.3038995
way/1076777142,Westall,wheelchair_accessible_place,,yes,,,Metro Trains Melbourne;Public Transport Victoria - Metro,,True,-37.9377802,145.1379759
way/1078466764,Hughesdale,wheelchair_accessible_place,,yes,,,Metro Trains Melbourne,,True,-37.8939968,145.0758087
node/1080074215,Kaiten Sakura Sushi,wheelchair_accessible_place,restaurant,yes,,Mo 17:00-21:30; Tu-We 11:30-21:30; Th-Fr 11:30-22:00; Sa 12:00-22:00; Su 12:00-21:00,,,True,-37.8116392,144.9638899
node/1080076755,Pokero Sushi & Bowl,wheelchair_accessible_place,fast_food,yes,,,,,True,-37.8113904,144.9633542
node/1080087948,Coles,wheelchair_accessible_place,,yes,,,Coles Group,,True,-37.7645234,144.9219203
way/1080676376,Wheelchair Accessible Place,wheelchair_accessible_place,,yes,,,,,True,-37.8194487,145.1223015
way/1082430816,M80 Trail,wheelchair_accessible_place,,yes,,,,,True,-37.6950039,144.914859
way/1083713060,Goodstart Early Learning Mooroolbark,wheelchair_accessible_place,kindergarten,yes,,Mo-Fr 06:30-18:30,,,True,-37.7897054,145.3114645
way/1083911833,Public Toilets Eastfield Park,wheelchair_accessible_place,toilets,yes,,,,,True,-37.8115816,145.2791969
way/1083937841,Wheelchair Accessible Place,wheelchair_accessible_place,,yes,,,,,True,-37.9574253,145.0529929
way/1083937842,Wheelchair Accessible Place,wheelchair_accessible_place,,yes,,,,,True,-37.9543815,145.0501306
way/1083937843,Wheelchair Accessible Place,wheelchair_accessible_place,,yes,,,,,True,-37.9566252,145.053054
way/1083937844,Wheelchair Accessible Place,wheelchair_accessible_place,,yes,,,,,True,-37.9568008,145.0518571
way/1083937845,Wheelchair Accessible Place,wheelchair_accessible_place,,yes,,,,,True,-37.9525203,145.0513838
way/1083937846,Wheelchair Accessible Place,wheelchair_accessible_place,,yes,,,,,True,-37.9559419,145.0518926
way/1083937849,Wheelchair Accessible Place,wheelchair_accessible_place,,yes,,,,,True,-37.9562004,145.0514339
way/1083937850,Wheelchair Accessible Place,wheelchair_accessible_place,,yes,,,,,True,-37.95605,145.0519321
way/1083937851,Wheelchair Accessible Place,wheelchair_accessible_place,,yes,,,,,True,-37.9575115,145.0537925
way/1083937852,Wheelchair Accessible Place,wheelchair_accessible_place,,yes,,,,,True,-37.9520268,145.0502538
way/1083937853,Wheelchair Accessible Place,wheelchair_accessible_place,,yes,,,,,True,-37.9524865,145.0501192
way/1083949611,Wheelchair Accessible Place,wheelchair_accessible_place,,yes,,,,,True,-37.9573467,145.0541361
way/1083963614,Wheelchair Accessible Place,wheelchair_accessible_place,,yes,,,,,True,-37.9598261,145.0541096
way/1083963617,Wheelchair Accessible Place,wheelchair_accessible_place,,yes,,,,,True,-37.9588696,145.0532654
way/1083967826,Wheelchair Accessible Place,wheelchair_accessible_place,,yes,,,,,True,-37.9605268,145.0545067
way/1083967828,Wheelchair Accessible Place,wheelchair_accessible_place,,yes,,,,,True,-37.9603099,145.0554427
way/1083967829,Wheelchair Accessible Place,wheelchair_accessible_place,,yes,,,,,True,-37.9607485,145.0546617
way/1085494110,Wheelchair Accessible Place,wheelchair_accessible_place,,yes,,,,,True,-37.6713956,144.8488494
way/1085494143,Wheelchair Accessible Place,wheelchair_accessible_place,,yes,,,,,True,-37.670334,144.8492569
way/1085494157,Wheelchair Accessible Place,wheelchair_accessible_place,,yes,,,,,True,-37.6694393,144.8512717
way/1086306897,Wheelchair Accessible Place,wheelchair_accessible_place,,yes,,,,,True,-37.8280439,144.8972212
node/1089656106,IKEA,wheelchair_accessible_place,,yes,designated,Mo-Sa 10:00-21:00; Su 10:00-19:00,,,True,-37.9265315,145.1439079
way/1090656594,Caulfield-Frankston Rail Trail,wheelchair_accessible_place,,yes,,,,,True,-38.0445773,145.1121862
way/1090665195,Caulfield-Frankston Rail Trail,wheelchair_accessible_place,,yes,,,,,True,-38.0505872,145.1154775
way/1090668699,Wheelchair Accessible Place,wheelchair_accessible_place,,yes,,,,,True,-38.0532764,145.1165408
node/1093311611,Grounded House,wheelchair_accessible_place,cafe,yes,,Mo-Fr 06:15-14:00; Sa 07:58-12:00; Su off,,Simple coffee house with preprepaired baked goods. Outdoor seating is a few small stools.,True,-37.7944768,144.9294513
way/1093776317,Wheelchair Accessible Place,wheelchair_accessible_place,toilets,yes,,,,,True,-37.7980625,144.9211054
way/1093785316,Wheelchair Accessible Place,wheelchair_accessible_place,toilets,yes,,,,,True,-37.7901744,144.943669
way/1098217001,Wheelchair Accessible Place,wheelchair_accessible_place,,yes,,,,,True,-37.8160956,145.2217117
way/1098217002,Wheelchair Accessible Place,wheelchair_accessible_place,,yes,,,,,True,-37.8160925,145.2216348
way/1098217003,Wheelchair Accessible Place,wheelchair_accessible_place,,yes,,,,,True,-37.8160901,145.2215743
way/1098225614,Wheelchair Accessible Place,wheelchair_accessible_place,,yes,,,,,True,-37.8159987,145.2216016
way/1098447509,Wheelchair Accessible Place,wheelchair_accessible_place,,yes,,,,,True,-37.8158564,145.2227557
way/1098708955,Wheelchair Accessible Place,wheelchair_accessible_place,toilets,yes,,,,,True,-37.8122743,145.2363277
way/1100581643,21 Bedford St,wheelchair_accessible_place,,yes,,,University of Melbourne,,True,-37.8020303,144.9556083
way/1101710417,Wheelchair Accessible Place,wheelchair_accessible_place,,yes,,,,,True,-37.7146041,144.8843741
way/1101710419,Wheelchair Accessible Place,wheelchair_accessible_place,,yes,,,,,True,-37.7150455,144.8839127
way/1102239846,Wat Lao Cranbourne,wheelchair_accessible_place,place_of_worship,yes,,,,,True,-38.154591,145.3160004
way/1102967559,Wheelchair Accessible Place,wheelchair_accessible_place,,yes,,,,,True,28.1452015,-80.656625
way/1103968911,Wheelchair Accessible Place,wheelchair_accessible_place,toilets,yes,,,,,True,-37.7801225,145.285603
node/1104147041,N. Lee Bakery,wheelchair_accessible_place,,yes,,Mo-Fr 5:30-17:30; Sa-Su 6:00-17:00,,,True,-37.8024675,144.9838273
node/1104148344,Mario's Jewellers Rex,wheelchair_accessible_place,,yes,,,,,True,-37.8026119,144.9838034
node/1104151053,Búl Outlet Store,wheelchair_accessible_place,,yes,,,,,True,-37.8027596,144.9837871
node/1104189936,Lagoon Vintage,wheelchair_accessible_place,,yes,,,,,True,-37.8028034,144.983788
way/1104543449,Ruth Bishop Building (403),wheelchair_accessible_place,,yes,,,University of Melbourne,"Bio21 Institute
University of Melbourne",True,-37.7970309,144.9540207
way/1105406460,Wheelchair Accessible Place,wheelchair_accessible_place,toilets,yes,,,,,True,-37.8865097,145.0218911
way/1105413737,SenseAbilities,wheelchair_accessible_place,,yes,,,,,True,-37.7836928,145.312275
way/1105684358,Coles,wheelchair_accessible_place,,yes,,Mo-Su 06:00-22:00,Coles Group,,True,-37.7849101,145.315384
way/1106311900,Wheelchair Accessible Place,wheelchair_accessible_place,,yes,,,,,True,-37.8856088,145.0219249
way/1107289126,Wheelchair Accessible Place,wheelchair_accessible_place,,yes,,,,,True,-37.9337264,145.1117735
way/1107374998,Wheelchair Accessible Place,wheelchair_accessible_place,,yes,,,,,True,-37.9338159,145.1118473
way/1107609299,Wheelchair Accessible Place,wheelchair_accessible_place,,yes,,,,,True,-37.7871464,145.3110768
way/1110157874,Bethel Aged Care,wheelchair_accessible_place,social_facility,yes,,,Bethel Aged Care,,True,-37.6554598,145.0827003
way/1110175539,Mill Park Library,wheelchair_accessible_place,library,yes,,,,,True,-37.6603979,145.0748797
way/1110663454,Wheelchair Accessible Place,wheelchair_accessible_place,,yes,,,,,True,-37.7039174,145.1050031
way/1110942799,Wheelchair Accessible Place,wheelchair_accessible_place,,yes,,,,,True,-37.7033601,145.1044996
way/1111263231,Wheelchair Accessible Place,wheelchair_accessible_place,,yes,,,,,True,-37.7037424,145.1048656
way/1112156512,Commercial Hotel,wheelchair_accessible_place,pub,yes,,,,,True,-37.6509587,145.0891276
way/1112162940,Wheelchair Accessible Place,wheelchair_accessible_place,toilets,yes,,,,,True,-37.7389663,144.8703628
way/1112162941,Wheelchair Accessible Place,wheelchair_accessible_place,toilets,yes,,,,,True,-37.7389693,144.8703858
way/1112162946,Wheelchair Accessible Place,wheelchair_accessible_place,toilets,yes,,,,,True,-37.7390635,144.8708636
way/1112162947,Wheelchair Accessible Place,wheelchair_accessible_place,toilets,yes,,,,,True,-37.7390379,144.8708672
way/1112162948,Wheelchair Accessible Place,wheelchair_accessible_place,toilets,yes,,,,,True,-37.7390896,144.8708592
way/1112162962,Wheelchair Accessible Place,wheelchair_accessible_place,toilets,yes,,,,,True,-37.7389201,144.8701252
way/1112162963,Wheelchair Accessible Place,wheelchair_accessible_place,toilets,yes,,,,,True,-37.738925,144.8701679
way/1112162964,Wheelchair Accessible Place,wheelchair_accessible_place,toilets,yes,,,,,True,-37.7389141,144.8700693
way/1112171179,Wheelchair Accessible Place,wheelchair_accessible_place,,yes,,,,,True,-37.7011178,145.1523522
way/1112213047,Brimbank Aquatic and Wellness Centre,wheelchair_accessible_place,,yes,,"Mo-Fr 06:00-9:00; Sa,Su 08:00-19:00",Brimbank City Council,,True,-37.727952,144.8046977
way/1112433705,Public Toilets Ringwood East,wheelchair_accessible_place,toilets,yes,,,,,True,-37.8124213,145.2516386
way/1112823873,Arts & Cultural Building (159),wheelchair_accessible_place,theatre,yes,,,University of Melbourne,,True,-37.7986749,144.9629558
way/1113164853,Wheelchair Accessible Place,wheelchair_accessible_place,,yes,,,,,True,-38.0762734,145.1213594
way/1115392979,Frank Samways Veterinary Clinic,wheelchair_accessible_place,veterinary,yes,,Mo-Fr 08:00-19:00; Sa 09:00-16:00; Su 09:00-13:00,The Lost Dogs Home,,True,-37.7970366,144.9381599
way/1116237315,Wheelchair Accessible Place,wheelchair_accessible_place,,yes,,,,,True,-37.5938998,144.9074182
way/1116694065,Wheelchair Accessible Place,wheelchair_accessible_place,,yes,,,,,True,-37.7859505,145.3122873
way/1116694066,Wheelchair Accessible Place,wheelchair_accessible_place,,yes,,,,,True,-37.7858813,145.3123003
way/1116694067,Wheelchair Accessible Place,wheelchair_accessible_place,,yes,,,,,True,-37.7860186,145.3122746
way/1116694068,Wheelchair Accessible Place,wheelchair_accessible_place,,yes,,,,,True,-37.78609,145.3122614
way/1117019110,Wheelchair Accessible Place,wheelchair_accessible_place,toilets,yes,,,,,True,-37.8474518,145.2318829
way/1118278512,Quest East Melbourne,wheelchair_accessible_place,,yes,,,Quest,,True,-37.8164376,144.9885838
way/1118323957,Kebab Kingz,wheelchair_accessible_place,fast_food,yes,,,,,True,-37.8113496,144.9912795
way/1118567402,Wheelchair Accessible Place,wheelchair_accessible_place,,yes,,,,,True,-37.7858715,145.317592
way/1118588000,Wheelchair Accessible Place,wheelchair_accessible_place,,yes,,,,,True,-38.1208705,145.1237529
way/1118775000,Wheelchair Accessible Place,wheelchair_accessible_place,,yes,,,,,True,-37.7882798,145.3109573
way/1118775001,Wheelchair Accessible Place,wheelchair_accessible_place,,yes,,,,,True,-37.7881134,145.3108378
way/1118899630,Wheelchair Accessible Place,wheelchair_accessible_place,shelter,yes,,,Yarra Trams,,True,-37.8081254,144.97627
way/1118899631,Wheelchair Accessible Place,wheelchair_accessible_place,shelter,yes,,,Yarra Trams,,True,-37.8081334,144.9763468
way/1118899632,Wheelchair Accessible Place,wheelchair_accessible_place,shelter,yes,,,Yarra Trams,,True,-37.8081416,144.9764249
way/1118899633,Wheelchair Accessible Place,wheelchair_accessible_place,shelter,yes,,,Yarra Trams,,True,-37.8082083,144.9764129
way/1118899634,Wheelchair Accessible Place,wheelchair_accessible_place,shelter,yes,,,Yarra Trams,,True,-37.8082001,144.9763357
way/1118899635,Wheelchair Accessible Place,wheelchair_accessible_place,shelter,yes,,,Yarra Trams,,True,-37.8081916,144.9762576
way/1118899636,Wheelchair Accessible Place,wheelchair_accessible_place,shelter,yes,,,Yarra Trams,,True,-37.8083006,144.9762411
way/1118899637,Wheelchair Accessible Place,wheelchair_accessible_place,shelter,yes,,,Yarra Trams,,True,-37.8083164,144.9763941
way/1119510960,BM.LING,wheelchair_accessible_place,,yes,,,,,True,-37.7849946,145.313896
way/1119747233,Wheelchair Accessible Place,wheelchair_accessible_place,parking,yes,,,,,True,-37.7755028,145.1912514
node/1120988788,Angelucci 20th Century,wheelchair_accessible_place,,yes,,,,,True,-37.8055996,144.9829549
way/1121948026,Wheelchair Accessible Place,wheelchair_accessible_place,,yes,,,,,True,-37.7881348,145.3111543
way/1121948029,Wheelchair Accessible Place,wheelchair_accessible_place,,yes,,,,,True,-37.7882004,145.3109713
way/1124561950,Cafe Moretti,wheelchair_accessible_place,cafe,yes,,,,,True,-37.8817158,145.1630272
way/1125590948,Wheelchair Accessible Place,wheelchair_accessible_place,,yes,,,,,True,-37.833449,144.97237
way/1125590951,Wheelchair Accessible Place,wheelchair_accessible_place,,yes,,,,,True,-37.8336007,144.9731794
way/1125590953,Stop 20: Anzac Station,wheelchair_accessible_place,,yes,,,Yarra Trams,,True,-37.8333748,144.9728416
way/1126458778,Wheelchair Accessible Place,wheelchair_accessible_place,toilets,yes,,,,,True,-37.7391242,144.8708518
way/1126458779,Wheelchair Accessible Place,wheelchair_accessible_place,toilets,yes,,,,,True,-37.7390887,144.8704016
way/1126925714,Salt,wheelchair_accessible_place,fast_food,yes,,Mo-Fr 11:30-21:00; Sa-Su 12:00-21:00,,,True,-37.804705,144.9491081
way/1127660987,Bentleigh RSL,wheelchair_accessible_place,pub,yes,,,,,True,-37.9192823,145.0426887
way/1127660996,Benn's Books,wheelchair_accessible_place,,yes,,,,,True,-37.9183922,145.0400772
way/1127661008,Westpac,wheelchair_accessible_place,bank,yes,,,,,True,-37.9187921,145.0396602
way/1130719772,Brunswick Tower Hotel,wheelchair_accessible_place,,yes,,,,,True,-37.7556492,144.9628181
way/1131057645,Wheelchair Accessible Place,wheelchair_accessible_place,,yes,,,,,True,-37.763775,144.918343
way/1131283499,Wheelchair Accessible Place,wheelchair_accessible_place,,yes,,,,,True,-37.674408,144.8499982
way/1131283500,Wheelchair Accessible Place,wheelchair_accessible_place,,yes,,,,,True,-37.6738213,144.8498873
way/1131283501,Wheelchair Accessible Place,wheelchair_accessible_place,,yes,,,,,True,-37.6733208,144.8497362
way/1131283502,Wheelchair Accessible Place,wheelchair_accessible_place,,yes,,,,,True,-37.6744371,144.8504596
way/1132124183,Wheelchair Accessible Place,wheelchair_accessible_place,,yes,,,,,True,-37.9695471,145.0105929
way/1132124186,Wheelchair Accessible Place,wheelchair_accessible_place,,yes,,,,,True,-37.9694073,145.0100038
way/1132399470,Wheelchair Accessible Place,wheelchair_accessible_place,,yes,,,,,True,-37.9487625,145.041289
way/1132420158,Wheelchair Accessible Place,wheelchair_accessible_place,,yes,,,,,True,-37.9650687,145.0183326
node/1132494272,Best Buy,wheelchair_accessible_place,,yes,yes,Mo-Sa 10:00-20:00; Su 11:00-19:00,,,True,28.0798326,-80.6550539
way/1133424372,Wheelchair Accessible Place,wheelchair_accessible_place,,yes,,,,2P parking,True,-37.9741015,145.0161236
way/1133996533,Wheelchair Accessible Place,wheelchair_accessible_place,,yes,,,,,True,-37.8068915,144.9590783
way/1133996534,Wheelchair Accessible Place,wheelchair_accessible_place,,yes,,,,,True,-37.8069284,144.9591408
way/1133996539,Wheelchair Accessible Place,wheelchair_accessible_place,,yes,,,,,True,-37.8065701,144.9589396
way/1134559220,Sabor de Minas Bakery & Market,wheelchair_accessible_place,,yes,,,,"Padaria, Lanchonete e Mercado com produtos Brasiliero",True,28.1195291,-80.6719561
way/1135811155,Wheelchair Accessible Place,wheelchair_accessible_place,,yes,,,,,True,-37.9747555,145.0163136
way/1135811156,Wheelchair Accessible Place,wheelchair_accessible_place,,yes,,,,,True,-37.9748958,145.0155419
way/1136325669,Bentons Lodge,wheelchair_accessible_place,social_facility,yes,,,Autumn Aged Care,,True,-38.2474536,145.0546462
way/1136379298,Wheelchair Accessible Place,wheelchair_accessible_place,toilets,yes,,,,,True,-37.6882375,145.224828
way/1136886110,Wheelchair Accessible Place,wheelchair_accessible_place,,yes,,,,,True,-37.7873667,145.3135929
node/1136970197,Solway Large Guys,wheelchair_accessible_place,,yes,,Mo-Th 9:30-17:30; Fr 9:30-19:00; Sa 9:00-17:00,,,True,-37.806539,144.992196
way/1137124662,Wheelchair Accessible Place,wheelchair_accessible_place,,yes,,,,,True,-37.9702915,145.0360112
way/1137124671,Wheelchair Accessible Place,wheelchair_accessible_place,,yes,,,,,True,-37.9702137,145.0361262
way/1137137851,Chirnside Views Residential Aged Care,wheelchair_accessible_place,social_facility,yes,,,Norsan Pty Ltd,,True,-37.7606576,145.314681
way/1137180530,M80 Trail,wheelchair_accessible_place,,yes,,,,,True,-37.6947021,144.9161734
way/1137587451,Wheelchair Accessible Place,wheelchair_accessible_place,social_facility,yes,,,BlueCross,,True,-38.0518873,145.1288922
way/1137960059,Wheelchair Accessible Place,wheelchair_accessible_place,toilets,yes,,,,,True,-37.7384467,144.8704438
way/1138054514,Wheelchair Accessible Place,wheelchair_accessible_place,social_facility,yes,,,,,True,-38.2338671,145.0378978
node/1138497903,Salford Park Retirement Village / Harold Street,wheelchair_accessible_place,,yes,,,,,True,-37.8565764,145.2286282
way/1140819630,Wheelchair Accessible Place,wheelchair_accessible_place,,yes,,,,,True,-37.704696,145.1056181
way/1144948168,Wheelchair Accessible Place,wheelchair_accessible_place,,yes,,,,,True,-37.9764212,145.0254523
way/1146810966,Wheelchair Accessible Place,wheelchair_accessible_place,,yes,,,,,True,-37.9619456,145.051113
way/1146813737,Wheelchair Accessible Place,wheelchair_accessible_place,,yes,,,,,True,-37.9510861,145.0523823
way/1148464500,Anstey,wheelchair_accessible_place,,yes,,,,,True,-37.7613451,144.9607056
way/1149050187,Coles Local,wheelchair_accessible_place,,yes,,Mo-Su 07:00-21:00,Coles Group,,True,-37.8241567,145.0972292
way/1149316951,Village Cinemas,wheelchair_accessible_place,cinema,yes,,,,,True,-37.8686692,145.2438783
way/1150363147,Wheelchair Accessible Place,wheelchair_accessible_place,,yes,,,,,True,-38.0710517,145.3302453
way/1150583234,Mooroolbark Station Car Park,wheelchair_accessible_place,parking,yes,,,Public Transport Victoria,,True,-37.784539,145.3116875
way/1150813094,Wheelchair Accessible Place,wheelchair_accessible_place,,yes,,,,,True,-38.0153174,145.113421
way/1150846790,Wheelchair Accessible Place,wheelchair_accessible_place,shelter,yes,,,Knox City Council,,True,-37.8881426,145.2998062
way/1150851018,Wheelchair Accessible Place,wheelchair_accessible_place,toilets,yes,,,Knox City Council,,True,-37.888855,145.2999482
way/1151149553,Melbourne Central,wheelchair_accessible_place,,yes,,,,,True,-37.8102835,144.9633262
way/1151441155,Wheelchair Accessible Place,wheelchair_accessible_place,,yes,,,,,True,-38.0426032,145.1255407
way/1151441611,Longbeach Trail,wheelchair_accessible_place,,yes,,,,,True,-38.0555101,145.1333769
way/1151933132,Chemistry Building (East Wing) 154,wheelchair_accessible_place,,yes,,,University of Melbourne,,True,-37.7980821,144.9625168
way/1152581082,Community Pharmacy,wheelchair_accessible_place,pharmacy,yes,,Mo-Fr 08:00-21:00; Sa-Su 09:00-18:00,Community Pharmacy Friendly Society Ltd,,True,-37.8480802,145.2314738
way/1152800269,Homestyle Aged Care Ferndale Gardens,wheelchair_accessible_place,social_facility,yes,,,,,True,-37.8231127,145.2697825
way/1153095151,Wheelchair Accessible Place,wheelchair_accessible_place,toilets,yes,,,,,True,-37.8276688,145.1947612
way/1153119630,Heritage Gardens,wheelchair_accessible_place,social_facility,yes,,,,,True,-37.8333357,145.2659954
way/1154398323,Wheelchair Accessible Place,wheelchair_accessible_place,,yes,,,,,True,-37.9668692,145.0554222
way/1154705770,Professors Walk,wheelchair_accessible_place,,yes,,,,,True,-37.7991239,144.9604792
way/1154705771,Wheelchair Accessible Place,wheelchair_accessible_place,,yes,,,,,True,-37.7994697,144.9606407
way/1154995325,Wheelchair Accessible Place,wheelchair_accessible_place,,yes,,,,,True,-37.9668011,145.0561525
way/1155146890,Wheelchair Accessible Place,wheelchair_accessible_place,,yes,,,,,True,-38.0224737,145.1173212
way/1155146891,Wheelchair Accessible Place,wheelchair_accessible_place,,yes,,,,,True,-38.0221631,145.1175955
way/1155146892,Wheelchair Accessible Place,wheelchair_accessible_place,,yes,,,,,True,-38.0218332,145.1174312
way/1155146894,Wheelchair Accessible Place,wheelchair_accessible_place,,yes,,,,,True,-38.0218839,145.1177363
way/1155147535,Wheelchair Accessible Place,wheelchair_accessible_place,,yes,,,,,True,-38.0193649,145.1184571
way/1155147536,Wheelchair Accessible Place,wheelchair_accessible_place,,yes,,,,,True,-38.0194147,145.1186693
way/1155148093,Wheelchair Accessible Place,wheelchair_accessible_place,,yes,,,,,True,-38.015244,145.1098058
way/1155342514,Wheelchair Accessible Place,wheelchair_accessible_place,,yes,,,,,True,-37.8381536,145.1050376
way/1155380130,Wheelchair Accessible Place,wheelchair_accessible_place,,yes,,,,,True,-37.9813157,145.0626542
way/1156190552,The Stables (873),wheelchair_accessible_place,,yes,,,University of Melbourne,,True,-37.824929,144.9686462
way/1156490790,Wheelchair Accessible Place,wheelchair_accessible_place,,yes,,,,,True,-37.799556,144.9630219
way/1156521465,Wheelchair Accessible Place,wheelchair_accessible_place,toilets,yes,,,,,True,-37.7951863,145.2398027
way/1156548434,Professors Walk,wheelchair_accessible_place,,yes,,,,,True,-37.7990331,144.9600623
way/1157300480,Wat Lao,wheelchair_accessible_place,place_of_worship,yes,,,,,True,-37.8170379,145.206212
way/1157360053,Wheelchair Accessible Place,wheelchair_accessible_place,,yes,,,,,True,-38.00894,145.1039176
way/1157362599,Wheelchair Accessible Place,wheelchair_accessible_place,,yes,,,,,True,-38.0089569,145.1194716
way/1157362600,Wheelchair Accessible Place,wheelchair_accessible_place,,yes,,,,,True,-38.0090852,145.119247
way/1157840056,Wheelchair Accessible Place,wheelchair_accessible_place,,yes,,,,,True,-37.8066774,144.9588152
way/1159082785,Wheelchair Accessible Place,wheelchair_accessible_place,,yes,,,,,True,-37.6981032,145.122341
way/1159379649,Wheelchair Accessible Place,wheelchair_accessible_place,toilets,yes,,Apr Su[1]-Oct Su[1] 08:00-18:00 || 07:00-21:00,Banyule city council,"Public toilets open 7am-9pm during daylight savings times, and 8am-6pm during non daylight savings times",True,-37.714965,145.1132903
way/1159825831,Ritchies IGA Liquor,wheelchair_accessible_place,,yes,,,,,True,-37.8478898,145.232432
way/1159825836,Ritchies,wheelchair_accessible_place,,yes,,Mo-Su 08:00-21:00,Ritchies,,True,-37.8477535,145.2330329
way/1161946661,Wheelchair Accessible Place,wheelchair_accessible_place,,yes,,,,,True,-37.8996682,144.6612393
way/1164583551,Wheelchair Accessible Place,wheelchair_accessible_place,,yes,,,,,True,-37.8450121,145.1126831
way/1164583553,Wheelchair Accessible Place,wheelchair_accessible_place,,yes,,,,,True,-37.8448263,145.1115673
way/1164583557,Wheelchair Accessible Place,wheelchair_accessible_place,,yes,,,,,True,-37.8449761,145.1123333
way/1164583558,Wheelchair Accessible Place,wheelchair_accessible_place,,yes,,,,,True,-37.8446244,145.1128181
way/1164583562,Wheelchair Accessible Place,wheelchair_accessible_place,,yes,,,,,True,-37.8445504,145.1110238
way/1164583563,Wheelchair Accessible Place,wheelchair_accessible_place,,yes,,,,,True,-37.8445063,145.1118619
way/1164583565,Wheelchair Accessible Place,wheelchair_accessible_place,,yes,,,,,True,-37.8444433,145.1108562
way/1164583566,Wheelchair Accessible Place,wheelchair_accessible_place,,yes,,,,,True,-37.8447029,145.1131388
way/1164583567,Wheelchair Accessible Place,wheelchair_accessible_place,,yes,,,,,True,-37.8448689,145.1128978
way/1164583568,Wheelchair Accessible Place,wheelchair_accessible_place,,yes,,,,,True,-37.8448354,145.1129807
way/1164583569,Wheelchair Accessible Place,wheelchair_accessible_place,,yes,,,,,True,-37.8447657,145.11301
way/1164583571,Wheelchair Accessible Place,wheelchair_accessible_place,,yes,,,,,True,-37.8445807,145.1113735
way/1164583572,Wheelchair Accessible Place,wheelchair_accessible_place,,yes,,,,,True,-37.8445761,145.1115858
way/1164583574,Wheelchair Accessible Place,wheelchair_accessible_place,,yes,,,,,True,-37.8446292,145.1118453
way/1164583575,Wheelchair Accessible Place,wheelchair_accessible_place,,yes,,,,,True,-37.8445652,145.1118007
way/1164583576,Wheelchair Accessible Place,wheelchair_accessible_place,,yes,,,,,True,-37.844674,145.1119569
way/1164583578,Wheelchair Accessible Place,wheelchair_accessible_place,,yes,,,,,True,-37.8445493,145.1122848
way/1164633422,Wheelchair Accessible Place,wheelchair_accessible_place,,yes,,,,,True,-37.8451175,145.1111295
way/1164633423,Wheelchair Accessible Place,wheelchair_accessible_place,,yes,,,,,True,-37.8435762,145.1124256
way/1164633951,Wheelchair Accessible Place,wheelchair_accessible_place,,yes,,,,,True,-37.8439008,145.1129552
way/1164633954,Wheelchair Accessible Place,wheelchair_accessible_place,,yes,,,,,True,-37.84376,145.1128204
way/1164633955,Wheelchair Accessible Place,wheelchair_accessible_place,,yes,,,,,True,-37.8435934,145.1126576
way/1166108774,Wheelchair Accessible Place,wheelchair_accessible_place,,yes,,,,,True,-37.8180401,144.9669664
way/1166108775,Wheelchair Accessible Place,wheelchair_accessible_place,,yes,,,,,True,-37.8180483,144.9669354
way/1166108776,Wheelchair Accessible Place,wheelchair_accessible_place,,yes,,,,,True,-37.8181737,144.9670248
way/1166108777,Wheelchair Accessible Place,wheelchair_accessible_place,,yes,,,,,True,-37.8181855,144.9669965
way/1166108778,Wheelchair Accessible Place,wheelchair_accessible_place,,yes,,,,,True,-37.8183636,144.9671156
way/1166108779,Wheelchair Accessible Place,wheelchair_accessible_place,,yes,,,,,True,-37.8183658,144.9670817
way/1166108780,Wheelchair Accessible Place,wheelchair_accessible_place,,yes,,,,,True,-37.8185142,144.9671573
way/1166108781,Wheelchair Accessible Place,wheelchair_accessible_place,,yes,,,,,True,-37.8185059,144.9671863
way/1166108787,Wheelchair Accessible Place,wheelchair_accessible_place,,yes,,,,,True,-37.8179057,144.9668464
way/1166108788,Wheelchair Accessible Place,wheelchair_accessible_place,,yes,,,,,True,-37.8180317,144.9669974
way/1166108789,Wheelchair Accessible Place,wheelchair_accessible_place,,yes,,,,,True,-37.8181649,144.9670546
way/1166108790,Wheelchair Accessible Place,wheelchair_accessible_place,,yes,,,,,True,-37.8183546,144.967146
way/1166108791,Wheelchair Accessible Place,wheelchair_accessible_place,,yes,,,,,True,-37.8184971,144.967216
way/1167339158,Wheelchair Accessible Place,wheelchair_accessible_place,toilets,yes,,24/7,,,True,-37.8107673,145.0578086
node/1167672000,Templeton Street,wheelchair_accessible_place,,yes,,,,,True,-37.8587793,145.2278966
node/1167672027,Templeton Street,wheelchair_accessible_place,,yes,,,,,True,-37.8587169,145.2280898
way/1168473843,Wheelchair Accessible Place,wheelchair_accessible_place,,yes,,,,,True,-37.8997141,144.6611499
way/1168483168,Wheelchair Accessible Place,wheelchair_accessible_place,,yes,,,,,True,-37.9000192,144.6614722
way/1168483169,Wheelchair Accessible Place,wheelchair_accessible_place,,yes,,,,,True,-37.9000097,144.661388
way/1168878871,Wheelchair Accessible Place,wheelchair_accessible_place,,yes,,,,,True,-37.8442476,145.1129167
way/1169234160,Wheelchair Accessible Place,wheelchair_accessible_place,toilets,yes,,,,,True,-37.853755,144.9604066
way/1169252297,Wheelchair Accessible Place,wheelchair_accessible_place,,yes,,,,,True,-37.844135,145.1131343
way/1169252298,Wheelchair Accessible Place,wheelchair_accessible_place,,yes,,,,,True,-37.8443759,145.1130376
way/1169254559,Wheelchair Accessible Place,wheelchair_accessible_place,,yes,,,,,True,-37.8446986,145.1119233
way/1169714286,Wheelchair Accessible Place,wheelchair_accessible_place,,yes,,,,,True,-37.7730721,144.8810216
way/1169714287,Wheelchair Accessible Place,wheelchair_accessible_place,,yes,,,,,True,-37.7734942,144.8809443
way/1170420504,Wheelchair Accessible Place,wheelchair_accessible_place,,yes,,,,,True,-37.8414348,144.9913025
way/1170420505,Wheelchair Accessible Place,wheelchair_accessible_place,,yes,,,,,True,-37.8414037,144.9914698
way/1170420506,Wheelchair Accessible Place,wheelchair_accessible_place,,yes,,,,,True,-37.841419,144.9916167
way/1170420509,Wheelchair Accessible Place,wheelchair_accessible_place,,yes,,,,,True,-37.8413503,144.9916782
way/1170420510,Wheelchair Accessible Place,wheelchair_accessible_place,,yes,,,,,True,-37.8413774,144.9913255
way/1171573244,David Nolte Pharmacy,wheelchair_accessible_place,pharmacy,yes,,Mo-Fr 09:00-18:00; Sa 09:00-13:00,,,True,-37.7884094,144.9717851
way/1174269096,Wheelchair Accessible Place,wheelchair_accessible_place,,yes,,,,,True,-37.8066524,144.9591476
way/1175271527,Wheelchair Accessible Place,wheelchair_accessible_place,,yes,,,,,True,-37.7671913,144.9802643
way/1175550854,Platform 2,wheelchair_accessible_place,,yes,,,Metro Trains Melbourne,,True,-37.810488,144.9924492
way/1180569378,Wheelchair Accessible Place,wheelchair_accessible_place,,yes,,,,,True,-37.8779681,145.0447249
way/1180569379,Wheelchair Accessible Place,wheelchair_accessible_place,,yes,,,,,True,-37.8779625,145.0446697
way/1180569380,Wheelchair Accessible Place,wheelchair_accessible_place,,yes,,,,,True,-37.8779484,145.0446017
way/1180569381,Wheelchair Accessible Place,wheelchair_accessible_place,,yes,,,,,True,-37.877971,145.0451141
way/1180569382,Wheelchair Accessible Place,wheelchair_accessible_place,,yes,,,,,True,-37.8779234,145.0448909
way/1180569384,Wheelchair Accessible Place,wheelchair_accessible_place,,yes,,,,,True,-37.8778982,145.0448957
way/1182843535,Kresta,wheelchair_accessible_place,,yes,,Mo-Sa 09:00-17:00; Su 10:00-16:00,,,True,-37.9749381,145.0689713
node/1186770408,Wheelchair Accessible Place,wheelchair_accessible_place,,yes,,,,,True,-38.3281028,144.9749486
node/1186813051,Oxford,wheelchair_accessible_place,,yes,,,,,True,-37.814564,144.965588
way/1187265602,Wheelchair Accessible Place,wheelchair_accessible_place,,yes,,,,,True,-37.9342306,145.1178306
way/1187271783,Wheelchair Accessible Place,wheelchair_accessible_place,,yes,,,,,True,-37.9302212,145.114613
way/1187271784,Wheelchair Accessible Place,wheelchair_accessible_place,,yes,,,,,True,-37.9284222,145.1169259
way/1187271785,Wheelchair Accessible Place,wheelchair_accessible_place,,yes,,,,,True,-37.9284057,145.117868
way/1187271798,Wheelchair Accessible Place,wheelchair_accessible_place,,yes,,,,,True,-37.9302017,145.1144589
way/1187271800,Wheelchair Accessible Place,wheelchair_accessible_place,,yes,,,,,True,-37.9290651,145.1096979
way/1187271801,Wheelchair Accessible Place,wheelchair_accessible_place,,yes,,,,,True,-37.9278171,145.1124371
way/1187271803,Wheelchair Accessible Place,wheelchair_accessible_place,,yes,,,,,True,-37.9298745,145.1120308
way/1187271804,Wheelchair Accessible Place,wheelchair_accessible_place,,yes,,,,,True,-37.9297555,145.1120542
way/1187271805,Wheelchair Accessible Place,wheelchair_accessible_place,,yes,,,,,True,-37.9286079,145.1108967
way/1187271806,Wheelchair Accessible Place,wheelchair_accessible_place,,yes,,,,,True,-37.9286267,145.1110405
way/1187271808,Wheelchair Accessible Place,wheelchair_accessible_place,,yes,,,,,True,-37.928793,145.1123887
way/1187517833,Platform 2,wheelchair_accessible_place,,yes,,,,,True,-37.7167048,145.0069901
way/1188004672,Wheelchair Accessible Place,wheelchair_accessible_place,,yes,,,,,True,-37.821916,144.9508335
way/1188014648,Wheelchair Accessible Place,wheelchair_accessible_place,,yes,,,,,True,-37.8148336,144.9519581
way/1188022414,Wheelchair Accessible Place,wheelchair_accessible_place,,yes,,,,,True,-37.9567967,145.0474938
way/1189277082,Wheelchair Accessible Place,wheelchair_accessible_place,,yes,,,,,True,-37.9114496,145.1024324
way/1189307182,Wheelchair Accessible Place,wheelchair_accessible_place,,yes,,,,,True,-37.8487678,144.9921081
way/1189533848,Commercial Road Pharmacy,wheelchair_accessible_place,pharmacy,yes,,,,,True,-37.8469487,144.9931489
way/1189820505,Wheelchair Accessible Place,wheelchair_accessible_place,,yes,,,,,True,-37.9276955,145.1190775
way/1189826484,Wheelchair Accessible Place,wheelchair_accessible_place,,yes,,,,,True,-37.9154786,145.1051842
way/1189826948,Wheelchair Accessible Place,wheelchair_accessible_place,,yes,,,,,True,-37.92765,145.1124129
way/1189826949,Wheelchair Accessible Place,wheelchair_accessible_place,,yes,,,,,True,-37.9281146,145.1161805
way/1189962792,Wheelchair Accessible Place,wheelchair_accessible_place,,yes,,,,,True,-37.9288868,145.113534
way/1189962793,Wheelchair Accessible Place,wheelchair_accessible_place,,yes,,,,,True,-37.9287719,145.1135567
way/1190176481,Wheelchair Accessible Place,wheelchair_accessible_place,,yes,,,,,True,-37.9184601,145.104943
way/1190297766,Wheelchair Accessible Place,wheelchair_accessible_place,,yes,,,,,True,-37.8068231,144.9588811
way/1190791868,Wheelchair Accessible Place,wheelchair_accessible_place,,yes,,,,,True,-37.9204382,145.1143647
way/1193524229,Wheelchair Accessible Place,wheelchair_accessible_place,,yes,,,,,True,-37.9285413,145.1189426
way/1193666409,Professors Road,wheelchair_accessible_place,,yes,,,,,True,-37.7966021,144.9601047
way/1193790490,Wheelchair Accessible Place,wheelchair_accessible_place,toilets,yes,,,City of Melbourne,,True,-37.8082356,144.960187
way/1195518666,Wheelchair Accessible Place,wheelchair_accessible_place,,yes,,,,,True,-37.7847617,145.310714
way/1196916948,Dromana Bowls Club,wheelchair_accessible_place,,yes,,,,,True,-38.3396018,144.9532168
way/1199666870,The Fat Goat,wheelchair_accessible_place,bar,yes,,We-Sa 16:00-23:00; Su 15:00-23:00,,,True,-37.90344,145.3293898
way/1199667797,Silhouette Grooming & Pet Supplies,wheelchair_accessible_place,,yes,,Mo 08:45-14:00; Tu-Fr 08:45-17:00; Sa 08:30-12:00,,,True,-37.9032448,145.3304529
way/1199672571,Cherrycore,wheelchair_accessible_place,,yes,,,,,True,-37.903482,145.3307944
way/1199690061,Wheelchair Accessible Place,wheelchair_accessible_place,,yes,,,,,True,-37.9408199,145.1048352
way/1199751652,Hooked Fish and Chips,wheelchair_accessible_place,,yes,,Tu-Th 16:30-20:00; Fr-Sa 16:30-20:30,,,True,-37.9030908,145.3302221
way/1199751656,Upwey Dental,wheelchair_accessible_place,dentist,yes,,Mo-Fr 08:00-18:00; Sa 08:00-13:00,,,True,-37.902981,145.3299892
way/1200735011,Wheelchair Accessible Place,wheelchair_accessible_place,,yes,,Mo-Fr 07:00-18:00,,,True,-37.8169964,144.9634527
way/1200761362,Female Change Rooms,wheelchair_accessible_place,toilets,yes,,,Peninsula Hot Springs,,True,-38.4074841,144.8418424
way/1200764045,Male Change Rooms,wheelchair_accessible_place,toilets,yes,,,Peninsula Hot Springs,,True,-38.4074254,144.8421168
way/1200808319,Wheelchair Accessible Place,wheelchair_accessible_place,,yes,,,,,True,-37.8234564,144.7340473
way/1200808320,Wheelchair Accessible Place,wheelchair_accessible_place,,yes,,,,,True,-37.8234558,144.7340214
way/1201828992,Wheelchair Accessible Place,wheelchair_accessible_place,,yes,,,,,True,-37.8195349,145.1218068
way/1202449009,Wheelchair Accessible Place,wheelchair_accessible_place,toilets,yes,,,,,True,-37.7829912,144.8360189
way/1202786738,Charging Station,wheelchair_accessible_place,,yes,,,,,True,-38.1391093,145.4462615
way/1202786748,Gazebo,wheelchair_accessible_place,,yes,,,,,True,-38.1394867,145.4463285
way/1203391229,Wheelchair Accessible Place,wheelchair_accessible_place,,yes,,,,,True,-37.8193887,145.1224266
node/1204755310,Kmart,wheelchair_accessible_place,,yes,no,"Mo,Sa-Su 08:00-20:00; Tu-Fr 08:00-22:00",,,True,-37.9577482,145.050502
node/1204755319,Myer,wheelchair_accessible_place,,yes,,,,,True,-37.9583401,145.0512215
way/1205669407,Brunswick Neighbourhood House,wheelchair_accessible_place,community_centre,yes,,,Brunswick Neighbourhood House,"Brunswick Neighbourhood House is a not for profit community organisation established in 1980. Offers education, childcare and community activities.",True,-37.7729646,144.9646555
way/1207372204,Wheelchair Accessible Place,wheelchair_accessible_place,,yes,,,,,True,-37.8625447,144.8514909
way/1207372205,Wheelchair Accessible Place,wheelchair_accessible_place,,yes,,,,,True,-37.8619595,144.8528579
node/1211097221,Gaudy & Prim,wheelchair_accessible_place,,yes,,,,,True,-37.801074,144.983767
way/1211762810,Stop 58: Box Hill Central,wheelchair_accessible_place,,yes,,,Keolis Downer,,True,-37.8178448,145.1218895
way/1212423765,Wheelchair Accessible Place,wheelchair_accessible_place,,yes,,,,,True,-37.8414281,144.9916147
way/1212423766,Wheelchair Accessible Place,wheelchair_accessible_place,,yes,,,,,True,-37.8414226,144.9916316
way/1212423767,Wheelchair Accessible Place,wheelchair_accessible_place,,yes,,,,,True,-37.8413889,144.9913231
way/1212423769,Wheelchair Accessible Place,wheelchair_accessible_place,,yes,,,,,True,-37.8413303,144.991652
way/1212423770,Wheelchair Accessible Place,wheelchair_accessible_place,,yes,,,,,True,-37.8413753,144.991642
way/1212423773,Wheelchair Accessible Place,wheelchair_accessible_place,,yes,,,,,True,-37.8413663,144.9913071
way/1213167496,Blackburn North Neighbourhood House,wheelchair_accessible_place,community_centre,yes,,Mo-Fr 09:00-15:30,Whitehorse Community Houses,Formerly known as: Koonung Cottage Community House,True,-37.8094564,145.1525187
way/1213169564,Kerrimuir Neighbourhood House,wheelchair_accessible_place,community_centre,yes,,Mo-Fr 09:00-15:00,Whitehorse Community Houses,,True,-37.8061882,145.1279265
way/1213169565,Clota Cottage Neighbourhood House,wheelchair_accessible_place,community_centre,yes,,Mo-Fr 09:00-15:00,Whitehorse Community Houses,,True,-37.8162703,145.1322966
way/1213440019,Wheelchair Accessible Place,wheelchair_accessible_place,toilets,yes,,,,,True,-37.9458327,145.1324903
way/1214989733,Marlborough Gardens Hostel,wheelchair_accessible_place,social_facility,yes,,,,,True,-37.8336332,145.2298927
way/1215281982,Wheelchair Accessible Place,wheelchair_accessible_place,,yes,,,,,True,-37.8814733,144.7031722
way/1215281983,Wheelchair Accessible Place,wheelchair_accessible_place,,yes,,,,,True,-37.8818408,144.7023096
way/1215281984,Wheelchair Accessible Place,wheelchair_accessible_place,,yes,,,,,True,-37.8815684,144.7027273
way/1215364805,Wheelchair Accessible Place,wheelchair_accessible_place,,yes,,,,,True,-37.8319875,144.6955471
way/1216662925,Tamogo Sushi,wheelchair_accessible_place,restaurant,yes,,,,,True,-37.7982401,144.9841679
way/1217118530,Wheelchair Accessible Place,wheelchair_accessible_place,toilets,yes,,,,,True,-37.9173969,145.5702223
way/1217340419,Melbourne Sexual Health Centre,wheelchair_accessible_place,clinic,yes,,Mo-Fr 08:30-17:00; PH off,,,True,-37.8032039,144.9640449
way/1217678683,Absolute Bliss Health & Beauty,wheelchair_accessible_place,,yes,,,,,True,-38.2211893,145.0401035
way/1217678684,Audika Hearing Clinic Mornington,wheelchair_accessible_place,,yes,,Mo-Fr 08:30-16:30,,,True,-38.2212581,145.040099
way/1217680340,Barry Plant Mornington,wheelchair_accessible_place,,yes,,,,,True,-38.221294,145.0401182
way/1217680341,MM Barbers,wheelchair_accessible_place,,yes,,"Mo-We 09:00-17:30; Th,Fr 09:00-19:00; Sa 09:00-18:00; Su 09:00-17:00",,,True,-38.2213382,145.0401409
way/1217680343,Ouest France Bistro,wheelchair_accessible_place,restaurant,yes,,,,,True,-38.2214634,145.0401673
way/1217680346,The Bloom Room of Mornington,wheelchair_accessible_place,,yes,,,,,True,-38.2218909,145.0403951
way/1217680349,Main Street Kebabs,wheelchair_accessible_place,fast_food,yes,,"Tu-Th,Su 11:00-21:00; Fr,Sa 11:00-22:00",,,True,-38.2218083,145.04035
way/1219283828,Wheelchair Accessible Place,wheelchair_accessible_place,,yes,,,,,True,-37.8131434,144.9745385
way/1219410021,Wheelchair Accessible Place,wheelchair_accessible_place,,yes,,,,,True,-37.8224323,144.9601185
way/1219410022,Wheelchair Accessible Place,wheelchair_accessible_place,,yes,,,,,True,-37.8221916,144.9603695
way/1219665157,Wheelchair Accessible Place,wheelchair_accessible_place,,yes,,,,,True,-37.8209782,144.9716312
way/1220963268,Wheelchair Accessible Place,wheelchair_accessible_place,toilets,yes,,,,,True,-37.9482993,145.1012194
way/1223338688,Wheelchair Accessible Place,wheelchair_accessible_place,,yes,,,,,True,-37.9522769,145.0466168
node/1224384417,Beef O'Brady's,wheelchair_accessible_place,restaurant,yes,yes,,,,True,28.1483834,-80.6723517
node/1224384506,Wheelchair Accessible Place,wheelchair_accessible_place,,yes,,,,,True,28.147022,-80.6728024
way/1225375780,Wheelchair Accessible Place,wheelchair_accessible_place,toilets,yes,,"""I don't see posted hours but I don't think it closes. There is no obvious gate.""",,,True,-37.8295518,144.9818514
way/1228341858,Sacca's Fine Foods,wheelchair_accessible_place,,yes,,,,,True,-37.7321843,144.9516322
node/1229993223,Wheelchair Accessible Place,wheelchair_accessible_place,toilets,yes,,,,,True,-38.2192697,145.03751
way/1230904287,Stop 10: Parkville Station and Royal Melbourne Hospital,wheelchair_accessible_place,,yes,,,Yarra Trams,,True,-37.8001931,144.957442
way/1230904288,Stop 10: Parkville Station and Royal Melbourne Hospital,wheelchair_accessible_place,,yes,,,Yarra Trams,,True,-37.7992236,144.9576834
way/1231331624,Wheelchair Accessible Place,wheelchair_accessible_place,,yes,,,,,True,-37.9365725,145.0427319
way/1231331626,Wheelchair Accessible Place,wheelchair_accessible_place,,yes,,,,,True,-37.9399337,145.0412333
way/1231331627,Wheelchair Accessible Place,wheelchair_accessible_place,,yes,,,,,True,-37.9401289,145.0418579
way/1231880887,Wheelchair Accessible Place,wheelchair_accessible_place,,yes,,,,,True,-37.9478117,145.0489164
way/1231880894,Wheelchair Accessible Place,wheelchair_accessible_place,,yes,,,,,True,-37.9482598,145.0522921
way/1232297420,Longbeach Trail,wheelchair_accessible_place,,yes,,,,,True,-38.0402622,145.1264476
way/1232297421,Longbeach Trail,wheelchair_accessible_place,,yes,,,,,True,-38.0464441,145.1296562
way/1232297422,Longbeach Trail,wheelchair_accessible_place,,yes,,,,,True,-38.0464114,145.1296566
way/1232297423,Longbeach Trail,wheelchair_accessible_place,,yes,,,,,True,-38.0463758,145.1296562
way/1232632191,Wheelchair Accessible Place,wheelchair_accessible_place,,yes,,,,,True,-37.94581,145.0475718
way/1232632196,Wheelchair Accessible Place,wheelchair_accessible_place,,yes,,,,,True,-37.9455868,145.0474625
way/1232632210,Wheelchair Accessible Place,wheelchair_accessible_place,,yes,,,,,True,-37.9446543,145.047442
way/1232632213,Wheelchair Accessible Place,wheelchair_accessible_place,,yes,,,,,True,-37.9420781,145.0471088
way/1232632215,Wheelchair Accessible Place,wheelchair_accessible_place,,yes,,,,,True,-37.9416498,145.0455659
way/1232632218,Wheelchair Accessible Place,wheelchair_accessible_place,,yes,,,,,True,-37.9407988,145.046476
way/1232632224,Wheelchair Accessible Place,wheelchair_accessible_place,,yes,,,,,True,-37.9410898,145.0432641
way/1232632225,Wheelchair Accessible Place,wheelchair_accessible_place,,yes,,,,,True,-37.9413196,145.042953
way/1232632231,Wheelchair Accessible Place,wheelchair_accessible_place,,yes,,,,,True,-37.9351228,145.0440868
way/1232653950,Wheelchair Accessible Place,wheelchair_accessible_place,,yes,,,,,True,-37.9437898,145.0497133
way/1232653952,Wheelchair Accessible Place,wheelchair_accessible_place,,yes,,,,,True,-37.9428095,145.0489274
way/1234789124,Wheelchair Accessible Place,wheelchair_accessible_place,,yes,,,,,True,-38.2295139,145.0453662
way/1236482864,Wheelchair Accessible Place,wheelchair_accessible_place,,yes,,,,,True,-38.0767108,145.1218951
way/1236483197,Wheelchair Accessible Place,wheelchair_accessible_place,toilets,yes,,,,,True,-37.6683034,144.9846783
node/1237251081,Target,wheelchair_accessible_place,,yes,,"Mo,We,Sa 09:00-19:00; Tu,Su 09:00-18:00; Th,Fr 09:00-21:00",,,True,-37.7153992,144.8828891
node/1237251095,Coles,wheelchair_accessible_place,,yes,yes,,Coles Group,,True,-37.7149789,144.88468
node/1237251105,Kmart,wheelchair_accessible_place,,yes,,,,,True,-37.713634,144.8866434
way/1238970390,Wheelchair Accessible Place,wheelchair_accessible_place,,yes,,,,,True,-37.9333504,145.1086523
way/1238970392,Wheelchair Accessible Place,wheelchair_accessible_place,,yes,,,,,True,-37.932274,145.1088645
way/1239070152,Wheelchair Accessible Place,wheelchair_accessible_place,,yes,,,,,True,-37.9293191,145.1094412
way/1239070154,Wheelchair Accessible Place,wheelchair_accessible_place,,yes,,,,,True,-37.9281979,145.1096596
way/1239287414,Greensborough,wheelchair_accessible_place,,yes,,,Metro Trains Melbourne,,True,-37.7037483,145.1078961
node/1239725573,Subway,wheelchair_accessible_place,fast_food,yes,,"Mo-We 09:00-16:30; Th,Fr 09:00-20:00; Sa 10:00-16:00; Su 11:00-16:00",,,True,-37.9734487,145.1208559
way/1240324179,Wheelchair Accessible Place,wheelchair_accessible_place,,yes,,,,,True,-37.9396831,145.0884541
node/1240464956,Chemist Warehouse,wheelchair_accessible_place,pharmacy,yes,,,,,True,-37.846251,144.9944093
node/1240684128,Hungry Jack's,wheelchair_accessible_place,fast_food,yes,,"Su-Th 08:00-22:00; Sa,Su 08:00-23:00",,,True,-37.9299442,145.0323098
node/1240689845,Mercedes-Benz Brighton,wheelchair_accessible_place,,yes,,,,,True,-37.9401764,145.0384545
way/1240902579,Wheelchair Accessible Place,wheelchair_accessible_place,,yes,,,,,True,-37.9263632,145.1019869
way/1242702378,Wheelchair Accessible Place,wheelchair_accessible_place,,yes,,,,,True,-37.9280538,145.1150264
way/1242702382,Wheelchair Accessible Place,wheelchair_accessible_place,,yes,,,,,True,-37.9281261,145.1149475
way/1243102469,Wheelchair Accessible Place,wheelchair_accessible_place,,yes,,,,,True,-37.9266285,145.1041606
way/1243102472,Melalecua Drive,wheelchair_accessible_place,,yes,,,,,True,-37.930184,145.1061948
way/1243102474,Wheelchair Accessible Place,wheelchair_accessible_place,,yes,,,,,True,-37.9295948,145.1057133
way/1243102475,Wheelchair Accessible Place,wheelchair_accessible_place,,yes,,,,,True,-37.9293956,145.1051688
way/1243103326,Wheelchair Accessible Place,wheelchair_accessible_place,,yes,,,,,True,-37.9182824,145.1038463
way/1243108504,Wheelchair Accessible Place,wheelchair_accessible_place,,yes,,,,,True,-37.9184905,145.1049541
way/1243108505,Wheelchair Accessible Place,wheelchair_accessible_place,,yes,,,,,True,-37.9214547,145.1067172
way/1243108506,Wheelchair Accessible Place,wheelchair_accessible_place,,yes,,,,,True,-37.9203653,145.1058351
way/1243108508,Wheelchair Accessible Place,wheelchair_accessible_place,,yes,,,,,True,-37.9201776,145.1048174
way/1243108509,Wheelchair Accessible Place,wheelchair_accessible_place,,yes,,,,,True,-37.9206209,145.10649
way/1243108510,Wheelchair Accessible Place,wheelchair_accessible_place,,yes,,,,,True,-37.9185686,145.1054284
way/1243108512,Wheelchair Accessible Place,wheelchair_accessible_place,,yes,,,,,True,-37.9211557,145.1052439
way/1243108518,Lillyturfs Walk,wheelchair_accessible_place,,yes,,,,,True,-37.9212795,145.1070427
way/1243108519,Wheelchair Accessible Place,wheelchair_accessible_place,,yes,,,,,True,-37.9213841,145.1065354
way/1243108520,Wheelchair Accessible Place,wheelchair_accessible_place,,yes,,,,,True,-37.9212811,145.1065555
way/1243108524,Tanika Walk,wheelchair_accessible_place,,yes,,,,,True,-37.9214703,145.1069973
way/1243108525,Westringia Walk,wheelchair_accessible_place,,yes,,,,,True,-37.9216863,145.1080444
way/1243109104,Wheelchair Accessible Place,wheelchair_accessible_place,,yes,,,,,True,-37.9265509,145.1086032
way/1243109106,Wheelchair Accessible Place,wheelchair_accessible_place,,yes,,,,,True,-37.9231274,145.108426
way/1245095973,Wheelchair Accessible Place,wheelchair_accessible_place,,yes,,,,,True,-37.9327132,145.1077775
way/1245095975,Wheelchair Accessible Place,wheelchair_accessible_place,,yes,,,,,True,-37.9328673,145.1077168
way/1245110696,Wheelchair Accessible Place,wheelchair_accessible_place,,yes,,,,,True,-37.7558002,145.068331
way/1245110697,Wheelchair Accessible Place,wheelchair_accessible_place,,yes,,,,,True,-37.7559541,145.0682077
way/1245745259,Wheelchair Accessible Place,wheelchair_accessible_place,,yes,,,,,True,-37.8977225,145.1148473
way/1245751077,Wheelchair Accessible Place,wheelchair_accessible_place,,yes,,,,,True,-37.885621,145.1118359
way/1245751079,Wheelchair Accessible Place,wheelchair_accessible_place,,yes,,,,,True,-37.8876391,145.1097192
way/1245751083,Wheelchair Accessible Place,wheelchair_accessible_place,,yes,,,,,True,-37.8855929,145.1081132
way/1245751085,Wheelchair Accessible Place,wheelchair_accessible_place,,yes,,,,,True,-37.8871014,145.1081941
node/1247896827,St. Andrews Somerville,wheelchair_accessible_place,place_of_worship,yes,,,,,True,-38.223211,145.1742652
node/1248169185,Wheelchair Accessible Place,wheelchair_accessible_place,toilets,yes,,,,,True,-37.8706801,144.8307977
node/1248465795,Wheelchair Accessible Place,wheelchair_accessible_place,,yes,,,,,True,-37.862399,145.2443285
node/1248465796,Wheelchair Accessible Place,wheelchair_accessible_place,,yes,,,,,True,-37.8626308,145.2458841
node/1248465797,Wheelchair Accessible Place,wheelchair_accessible_place,,yes,,,,,True,-37.8627593,145.2459112
node/1248465798,Wheelchair Accessible Place,wheelchair_accessible_place,,yes,,,,,True,-37.8624974,145.2441689
node/1248478007,Wheelchair Accessible Place,wheelchair_accessible_place,,yes,,,,,True,-37.862292,145.2486322
node/1248478008,Wheelchair Accessible Place,wheelchair_accessible_place,,yes,,,,,True,-37.8622825,145.2490947
node/1249080195,Subway,wheelchair_accessible_place,fast_food,yes,,Mo-Su 8:00-22:00,,,True,-37.8080312,144.9600343
way/1249437977,Wheelchair Accessible Place,wheelchair_accessible_place,,yes,,,,,True,-37.6744538,144.850332
way/1249437978,Wheelchair Accessible Place,wheelchair_accessible_place,,yes,,,,,True,-37.6737838,144.8502068
way/1249801781,Wheelchair Accessible Place,wheelchair_accessible_place,,yes,,,,,True,-37.9430743,145.0531935
way/1249801791,Wheelchair Accessible Place,wheelchair_accessible_place,,yes,,,,,True,-37.9414533,145.0542073
way/1249870593,Wheelchair Accessible Place,wheelchair_accessible_place,,yes,,,,,True,-37.9364568,145.0613118
way/1250628853,Wheelchair Accessible Place,wheelchair_accessible_place,,yes,,,,,True,-38.0530625,145.1135512
way/1250985528,Wheelchair Accessible Place,wheelchair_accessible_place,,yes,,,,,True,-38.0540682,145.1160717
way/1251054128,The General Assembly,wheelchair_accessible_place,pub,yes,,"Mo-Su 11:30-21:00; Fr,Sa 11:30-23:00",,,True,-37.8242123,144.9518419
way/1251054130,Plus 5,wheelchair_accessible_place,bar,yes,,,,,True,-37.8241915,144.9511803
way/1251054131,Cargo Hall,wheelchair_accessible_place,events_venue,yes,,,,,True,-37.8241828,144.9509043
way/1251054133,Munich Brauhaus,wheelchair_accessible_place,restaurant,yes,,,,,True,-37.82413,144.9500314
node/1252106851,McDonald's,wheelchair_accessible_place,fast_food,yes,,24/7,,,True,-37.7529515,145.0514807
way/1253466912,Wheelchair Accessible Place,wheelchair_accessible_place,,yes,,,,,True,-37.6835502,144.9879403
way/1253495833,Wheelchair Accessible Place,wheelchair_accessible_place,,yes,,,,,True,-37.6714969,144.9971547
way/1253495837,Wheelchair Accessible Place,wheelchair_accessible_place,,yes,,,,,True,-37.6715509,144.9974803
way/1253495842,Wheelchair Accessible Place,wheelchair_accessible_place,,yes,,,,,True,-37.6714914,144.9971139
way/1253806603,Wheelchair Accessible Place,wheelchair_accessible_place,,yes,,,,,True,-37.9499271,145.0451375
way/1253806619,Wheelchair Accessible Place,wheelchair_accessible_place,,yes,,,,,True,-37.9487565,145.0419088
way/1253806629,Wheelchair Accessible Place,wheelchair_accessible_place,,yes,,,,,True,-37.9502663,145.0446634
way/1253808109,Wheelchair Accessible Place,wheelchair_accessible_place,,yes,,,,,True,-37.9432813,145.0494499
way/1253876830,Wheelchair Accessible Place,wheelchair_accessible_place,,yes,,,,,True,-37.9496149,145.0434686
way/1253883142,Wheelchair Accessible Place,wheelchair_accessible_place,,yes,,,,,True,-37.6467841,144.9324213
way/1253883147,Wheelchair Accessible Place,wheelchair_accessible_place,,yes,,,,,True,-37.6469823,144.9324554
way/1254218378,Wheelchair Accessible Place,wheelchair_accessible_place,,yes,,,,,True,-37.9401735,145.053255
way/1254218383,Wheelchair Accessible Place,wheelchair_accessible_place,,yes,,,,,True,-37.9414869,145.0527079
way/1254218385,Wheelchair Accessible Place,wheelchair_accessible_place,,yes,,,,,True,-37.941879,145.0526352
way/1254218391,Wheelchair Accessible Place,wheelchair_accessible_place,,yes,,,,,True,-37.9418301,145.0524431
way/1254243773,Wheelchair Accessible Place,wheelchair_accessible_place,,yes,,,,,True,-37.8785728,145.0452585
way/1254486770,Wheelchair Accessible Place,wheelchair_accessible_place,,yes,,,,,True,-37.9445081,145.051261
way/1254517020,Wheelchair Accessible Place,wheelchair_accessible_place,,yes,,,,,True,-37.9396126,145.0630091
way/1254517032,Wheelchair Accessible Place,wheelchair_accessible_place,,yes,,,,,True,-37.9357124,145.0605705
way/1254517041,Wheelchair Accessible Place,wheelchair_accessible_place,,yes,,,,,True,-37.9371072,145.0650776
way/1254517056,Wheelchair Accessible Place,wheelchair_accessible_place,,yes,,,,,True,-37.9358799,145.0615643
way/1254517058,Wheelchair Accessible Place,wheelchair_accessible_place,,yes,,,,,True,-37.9387707,145.0738587
way/1254738125,Wheelchair Accessible Place,wheelchair_accessible_place,,yes,,,,,True,-37.9496431,145.0586372
way/1254738128,Wheelchair Accessible Place,wheelchair_accessible_place,,yes,,,,,True,-37.9514154,145.0578327
way/1254738828,Wheelchair Accessible Place,wheelchair_accessible_place,,yes,,,,,True,-38.044765,145.3686323
way/1255426813,Victoria Container Deposit Scheme machine,wheelchair_accessible_place,recycling,yes,,24/7,Victoria Container Deposit Scheme https://cdsvic.org.au/,,True,-37.6893753,144.9602828
way/1255799265,Mullum Mullum Trail,wheelchair_accessible_place,,yes,,,,,True,-37.7651261,145.1826554
way/1255799266,Mullum Mullum Trail,wheelchair_accessible_place,,yes,,,,,True,-37.7577169,145.1813318
way/1255799267,Mullum Mullum Trail,wheelchair_accessible_place,,yes,,,,,True,-37.7538708,145.1791124
way/1255799268,Mullum Mullum Trail,wheelchair_accessible_place,,yes,,,,,True,-37.749455,145.1740188
way/1255824348,Diamond Creek Trail,wheelchair_accessible_place,,yes,,,,,True,-37.7281311,145.1415837
way/1255861221,Wheelchair Accessible Place,wheelchair_accessible_place,,yes,,,,,True,-37.8610671,145.0600908
way/1255861222,Wheelchair Accessible Place,wheelchair_accessible_place,,yes,,,,,True,-37.8606114,145.0618148
way/1255861223,Wheelchair Accessible Place,wheelchair_accessible_place,,yes,,,,,True,-37.8606341,145.0618139
way/1256789697,Wheelchair Accessible Place,wheelchair_accessible_place,,yes,,,,,True,-37.6561405,144.9321833
way/1257414940,Lilydale,wheelchair_accessible_place,,yes,,,Metro Trains Melbourne,,True,-37.7571581,145.3458657
way/1257689034,Wheelchair Accessible Place,wheelchair_accessible_place,,yes,,,,,True,-37.8193004,145.1227032
way/1258018804,Wheelchair Accessible Place,wheelchair_accessible_place,,yes,,,,,True,-37.8426867,145.1180695
way/1258626497,Vital Effect,wheelchair_accessible_place,clinic,yes,,,,,True,-37.8655131,145.0292372
way/1258961881,Carlton Library,wheelchair_accessible_place,library,yes,,"Mo,We,Fr 10:00-18:00; Tu,Th 10:00-20:00; Sa 10:00-16:00; Su 14:00-17:00",,,True,-37.7894553,144.9715865
way/1259661990,Plush,wheelchair_accessible_place,,yes,,Mo-Sa 09:00-17:30; Su 10:00-17:30,,,True,-37.7410069,145.0270071
way/1261382201,Outlook Gardens Aged Care,wheelchair_accessible_place,social_facility,yes,,,,,True,-37.9396344,145.2116532
way/1261404364,Wheelchair Accessible Place,wheelchair_accessible_place,toilets,yes,,,,,True,-37.9538455,145.2125056
way/1262028938,Dandenong Creek Trail,wheelchair_accessible_place,,yes,,,,,True,-37.9509429,145.2263089
way/1262565965,Wheelchair Accessible Place,wheelchair_accessible_place,,yes,,,,,True,-37.9623684,145.0404741
way/1262820963,Rosswood Tenis Club / Tennis One Academy,wheelchair_accessible_place,,yes,,Mo-Su 06:00-22:00,,,True,-37.9459195,145.219036
way/1262820964,Wheelchair Accessible Place,wheelchair_accessible_place,,yes,,,,,True,-37.9461041,145.2191227
way/1262820966,Wheelchair Accessible Place,wheelchair_accessible_place,,yes,,,,,True,-37.945913,145.2190868
way/1262820967,Wheelchair Accessible Place,wheelchair_accessible_place,,yes,,,,,True,-37.9458146,145.2191049
way/1262950721,Wheelchair Accessible Place,wheelchair_accessible_place,,yes,,,,,True,-37.9504345,145.2199508
node/1264482714,Scorptec,wheelchair_accessible_place,,yes,,Mo-Fr 09:30-18:00; Sa 10:00-15:00,,,True,-37.9188043,145.1472133
way/1266662324,Wheelchair Accessible Place,wheelchair_accessible_place,toilets,yes,,,,,True,-37.7857586,145.3141664
way/1268525974,Wheelchair Accessible Place,wheelchair_accessible_place,,yes,,,,,True,-37.8265542,144.8819389
way/1268525979,Wheelchair Accessible Place,wheelchair_accessible_place,,yes,,,,,True,-37.8269021,144.8819871
way/1268525980,Wheelchair Accessible Place,wheelchair_accessible_place,,yes,,,,,True,-37.8272379,144.8826061
way/1268663528,Rathdowne Cellars,wheelchair_accessible_place,,yes,,"Mo-We,Su 11:00-19:00; Th-Sa 11:00-21:00",,"Bottle shop that specializes in wine, but also sells a range of beers, spirits, etc.",True,-37.7903727,144.9720461
way/1268881557,Wheelchair Accessible Place,wheelchair_accessible_place,,yes,,,,,True,-37.7868395,144.9378478
way/1268881563,Wheelchair Accessible Place,wheelchair_accessible_place,,yes,,,,,True,-37.7857528,144.9359334
way/1268881564,Wheelchair Accessible Place,wheelchair_accessible_place,,yes,,,,,True,-37.7861662,144.9359606
way/1268881565,Wheelchair Accessible Place,wheelchair_accessible_place,,yes,,,,,True,-37.7876349,144.9382813
way/1268881566,Wheelchair Accessible Place,wheelchair_accessible_place,,yes,,,,,True,-37.7868356,144.9379676
way/1268881567,Wheelchair Accessible Place,wheelchair_accessible_place,,yes,,,,,True,-37.7872802,144.9381682
way/1268881568,Wheelchair Accessible Place,wheelchair_accessible_place,,yes,,,,,True,-37.7874519,144.9380276
way/1268881570,Wheelchair Accessible Place,wheelchair_accessible_place,,yes,,,,,True,-37.7862293,144.9382174
way/1268881571,Wheelchair Accessible Place,wheelchair_accessible_place,,yes,,,,,True,-37.7874353,144.9377477
way/1268929645,Regis Dandenong North,wheelchair_accessible_place,social_facility,yes,,,Regis,,True,-37.9543996,145.1974608
way/1270289277,Wheelchair Accessible Place,wheelchair_accessible_place,,yes,,,,,True,-37.8269354,144.8822556
way/1270425555,Wheelchair Accessible Place,wheelchair_accessible_place,,yes,,,,,True,-37.9382507,145.08825
node/1270779273,Chives Cafe,wheelchair_accessible_place,cafe,yes,,,,,True,-37.9619038,145.0188465
way/1271634256,Tarralla Creek Trail,wheelchair_accessible_place,,yes,,,,,True,-37.8073992,145.2782263
way/1272696143,IGA Xpress Oakleigh East,wheelchair_accessible_place,,yes,,"Mo-Th,Su 07:00-22:00; Fr 07:00-23:00; Sa 07:30-23:00",IGA,,True,-37.8981983,145.1150827
way/1272696146,ASTER MACRINA ST LAUNDRY,wheelchair_accessible_place,,yes,,Mo-Su 06:30-22:30,,,True,-37.8983443,145.1150309
way/1272696148,Tarantino's Pizzeria,wheelchair_accessible_place,restaurant,yes,,"Mo,We,Th,Su 16:30-21:30; Tu closed; Fr,Sa 16:30-22:30",,,True,-37.898441,145.1149994
way/1273071787,PEGS Keilor East - New Gym,wheelchair_accessible_place,,yes,,,PEGS,,True,-37.7326518,144.8695291
way/1273091400,Wheelchair Accessible Place,wheelchair_accessible_place,toilets,yes,,,,,True,-37.8154444,145.1216513
way/1276789266,Wheelchair Accessible Place,wheelchair_accessible_place,,yes,,,,,True,-37.7921452,144.8754856
node/1276933021,Wheelchair Accessible Place,wheelchair_accessible_place,toilets,yes,,,,,True,-37.6948036,145.0468612
way/1277607208,Wheelchair Accessible Place,wheelchair_accessible_place,,yes,,,,,True,-37.786105,144.8885884
way/1277607209,Wheelchair Accessible Place,wheelchair_accessible_place,,yes,,,,,True,-37.7859754,144.8885346
way/1277607210,Wheelchair Accessible Place,wheelchair_accessible_place,,yes,,,,,True,-37.7861329,144.8888123
node/1277945598,Barkly Street/Geelong Road,wheelchair_accessible_place,,yes,,,Sita Buslines,,True,-37.79877,144.8931637
node/1278129202,ALDI,wheelchair_accessible_place,,yes,,Mo-Su 08:30-20:00,,,True,-37.7315698,144.7427972
way/1278402776,Wheelchair Accessible Place,wheelchair_accessible_place,toilets,yes,,,,,True,-37.5922882,145.1000363
way/1278483400,Wheelchair Accessible Place,wheelchair_accessible_place,,yes,,,,,True,-37.7992796,144.9606728
way/1278483401,Wheelchair Accessible Place,wheelchair_accessible_place,,yes,,,,,True,-37.7991861,144.9606915
way/1278696341,Wheelchair Accessible Place,wheelchair_accessible_place,,yes,,,,,True,-37.8804769,144.6199748
way/1278696343,Wheelchair Accessible Place,wheelchair_accessible_place,,yes,,,,,True,-37.8760658,144.6157758
way/1278933055,Ramp,wheelchair_accessible_place,,yes,,,,,True,-37.7577341,145.3496536
node/1279106976,Wheelchair Accessible Place,wheelchair_accessible_place,toilets,yes,,,,,True,-37.768533,145.041797
node/1279148054,Big W,wheelchair_accessible_place,,yes,,"Mo-We,Sa 08:00-18:00; Th-Fr 08:00-21:00; Su 09:00-18:00",Woolworths Group Limited,,True,-37.7850035,145.1265086
node/1279148067,Kmart,wheelchair_accessible_place,,yes,,Mo-Fr 08:00-22:00; Sa-Su 09:00-20:00; PH closed,,,True,-37.7847366,145.1264979
way/1279261057,Wheelchair Accessible Place,wheelchair_accessible_place,toilets,yes,,sunrise-sunset,Bayside City Council,,True,-37.9225774,144.9999229
way/1279261058,Wheelchair Accessible Place,wheelchair_accessible_place,,yes,,,,,True,-37.9225011,144.9999101
way/1279873768,Wheelchair Accessible Place,wheelchair_accessible_place,toilets,yes,,24/7,,,True,-37.7552934,145.0723087
node/1279999348,7-Eleven,wheelchair_accessible_place,,yes,,,,,True,-37.8132,144.9601051
way/1281884696,Wheelchair Accessible Place,wheelchair_accessible_place,toilets,yes,,,,,True,-37.9189011,144.6439365
node/1282403370,Cignall,wheelchair_accessible_place,,yes,,,,,True,-37.8139144,144.9599936
node/1282403408,Sebastian Kakigori,wheelchair_accessible_place,restaurant,yes,,Mo-Fr 15:00-22:00; Sa 13:00-22:30; Su 13:00-21:30,,,True,-37.8139697,144.9600105
node/1282403409,Speck,wheelchair_accessible_place,cafe,yes,,,,,True,-37.8133966,144.9597518
node/1282403411,Nourish Salads,wheelchair_accessible_place,cafe,yes,,,,,True,-37.8134535,144.9597726
way/1283543025,Wheelchair Accessible Place,wheelchair_accessible_place,,yes,,,,,True,-37.9017219,145.3569875
way/1284598734,Manor Court Werribee Aged Care,wheelchair_accessible_place,social_facility,yes,,,,,True,-37.8960891,144.657382
way/1285227741,Wheelchair Accessible Place,wheelchair_accessible_place,,yes,,,,,True,-37.7991389,144.8292159
way/1285227743,Wheelchair Accessible Place,wheelchair_accessible_place,,yes,,,,,True,-37.7978181,144.8312359
way/1285227747,Wheelchair Accessible Place,wheelchair_accessible_place,,yes,,,,,True,-37.8000006,144.8292383
way/1285227748,Wheelchair Accessible Place,wheelchair_accessible_place,,yes,,,,,True,-37.7990463,144.8289612
way/1285227756,Buckingham Reserve Playground,wheelchair_accessible_place,,yes,,,,,True,-37.7987825,144.8288423
way/1285819187,Wheelchair Accessible Place,wheelchair_accessible_place,,yes,,,,,True,-37.7348602,144.6460527
way/1285823505,Victoria Container Deposit Scheme machine,wheelchair_accessible_place,recycling,yes,,24/7,Victoria Container Deposit Scheme https://cdsvic.org.au/,,True,-37.7102713,144.9512638
way/1285833952,Wheelchair Accessible Place,wheelchair_accessible_place,,yes,,,,,True,-37.7858781,144.8885525
way/1285833953,Wheelchair Accessible Place,wheelchair_accessible_place,,yes,,,,,True,-37.7863045,144.8888238
way/1286493235,Beach Access Matting,wheelchair_accessible_place,,yes,,,,"There is a 40m beach access mat leading to the water. It is for use with the floating beach wheelchairs, available from the Hampton Life Saving Club (book online).",True,-37.9381336,144.9976832
node/1287222216,Elgin Street/Lygon Street,wheelchair_accessible_place,,yes,,,Transdev,,True,-37.797333,144.9675033
node/1287239230,Wheelchair Accessible Place,wheelchair_accessible_place,,yes,,,,,True,-37.798324,144.9659072
node/1287339171,Wheelchair Accessible Place,wheelchair_accessible_place,,yes,,,,,True,-37.7987255,144.9674314
node/1287339209,Wheelchair Accessible Place,wheelchair_accessible_place,,yes,,,,,True,-37.7986423,144.9674483
node/1287339236,Wheelchair Accessible Place,wheelchair_accessible_place,,yes,,,,,True,-37.7985556,144.9673633
node/1287339272,Wheelchair Accessible Place,wheelchair_accessible_place,,yes,,,,,True,-37.7985443,144.9672537
node/1287339281,Wheelchair Accessible Place,wheelchair_accessible_place,,yes,,,,,True,-37.7987779,144.967209
way/1288204282,Wheelchair Accessible Place,wheelchair_accessible_place,,yes,,,,,True,-37.9166925,144.9867643
way/1288575578,Wheelchair Accessible Place,wheelchair_accessible_place,,yes,,,,,True,-37.9174283,144.9864094
way/1289497111,Keon Park,wheelchair_accessible_place,,yes,,,Metro Trains Melbourne,,True,-37.6958419,145.0116957
node/1289570174,ALDI,wheelchair_accessible_place,,yes,,Mo-Su 08:30-20:00,,,True,-37.7028795,145.1033101
way/1289755891,Wheelchair Accessible Place,wheelchair_accessible_place,,yes,,,,,True,-37.7998554,144.9572677
way/1289755892,Wheelchair Accessible Place,wheelchair_accessible_place,,yes,,,,,True,-37.8000025,144.9572299
way/1289755900,Wheelchair Accessible Place,wheelchair_accessible_place,,yes,,,,,True,-37.7996038,144.9571836
way/1290587207,Wheelchair Accessible Place,wheelchair_accessible_place,,yes,,,,,True,-37.9225406,144.999864
way/1290587208,Wheelchair Accessible Place,wheelchair_accessible_place,,yes,,,,,True,-37.9225429,144.999884
way/1290587209,Wheelchair Accessible Place,wheelchair_accessible_place,,yes,,,,,True,-37.9225498,144.9999429
way/1290587210,Wheelchair Accessible Place,wheelchair_accessible_place,,yes,,,,,True,-37.9225617,144.9999882
way/1290599786,State Library Station,wheelchair_accessible_place,,yes,,,,,True,-37.8094729,144.9633442
way/1291625495,Wheelchair Accessible Place,wheelchair_accessible_place,,yes,,,The Baths,,True,-37.9101179,144.9854886
way/1291625505,Wheelchair Accessible Place,wheelchair_accessible_place,,yes,,,,,True,-37.9100077,144.9855323
way/1292291957,Wheelchair Accessible Place,wheelchair_accessible_place,,yes,,,,,True,-37.910533,144.9980883
way/1292291958,Wheelchair Accessible Place,wheelchair_accessible_place,,yes,,,,,True,-37.9106039,144.9979896
way/1292291960,Wheelchair Accessible Place,wheelchair_accessible_place,,yes,,,,,True,-37.910482,144.9981564
way/1292291965,Wheelchair Accessible Place,wheelchair_accessible_place,,yes,,,,,True,-37.9106228,144.998046
way/1292291966,Wheelchair Accessible Place,wheelchair_accessible_place,,yes,,,,,True,-37.9105781,144.9980602
way/1292291967,Wheelchair Accessible Place,wheelchair_accessible_place,,yes,,,,,True,-37.9106156,144.9980125
node/1292397868,Eyes On,wheelchair_accessible_place,,yes,,Mo-Fr 09:00-17:00,,,True,-37.8141059,144.960091
node/1293175217,McDonald's,wheelchair_accessible_place,fast_food,yes,,,,,True,-37.8098526,144.9627307
node/1293175218,Oporto,wheelchair_accessible_place,fast_food,yes,,,,,True,-37.8103685,144.962566
node/1293175479,Subway,wheelchair_accessible_place,fast_food,yes,,,,,True,-37.8102329,144.9627323
way/1293799469,Frankston Station Multistory Carpark,wheelchair_accessible_place,parking,yes,,Mo-Su 00:00-00:00,,,True,-38.1425303,145.1267408
way/1293884329,Platform 1,wheelchair_accessible_place,,yes,,,Metro Trains Melbourne,,True,-37.7953313,145.2805776
way/1293884330,Platform 2,wheelchair_accessible_place,,yes,,,Metro Trains Melbourne,,True,-37.7952231,145.2804754
way/1295140024,Wheelchair Accessible Place,wheelchair_accessible_place,,yes,,,,,True,-37.9256297,145.1086282
way/1295140058,Wheelchair Accessible Place,wheelchair_accessible_place,,yes,,,,,True,-37.9272589,145.1045425
way/1296973071,Kananook Creek Trail,wheelchair_accessible_place,,yes,,,,,True,-38.1033477,145.1275905
way/1296973072,Kananook Creek Trail,wheelchair_accessible_place,,yes,,,,,True,-38.1034473,145.1275937
way/1298255563,Taco Bell,wheelchair_accessible_place,fast_food,yes,,Mo-Su 10:00-23:00,,,True,-37.8814471,144.6827368
way/1298818603,Narre Warren Police Station,wheelchair_accessible_place,police,yes,,24/7,Victoria Police,,True,-38.0257732,145.3111495
way/1301684987,Wheelchair Accessible Place,wheelchair_accessible_place,,yes,,,,,True,-37.9001282,145.0882319
way/1301897644,Wheelchair Accessible Place,wheelchair_accessible_place,,yes,,,,,True,-37.9002854,145.0879572
way/1301897655,Wheelchair Accessible Place,wheelchair_accessible_place,toilets,yes,,,,,True,-37.9007388,145.0886494
way/1301897665,Wheelchair Accessible Place,wheelchair_accessible_place,,yes,,,,,True,-37.900323,145.0879938
way/1301972913,Bupa Aged Care South Morang,wheelchair_accessible_place,social_facility,yes,,,,,True,-37.6542616,145.0884583
way/1302399013,Wheelchair Accessible Place,wheelchair_accessible_place,,yes,,,,,True,-37.9002799,145.0879384
way/1304053317,Wheelchair Accessible Place,wheelchair_accessible_place,,yes,,,,,True,-37.7997771,144.9591987
way/1304092201,Wheelchair Accessible Place,wheelchair_accessible_place,,yes,,,,,True,-37.9172263,145.1025664
way/1304092202,Wheelchair Accessible Place,wheelchair_accessible_place,,yes,,,,,True,-37.9171908,145.102576
way/1304092215,Wheelchair Accessible Place,wheelchair_accessible_place,,yes,,,,,True,-37.9129523,145.1041133
way/1304092216,Wheelchair Accessible Place,wheelchair_accessible_place,,yes,,,,,True,-37.9134456,145.1047582
way/1304345835,Wheelchair Accessible Place,wheelchair_accessible_place,toilets,yes,,,,,True,-38.0860502,145.1870664
way/1304481497,Wheelchair Accessible Place,wheelchair_accessible_place,,yes,,,,,True,-37.9587618,145.0522543
way/1304481503,Wheelchair Accessible Place,wheelchair_accessible_place,,yes,,,,,True,-37.9590296,145.0498238
way/1304481506,Wheelchair Accessible Place,wheelchair_accessible_place,,yes,,,,,True,-37.9592219,145.0535884
way/1304481507,Wheelchair Accessible Place,wheelchair_accessible_place,,yes,,,,,True,-37.9594993,145.0538214
node/1304706141,Dan Murphy's,wheelchair_accessible_place,,yes,no,,,,True,-37.9976087,145.0845767
way/1305187664,Wheelchair Accessible Place,wheelchair_accessible_place,,yes,,,,,True,-38.0429107,145.1278486
way/1305336495,Entrance/Exit 1 - Grattan Street East,wheelchair_accessible_place,,yes,,,,,True,-37.7997335,144.959053
way/1306695127,Wheelchair Accessible Place,wheelchair_accessible_place,toilets,yes,,,,,True,-37.7701548,144.9771846
way/1306738568,Wheelchair Accessible Place,wheelchair_accessible_place,,yes,,,,,True,-38.0897079,145.1331616
node/1306862452,Wheelchair Accessible Place,wheelchair_accessible_place,,yes,,,,,True,-37.7727147,144.9616815
node/1307353846,Frank Street/Tram Road,wheelchair_accessible_place,,yes,,,Kinetic,,True,-37.7936182,145.1260845
node/1307730262,McGlone Street,wheelchair_accessible_place,,yes,,,Transdev;Ventura,,True,-37.8173132,145.1878512
node/1307754435,Alexander Street,wheelchair_accessible_place,,yes,,,Transdev,,True,-37.8168242,145.1894612
way/1309198460,Wheelchair Accessible Place,wheelchair_accessible_place,,yes,,,,,True,-37.6224948,145.0974045
way/1310489983,Wheelchair Accessible Place,wheelchair_accessible_place,,yes,,,,,True,-37.6448535,144.9755555
way/1310760166,Abacus,wheelchair_accessible_place,restaurant,yes,yes,,,,True,-37.8456568,144.9941268
way/1312938170,Stop 6: Melbourne Central and State Library Stations,wheelchair_accessible_place,,yes,,,Yarra Trams,,True,-37.8093801,144.9644022
way/1312938171,Stop 6: Melbourne Central and State Library Stations,wheelchair_accessible_place,,yes,,,Yarra Trams,,True,-37.8094556,144.9644353
way/1313207346,Wheelchair Accessible Place,wheelchair_accessible_place,,yes,,,,,True,-37.9169447,144.9869501
way/1313383959,Wheelchair Accessible Place,wheelchair_accessible_place,,yes,,,,,True,-37.9173374,144.9864536
way/1313384134,Wheelchair Accessible Place,wheelchair_accessible_place,,yes,,,,,True,-37.9169796,144.9866258
node/1313710047,BWS,wheelchair_accessible_place,,yes,,,,,True,-37.8662587,145.0936463
way/1314280203,Wheelchair Accessible Place,wheelchair_accessible_place,,yes,,,,,True,-37.8113535,144.9633654
way/1314280204,Wheelchair Accessible Place,wheelchair_accessible_place,,yes,,,,,True,-37.8105831,144.9630207
way/1314280205,Wheelchair Accessible Place,wheelchair_accessible_place,,yes,,,,,True,-37.8113583,144.9633667
way/1314280206,Wheelchair Accessible Place,wheelchair_accessible_place,,yes,,,,,True,-37.8110925,144.9632121
way/1314280539,Wheelchair Accessible Place,wheelchair_accessible_place,,yes,,,,,True,-37.8103172,144.9625854
way/1314281106,Wheelchair Accessible Place,wheelchair_accessible_place,,yes,,,,,True,-37.8103144,144.9624314
way/1314281453,Wheelchair Accessible Place,wheelchair_accessible_place,,yes,,,,,True,-37.8101528,144.9626938
way/1314792891,St Joseph's Mews Retirement Apartments,wheelchair_accessible_place,social_facility,yes,,,VMCH,,True,-37.8201372,145.0259683
way/1315668295,Wheelchair Accessible Place,wheelchair_accessible_place,,yes,,,,,True,-37.8018018,144.8839857
way/1318569591,Kernot Road,wheelchair_accessible_place,,yes,,,,,True,-37.7995947,144.9604109
way/1318569598,Kernot Road,wheelchair_accessible_place,,yes,,,,,True,-37.7992622,144.9594753
way/1318569601,Professors Walk,wheelchair_accessible_place,,yes,,,,,True,-37.7971989,144.9598731
way/1318569602,Professors Walk,wheelchair_accessible_place,,yes,,,,,True,-37.7968178,144.95995
way/1318570817,Zara,wheelchair_accessible_place,restaurant,yes,,,,,True,-37.7507377,144.9653275
way/1322035109,Wheelchair Accessible Place,wheelchair_accessible_place,,yes,,,,,True,-37.8532441,145.3734631
way/1322035910,Wheelchair Accessible Place,wheelchair_accessible_place,toilets,yes,,,,,True,-37.8536531,145.3723554
way/1323391665,Mooroolbark Residential Aged Care Facility,wheelchair_accessible_place,social_facility,yes,,,Eastern Health,,True,-37.7921722,145.3184648
way/1323525842,Wheelchair Accessible Place,wheelchair_accessible_place,,yes,,,,,True,-37.8602285,145.2787143
way/1323543302,Wheelchair Accessible Place,wheelchair_accessible_place,,yes,,,,,True,-37.8554348,145.260317
way/1323544863,Wheelchair Accessible Place,wheelchair_accessible_place,,yes,,,,,True,-37.8553088,145.2608193
way/1325574415,Wheelchair Accessible Place,wheelchair_accessible_place,,yes,,,,,True,-37.8113589,144.9633465
way/1325598628,Y3 Smiles Dental,wheelchair_accessible_place,dentist,yes,,Mo-Fr 09:00-17:30; Sa 09:00-13:00; Su off,,,True,-37.6790695,144.9243833
way/1331525672,Wheelchair Accessible Place,wheelchair_accessible_place,toilets,yes,,,,,True,-37.8081641,144.890305
way/1331576987,Wheelchair Accessible Place,wheelchair_accessible_place,toilets,yes,,,,,True,-37.6538429,145.5166932
way/1332735608,McAlpin Reserve Walk,wheelchair_accessible_place,,yes,,,,,True,-37.7890486,145.243478
way/1332736240,Joe Licheri Walkway,wheelchair_accessible_place,,yes,,,,,True,-37.7886642,145.2439363
way/1333610706,Wheelchair Accessible Place,wheelchair_accessible_place,shelter,yes,,,,,True,-37.7741991,145.3346461
way/1333613456,Wheelchair Accessible Place,wheelchair_accessible_place,,yes,,,,,True,-37.7606923,145.3421611
way/1334638411,Wheelchair Accessible Place,wheelchair_accessible_place,,yes,,,,,True,-37.8048905,144.9009237
way/1336351131,Wheelchair Accessible Place,wheelchair_accessible_place,,yes,,,,,True,-37.7409279,144.9635675
way/1336351132,Wheelchair Accessible Place,wheelchair_accessible_place,,yes,,,,,True,-37.7412453,144.9634703
way/1336351134,Wheelchair Accessible Place,wheelchair_accessible_place,,yes,,,,,True,-37.7410056,144.9635007
way/1337620622,Wheelchair Accessible Place,wheelchair_accessible_place,,yes,,,,,True,-37.9281031,145.1043873
way/1337620623,Wheelchair Accessible Place,wheelchair_accessible_place,,yes,,,,,True,-37.9277043,145.1044606
way/1337620627,Wheelchair Accessible Place,wheelchair_accessible_place,,yes,,,,,True,-37.9288629,145.1042477
way/1337620633,Wheelchair Accessible Place,wheelchair_accessible_place,,yes,,,,,True,-37.9310526,145.1036773
way/1337677674,Wheelchair Accessible Place,wheelchair_accessible_place,,yes,,,,,True,-37.8240994,145.189601
way/1337677686,Wheelchair Accessible Place,wheelchair_accessible_place,,yes,,,,,True,-37.8240993,145.1896741
way/1338136118,Little Penguin ELC,wheelchair_accessible_place,kindergarten,yes,,Mo-Fr 07:00-18:00,Little Penguin Kilsyth Pty Ltd,,True,-37.8010879,145.3204971
way/1338137605,Natural Wonders Early Learning Kilsyth,wheelchair_accessible_place,kindergarten,yes,,Mo-Fr 06:30-18:30,Nicyle Pty Ltd,,True,-37.8026467,145.3229806
way/1338164933,Wheelchair Accessible Place,wheelchair_accessible_place,,yes,,,,,True,-37.7865568,145.1254692
way/1338211966,Wheelchair Accessible Place,wheelchair_accessible_place,,yes,,,,,True,-37.8336853,144.9721331
way/1338509567,Magnolia Boulevard Medical Clinic,wheelchair_accessible_place,clinic,yes,,"Mo-Tu,Th-Fr 09:30-16:00; We,Sa 09:30-12:00",,,True,-37.6465029,144.9157416
way/1339189122,Wheelchair Accessible Place,wheelchair_accessible_place,toilets,yes,,,,,True,-37.85739,144.9027027
node/1339244621,Olinda Tea House,wheelchair_accessible_place,restaurant,yes,,"Mo, We, Th 10:00-21:00; Fr-Su 10:00-22:00",,,True,-37.8608726,145.3757937
way/1339980395,Wheelchair Accessible Place,wheelchair_accessible_place,toilets,yes,,,,,True,-37.8665613,144.7708816
way/1342193317,Wheelchair Accessible Place,wheelchair_accessible_place,,yes,,,,,True,-37.8770916,144.6166953
way/1343266919,Wheelchair Accessible Place,wheelchair_accessible_place,,yes,,,,,True,-37.7570831,145.3128413
way/1343266920,Wheelchair Accessible Place,wheelchair_accessible_place,,yes,,,,,True,-37.7570743,145.3127498
way/1343266922,Wheelchair Accessible Place,wheelchair_accessible_place,,yes,,,,,True,-37.7570065,145.3130049
way/1343266923,Wheelchair Accessible Place,wheelchair_accessible_place,,yes,,,,,True,-37.7571398,145.3134272
way/1343266924,Wheelchair Accessible Place,wheelchair_accessible_place,,yes,,,,,True,-37.7572705,145.3137012
way/1343268496,Wheelchair Accessible Place,wheelchair_accessible_place,toilets,yes,,,,,True,-37.7574839,145.3133097
node/1345448685,ifone haven,wheelchair_accessible_place,,yes,,Mo-Fr 10:00-17:00,,,True,-38.1710317,145.1575568
node/1345448687,Bottlemart Express,wheelchair_accessible_place,,yes,,"Mo-Th 07:00-20:00; Fr,Sa 07:00-21:00; Su 08:00-20:00",,,True,-38.1711013,145.1575032
node/1345448689,Manu's Kiwi Twist Bakery,wheelchair_accessible_place,,yes,,"Mo,We-Sa 09:00-17:00; Su 09:00-14:00",,,True,-38.1709379,145.1576458
way/1346820504,Wyndham Lodge,wheelchair_accessible_place,social_facility,yes,,,Baptcare,,True,-37.9066375,144.6533211
way/1346841607,Wheelchair Accessible Place,wheelchair_accessible_place,toilets,yes,,,,,True,-37.9237797,145.3373854
way/1349144642,Wheelchair Accessible Place,wheelchair_accessible_place,,yes,,,,,True,-37.7572301,145.31347
way/1349144643,Wheelchair Accessible Place,wheelchair_accessible_place,,yes,,,,,True,-37.7572575,145.31347
way/1349146024,Wheelchair Accessible Place,wheelchair_accessible_place,,yes,,,,,True,-37.7570436,145.3124618
way/1349369128,Wheelchair Accessible Place,wheelchair_accessible_place,,yes,,,,,True,-37.8106459,144.9656492
node/1350261372,Art Centre Car Park,wheelchair_accessible_place,parking,yes,,,,,True,-37.8222929,144.9680312
way/1350388115,Murphy USA,wheelchair_accessible_place,fuel,yes,yes,Mo-Sa 05:00-23:30; Su 05:30-22:30,Murphy USA,,True,28.1714917,-80.6723869
way/1351679296,Wheelchair Accessible Place,wheelchair_accessible_place,,yes,,,,,True,-37.7859772,145.3137514
way/1351679297,Wheelchair Accessible Place,wheelchair_accessible_place,,yes,,,,,True,-37.786039,145.3138791
way/1351685550,Wintringham Hostel,wheelchair_accessible_place,social_facility,yes,,,,,True,-37.8377429,144.9328766
way/1352504096,Joan Walk,wheelchair_accessible_place,,yes,,,,,True,-37.8014716,144.9411963
way/1352504098,Wheelchair Accessible Place,wheelchair_accessible_place,,yes,,,,,True,-37.8012084,144.9412637
way/1352504099,Wheelchair Accessible Place,wheelchair_accessible_place,,yes,,,,,True,-37.8013419,144.941561
way/1352783422,Wheelchair Accessible Place,wheelchair_accessible_place,,yes,,,,,True,-37.7894326,145.1520326
way/1353279233,Wheelchair Accessible Place,wheelchair_accessible_place,,yes,,,,,True,-37.7850701,145.2404566
way/1353533250,Wheelchair Accessible Place,wheelchair_accessible_place,,yes,,,,,True,-37.7772243,145.1408189
way/1353608317,Wheelchair Accessible Place,wheelchair_accessible_place,,yes,,,,,True,-37.7928092,145.1587278
way/1353876438,Wheelchair Accessible Place,wheelchair_accessible_place,,yes,,,,,True,-37.8064612,145.2811582
way/1353876439,Wheelchair Accessible Place,wheelchair_accessible_place,,yes,,,,,True,-37.8065314,145.2814963
way/1354143362,Wheelchair Accessible Place,wheelchair_accessible_place,,yes,,,,,True,-37.8097389,145.1773407
way/1354300906,Wheelchair Accessible Place,wheelchair_accessible_place,,yes,,,,,True,-37.7630022,145.3532545
way/1354508278,Wheelchair Accessible Place,wheelchair_accessible_place,,yes,,,,,True,-37.8415679,145.1103263
way/1354508279,Wheelchair Accessible Place,wheelchair_accessible_place,,yes,,,,,True,-37.8419477,145.1102605
way/1354511233,Wattle Park Walk,wheelchair_accessible_place,,yes,,,,,True,-37.8392399,145.1070161
way/1354759231,Wheelchair Accessible Place,wheelchair_accessible_place,,yes,,,,,True,-37.7644223,145.1631773
way/1354782298,Platform 2,wheelchair_accessible_place,,yes,,,Metro Trains Melbourne,,True,-37.8117922,145.2495595
way/1354782299,Platform 1,wheelchair_accessible_place,,yes,,,Metro Trains Melbourne,,True,-37.8119186,145.2496182
way/1354782368,Wheelchair Accessible Place,wheelchair_accessible_place,,yes,,,,,True,-37.8194527,145.1224616
way/1354862375,Wheelchair Accessible Place,wheelchair_accessible_place,,yes,,,,,True,-37.7891707,145.1512166
way/1354870122,Wheelchair Accessible Place,wheelchair_accessible_place,toilets,yes,,,,,True,-37.7141349,144.7291316
way/1355601974,Wheelchair Accessible Place,wheelchair_accessible_place,toilets,yes,,,,,True,-37.7142372,144.7293493
way/1355826372,Wheelchair Accessible Place,wheelchair_accessible_place,,yes,,,,,True,-37.9480098,145.2249298
way/1355826373,Wheelchair Accessible Place,wheelchair_accessible_place,,yes,,,,,True,-37.9488097,145.2249984
way/1355826375,Wheelchair Accessible Place,wheelchair_accessible_place,,yes,,,,,True,-37.9479924,145.2243171
way/1355826376,Wheelchair Accessible Place,wheelchair_accessible_place,,yes,,,,,True,-37.9451671,145.219715
way/1357907128,Coburg Special Developmental School,wheelchair_accessible_place,school,yes,,,State of Victoria,,True,-37.7399904,144.9765784
way/1359790029,Wheelchair Accessible Place,wheelchair_accessible_place,,yes,,,,,True,-37.8037786,145.2820352
way/1360859822,Wheelchair Accessible Place,wheelchair_accessible_place,parking,yes,,,,,True,-37.8256608,145.1228866
way/1361634296,Wheelchair Accessible Place,wheelchair_accessible_place,,yes,,,,,True,-37.7684633,145.1862299
way/1361634298,Wheelchair Accessible Place,wheelchair_accessible_place,,yes,,,,,True,-37.7683112,145.185951
way/1361634299,Wheelchair Accessible Place,wheelchair_accessible_place,,yes,,,,,True,-37.7695008,145.186392
way/1361634300,Wheelchair Accessible Place,wheelchair_accessible_place,,yes,,,,,True,-37.7685891,145.1858234
way/1362078014,Wheelchair Accessible Place,wheelchair_accessible_place,,yes,,,,,True,-38.0532895,145.1165029
way/1363287408,Miller's Homestead,wheelchair_accessible_place,library,yes,,,Knox City Council,,True,-37.8495616,145.303262
way/1363777207,Vermont Views,wheelchair_accessible_place,social_facility,yes,,,Opal HealthCare,,True,-37.8549953,145.1807506
way/1364778975,Wheelchair Accessible Place,wheelchair_accessible_place,,yes,,,,,True,-37.8856755,145.1121338
way/1364778976,Wheelchair Accessible Place,wheelchair_accessible_place,,yes,,,,,True,-37.8853044,145.1101812
way/1364796680,Wheelchair Accessible Place,wheelchair_accessible_place,,yes,,,,,True,-38.2294377,145.0446318
way/1364796681,Wheelchair Accessible Place,wheelchair_accessible_place,,yes,,,,,True,-38.2292596,145.0448485
way/1364796682,Wheelchair Accessible Place,wheelchair_accessible_place,,yes,,,,,True,-38.2293999,145.0445416
way/1364796683,Wheelchair Accessible Place,wheelchair_accessible_place,,yes,,,,,True,-38.2294208,145.0446074
way/1364796684,Wheelchair Accessible Place,wheelchair_accessible_place,,yes,,,,,True,-38.2293813,145.0446787
way/1364796685,Wheelchair Accessible Place,wheelchair_accessible_place,,yes,,,,,True,-38.2293395,145.0447264
way/1364796686,Wheelchair Accessible Place,wheelchair_accessible_place,,yes,,,,,True,-38.229298,145.0447739
way/1364796687,Wheelchair Accessible Place,wheelchair_accessible_place,,yes,,,,,True,-38.2292279,145.0448344
way/1364796688,Wheelchair Accessible Place,wheelchair_accessible_place,,yes,,,,,True,-38.2291566,145.0448775
way/1364796689,Wheelchair Accessible Place,wheelchair_accessible_place,,yes,,,,,True,-38.2296484,145.0450277
way/1364796690,Wheelchair Accessible Place,wheelchair_accessible_place,,yes,,,,,True,-38.2296884,145.0449742
way/1364796691,Wheelchair Accessible Place,wheelchair_accessible_place,,yes,,,,,True,-38.2296566,145.0452196
way/1364796692,Wheelchair Accessible Place,wheelchair_accessible_place,,yes,,,,,True,-38.229383,145.0449733
way/1364796693,Wheelchair Accessible Place,wheelchair_accessible_place,,yes,,,,,True,-38.229315,145.0449112
way/1364796694,Wheelchair Accessible Place,wheelchair_accessible_place,,yes,,,,,True,-38.2295116,145.0450293
way/1364796695,Wheelchair Accessible Place,wheelchair_accessible_place,,yes,,,,,True,-38.2298766,145.0448325
way/1364796696,Wheelchair Accessible Place,wheelchair_accessible_place,,yes,,,,,True,-38.230006,145.0448159
way/1364808354,Wheelchair Accessible Place,wheelchair_accessible_place,,yes,,,,,True,-37.9603832,145.0550071
way/1364808355,Wheelchair Accessible Place,wheelchair_accessible_place,,yes,,,,,True,-37.960508,145.0547358
way/1364808358,Wheelchair Accessible Place,wheelchair_accessible_place,,yes,,,,,True,-37.9606454,145.0561839
way/1364808359,Wheelchair Accessible Place,wheelchair_accessible_place,,yes,,,,,True,-37.960536,145.0558473
way/1364817023,Wheelchair Accessible Place,wheelchair_accessible_place,,yes,,,,,True,-37.9200867,145.0225959
way/1364817024,Wheelchair Accessible Place,wheelchair_accessible_place,,yes,,,,,True,-37.9199856,145.0224673
way/1364817025,Wheelchair Accessible Place,wheelchair_accessible_place,,yes,,,,,True,-37.9198834,145.0222494
way/1364817026,Wheelchair Accessible Place,wheelchair_accessible_place,,yes,,,,,True,-37.9199184,145.0221513
way/1364817027,Wheelchair Accessible Place,wheelchair_accessible_place,,yes,,,,,True,-37.9199586,145.0220986
way/1364817028,Wheelchair Accessible Place,wheelchair_accessible_place,,yes,,,,,True,-37.9200242,145.0218467
way/1364817029,Wheelchair Accessible Place,wheelchair_accessible_place,,yes,,,,,True,-37.9200485,145.0216915
way/1364817745,Wheelchair Accessible Place,wheelchair_accessible_place,,yes,,,,,True,-37.9589416,145.0533234
way/1364817746,Wheelchair Accessible Place,wheelchair_accessible_place,,yes,,,,,True,-37.9587707,145.0531859
way/1364817747,Wheelchair Accessible Place,wheelchair_accessible_place,,yes,,,,,True,-37.9587297,145.0531638
way/1364817748,Wheelchair Accessible Place,wheelchair_accessible_place,,yes,,,,,True,-37.9589778,145.0533636
way/1364895121,Wheelchair Accessible Place,wheelchair_accessible_place,,yes,,,,,True,-37.8212321,144.9834484
node/1366562639,Belgraphik Building Design,wheelchair_accessible_place,,yes,,Mo-Fr 09:00-17:00,,,True,-37.9091523,145.3546123
way/1366784443,Wheelchair Accessible Place,wheelchair_accessible_place,,yes,,,,,True,-37.8087237,145.3445604
way/1366784452,Wheelchair Accessible Place,wheelchair_accessible_place,,yes,,,,,True,-37.8089437,145.3442432
node/1367866796,Wheelchair Accessible Place,wheelchair_accessible_place,,yes,,,,Entrance to most of the teaching spaces,True,-37.7969047,144.9637409
way/1368279027,Wheelchair Accessible Place,wheelchair_accessible_place,toilets,yes,,,,,True,-37.6687004,145.1571756
way/1368503589,Wheelchair Accessible Place,wheelchair_accessible_place,,yes,,,,,True,-37.7417101,144.9633988
way/1368516822,Wheelchair Accessible Place,wheelchair_accessible_place,,yes,,,,,True,-38.273145,145.041126
way/1368969519,Wheelchair Accessible Place,wheelchair_accessible_place,,yes,,,,,True,-37.8179153,144.966835
way/1368969522,Wheelchair Accessible Place,wheelchair_accessible_place,,yes,,,,,True,-37.8179559,144.9668692
node/1369710445,Ramen Ya,wheelchair_accessible_place,restaurant,yes,,,,,True,-37.812145,144.969718
way/1372242539,Wheelchair Accessible Place,wheelchair_accessible_place,,yes,,,,,True,-37.8444021,145.1129494
node/1375714630,Wheelchair Accessible Place,wheelchair_accessible_place,toilets,yes,,,,,True,-37.8288811,145.2458826
way/1376371522,Wheelchair Accessible Place,wheelchair_accessible_place,,yes,,,,,True,-38.0532418,145.1167196
way/1376373262,Wheelchair Accessible Place,wheelchair_accessible_place,,yes,,,,,True,-38.0532125,145.1167073
way/1376645785,Wheelchair Accessible Place,wheelchair_accessible_place,,yes,,,,,True,-38.0517297,145.1159042
way/1376648005,Wheelchair Accessible Place,wheelchair_accessible_place,,yes,,,,,True,-38.0518154,145.1158041
way/1376651450,Wheelchair Accessible Place,wheelchair_accessible_place,,yes,,,,,True,-38.0521843,145.1159852
way/1376652355,Wheelchair Accessible Place,wheelchair_accessible_place,,yes,,,,,True,-38.0518189,145.116056
way/1376652356,Wheelchair Accessible Place,wheelchair_accessible_place,,yes,,,,,True,-38.0516423,145.1160186
way/1376653280,Wheelchair Accessible Place,wheelchair_accessible_place,,yes,,,,,True,-38.0534044,145.1166955
way/1376653282,Wheelchair Accessible Place,wheelchair_accessible_place,,yes,,,,,True,-38.0533292,145.116757
way/1376654666,Wheelchair Accessible Place,wheelchair_accessible_place,,yes,,,,,True,-38.0532925,145.1165292
way/1376654667,Wheelchair Accessible Place,wheelchair_accessible_place,,yes,,,,,True,-38.0533826,145.1165716
way/1376654668,Wheelchair Accessible Place,wheelchair_accessible_place,,yes,,,,,True,-38.0532752,145.116521
way/1376902686,Wheelchair Accessible Place,wheelchair_accessible_place,,yes,,,,,True,-37.8108046,144.9654987
way/1376915226,Wheelchair Accessible Place,wheelchair_accessible_place,,yes,,,,Connects Upper and Lower Slabs at Mount Martha Observatory,True,-38.2729792,145.041409
way/1376917939,Mona Castle Hotel,wheelchair_accessible_place,pub,yes,,Mo-Su 12:00+,,,True,-37.8059467,144.8933521
way/1377344546,Wheelchair Accessible Place,wheelchair_accessible_place,toilets,yes,,,,,True,-37.8672045,144.8297048
node/1379482158,Abbotsford Tools,wheelchair_accessible_place,,yes,,,,,True,-37.799782,144.993591
node/1379495942,VIT Cafe,wheelchair_accessible_place,cafe,yes,,,,,True,-37.8009591,145.0022916
way/1379547633,Wheelchair Accessible Place,wheelchair_accessible_place,,yes,,,,,True,-37.8164806,144.9844691
way/1379547634,Wheelchair Accessible Place,wheelchair_accessible_place,,yes,,,,,True,-37.8164732,144.9844704
way/1381384809,Wheelchair Accessible Place,wheelchair_accessible_place,,yes,,,,,True,-37.8876334,145.1079108
way/1381384810,Wheelchair Accessible Place,wheelchair_accessible_place,,yes,,,,,True,-37.8865981,145.1081146
node/1382865219,Wheelchair Accessible Place,wheelchair_accessible_place,toilets,yes,,Mo-Su 09:00-17:00; Dec 25 off,,,True,-38.1377619,145.2830224
way/1384932297,Melbourne Central,wheelchair_accessible_place,,yes,,,,,True,-37.8099625,144.9630104
way/1384932300,Wheelchair Accessible Place,wheelchair_accessible_place,,yes,,,,,True,-37.8098074,144.9631256
way/1385361488,Heidelberg Urgent Care Clinic,wheelchair_accessible_place,clinic,yes,,Mo-Su 09:00-23:00,Interconnect Healthcare,,True,-37.7558659,145.0651842
way/1386931151,Egan Lee Fitness Centre,wheelchair_accessible_place,,yes,,sunrise-sunset,,,True,-37.8821533,145.2458468
way/1387158601,Wheelchair Accessible Place,wheelchair_accessible_place,,yes,,,,,True,-37.8103627,144.9620486
way/1387290716,Sambell Lodge,wheelchair_accessible_place,social_facility,yes,,,,,True,-37.7924173,144.9907399
way/1387935745,Wheelchair Accessible Place,wheelchair_accessible_place,,yes,,,,,True,-37.9113768,145.1022979
way/1387935746,Wheelchair Accessible Place,wheelchair_accessible_place,,yes,,,,,True,-37.911073,145.1027479
way/1389546144,Annie’s Fitzroy,wheelchair_accessible_place,cafe,yes,,Mo-Sa 06:30-14:30,,"Cafe serving coffee, sandwiches and NZ snacks",True,-37.7968436,144.975374
node/1389552274,Public Toilets,wheelchair_accessible_place,toilets,yes,,,,,True,-37.7686059,145.0060061
way/1390622207,Wheelchair Accessible Place,wheelchair_accessible_place,toilets,yes,,24/7,,"""Changing Places"" room with Wheelchair access is locked via MLAK key system",True,-37.7168565,145.1454348
way/1391560639,Wheelchair Accessible Place,wheelchair_accessible_place,shelter,yes,,,PTV,,True,-37.8085428,145.1405747
way/1391934495,Melbourne Central,wheelchair_accessible_place,,yes,,,,,True,-37.8102342,144.9632063
way/1392015608,Wheelchair Accessible Place,wheelchair_accessible_place,,yes,,,,,True,-37.8104966,144.962075
way/1392015609,Melbourne Central,wheelchair_accessible_place,,yes,,,,,True,-37.8100939,144.9631092
way/1392065180,State Library Station,wheelchair_accessible_place,,yes,,,,,True,-37.8095184,144.9629236
way/1392289655,Wheelchair Accessible Place,wheelchair_accessible_place,,yes,,,,,True,-37.9603455,145.0426333
way/1393428521,Wheelchair Accessible Place,wheelchair_accessible_place,,yes,,,,,True,-37.812539,145.2362762
node/1394524265,Bay Beach Pizza and Pasta,wheelchair_accessible_place,fast_food,yes,,,,,True,-37.838395,144.942756
way/1394871408,Melbourne Central,wheelchair_accessible_place,,yes,,,,,True,-37.8103297,144.9631295
node/1399688680,Wheelchair Accessible Place,wheelchair_accessible_place,toilets,yes,,,,,True,-37.6431575,145.5499546
way/1408674544,Wheelchair Accessible Place,wheelchair_accessible_place,,yes,,,,,True,-37.8977689,145.115509
way/1408674545,Wheelchair Accessible Place,wheelchair_accessible_place,,yes,,,,,True,-37.8977857,145.115639
way/1408953063,Wheelchair Accessible Place,wheelchair_accessible_place,,yes,,,,,True,-37.8151389,145.2222799
way/1408953064,Wheelchair Accessible Place,wheelchair_accessible_place,,yes,,,,,True,-37.8150203,145.2220104
way/1410240348,Wheelchair Accessible Place,wheelchair_accessible_place,,yes,,,,,True,-37.8326398,144.9727815
way/1412145116,Laird Hotel,wheelchair_accessible_place,pub,yes,yes,Mo off; Tu-Sa 18:00-24:00; Su 16:00-22:00,,,True,-37.8052852,144.9930514
way/1412679611,Aeroplane Park Playground,wheelchair_accessible_place,,yes,,,,,True,-37.8559492,144.6516144
way/1412755014,My Byte,wheelchair_accessible_place,,yes,,Mo-Sa 10:00-17:00,,Apple Authorised Reseller,True,-37.7977216,144.984223
way/1412755015,Buubbub,wheelchair_accessible_place,restaurant,yes,,,,,True,-37.7984251,144.9841057
way/1412944558,Platform 2,wheelchair_accessible_place,,yes,,,Metro Trains Melbourne,,True,-37.8012414,144.9025359
way/1413971938,Platform 5,wheelchair_accessible_place,,yes,,,Metro Trains Melbourne,,True,-37.8018216,144.9023769
way/1414421121,Public Toilets,wheelchair_accessible_place,toilets,yes,,24/7,,,True,-37.7671742,145.1845978
way/1414421126,Wheelchair Accessible Place,wheelchair_accessible_place,,yes,,,,,True,-37.7657564,145.1861521
way/1416228629,Wheelchair Accessible Place,wheelchair_accessible_place,,yes,,,,,True,-37.8097369,144.9633033
way/1416236431,Wheelchair Accessible Place,wheelchair_accessible_place,,yes,,,,,True,-37.8100604,144.9625322
way/1416899343,Wheelchair Accessible Place,wheelchair_accessible_place,toilets,yes,,,,,True,-37.7621972,144.9226463
way/1418579128,Wheelchair Accessible Place,wheelchair_accessible_place,,yes,,,,,True,-37.8247006,144.9697753
way/1418821739,Wheelchair Accessible Place,wheelchair_accessible_place,,yes,,,,,True,-37.8098833,144.9629738
way/1418852519,Stop 5: Melbourne Central Station,wheelchair_accessible_place,,yes,,,Yarra Trams,,True,-37.8104963,144.9608745
way/1419090135,Stop 5: Melbourne Central Station,wheelchair_accessible_place,,yes,,,Yarra Trams,,True,-37.8104045,144.9608434
way/1419742895,The Little Chestnut Coffee Kiosk,wheelchair_accessible_place,,yes,,Tu-Su 08:30-16:00,,,True,-37.8536002,145.3728153
way/1420127697,Wheelchair Accessible Place,wheelchair_accessible_place,,yes,,,,,True,-37.819332,145.1219326
way/1420127698,Wheelchair Accessible Place,wheelchair_accessible_place,,yes,,,,,True,-37.81928,145.1219416
way/1420127713,Wheelchair Accessible Place,wheelchair_accessible_place,,yes,,,,,True,-37.8191758,145.1216817
way/1420649118,Wheelchair Accessible Place,wheelchair_accessible_place,,yes,,,,,True,-37.8187057,144.9671323
way/1420649120,Wheelchair Accessible Place,wheelchair_accessible_place,,yes,,,,,True,-37.8187197,144.9670527
way/1420649121,Wheelchair Accessible Place,wheelchair_accessible_place,,yes,,,,,True,-37.8187312,144.9670577
way/1421111762,Platform 1,wheelchair_accessible_place,,yes,,,Metro Trains Melbourne,,True,-37.6521724,145.0322986
way/1421669539,Platform 1,wheelchair_accessible_place,,yes,,,Metro Trains Melbourne,,True,-37.826673,145.0586582
way/1421947113,Platform 12,wheelchair_accessible_place,,yes,,,Metro Trains Melbourne,,True,-37.8183581,144.9683356
way/1421947114,Platform 13,wheelchair_accessible_place,,yes,,,Metro Trains Melbourne,,True,-37.8184077,144.9683583
way/1422202418,Toorak 2,wheelchair_accessible_place,,yes,,,Metro Trains Melbourne,,True,-37.8506886,145.0136817
way/1422202419,Toorak 3,wheelchair_accessible_place,,yes,,,Metro Trains Melbourne,,True,-37.8506548,145.0137327
way/1422202442,Armadale 2,wheelchair_accessible_place,,yes,,,Metro Trains Melbourne,,True,-37.8561902,145.0191014
way/1422202443,Armadale 3,wheelchair_accessible_place,,yes,,,Metro Trains Melbourne,,True,-37.8561542,145.0191594
way/1422202465,Malvern 3,wheelchair_accessible_place,,yes,,,Metro Trains Melbourne,,True,-37.8663294,145.0294634
way/1422202466,Malvern 2,wheelchair_accessible_place,,yes,,,Metro Trains Melbourne,,True,-37.8663629,145.0294156
node/1422760875,Wheelchair Accessible Place,wheelchair_accessible_place,toilets,yes,,,,,True,-38.2156671,145.3413001
node/1422961923,Public Toilets,wheelchair_accessible_place,toilets,yes,,,,,True,-37.7495644,145.0422626
node/1422961985,Subway,wheelchair_accessible_place,fast_food,yes,,"Mo-Fr 09:00-22:00; Sa,Su 09:00-22:00",,,True,-37.7493756,145.0420186
way/1423140693,Wheelchair Accessible Place,wheelchair_accessible_place,,yes,,,,,True,-37.9052275,145.0026536
way/1423140696,Wheelchair Accessible Place,wheelchair_accessible_place,,yes,,,,,True,-37.9050086,145.0026608
way/1423143061,Wheelchair Accessible Place,wheelchair_accessible_place,,yes,,,,,True,-37.9047269,145.0025299
way/1423143062,Wheelchair Accessible Place,wheelchair_accessible_place,,yes,,,,,True,-37.9047527,145.0025098
node/1423156454,Northcote Library,wheelchair_accessible_place,library,yes,,,Darebin City Council,,True,-37.769827,145.000836
way/1423487879,Wheelchair Accessible Place,wheelchair_accessible_place,,yes,,,,,True,-37.8174917,144.9664156
way/1423507985,Wheelchair Accessible Place,wheelchair_accessible_place,,yes,,,,,True,-37.8169531,144.9668803
way/1423507986,Wheelchair Accessible Place,wheelchair_accessible_place,,yes,,,,,True,-37.8168671,144.9670853
node/1423771943,Crème,wheelchair_accessible_place,cafe,yes,,,,,True,-37.8419108,144.9395141
node/1423778361,Brown Sugar,wheelchair_accessible_place,,yes,no,,,,True,-37.8395092,144.9417587
way/1424925133,Platform 1 & 2,wheelchair_accessible_place,,yes,,,Metro Trains Melbourne,,True,-37.8083955,144.9632894
way/1424946360,Wheelchair Accessible Place,wheelchair_accessible_place,,yes,,,,,True,-37.8094158,144.9635422
way/1424946361,Wheelchair Accessible Place,wheelchair_accessible_place,,yes,,,,,True,-37.8094785,144.9634455
way/1424946362,Wheelchair Accessible Place,wheelchair_accessible_place,,yes,,,,,True,-37.8095012,144.9633366
way/1424946365,Wheelchair Accessible Place,wheelchair_accessible_place,,yes,,,,,True,-37.809128,144.9636258
way/1425208992,Wheelchair Accessible Place,wheelchair_accessible_place,,yes,,,,,True,-37.8162631,144.8897961
way/1425742264,Entrance/Exit 2 - Franklin Street,wheelchair_accessible_place,,yes,,,,,True,-37.8074681,144.9632116
way/1425742266,Wheelchair Accessible Place,wheelchair_accessible_place,,yes,,,,,True,-37.8074585,144.9628247
way/1425742267,Wheelchair Accessible Place,wheelchair_accessible_place,,yes,,,,,True,-37.807468,144.9628649
node/1426026597,Northcote Town Hall,wheelchair_accessible_place,townhall,yes,,,,,True,-37.7745111,144.9976902
way/1426769195,Platforms 1 & 2,wheelchair_accessible_place,,yes,,,,,True,-37.7998822,144.9592837
way/1426778509,indoor pathway,wheelchair_accessible_place,,yes,,,,,True,-37.7998139,144.95921
way/1426778512,Wheelchair Accessible Place,wheelchair_accessible_place,,yes,,,,,True,-37.7997138,144.9589778
way/1426778513,Wheelchair Accessible Place,wheelchair_accessible_place,,yes,,,,,True,-37.799902,144.9594718
way/1426788017,Stop 19: Brunswick Road,wheelchair_accessible_place,,yes,,,Yarra Trams,,True,-37.7796224,144.9781991
way/1426791004,Stop 15: Alexandra Parade,wheelchair_accessible_place,,yes,,,Yarra Trams,,True,-37.7918639,144.9759391
way/1427004237,indoor pathway,wheelchair_accessible_place,,yes,,,,,True,-37.7997621,144.9583703
way/1427011693,indoor pathway,wheelchair_accessible_place,,yes,,,,,True,-37.7997061,144.9581255
way/1427027873,Wheelchair Accessible Place,wheelchair_accessible_place,,yes,,,,,True,-37.8156457,144.9670091
way/1427027874,Wheelchair Accessible Place,wheelchair_accessible_place,,yes,,,,,True,-37.8156331,144.967065
way/1427027875,Wheelchair Accessible Place,wheelchair_accessible_place,,yes,,,,,True,-37.8156234,144.9670586
way/1427027876,Wheelchair Accessible Place,wheelchair_accessible_place,,yes,,,,,True,-37.8156939,144.9668172
way/1427028710,Wheelchair Accessible Place,wheelchair_accessible_place,,yes,,,,,True,-37.8168834,144.9671682
way/1427037795,indoor pathway,wheelchair_accessible_place,,yes,,,,,True,-37.7997369,144.9572818
way/1427048699,Wheelchair Accessible Place,wheelchair_accessible_place,toilets,yes,,,,,True,-37.8895792,145.3174384
way/1427051249,Stop 16: Freeman Street,wheelchair_accessible_place,,yes,,,Yarra Trams,,True,-37.7886581,144.9765446
way/1427054687,Stop 17: Reid Street,wheelchair_accessible_place,,yes,,,Yarra Trams,,True,-37.7854261,144.9771454
way/1427232912,Wheelchair Accessible Place,wheelchair_accessible_place,,yes,,,,,True,-37.8096989,144.963192
node/1427579135,Mr Tulk,wheelchair_accessible_place,cafe,yes,,,,,True,-37.8095603,144.9646236
way/1427652387,Arcare Caulfield,wheelchair_accessible_place,social_facility,yes,,,Arcare,,True,-37.8739494,145.0168362
way/1427654627,Caulfield Horizons,wheelchair_accessible_place,social_facility,yes,,,Opal Healthcare,,True,-37.877033,145.0245433
way/1427655928,Caulfield Horizons Care Community,wheelchair_accessible_place,social_facility,yes,,,Opal Healthcare,,True,-37.8767253,145.0246693
way/1428195598,Entrance/Exit - Laurens Street,wheelchair_accessible_place,,yes,,,,,True,-37.8010846,144.9414134
way/1428195601,Entrance/Exit - Laurens Street,wheelchair_accessible_place,,yes,,,,,True,-37.8010723,144.9413556
way/1428195605,Wheelchair Accessible Place,wheelchair_accessible_place,,yes,,,,,True,-37.8010358,144.9411132
way/1428567462,Wheelchair Accessible Place,wheelchair_accessible_place,,yes,,,,,True,-37.7143437,144.9537789
way/1428567463,Wheelchair Accessible Place,wheelchair_accessible_place,,yes,,,,,True,-37.7144051,144.9538086
way/1428567464,Wheelchair Accessible Place,wheelchair_accessible_place,,yes,,,,,True,-37.714262,144.9537069
way/1428895326,Wheelchair Accessible Place,wheelchair_accessible_place,,yes,,,,,True,-37.9054345,145.0025017
node/1428927244,Wheelchair Accessible Place,wheelchair_accessible_place,toilets,yes,,,,,True,-37.8032289,145.3117778
way/1428928198,Platform 1 & 2,wheelchair_accessible_place,,yes,,,,,True,-37.8335036,144.9732039
node/1428952002,Kmart,wheelchair_accessible_place,,yes,,,Kmart,,True,-37.8300567,145.0589075
node/1428952003,Woolworths,wheelchair_accessible_place,,yes,,,Woolworths Group,,True,-37.8294287,145.058971
node/1428952005,Coles,wheelchair_accessible_place,,yes,,,Coles Group,,True,-37.8291542,145.0563202
way/1429161708,Wheelchair Accessible Place,wheelchair_accessible_place,,yes,,,,,True,-37.8333471,144.9730424
way/1430171321,Wheelchair Accessible Place,wheelchair_accessible_place,,yes,,,,,True,-37.8331268,144.9720669
way/1430171322,Wheelchair Accessible Place,wheelchair_accessible_place,,yes,,,,,True,-37.8331228,144.9724172
way/1430171323,Wheelchair Accessible Place,wheelchair_accessible_place,,yes,,,,,True,-37.8330657,144.9728128
way/1430171326,Wheelchair Accessible Place,wheelchair_accessible_place,,yes,,,,,True,-37.833551,144.9732153
way/1430171329,Wheelchair Accessible Place,wheelchair_accessible_place,,yes,,,,,True,-37.8332608,144.972583
way/1430177323,Wheelchair Accessible Place,wheelchair_accessible_place,,yes,,,,,True,-37.8336042,144.9724451
way/1430177324,Wheelchair Accessible Place,wheelchair_accessible_place,,yes,,,,,True,-37.8331547,144.9726306
way/1430177328,Wheelchair Accessible Place,wheelchair_accessible_place,,yes,,,,,True,-37.8336906,144.972466
way/1430433634,Wheelchair Accessible Place,wheelchair_accessible_place,shelter,yes,,,,,True,-37.7843197,144.8909276
node/1430614862,Wheelchair Accessible Place,wheelchair_accessible_place,toilets,yes,,,,,True,-37.8451877,144.9826187
way/1430770814,Wheelchair Accessible Place,wheelchair_accessible_place,,yes,,,,,True,-37.8327357,144.9727602
way/1430770815,Wheelchair Accessible Place,wheelchair_accessible_place,,yes,,,,,True,-37.8327976,144.9731934
node/1431774835,Wheelchair Accessible Place,wheelchair_accessible_place,bbq,yes,,,,,True,-37.7667276,145.1849931
way/1432171794,Wheelchair Accessible Place,wheelchair_accessible_place,,yes,,,,,True,-37.8096011,144.9633372
node/1432376906,ALDI,wheelchair_accessible_place,,yes,,Mo-Su 08:30-20:00,,,True,-37.7487656,145.0407238
node/1432376911,Chemist Warehouse,wheelchair_accessible_place,pharmacy,yes,,Mo-Fr 09:00-21:00; Sa 09:00-18:00; Su 10:00-18:00,,,True,-37.7488684,145.0410054
way/1433715888,Green Cup,wheelchair_accessible_place,cafe,yes,,,,,True,-37.7987527,144.9664269
way/1434507806,Wheelchair Accessible Place,wheelchair_accessible_place,,yes,,,,,True,-37.8097255,144.9633152
way/1434540117,Wheelchair Accessible Place,wheelchair_accessible_place,toilets,yes,,24/7,,,True,-37.7124327,145.147063
way/1436128984,Wheelchair Accessible Place,wheelchair_accessible_place,,yes,,,,,True,-37.9100771,145.1350359
way/1436177869,Stop 8: Peel Street,wheelchair_accessible_place,,yes,,,Yarra Trams,,True,-37.806067,144.9577319
way/1436307728,Maarefa School Office,wheelchair_accessible_place,language_school,yes,,,https://maarefaschool.com/,,True,-37.7049168,144.945042
way/1437104297,Wheelchair Accessible Place,wheelchair_accessible_place,,yes,,,,,True,-37.8854777,145.0219338
node/1439321285,Wheelchair Accessible Place,wheelchair_accessible_place,toilets,yes,,,,"3 cubicles (1 has disabled access), pit drop system, rain water tank with tap",True,-37.900109,145.5753638
node/1439909095,Dumplings 2 Go,wheelchair_accessible_place,restaurant,yes,no,,,,True,-37.810568,144.969628
way/1442068597,Wheelchair Accessible Place,wheelchair_accessible_place,,yes,,,,,True,-37.8016972,144.8842719
way/1442202984,Wheelchair Accessible Place,wheelchair_accessible_place,,yes,,,,,True,28.1655477,-80.6644338
way/1442202985,Wheelchair Accessible Place,wheelchair_accessible_place,,yes,,,,,True,28.1657729,-80.6642358
way/1442498077,Wheelchair Accessible Place,wheelchair_accessible_place,,yes,,,,,True,-37.9048201,145.0026838
way/1442525783,Wheelchair Accessible Place,wheelchair_accessible_place,,yes,,,,,True,-37.9667944,145.0549825
way/1442525784,Wheelchair Accessible Place,wheelchair_accessible_place,,yes,,,,,True,-37.9667315,145.054848
way/1442974836,Wheelchair Accessible Place,wheelchair_accessible_place,,yes,,,,,True,-37.7713731,145.1353836
way/1442974837,Wheelchair Accessible Place,wheelchair_accessible_place,,yes,,,,,True,-37.7730294,145.1365513
way/1442974838,Wheelchair Accessible Place,wheelchair_accessible_place,,yes,,,,,True,-37.7736526,145.1371218
way/1443691741,7-Eleven,wheelchair_accessible_place,fuel,yes,,Mo-Su 06:00-23:00,,,True,-37.9092231,144.6770169
way/1443830593,Entrance/Exit 2 - Royal Parade East,wheelchair_accessible_place,,yes,,,,,True,-37.7996162,144.9580686
way/1443830596,Wheelchair Accessible Place,wheelchair_accessible_place,,yes,,,,,True,-37.7997021,144.9590054
way/1444452271,Park Lane Croydon,wheelchair_accessible_place,social_facility,yes,,,Norsan Pty Ltd,,True,-37.7808836,145.2860637
node/1444453551,Ali Baba Kebab Palace,wheelchair_accessible_place,fast_food,yes,,Th-Sa 17:00-4:00,,,True,-37.798283,144.97671
way/1444946855,Wheelchair Accessible Place,wheelchair_accessible_place,,yes,,,,,True,-37.8854914,145.0219948
way/1444946856,Wheelchair Accessible Place,wheelchair_accessible_place,,yes,,,,,True,-37.8854461,145.0219369
way/1445098369,Wheelchair Accessible Place,wheelchair_accessible_place,toilets,yes,,,,,True,-38.034206,145.3072717
way/1445211595,Wheelchair Accessible Place,wheelchair_accessible_place,,yes,,,,,True,28.1481583,-80.661626
way/1445270847,Wheelchair Accessible Place,wheelchair_accessible_place,,yes,,,,,True,28.1477962,-80.6616099
way/1445270848,Wheelchair Accessible Place,wheelchair_accessible_place,,yes,,,,,True,28.1473947,-80.6621878
way/1445270849,Wheelchair Accessible Place,wheelchair_accessible_place,,yes,,,,,True,28.1475595,-80.661609
way/1445270850,Wheelchair Accessible Place,wheelchair_accessible_place,,yes,,,,,True,28.1473092,-80.6620463
way/1445270851,Wheelchair Accessible Place,wheelchair_accessible_place,,yes,,,,,True,28.1473786,-80.6617619
way/1445270852,Wheelchair Accessible Place,wheelchair_accessible_place,,yes,,,,,True,28.1472322,-80.6620707
way/1445270854,Wheelchair Accessible Place,wheelchair_accessible_place,,yes,,,,,True,28.1475171,-80.6613987
way/1445270858,Wheelchair Accessible Place,wheelchair_accessible_place,,yes,,,,,True,28.1478374,-80.6619452
way/1445270859,Wheelchair Accessible Place,wheelchair_accessible_place,,yes,,,,,True,28.1477476,-80.6618898
way/1445311822,Wheelchair Accessible Place,wheelchair_accessible_place,,yes,,,,,True,28.1480091,-80.6580488
way/1445311823,Wheelchair Accessible Place,wheelchair_accessible_place,,yes,,,,,True,28.1480615,-80.6581053
way/1446484849,Wheelchair Accessible Place,wheelchair_accessible_place,,yes,,,,,True,-38.0628507,145.4283795
way/1446484852,Wheelchair Accessible Place,wheelchair_accessible_place,,yes,,,,,True,-38.0618862,145.4290012
way/1446484857,Wheelchair Accessible Place,wheelchair_accessible_place,,yes,,,,,True,-38.06226,145.4301084
way/1446505876,Wheelchair Accessible Place,wheelchair_accessible_place,,yes,,,,,True,-38.0618324,145.4312209
way/1446810716,Wheelchair Accessible Place,wheelchair_accessible_place,,yes,,,,,True,-38.0030864,145.180443
way/1447086447,Wheelchair Accessible Place,wheelchair_accessible_place,,yes,,,,,True,-38.0455098,145.3681194
way/1447086450,Wheelchair Accessible Place,wheelchair_accessible_place,,yes,,,,,True,-38.0455451,145.3682158
way/1447378867,Wheelchair Accessible Place,wheelchair_accessible_place,toilets,yes,,Mo-Su 09:00-17:00; Dec 25 off,,,True,-38.129341,145.27087
way/1447942038,Wheelchair Accessible Place,wheelchair_accessible_place,,yes,,,,,True,-38.0613675,145.4288816
way/1447942039,Wheelchair Accessible Place,wheelchair_accessible_place,,yes,,,,,True,-38.0621707,145.428421
way/1447942040,Wheelchair Accessible Place,wheelchair_accessible_place,,yes,,,,,True,-38.0617997,145.4280713
way/1447942042,Wheelchair Accessible Place,wheelchair_accessible_place,,yes,,,,,True,-38.061835,145.4283882
way/1447942043,Wheelchair Accessible Place,wheelchair_accessible_place,,yes,,,,,True,-38.0617379,145.4282223
way/1447942044,Wheelchair Accessible Place,wheelchair_accessible_place,,yes,,,,,True,-38.0615631,145.4281785
way/1447942053,Wheelchair Accessible Place,wheelchair_accessible_place,,yes,,,,,True,-38.0617506,145.428037
way/1448103848,Wheelchair Accessible Place,wheelchair_accessible_place,toilets,yes,,Mo-Su 07:00-18:30,,"Opening hours:- Summer 6:30am-10:00pm, Winter 7:00am-6:30pm",True,-38.1286069,145.330196
way/1448195911,Wheelchair Accessible Place,wheelchair_accessible_place,,yes,,,,,True,-38.0463138,145.3674151
way/1448341266,Wheelchair Accessible Place,wheelchair_accessible_place,,yes,,,,,True,28.1409248,-80.6659659
way/1448341267,Wheelchair Accessible Place,wheelchair_accessible_place,,yes,,,,,True,28.1411928,-80.6652233
way/1448341268,Wheelchair Accessible Place,wheelchair_accessible_place,,yes,,,,,True,28.1448805,-80.6675293
way/1448341269,Wheelchair Accessible Place,wheelchair_accessible_place,,yes,,,,,True,28.1438762,-80.6642638
way/1448341270,Wheelchair Accessible Place,wheelchair_accessible_place,,yes,,,,,True,28.1421635,-80.6638088
way/1448341271,Wheelchair Accessible Place,wheelchair_accessible_place,,yes,,,,,True,28.1406197,-80.6675989
way/1448341272,Wheelchair Accessible Place,wheelchair_accessible_place,,yes,,,,,True,28.1415741,-80.6550101
way/1448341273,Wheelchair Accessible Place,wheelchair_accessible_place,,yes,,,,,True,28.139923,-80.6551708
way/1448341274,Wheelchair Accessible Place,wheelchair_accessible_place,,yes,,,,,True,28.1414831,-80.6551579
way/1448341275,Wheelchair Accessible Place,wheelchair_accessible_place,,yes,,,,,True,28.1406715,-80.6608738
way/1448341276,Wheelchair Accessible Place,wheelchair_accessible_place,,yes,,,,,True,28.1384355,-80.6594696
way/1448341277,Wheelchair Accessible Place,wheelchair_accessible_place,,yes,,,,,True,28.1421089,-80.6563083
way/1448341278,Wheelchair Accessible Place,wheelchair_accessible_place,,yes,,,,,True,28.1421691,-80.6563096
way/1448341279,Wheelchair Accessible Place,wheelchair_accessible_place,,yes,,,,,True,28.1421225,-80.6608023
way/1448341280,Wheelchair Accessible Place,wheelchair_accessible_place,,yes,,,,,True,28.1430462,-80.659083
way/1448341281,Wheelchair Accessible Place,wheelchair_accessible_place,,yes,,,,,True,28.141504,-80.6594465
way/1448341282,Wheelchair Accessible Place,wheelchair_accessible_place,,yes,,,,,True,28.1402605,-80.6575126
way/1448721887,Wheelchair Accessible Place,wheelchair_accessible_place,,yes,,,,,True,28.1431777,-80.6716002
way/1448721888,Wheelchair Accessible Place,wheelchair_accessible_place,,yes,,,,,True,28.143403,-80.6712685
way/1448721889,Wheelchair Accessible Place,wheelchair_accessible_place,,yes,,,,,True,28.1433939,-80.6714498
way/1448721890,Wheelchair Accessible Place,wheelchair_accessible_place,,yes,,,,,True,28.1433964,-80.6710858
way/1448721891,Wheelchair Accessible Place,wheelchair_accessible_place,,yes,,,,,True,28.1434583,-80.6712581
node/1449395214,Wheelchair Accessible Place,wheelchair_accessible_place,toilets,yes,,,,,True,-38.3697507,145.0131984
way/1449415792,Wheelchair Accessible Place,wheelchair_accessible_place,,yes,,,,,True,28.146993,-80.6728364
way/1449415795,Archie's,wheelchair_accessible_place,pub,yes,,,,,True,28.1471221,-80.6728026
way/1449483135,Wheelchair Accessible Place,wheelchair_accessible_place,,yes,,,,,True,28.1407834,-80.654873
way/1450378577,Wheelchair Accessible Place,wheelchair_accessible_place,,yes,,,,,True,28.1643705,-80.6723645
way/1450378578,Starbucks,wheelchair_accessible_place,cafe,yes,yes,Mo-Fr 04:30-21:00; Sa-Su 05:00-21:00,,,True,28.1643558,-80.6725249
way/1450816535,Wheelchair Accessible Place,wheelchair_accessible_place,toilets,yes,,,,,True,-37.7972282,145.282813
way/1451025018,Wheelchair Accessible Place,wheelchair_accessible_place,,yes,,,,,True,-38.0474703,145.368809
way/1451788336,Wheelchair Accessible Place,wheelchair_accessible_place,,yes,,,,,True,28.1275166,-80.6671072
way/1451788389,Wheelchair Accessible Place,wheelchair_accessible_place,,yes,,,,,True,28.1269705,-80.6670827
way/1451788390,Wheelchair Accessible Place,wheelchair_accessible_place,,yes,,,,,True,28.1272182,-80.6672046
way/1451788393,Wheelchair Accessible Place,wheelchair_accessible_place,,yes,,,,,True,28.1271692,-80.665543
way/1451857703,Wheelchair Accessible Place,wheelchair_accessible_place,toilets,yes,,,,,True,-37.8195531,145.3676188
way/1453294336,Wheelchair Accessible Place,wheelchair_accessible_place,,yes,,,,,True,-37.8859743,145.0223214
way/1453335724,Wheelchair Accessible Place,wheelchair_accessible_place,toilets,yes,,24/7,,,True,-37.8026959,144.9622826
way/1453493847,Wheelchair Accessible Place,wheelchair_accessible_place,,yes,,,,,True,-37.8010485,144.9412765
way/1453493848,Entrance/Exit - Laurens Street,wheelchair_accessible_place,,yes,,,,,True,-37.8010712,144.9415229
way/1453493849,Wheelchair Accessible Place,wheelchair_accessible_place,,yes,,,,,True,-37.8010632,144.941574
way/1453493850,Wheelchair Accessible Place,wheelchair_accessible_place,,yes,,,,,True,-37.8010285,144.9409311
way/1453493852,Wheelchair Accessible Place,wheelchair_accessible_place,,yes,,,,,True,-37.8015173,144.9416205
way/1453493853,Entrance/Exit - Laurens Street,wheelchair_accessible_place,,yes,,,,,True,-37.801099,144.9415173
way/1453493854,Wheelchair Accessible Place,wheelchair_accessible_place,,yes,,,,,True,-37.801014,144.9412314
way/1453493856,Wheelchair Accessible Place,wheelchair_accessible_place,,yes,,,,,True,-37.8010301,144.9411867
way/1453493860,Wheelchair Accessible Place,wheelchair_accessible_place,,yes,,,,,True,-37.8012147,144.9405659
way/1453493861,Wheelchair Accessible Place,wheelchair_accessible_place,,yes,,,,,True,-37.8010251,144.941115
way/1453493867,Wheelchair Accessible Place,wheelchair_accessible_place,,yes,,,,,True,-37.8013952,144.9400922
way/1453493868,Wheelchair Accessible Place,wheelchair_accessible_place,,yes,,,,,True,-37.8013434,144.9402616
way/1453494809,Entrance/Exit - Laurens Street,wheelchair_accessible_place,,yes,,,,,True,-37.8010829,144.9414739
way/1453530587,Wheelchair Accessible Place,wheelchair_accessible_place,,yes,,,,,True,-37.8802298,145.0228846
way/1453780429,Wheelchair Accessible Place,wheelchair_accessible_place,,yes,,,,,True,-37.8094354,144.963477
way/1453780430,Entrance/Exit 1 - Swanston Street,wheelchair_accessible_place,,yes,,,,,True,-37.809404,144.9635816
way/1453780432,Wheelchair Accessible Place,wheelchair_accessible_place,,yes,,,,,True,-37.8074388,144.9631963
way/1453780445,Wheelchair Accessible Place,wheelchair_accessible_place,,yes,,,,,True,-37.8092336,144.9636603
way/1453780446,Wheelchair Accessible Place,wheelchair_accessible_place,,yes,,,,,True,-37.8093227,144.963575
way/1453780461,Wheelchair Accessible Place,wheelchair_accessible_place,,yes,,,,,True,-37.8074428,144.9630898
way/1453780463,Wheelchair Accessible Place,wheelchair_accessible_place,,yes,,,,,True,-37.8074407,144.9628892
way/1453780464,Wheelchair Accessible Place,wheelchair_accessible_place,,yes,,,,,True,-37.807407,144.9629764
way/1453780470,Wheelchair Accessible Place,wheelchair_accessible_place,,yes,,,,,True,-37.8074404,144.9628889
way/1453780471,Wheelchair Accessible Place,wheelchair_accessible_place,,yes,,,,,True,-37.8091551,144.9636653
way/1453780472,Wheelchair Accessible Place,wheelchair_accessible_place,,yes,,,,,True,-37.8091686,144.9636156
way/1453781624,Wheelchair Accessible Place,wheelchair_accessible_place,,yes,,,,,True,-37.9606481,145.0399501
way/1453794759,Entrance/Exit 4 -Grattan Street West,wheelchair_accessible_place,,yes,,,,,True,-37.7999362,144.9572506
way/1453794761,indoor pathway,wheelchair_accessible_place,,yes,,,,,True,-37.7997921,144.9584345
way/1453794763,indoor pathway,wheelchair_accessible_place,,yes,,,,,True,-37.799613,144.9572414
way/1453794764,Wheelchair Accessible Place,wheelchair_accessible_place,,yes,,,,,True,-37.7996323,144.9580647
way/1453794766,indoor pathway,wheelchair_accessible_place,,yes,,,,,True,-37.7998332,144.9586475
way/1453794779,Wheelchair Accessible Place,wheelchair_accessible_place,,yes,,,,,True,-37.7999094,144.9594874
way/1453794781,Wheelchair Accessible Place,wheelchair_accessible_place,,yes,,,,,True,-37.7999053,144.9595034
way/1453811134,Wheelchair Accessible Place,wheelchair_accessible_place,,yes,,,,,True,-37.8174934,144.9678794
way/1453811137,Wheelchair Accessible Place,wheelchair_accessible_place,,yes,,,,,True,-37.8170313,144.9667696
way/1453811145,Wheelchair Accessible Place,wheelchair_accessible_place,,yes,,,,,True,-37.8168326,144.9671826
way/1453811146,Wheelchair Accessible Place,wheelchair_accessible_place,,yes,,,,,True,-37.81684,144.9672039
way/1453811156,Wheelchair Accessible Place,wheelchair_accessible_place,,yes,,,,,True,-37.8171474,144.9668181
way/1453811157,Wheelchair Accessible Place,wheelchair_accessible_place,,yes,,,,,True,-37.8171105,144.9667322
way/1453811158,Wheelchair Accessible Place,wheelchair_accessible_place,,yes,,,,,True,-37.81704,144.9667302
way/1453811163,Wheelchair Accessible Place,wheelchair_accessible_place,,yes,,,,,True,-37.8171397,144.9668491
way/1453811172,Wheelchair Accessible Place,wheelchair_accessible_place,,yes,,,,,True,-37.8171395,144.9668883
way/1453811188,Wheelchair Accessible Place,wheelchair_accessible_place,,yes,,,,,True,-37.8175273,144.967805
way/1453811196,Wheelchair Accessible Place,wheelchair_accessible_place,,yes,,,,,True,-37.8173573,144.9675488
way/1453811197,Wheelchair Accessible Place,wheelchair_accessible_place,,yes,,,,,True,-37.817239,144.9673512
way/1453811204,Wheelchair Accessible Place,wheelchair_accessible_place,,yes,,,,,True,-37.817246,144.9673547
way/1453811205,Wheelchair Accessible Place,wheelchair_accessible_place,,yes,,,,,True,-37.8172645,144.967363
way/1453811256,Wheelchair Accessible Place,wheelchair_accessible_place,,yes,,,,,True,-37.8157434,144.9666908
way/1453831049,Wheelchair Accessible Place,wheelchair_accessible_place,,yes,,,,,True,-37.8330817,144.9723552
way/1453831052,Wheelchair Accessible Place,wheelchair_accessible_place,,yes,,,,,True,-37.8330349,144.9722885
way/1453831055,Wheelchair Accessible Place,wheelchair_accessible_place,,yes,,,,,True,-37.8330753,144.9727689
way/1453831056,Wheelchair Accessible Place,wheelchair_accessible_place,,yes,,,,,True,-37.8331807,144.9727366
way/1453831057,Wheelchair Accessible Place,wheelchair_accessible_place,,yes,,,,,True,-37.8332221,144.9729153
way/1453831061,Wheelchair Accessible Place,wheelchair_accessible_place,,yes,,,,,True,-37.8333429,144.9730424
way/1453831062,Wheelchair Accessible Place,wheelchair_accessible_place,,yes,,,,,True,-37.8332039,144.9729039
way/1453831063,Wheelchair Accessible Place,wheelchair_accessible_place,,yes,,,,indoor pathway,True,-37.8332567,144.9730096
way/1453831064,Wheelchair Accessible Place,wheelchair_accessible_place,,yes,,,,,True,-37.8333179,144.9729595
way/1453831065,Wheelchair Accessible Place,wheelchair_accessible_place,,yes,,,,,True,-37.8334167,144.9728775
way/1453831066,Wheelchair Accessible Place,wheelchair_accessible_place,,yes,,,,,True,-37.8334114,144.9728838
way/1453831069,Wheelchair Accessible Place,wheelchair_accessible_place,,yes,,,,,True,-37.8330605,144.972345
way/1453831079,Wheelchair Accessible Place,wheelchair_accessible_place,,yes,,,,,True,-37.8333433,144.9730424
way/1453831080,Wheelchair Accessible Place,wheelchair_accessible_place,,yes,,,,,True,-37.8333195,144.9730142
way/1453831081,Wheelchair Accessible Place,wheelchair_accessible_place,,yes,,,,,True,-37.8333125,144.9730043
way/1453831082,Wheelchair Accessible Place,wheelchair_accessible_place,,yes,,,,,True,-37.8333468,144.9730424
way/1453831083,Wheelchair Accessible Place,wheelchair_accessible_place,,yes,,,,,True,-37.833372,144.9730698
way/1453831084,Wheelchair Accessible Place,wheelchair_accessible_place,,yes,,,,,True,-37.8333819,144.9730768
way/1453831090,Wheelchair Accessible Place,wheelchair_accessible_place,,yes,,,,,True,-37.8335957,144.9724357
way/1453831093,Wheelchair Accessible Place,wheelchair_accessible_place,,yes,,,,,True,-37.832774,144.9731173
way/1453831094,Wheelchair Accessible Place,wheelchair_accessible_place,,yes,,,,,True,-37.8335601,144.9724579
way/1454018115,Wheelchair Accessible Place,wheelchair_accessible_place,,yes,,,,,True,-37.9601514,145.042734
way/1455272913,LA Fitness,wheelchair_accessible_place,,yes,,,,,True,28.1462937,-80.6693796
way/1455272914,Persis Biryani,wheelchair_accessible_place,restaurant,yes,,"Mo-Th 11:00-14:30,17:00-21:30; Fr 11:00-14:30,17:00-22:00; Sa 11:00-15:00,17:00-22:00; Su 11:00-15:00,17:00-21:30",,,True,28.145079,-80.6712211
way/1455272915,Fat Shack,wheelchair_accessible_place,fast_food,yes,,Su-Th 11:00-01:00; Fr-Sa 11:00-15:00,,,True,28.1451693,-80.6712223
way/1455272916,IHOP,wheelchair_accessible_place,restaurant,yes,yes,Mo-Th 06:00-23:00; Fr-Sa 00:00-24:00; Su 00:00-23:00,,,True,28.1453071,-80.6712421
way/1455272917,Smoothie King,wheelchair_accessible_place,fast_food,yes,,Mo-Fr 07:00-21:00; Sa 08:00-21:00; Su 09:00-20:00,,,True,28.145308,-80.6711225
way/1455272918,Clubhouse Cuts,wheelchair_accessible_place,,yes,,Mo 09:00-16:00; Tu-Sa 09:00-18:00; Su closed,,,True,28.1453082,-80.6710517
way/1455272919,Dragons Vape,wheelchair_accessible_place,,yes,,,,,True,28.1453085,-80.6709608
way/1455272920,Bella Italia,wheelchair_accessible_place,,yes,,Tu-Sa 10:00-19:00,,"Known for Italian pastries, meats, cheeses, and pizza.",True,28.1453086,-80.6708507
way/1455272921,Dollar General,wheelchair_accessible_place,,yes,,Mo-Su 08:00-22:00,,,True,28.1452428,-80.6707037
way/1455272922,Amazing Dealz,wheelchair_accessible_place,,yes,,10:00-19:00; Th off,,,True,28.1452637,-80.6702954
way/1455272923,Metro by T-Mobile,wheelchair_accessible_place,,yes,,Mo-Sa 10:00-20:00; Su 12:00-18:00,,,True,28.1452637,-80.6704219
way/1455272924,Thai Thai,wheelchair_accessible_place,restaurant,yes,,"Mo-Sa 11:30-14:30,16:30-22:00; Su 16:30-21:30",,,True,28.1452637,-80.670549
way/1455272925,Reef Side,wheelchair_accessible_place,,yes,,10:00-20:00,,,True,28.1453132,-80.6701952
way/1455272926,Harbor City Salon,wheelchair_accessible_place,,yes,,"Tu-Fr 09:00-19:00, Mo,Sa-Su 10:00-18:00",,,True,28.1453132,-80.6701227
way/1455272927,Hop Bo,wheelchair_accessible_place,restaurant,yes,,"Mo,We-Sa 11:00-21:30; Su 12:00-21:30; Tu closed",,,True,28.1453135,-80.6700515
way/1455272928,Space Coast Nail Salon,wheelchair_accessible_place,,yes,,Mo-Sa 09:00-19:00; Su 10:00-17:00,,,True,28.1453138,-80.6699803
way/1455272929,Your Massage Spa,wheelchair_accessible_place,,yes,,09:00-22:00,,,True,28.1453137,-80.6699091
way/1455272930,Delicias Conchita,wheelchair_accessible_place,restaurant,yes,,Mo-Fr 11:00-21:00; We off; Sa-Su 12:00-21:00,,,True,28.1453136,-80.6698378
way/1455272931,Wheelchair Accessible Place,wheelchair_accessible_place,,yes,,,,,True,28.1453751,-80.6696327
way/1455272932,Wheelchair Accessible Place,wheelchair_accessible_place,,yes,,,,,True,28.14553,-80.6695955
way/1455272933,Pet Pros,wheelchair_accessible_place,,yes,,Mo-Fr 10:00-19:00; Sa 10:00-18:00,,"Offers non-anesthesia dental services, grooming, food, toys, and treats for dogs and cats.",True,28.145597,-80.6695959
way/1455272934,Pho Thien,wheelchair_accessible_place,restaurant,yes,,Tu-Su 10:30-20:00,,,True,28.145664,-80.6695962
way/1455272935,Thrifty,wheelchair_accessible_place,,yes,yes,"Mo-Sa 08:00-20:00; Fr,Su 08:00-19:00",,,True,28.1458792,-80.6694123
way/1455900598,Wheelchair Accessible Place,wheelchair_accessible_place,toilets,yes,,sunrise-sunset,Manningham City Council,,True,-37.7678111,145.1061169
way/1456208606,Main Yarra Trail Capital City Trail,wheelchair_accessible_place,,yes,,,,,True,-37.80538,144.9991428
way/1456453713,Wheelchair Accessible Place,wheelchair_accessible_place,,yes,,,,,True,-37.8871087,145.0883255
way/1457002174,Entrance/Exit 2 - Royal Parade East,wheelchair_accessible_place,,yes,,,,,True,-37.7995694,144.9580759
way/1458092344,Eastern Florida State College,wheelchair_accessible_place,college,yes,,,Florida College System,,True,28.1683978,-80.667548
way/1458212809,Wheelchair Accessible Place,wheelchair_accessible_place,,yes,,,,,True,-38.0402558,145.3444257
way/1458212812,Wheelchair Accessible Place,wheelchair_accessible_place,,yes,,,,,True,-38.0405818,145.3438848
way/1459499391,Astron Epping,wheelchair_accessible_place,fuel,yes,,"Mo-Fr 05:00-22:00; Sa,Su 06:00-22:00",United,,True,-37.6599588,145.0242554
way/1460175128,Melalecua Drive,wheelchair_accessible_place,,yes,,,,,True,-37.9301505,145.1060435
way/1460175133,Wandoo Avenue,wheelchair_accessible_place,,yes,,,,,True,-37.9296858,145.106785
way/1461270274,Wheelchair Accessible Place,wheelchair_accessible_place,,yes,,,,,True,-38.0649684,145.4526861
way/1461484614,Wheelchair Accessible Place,wheelchair_accessible_place,,yes,,,,,True,-37.833652,144.9738361
way/1461484615,Wheelchair Accessible Place,wheelchair_accessible_place,,yes,,,,,True,-37.8337068,144.9737708
way/1461484616,Wheelchair Accessible Place,wheelchair_accessible_place,,yes,,,,,True,-37.8337155,144.9736046
way/1461484619,Wheelchair Accessible Place,wheelchair_accessible_place,,yes,,,,,True,-37.8340965,144.9735392
way/1461484620,Wheelchair Accessible Place,wheelchair_accessible_place,,yes,,,,,True,-37.8344101,144.9738665
way/1461484624,Wheelchair Accessible Place,wheelchair_accessible_place,,yes,,,,,True,-37.8354624,144.97471
way/1461495232,Wheelchair Accessible Place,wheelchair_accessible_place,,yes,,,,,True,-37.8336113,144.972652
way/1461495233,Wheelchair Accessible Place,wheelchair_accessible_place,,yes,,,,,True,-37.8336296,144.9726371
way/1461495234,Wheelchair Accessible Place,wheelchair_accessible_place,,yes,,,,,True,-37.83358,144.9726312
way/1461495235,Wheelchair Accessible Place,wheelchair_accessible_place,,yes,,,,,True,-37.8336666,144.9726214
way/1461495236,Wheelchair Accessible Place,wheelchair_accessible_place,,yes,,,,,True,-37.8337509,144.9728698
way/1461495237,Wheelchair Accessible Place,wheelchair_accessible_place,,yes,,,,,True,-37.8338983,144.9731771
way/1461495239,Wheelchair Accessible Place,wheelchair_accessible_place,,yes,,,,,True,-37.8340514,144.9734837
way/1461495241,Wheelchair Accessible Place,wheelchair_accessible_place,,yes,,,,,True,-37.8330056,144.9729165
way/1461502059,Wheelchair Accessible Place,wheelchair_accessible_place,,yes,,,,,True,-37.8332006,144.9719536
way/1461502062,Wheelchair Accessible Place,wheelchair_accessible_place,,yes,,,,,True,-37.8338205,144.9724109
way/1461502063,Wheelchair Accessible Place,wheelchair_accessible_place,,yes,,,,,True,-37.8338391,144.9723355
way/1461502065,Wheelchair Accessible Place,wheelchair_accessible_place,,yes,,,,,True,-37.8337622,144.9724423
way/1461504265,Wheelchair Accessible Place,wheelchair_accessible_place,,yes,,,,,True,-37.8330444,144.9729503
way/1461504266,Wheelchair Accessible Place,wheelchair_accessible_place,,yes,,,,,True,-37.8329004,144.9728351
way/1461504267,Wheelchair Accessible Place,wheelchair_accessible_place,,yes,,,,,True,-37.8330315,144.9725375
way/1461504268,Wheelchair Accessible Place,wheelchair_accessible_place,,yes,,,,,True,-37.83305,144.9726468
way/1461504269,Wheelchair Accessible Place,wheelchair_accessible_place,,yes,,,,,True,-37.8330361,144.9729054
way/1461663434,Wheelchair Accessible Place,wheelchair_accessible_place,,yes,,,,,True,-37.8332333,144.9731464
way/1461663435,Wheelchair Accessible Place,wheelchair_accessible_place,,yes,,,,,True,-37.8332172,144.9731617
way/1461663436,Wheelchair Accessible Place,wheelchair_accessible_place,,yes,,,,,True,-37.8332301,144.9731244
way/1461667781,Wheelchair Accessible Place,wheelchair_accessible_place,,yes,,,,,True,-37.832806,144.9727555
way/1461667788,Wheelchair Accessible Place,wheelchair_accessible_place,,yes,,,,,True,-37.8330701,144.9718309
way/1461667789,Wheelchair Accessible Place,wheelchair_accessible_place,,yes,,,,,True,-37.8329404,144.9716863
way/1461780585,Wheelchair Accessible Place,wheelchair_accessible_place,,yes,,,,,True,-37.8334383,144.9729274
way/1461780590,Wheelchair Accessible Place,wheelchair_accessible_place,,yes,,,,,True,-37.8334059,144.9728903
way/1462199525,Wheelchair Accessible Place,wheelchair_accessible_place,,yes,,,,,True,-37.8336712,144.9724718
way/1462199526,Wheelchair Accessible Place,wheelchair_accessible_place,,yes,,,,,True,-37.8337231,144.972463
way/1462199527,Wheelchair Accessible Place,wheelchair_accessible_place,,yes,,,,,True,-37.8336604,144.9724753
way/1462199528,Wheelchair Accessible Place,wheelchair_accessible_place,,yes,,,,,True,-37.833524,144.9724705
way/1462242471,Wheelchair Accessible Place,wheelchair_accessible_place,,yes,,,,,True,-37.833742,144.973554
way/1462242472,Wheelchair Accessible Place,wheelchair_accessible_place,,yes,,,,,True,-37.833703,144.973493
way/1462242473,Wheelchair Accessible Place,wheelchair_accessible_place,,yes,,,,,True,-37.8336947,144.9734217
way/1462242477,Wheelchair Accessible Place,wheelchair_accessible_place,,yes,,,,,True,-37.8330658,144.972498
way/1462242478,Wheelchair Accessible Place,wheelchair_accessible_place,,yes,,,,,True,-37.8330517,144.9722407
way/1462242479,Wheelchair Accessible Place,wheelchair_accessible_place,,yes,,,,,True,-37.8334274,144.9729767
way/1462242480,Wheelchair Accessible Place,wheelchair_accessible_place,,yes,,,,,True,-37.8334794,144.9729385
way/1462242481,Wheelchair Accessible Place,wheelchair_accessible_place,,yes,,,,,True,-37.8331758,144.9726686
way/1462242482,Wheelchair Accessible Place,wheelchair_accessible_place,,yes,,,,,True,-37.8333509,144.9727985
way/1462242483,Wheelchair Accessible Place,wheelchair_accessible_place,,yes,,,,,True,-37.833297,144.9725456
way/1462242484,Wheelchair Accessible Place,wheelchair_accessible_place,,yes,,,,,True,-37.8330599,144.9721907
way/1462242485,Wheelchair Accessible Place,wheelchair_accessible_place,,yes,,,,,True,-37.8330511,144.9725155
way/1462242486,Wheelchair Accessible Place,wheelchair_accessible_place,,yes,,,,,True,-37.8331862,144.9725244
way/1462242487,Wheelchair Accessible Place,wheelchair_accessible_place,,yes,,,,,True,-37.8331981,144.9724834
way/1462242488,Wheelchair Accessible Place,wheelchair_accessible_place,,yes,,,,,True,-37.8332866,144.9726898
way/1462242489,Wheelchair Accessible Place,wheelchair_accessible_place,,yes,,,,,True,-37.8333232,144.9726821
way/1462802948,Wheelchair Accessible Place,wheelchair_accessible_place,,yes,,,,,True,-37.6774695,144.8561674
way/1463447575,Wheelchair Accessible Place,wheelchair_accessible_place,,yes,,,,,True,28.1227623,-80.6740654
node/1463453198,UBQ,wheelchair_accessible_place,pub,yes,,,,,True,-37.8059907,144.9829201
way/1464046867,Wheelchair Accessible Place,wheelchair_accessible_place,,yes,,,,,True,-37.8328087,144.9730718
way/1464046868,Wheelchair Accessible Place,wheelchair_accessible_place,,yes,,,,,True,-37.8328218,144.9729749
way/1464046869,Wheelchair Accessible Place,wheelchair_accessible_place,,yes,,,,,True,-37.8327896,144.9731253
way/1464046870,Wheelchair Accessible Place,wheelchair_accessible_place,,yes,,,,,True,-37.8328142,144.9729966
way/1464046871,Wheelchair Accessible Place,wheelchair_accessible_place,,yes,,,,,True,-37.8328475,144.9732436
way/1464046874,Wheelchair Accessible Place,wheelchair_accessible_place,,yes,,,,,True,-37.8327853,144.9727463
way/1464376549,Titan Field House,wheelchair_accessible_place,,yes,,,Eastern Florida State College,,True,28.1688391,-80.6686847
way/1464489926,Wheelchair Accessible Place,wheelchair_accessible_place,,yes,,,,,True,-37.8328321,144.9732469
way/1465453946,Stop 49: Waterford Avenue,wheelchair_accessible_place,,yes,,,,,True,-37.7731948,144.8822584
way/1465453947,Stop 49: Waterford Avenue,wheelchair_accessible_place,,yes,,,,,True,-37.7731785,144.8821587
way/1466660697,Wheelchair Accessible Place,wheelchair_accessible_place,,yes,,,,,True,-37.8225975,144.983044
way/1471869316,Wheelchair Accessible Place,wheelchair_accessible_place,,yes,,,,,True,-37.8095351,144.9633501
way/1471869317,Wheelchair Accessible Place,wheelchair_accessible_place,,yes,,,,,True,-37.8095457,144.9633551
way/1471869318,Wheelchair Accessible Place,wheelchair_accessible_place,,yes,,,,,True,-37.8094565,144.9634027
way/1471869319,Wheelchair Accessible Place,wheelchair_accessible_place,,yes,,,,,True,-37.8094692,144.9634086
way/1471869320,Wheelchair Accessible Place,wheelchair_accessible_place,,yes,,,,,True,-37.8094648,144.9634253
way/1471869321,Wheelchair Accessible Place,wheelchair_accessible_place,,yes,,,,,True,-37.8094521,144.9634193
way/1473439511,Wheelchair Accessible Place,wheelchair_accessible_place,,yes,,,,,True,-38.0224897,145.1191292
way/1473439514,Wheelchair Accessible Place,wheelchair_accessible_place,,yes,,,,,True,-38.0229156,145.1189586
way/1474131403,Wheelchair Accessible Place,wheelchair_accessible_place,,yes,,,,,True,-38.0462287,145.3689989
way/1474131406,Wheelchair Accessible Place,wheelchair_accessible_place,,yes,,,,,True,-38.046193,145.3689843
way/1474272165,Southern Cross 14,wheelchair_accessible_place,,yes,,,Metro Trains Melbourne,,True,-37.8186064,144.9516712
way/1474272166,Southern Cross 12,wheelchair_accessible_place,,yes,,,Metro Trains Melbourne,,True,-37.8184803,144.9518079
way/1474272167,Southern Cross 10,wheelchair_accessible_place,,yes,,,Metro Trains Melbourne,,True,-37.8184771,144.952123
way/1474591412,Heatherdale platform 1 access path,wheelchair_accessible_place,,yes,,,,,True,-37.8188982,145.2142903
way/1474600846,Wheelchair Accessible Place,wheelchair_accessible_place,,yes,,,,,True,-37.8094301,144.9634454
way/1474600847,Wheelchair Accessible Place,wheelchair_accessible_place,,yes,,,,,True,-37.8094364,144.9634493
way/1474600848,Wheelchair Accessible Place,wheelchair_accessible_place,,yes,,,,,True,-37.8094503,144.9634547
way/1474600849,Wheelchair Accessible Place,wheelchair_accessible_place,,yes,,,,,True,-37.8094579,144.9634585
way/1474624961,The Source Bulk Foods,wheelchair_accessible_place,,yes,,,,,True,-37.802869,144.9838724
way/1474624963,Xeôm Viet Street Food,wheelchair_accessible_place,restaurant,yes,,,,,True,-37.8030482,144.9838148
way/1474693050,Thin Slizzy,wheelchair_accessible_place,restaurant,yes,,,,,True,-37.7996246,144.9885607
way/1475143920,"Frankston station, platform 1",wheelchair_accessible_place,,yes,,,Metro Trains Melbourne,,True,-38.1427365,145.1260403
way/1475143921,"Frankston Station, platform 3",wheelchair_accessible_place,,yes,,,Metro Trains Melbourne,,True,-38.1433397,145.1258862
way/1475989575,Platform 2,wheelchair_accessible_place,,yes,,,Metro Trains Melbourne;V/Line,,True,-37.8774752,145.0425146
way/1476387109,Wheelchair Accessible Place,wheelchair_accessible_place,,yes,,,,,True,-37.9823303,145.1173379
way/1476387113,Wheelchair Accessible Place,wheelchair_accessible_place,,yes,,,,,True,-37.9830195,145.1200223
way/1476387116,Wheelchair Accessible Place,wheelchair_accessible_place,,yes,,,,,True,-37.9820779,145.1174476
way/1476387117,Wheelchair Accessible Place,wheelchair_accessible_place,,yes,,,,,True,-37.981942,145.1175134
way/1476387120,Wheelchair Accessible Place,wheelchair_accessible_place,,yes,,,,,True,-37.9828909,145.1189681
way/1476421515,Wheelchair Accessible Place,wheelchair_accessible_place,,yes,,,,,True,-37.9827607,145.11867
way/1476421516,Wheelchair Accessible Place,wheelchair_accessible_place,,yes,,,,,True,-37.9827239,145.1183969
way/1476663838,Platform 6,wheelchair_accessible_place,,yes,,,,,True,-37.818437,144.966669
way/1476663839,Platform 4,wheelchair_accessible_place,,yes,,,,,True,-37.8182781,144.9665931
way/1476663840,Platform 3,wheelchair_accessible_place,,yes,,,,,True,-37.8181874,144.9665476
way/1476663841,Platform 9,wheelchair_accessible_place,,yes,,,,,True,-37.8186113,144.9667481
way/1479061758,Platform 4,wheelchair_accessible_place,,yes,,,Metro Trains Melbourne,,True,-37.8109156,144.9730124
way/1479061759,Platform 2,wheelchair_accessible_place,,yes,,,Metro Trains Melbourne,,True,-37.810913,144.9730214
way/1479474503,Platform 2,wheelchair_accessible_place,,yes,,,Metro Trains Melbourne,,True,-37.8117834,144.9559879
way/1479474504,Platform 4,wheelchair_accessible_place,,yes,,,Metro Trains Melbourne,,True,-37.8117982,144.9559951
way/1479474505,Platform 1,wheelchair_accessible_place,,yes,,,Metro Trains Melbourne,,True,-37.8099756,144.9625077
way/1479474506,Platform 3,wheelchair_accessible_place,,yes,,,Metro Trains Melbourne,,True,-37.8099863,144.9625117
way/1479508360,Double Monk,wheelchair_accessible_place,,yes,,"Mo,Su off; Tu-Fr 10:00-17:00; Sa 11:00-16:00",,,True,-37.8070829,144.9826246
way/1479508361,Atelier Claire Taylor,wheelchair_accessible_place,,yes,,We-Fr 11:00-18:00; Sa 11:00-17:00,,,True,-37.8066428,144.9827484
way/1479919191,Platform 8,wheelchair_accessible_place,,yes,,,Metro Trains Melbourne,,True,-37.8236845,144.9893185
way/1479919192,Platform 10,wheelchair_accessible_place,,yes,,,Metro Trains Melbourne,,True,-37.8235682,144.989366
way/1479919193,Platform 5,wheelchair_accessible_place,,yes,,,Metro Trains Melbourne;V/Line,,True,-37.8238259,144.9892573
way/1479919194,Platform 4,wheelchair_accessible_place,,yes,,,Metro Trains Melbourne,,True,-37.8239128,144.989223
way/1479919195,Platform 2,wheelchair_accessible_place,,yes,,,Metro Trains Melbourne,,True,-37.8240279,144.9891717
way/1480430741,Platform 6,wheelchair_accessible_place,,yes,,,V/Line,,True,-37.7890012,144.8327812
way/1480605753,Platform 2,wheelchair_accessible_place,,yes,,,Metro Trains Melbourne;V/Line,,True,-37.7881824,144.8326295
way/1481017616,Platform 3,wheelchair_accessible_place,,yes,,,Metro Trains Melbourne,,True,-37.8380169,144.9923344
way/1481017617,Platform 4,wheelchair_accessible_place,,yes,,,Metro Trains Melbourne,,True,-37.8380302,144.9924486
way/1481069716,Wheelchair Accessible Place,wheelchair_accessible_place,,yes,,,,,True,-37.7574247,145.3133663
way/1481080865,Wheelchair Accessible Place,wheelchair_accessible_place,,yes,,,,,True,-37.7573502,145.313424
way/1481089668,The Groove Train,wheelchair_accessible_place,restaurant,yes,yes,8:30-21:00,,,True,-37.759608,145.3103273
way/1482163376,Perizii Walk,wheelchair_accessible_place,,yes,,,,,True,-37.9215647,145.1074312
way/1482730478,Wheelchair Accessible Place,wheelchair_accessible_place,,yes,,,,,True,-37.9582605,145.0488718
way/1483715923,Wheelchair Accessible Place,wheelchair_accessible_place,,yes,,,,,True,-37.807455,144.9630953
way/1483715924,Wheelchair Accessible Place,wheelchair_accessible_place,,yes,,,,,True,-37.8074812,144.96309
way/1483715925,Wheelchair Accessible Place,wheelchair_accessible_place,,yes,,,,,True,-37.8074664,144.9630277
way/1484172922,Wheelchair Accessible Place,wheelchair_accessible_place,,yes,,,,,True,-37.8976952,145.114268
way/1484771473,Platform 3,wheelchair_accessible_place,,yes,,,Metro Trains Melbourne;V/Line,,True,-37.7560864,144.9160931
way/1484771475,Platform 2,wheelchair_accessible_place,,yes,,,Metro Trains Melbourne,,True,-37.6380221,144.9354259
node/1485222865,Commonwealth Bank,wheelchair_accessible_place,bank,yes,,"Mo-Th 09:30-16:00; Fr 09:30-17:00; Sa,Su off",,,True,-38.0310529,145.3470405
way/1485317533,Eltham Medicare Urgent Care Clinic,wheelchair_accessible_place,doctors,yes,,Mo-Su 08:00-20:00,Myhealth,,True,-37.7058349,145.1529091
way/1485658053,Wheelchair Accessible Place,wheelchair_accessible_place,,yes,,,,,True,-37.8553834,144.8705167
way/1485658054,Wheelchair Accessible Place,wheelchair_accessible_place,,yes,,,,,True,-37.8557085,144.8707131
node/1487490468,Applebee's,wheelchair_accessible_place,restaurant,yes,yes,"Mo-Fr 11:00-24:00; Sa 00:00-01:00,11:00-24:00; Su 11:00-24:00",,,True,28.1279729,-80.6720976
way/1487831571,Platform 3,wheelchair_accessible_place,,yes,,,Metro Trains Melbourne,,True,-37.8219402,145.0229275
way/1487831572,Platform 1,wheelchair_accessible_place,,yes,,,Metro Trains Melbourne,,True,-37.8215778,145.0365864
way/1487831576,Platform 2,wheelchair_accessible_place,,yes,,,Metro Trains Melbourne,,True,-37.8193551,145.1221105
way/1487831577,Platform 1,wheelchair_accessible_place,,yes,,,Metro Trains Melbourne,,True,-37.8201914,145.1500273
way/1488417121,Platform 1,wheelchair_accessible_place,,yes,,,Metro Trains Melbourne,,True,-37.8206648,145.1740059
way/1488417122,Platform 4,wheelchair_accessible_place,,yes,,,Metro Trains Melbourne,,True,-37.827532,145.0081263
way/1488417123,Platform 2,wheelchair_accessible_place,,yes,,,Metro Trains Melbourne,,True,-37.8276676,145.0081022
way/1489004824,7-Eleven,wheelchair_accessible_place,,yes,no,24/7,,,True,-37.838965,144.9923729
way/1489091443,Wheelchair Accessible Place,wheelchair_accessible_place,,yes,,,,,True,-37.728227,145.1412205
node/1489457273,ALDI,wheelchair_accessible_place,,yes,,Mo-Su 08:30-20:00,,,True,-37.9287015,145.2513265
node/1489479513,Kmart,wheelchair_accessible_place,,yes,,,,,True,-37.6527658,145.0212946
node/1489479515,Woolworths,wheelchair_accessible_place,,yes,,,Woolworths Group,,True,-37.6541932,145.0175181
way/1489675697,Stop 33: Melbourne Showgrounds,wheelchair_accessible_place,,yes,,,Yarra Trams,,True,-37.7800802,144.9148223
way/1490058497,Wheelchair Accessible Place,wheelchair_accessible_place,,yes,,,,,True,-37.7866283,145.1321903
way/1490058605,Wheelchair Accessible Place,wheelchair_accessible_place,,yes,,,,,True,-37.7866569,145.1322437
way/1491714520,Kowtow,wheelchair_accessible_place,,yes,,Mo-Sa 10:00-17:30; Su 11:00-17:00,,,True,-37.8059578,144.9811194
node/1492131929,Wheelchair Accessible Place,wheelchair_accessible_place,,yes,,,,,True,-37.8121082,144.9451876
node/1492131956,Wheelchair Accessible Place,wheelchair_accessible_place,,yes,,,,,True,-37.812075,144.9452363
node/1492169276,Stop 1: Melbourne University,wheelchair_accessible_place,,yes,,,Keolis Downer,,True,-37.7992065,144.9642398
node/1492169366,Stop 1: Melbourne University,wheelchair_accessible_place,,yes,,,Keolis Downer,,True,-37.7988359,144.9641959
way/1492421527,Platform 1,wheelchair_accessible_place,,yes,,,,,True,-37.8181836,144.9659067
way/1492451575,Platform 5,wheelchair_accessible_place,,yes,,,V/Line,,True,-37.7889467,144.8328773
way/1493305052,Platform 2,wheelchair_accessible_place,,yes,,,Metro Trains Melbourne,,True,-37.7570886,145.0607781
way/1494465612,Platform 2,wheelchair_accessible_place,,yes,,,Metro Trains Melbourne,,True,-37.8795071,145.162179
way/1494907551,Wheelchair Accessible Place,wheelchair_accessible_place,,yes,,,,,True,-37.7546827,144.9617672
way/1494907552,Wheelchair Accessible Place,wheelchair_accessible_place,,yes,,,,,True,-37.7536119,144.9619208
way/1495310637,Wheelchair Accessible Place,wheelchair_accessible_place,,yes,,,,,True,-37.8280778,144.8973593
way/1495310638,Wheelchair Accessible Place,wheelchair_accessible_place,,yes,,,,,True,-37.8282574,144.897699
way/1495310639,Wheelchair Accessible Place,wheelchair_accessible_place,,yes,,,,,True,-37.8280372,144.8972781
node/1496025926,Commonwealth Bank,wheelchair_accessible_place,bank,yes,,Mo-Th 09:30-16:00; Fr 09:30-17:00,Commonwealth Bank of Australia,,True,-37.8208556,145.0355289
way/1498154353,Wheelchair Accessible Place,wheelchair_accessible_place,,yes,,,,,True,-38.0226198,145.3066003
way/1499233074,Bupa Aged Care,wheelchair_accessible_place,social_facility,yes,,24/7,,,True,-37.788572,145.2733538
way/1500237307,Wheelchair Accessible Place,wheelchair_accessible_place,toilets,yes,,Mo-Su 06:00-21:00,,,True,-37.7165517,145.1216799
way/1500240814,Wheelchair Accessible Place,wheelchair_accessible_place,toilets,yes,,Mo-Su 06:00-21:00,,,True,-37.7108074,145.0829572
way/1501241930,Wheelchair Accessible Place,wheelchair_accessible_place,,yes,,,,,True,-37.793937,144.9304834
way/1501241942,Wheelchair Accessible Place,wheelchair_accessible_place,,yes,,,,,True,-37.7940459,144.9307247
way/1501241943,Wheelchair Accessible Place,wheelchair_accessible_place,,yes,,,,,True,-37.793914,144.9306327
way/1501663484,Wheelchair Accessible Place,wheelchair_accessible_place,toilets,yes,,,,,True,-37.8118437,145.2113645
way/1501663541,Wheelchair Accessible Place,wheelchair_accessible_place,,yes,,,,,True,-37.8047536,144.900846
way/1502365580,Wheelchair Accessible Place,wheelchair_accessible_place,,yes,,,,,True,-37.6843444,145.5311076
node/1502511547,Orange Leaf Frozen Yogurt,wheelchair_accessible_place,ice_cream,yes,no,,,,True,-37.841207,144.939613
way/1502802518,Wheelchair Accessible Place,wheelchair_accessible_place,,yes,,,,,True,-37.8731693,144.6125129
node/1505918056,ALDI,wheelchair_accessible_place,,yes,,Mo-Su 08:30-20:00,,,True,-37.7263093,144.8066275
way/1506813430,Wheelchair Accessible Place,wheelchair_accessible_place,,yes,,,,,True,-37.815941,144.9645395
way/1507418944,Wheelchair Accessible Place,wheelchair_accessible_place,,yes,,,,,True,-37.7186358,145.1609639
way/1507418945,Wheelchair Accessible Place,wheelchair_accessible_place,,yes,,,,,True,-37.71821,145.1608176
way/1509382390,Wheelchair Accessible Place,wheelchair_accessible_place,,yes,,,,,True,-37.7658912,144.9193178
way/1509805555,Wheelchair Accessible Place,wheelchair_accessible_place,,yes,,,,,True,28.1437375,-80.636411
way/1509805556,Wheelchair Accessible Place,wheelchair_accessible_place,,yes,,,,,True,28.1468899,-80.6509884
way/1509815410,Wheelchair Accessible Place,wheelchair_accessible_place,,yes,,,,,True,28.1479948,-80.6384093
way/1509815411,Wheelchair Accessible Place,wheelchair_accessible_place,,yes,,,,,True,28.148114,-80.6382433
way/1509815412,Wheelchair Accessible Place,wheelchair_accessible_place,,yes,,,,,True,28.1481785,-80.6380586
way/1509815413,Wheelchair Accessible Place,wheelchair_accessible_place,,yes,,,,,True,28.1480713,-80.6379699
way/1509815414,Wheelchair Accessible Place,wheelchair_accessible_place,,yes,,,,,True,28.1479482,-80.6378825
way/1509815415,Wheelchair Accessible Place,wheelchair_accessible_place,,yes,,,,,True,28.1478183,-80.638022
way/1509815416,Wheelchair Accessible Place,wheelchair_accessible_place,,yes,,,,,True,28.1477245,-80.6381734
way/1509815417,Wheelchair Accessible Place,wheelchair_accessible_place,,yes,,,,,True,28.1478575,-80.6383366
way/1509820832,Wheelchair Accessible Place,wheelchair_accessible_place,,yes,,,,,True,28.1479409,-80.6384497
way/1509820833,Wheelchair Accessible Place,wheelchair_accessible_place,,yes,,,,,True,28.1484978,-80.6387373
way/1509914419,Wheelchair Accessible Place,wheelchair_accessible_place,,yes,,,,,True,28.1482392,-80.6380918
way/1509914428,Wheelchair Accessible Place,wheelchair_accessible_place,,yes,,,,,True,28.147666,-80.6376432
way/1509914437,Wheelchair Accessible Place,wheelchair_accessible_place,,yes,,,,,True,28.147753,-80.6382671
way/1509919090,Wheelchair Accessible Place,wheelchair_accessible_place,,yes,,,,,True,28.148316,-80.6381439
way/1510002845,Wheelchair Accessible Place,wheelchair_accessible_place,,yes,,,,,True,28.1472306,-80.6426863
way/1510002848,Wheelchair Accessible Place,wheelchair_accessible_place,,yes,,,,,True,28.1478526,-80.6385607
way/1510006774,Wheelchair Accessible Place,wheelchair_accessible_place,,yes,,,,,True,28.148417,-80.6382197
way/1510006775,Wheelchair Accessible Place,wheelchair_accessible_place,,yes,,,,,True,28.1487339,-80.6384503
way/1510006776,Wheelchair Accessible Place,wheelchair_accessible_place,,yes,,,,,True,28.1490575,-80.6386871
way/1510160378,Wheelchair Accessible Place,wheelchair_accessible_place,,yes,,,,,True,28.1491976,-80.6376974
way/1510160379,Wheelchair Accessible Place,wheelchair_accessible_place,,yes,,,,,True,28.1474476,-80.6353151
way/1510160381,Wheelchair Accessible Place,wheelchair_accessible_place,,yes,,,,,True,28.1493731,-80.6362577
way/1510347627,Wheelchair Accessible Place,wheelchair_accessible_place,,yes,,,,,True,28.1342189,-80.671608
way/1511840346,Wheelchair Accessible Place,wheelchair_accessible_place,,yes,,,,,True,28.1366521,-80.654882
way/1511840347,Wheelchair Accessible Place,wheelchair_accessible_place,,yes,,,,,True,28.1373257,-80.6549325
way/1511840348,Wheelchair Accessible Place,wheelchair_accessible_place,,yes,,,,,True,28.1381397,-80.6549293
way/1511840349,Wheelchair Accessible Place,wheelchair_accessible_place,,yes,,,,,True,28.1389533,-80.6549196
way/1511840350,Wheelchair Accessible Place,wheelchair_accessible_place,,yes,,,,,True,28.1398256,-80.6551694
way/1511840351,Wheelchair Accessible Place,wheelchair_accessible_place,,yes,,,,,True,28.1400083,-80.6551721
way/1511840352,Wheelchair Accessible Place,wheelchair_accessible_place,,yes,,,,,True,28.1415937,-80.655148
way/1511840353,Wheelchair Accessible Place,wheelchair_accessible_place,,yes,,,,,True,28.1413899,-80.6551665
way/1511840354,Wheelchair Accessible Place,wheelchair_accessible_place,,yes,,,,,True,28.1416418,-80.654869
way/1511840355,Wheelchair Accessible Place,wheelchair_accessible_place,,yes,,,,,True,28.1394563,-80.6549004
way/1511840356,Wheelchair Accessible Place,wheelchair_accessible_place,,yes,,,,,True,28.1399383,-80.6548755
way/1511841430,Wheelchair Accessible Place,wheelchair_accessible_place,,yes,,,,,True,28.142155,-80.6603123
way/1511841431,Wheelchair Accessible Place,wheelchair_accessible_place,,yes,,,,,True,28.1415198,-80.6584413
way/1511841432,Wheelchair Accessible Place,wheelchair_accessible_place,,yes,,,,,True,28.1415285,-80.657685
way/1511841433,Wheelchair Accessible Place,wheelchair_accessible_place,,yes,,,,,True,28.141537,-80.6569279
way/1511841434,Wheelchair Accessible Place,wheelchair_accessible_place,,yes,,,,,True,28.1415431,-80.656312
way/1511841435,Wheelchair Accessible Place,wheelchair_accessible_place,,yes,,,,,True,28.1415492,-80.6556958
way/1511841436,Wheelchair Accessible Place,wheelchair_accessible_place,,yes,,,,,True,28.1441908,-80.6565155
way/1511841437,Wheelchair Accessible Place,wheelchair_accessible_place,,yes,,,,,True,28.1442925,-80.6574133
way/1512782865,Gate 1 Pedestrian Gate,wheelchair_accessible_place,,yes,,,,,True,-37.7944115,145.0215467
node/1514732869,Punch Bowl,wheelchair_accessible_place,cafe,yes,no,,,,True,-37.829828,144.93597
node/1532401714,Wheelchair Accessible Place,wheelchair_accessible_place,toilets,yes,,,,,True,-37.8607106,145.7447943
node/1540329534,Wheelchair Accessible Place,wheelchair_accessible_place,toilets,yes,,,,,True,-37.7883638,145.1487902
node/1561197123,Wheelchair Accessible Place,wheelchair_accessible_place,toilets,yes,,,,,True,-37.9527972,145.004081
node/1568673601,Bond Avenue,wheelchair_accessible_place,,yes,,,,,True,-37.8408409,145.1552464
node/1570209696,Finch Place,wheelchair_accessible_place,,yes,,,,,True,-37.843423,145.1547702
node/1583411932,Dan Murphy's,wheelchair_accessible_place,,yes,,Mo-Sa 09:00-21:00; Su 10:00-19:00,,,True,-38.24485,145.0469034
node/1583419365,Woolworths,wheelchair_accessible_place,,yes,no,Mo-Su 07:00-22:00,Woolworths Group,,True,-37.9841,145.077111
node/1583426658,ALDI,wheelchair_accessible_place,,yes,,Mo-Su 08:30-20:00,,,True,-37.9706192,145.0907731
node/1594378487,Glen Waverley Station (Bay 7),wheelchair_accessible_place,,yes,,,,,True,-37.8794866,145.1628368
node/1594378556,Glen Waverley Station (Bay 8),wheelchair_accessible_place,,yes,,,,,True,-37.8794416,145.1626699
node/1605845891,Old Salt Fish & Chips,wheelchair_accessible_place,fast_food,yes,no,Tu-Su 11:30-22:00,,,True,-37.838367,144.942793
node/1606015075,Wheelchair Accessible Place,wheelchair_accessible_place,toilets,yes,,,,There is exactly one toilet.,True,-37.6840016,145.1165317
node/1608190637,Clay Oven,wheelchair_accessible_place,cafe,yes,,Mo off; Tu-Th 03:00-21:00; Fr-Sa 08:00-21:00; Su 08:00-14:00,,,True,-37.6980419,145.116462
node/1619909697,Dalmatino,wheelchair_accessible_place,restaurant,yes,yes,,,,True,-37.8372799,144.9432714
node/1621189025,Wheelchair Accessible Place,wheelchair_accessible_place,,yes,,,,,True,-37.8152249,144.9448896
node/1629290485,Shoe Size Conversion,wheelchair_accessible_place,,yes,,,,,True,-37.77756,144.9752855
node/1631764942,Bentleigh Sunday Market Exeloo,wheelchair_accessible_place,toilets,yes,,,,,True,-37.9175956,145.0376179
node/1631770447,Public Library Exeloo,wheelchair_accessible_place,toilets,yes,,,,,True,-37.9192801,145.0414033
node/1633675938,Pod Homewares & Gifts,wheelchair_accessible_place,,yes,no,,,,True,-37.8371441,144.9439336
node/1633682414,flexicar,wheelchair_accessible_place,car_rental,yes,,,,,True,-37.838796,144.942398
node/1633687530,Sechi Hair,wheelchair_accessible_place,,yes,no,,,,True,-37.8392536,144.9420337
node/1633688084,Cotton On,wheelchair_accessible_place,,yes,no,,,,True,-37.8393158,144.941983
node/1633690317,Flight Centre,wheelchair_accessible_place,,yes,no,,,,True,-37.8392102,144.942078
node/1636085363,Bridge Street/Bay Street,wheelchair_accessible_place,,yes,no,,,,True,-37.837194,144.943785
node/1637371488,Woolworths,wheelchair_accessible_place,,yes,,07:00-00:00,,,True,-37.6278019,145.0274063
node/1641563791,Port Melbourne Cycles,wheelchair_accessible_place,,yes,,,,,True,-37.840635,144.94022
node/1642545010,Vinnies,wheelchair_accessible_place,,yes,no,,,,True,-37.8376662,144.9434162
node/1653675104,Wheelchair Accessible Place,wheelchair_accessible_place,toilets,yes,,,,,True,-37.867566,144.9050545
node/1666782908,Public Toilets,wheelchair_accessible_place,toilets,yes,,,,,True,-37.7204768,145.0486618
node/1667561508,Wheelchair Accessible Place,wheelchair_accessible_place,,yes,,,,,True,-37.8409833,144.963358
node/1671471621,Crust,wheelchair_accessible_place,fast_food,yes,,,,,True,-37.841394,144.939503
node/1671754844,NeNe Chicken,wheelchair_accessible_place,fast_food,yes,,,,,True,-37.8101526,144.9636893
node/1692780559,Vogue Avenue Hair,wheelchair_accessible_place,,yes,no,,,,True,-37.83525,144.945172
node/1726401505,Wheelchair Accessible Place,wheelchair_accessible_place,toilets,yes,,,,,True,-38.358218,144.9477907
node/1736036998,Cruikshank St/Liardet St,wheelchair_accessible_place,,yes,no,,,,True,-37.839958,144.944965
node/1744157746,Wheelchair Accessible Place,wheelchair_accessible_place,toilets,yes,,,,,True,-38.387374,145.140882
node/1749599268,Aldi,wheelchair_accessible_place,,yes,,Mo-Su 08:30-20:00,,,True,-37.8650285,144.9877554
node/1749638367,Wheelchair Accessible Place,wheelchair_accessible_place,toilets,yes,,,,,True,-38.3092718,144.6795977
node/1749638368,Wheelchair Accessible Place,wheelchair_accessible_place,toilets,yes,,,,,True,-38.3091115,144.6796187
node/1749638437,Wheelchair Accessible Place,wheelchair_accessible_place,toilets,yes,,,,,True,-38.3030992,144.6527684
node/1763781576,Brasserie Bread,wheelchair_accessible_place,,yes,,,,,True,-37.8328889,144.9491528
node/1763784681,ALDI,wheelchair_accessible_place,,yes,,Mo-Su 08:30-20:00,,,True,-37.7653328,144.9230314
node/1763901253,Bayswater,wheelchair_accessible_place,,yes,,,Metro Trains Melbourne,,True,-37.841739,145.2681208
node/1763901261,Keilor Plains,wheelchair_accessible_place,,yes,no,,Public Transport Victoria - Metro,,True,-37.7295638,144.7938135
node/1763919351,Ferntree Gully,wheelchair_accessible_place,,yes,,,Metro Trains Melbourne,,True,-37.8815825,145.2951466
node/1763919352,Holmesglen,wheelchair_accessible_place,,yes,,,Metro Trains Melbourne,,True,-37.8745091,145.0902428
node/1763919353,Laverton,wheelchair_accessible_place,,yes,,,Public Transport Victoria - Metro,,True,-37.8637978,144.7723486
node/1763919359,Ringwood East,wheelchair_accessible_place,,yes,,,Metro Trains Melbourne,,True,-37.811709,145.2500979
node/1764747359,Patterson,wheelchair_accessible_place,,yes,,,Metro Trains Melbourne,,True,-37.9248795,145.0356285
node/1764786828,Craigieburn,wheelchair_accessible_place,,yes,,,Public Transport Victoria - Metro,,True,-37.6022613,144.9430882
node/1764800401,Rockbank,wheelchair_accessible_place,,yes,,,Public Transport Victoria - Regional,,True,-37.7291013,144.6505805
node/1767368380,Wheelchair Accessible Place,wheelchair_accessible_place,,yes,,,,,True,-37.7730885,144.8883245
node/1774405230,Parkdale,wheelchair_accessible_place,,yes,no,,Metro Trains Melbourne,,True,-37.9924751,145.0755901
node/1777608487,Carousel Ice Cream,wheelchair_accessible_place,ice_cream,yes,,Mo-Th 10:30-21:30; Fr 10:30-22:00; Sa 10:00-22:00; Su 10:00-21:30,,,True,-37.8238145,145.2943079
node/1777850736,Upwey,wheelchair_accessible_place,,yes,,,Metro Trains Melbourne,,True,-37.9036086,145.3313506
node/1784328871,DGi properties,wheelchair_accessible_place,,yes,,Mo-Fr 09:00-18:00,,,True,-37.84177,144.939014
node/1787891654,ALDI,wheelchair_accessible_place,,yes,,Mo-Su 08:30-20:00,,,True,-37.7497051,144.8605537
node/1798015076,Dendi Deli,wheelchair_accessible_place,restaurant,yes,,Tu-Su 08:00-15:00;Sa 08:00-12:00,,,True,-37.9131767,144.9933147
node/1798015628,Florinetine,wheelchair_accessible_place,restaurant,yes,,Tu-Su 08:00-15:00;Sa 08:00-12:00,,,True,-37.913041,144.9931374
node/1798889851,Isuki,wheelchair_accessible_place,fast_food,yes,,Tu-Su 08:00-15:00;Sa 08:00-12:00,,,True,-37.9132463,144.9929641
node/1845472632,Wheelchair Accessible Place,wheelchair_accessible_place,post_office,yes,no,,,,True,-37.9931399,145.075863
node/1849318100,Wheelchair Accessible Place,wheelchair_accessible_place,,yes,,,,,True,-37.7587147,145.3451798
node/1864405225,Monty Osteo,wheelchair_accessible_place,clinic,yes,,Mo-Th 08:00-19:00; Fr 08:00-17:00,,,True,-37.7164599,145.1209948
node/1864449242,Foodworks,wheelchair_accessible_place,,yes,,Mo-Sa 07:30-20:00; Su 08:00-20:00,,,True,-37.7157842,145.1211919
node/1864449243,Foodworks,wheelchair_accessible_place,,yes,,Mo-Sa 07:30-20:00; Su 08:00-20:00,,,True,-37.7159148,145.1211658
node/1864449246,Montmorency Newsagency,wheelchair_accessible_place,,yes,,Mo-Fr 08:00-17:00; Sa 08:00-13:00,,,True,-37.7161413,145.1209616
node/1864449247,TerryWhite Chemmart,wheelchair_accessible_place,pharmacy,yes,,Mo-Fr 08:30-19:00; Sa 09:00-17:00; Su 09:00-15:00; Dec 25 off; Jan 01 off,,,True,-37.7160721,145.1210656
node/1865092163,Henry Bucks,wheelchair_accessible_place,,yes,,,,,True,-37.8161644,144.9634963
node/1865226615,Bakers Delight,wheelchair_accessible_place,,yes,,Mo-Su 06:00-19:30,,,True,-37.7163879,145.1213731
node/1865226619,Were Street Dentists,wheelchair_accessible_place,dentist,yes,,"Mo-Fr 08:00-17:00; Tu,Th 08:00-18:00",,,True,-37.7166526,145.1213242
node/1865226621,Max's Woodfired Pizza & Burgers,wheelchair_accessible_place,restaurant,yes,,Tu-Su 11:00-21:00,,,True,-37.7172913,145.1212639
node/1865226623,Modern Fusion,wheelchair_accessible_place,cafe,yes,,"We,Th 08:00-18:30; Fr,Sa 08:00-18:30; Fr,Sa 18:30-20:00 open ""Booking only""",,"Coffee, Brunch, Dumpling, Bubble Tea",True,-37.7171098,145.1212943
node/1865226626,the grape & HOP kitchen,wheelchair_accessible_place,restaurant,yes,,"Tu,We 17:00-22:00; Th-Su 12:00-22:00",,,True,-37.717172,145.1212852
node/1865226630,Ya Halla - Lebanese Bakery & Açai,wheelchair_accessible_place,,yes,,,,,True,-37.7163176,145.1213786
node/1865226631,Little Rockets Childrens Clinic,wheelchair_accessible_place,,yes,,,,Children's clinic - Birth to primary years,True,-37.7168448,145.1212913
node/1865226634,Little Meow Cattery,wheelchair_accessible_place,,yes,,,,,True,-37.7172321,145.1216239
node/1865226637,Espresso 3094,wheelchair_accessible_place,cafe,yes,,Mo-Sa 07:00-15:00; Su 08:00-15:00,,,True,-37.7161153,145.1214058
node/1868565159,Wheelchair Accessible Place,wheelchair_accessible_place,shelter,yes,,,Manningham Council,,True,-37.750318,145.1753893
node/1874062750,Alphington,wheelchair_accessible_place,,yes,,,Metro Trains Melbourne,,True,-37.7783921,145.0312833
node/1874062754,Batman,wheelchair_accessible_place,,yes,,,,,True,-37.7335442,144.9628427
node/1874062759,Cheltenham,wheelchair_accessible_place,,yes,yes,,Metro Trains Melbourne,,True,-37.9670081,145.0546951
node/1874069580,Heathmont,wheelchair_accessible_place,,yes,,,Metro Trains Melbourne,,True,-37.8283636,145.244577
node/1874069587,Highett,wheelchair_accessible_place,,yes,,,Metro Trains Melbourne,,True,-37.9484438,145.04188
node/1874069605,Hoppers Crossing,wheelchair_accessible_place,,yes,,,Public Transport Victoria - Metro,,True,-37.8832314,144.7010882
node/1874241133,Kensington,wheelchair_accessible_place,,yes,,,Public Transport Victoria - Metro,,True,-37.7939378,144.9305645
node/1874241161,Moonee Ponds,wheelchair_accessible_place,,yes,,,Metro Trains Melbourne,,True,-37.765935,144.9192614
node/1874241180,North Brighton,wheelchair_accessible_place,,yes,,,Metro Trains Melbourne,,True,-37.9048498,145.0026141
node/1874241186,Reservoir,wheelchair_accessible_place,,yes,,,Metro Trains Melbourne,,True,-37.7168415,145.0069944
node/1874241194,Rushall,wheelchair_accessible_place,,yes,,,Metro Trains Melbourne,,True,-37.7830163,144.9921266
node/1874241214,Tooronga,wheelchair_accessible_place,,yes,,,Metro Trains Melbourne,,True,-37.849344,145.0417139
node/1874241232,Victoria Park,wheelchair_accessible_place,,yes,,,Metro Trains Melbourne,,True,-37.799123,144.99443
node/1876465677,Autobarn,wheelchair_accessible_place,,yes,,"Mo-Th 08:30-17:30; Fr 08:30-18:00; Sa,Su 09:00-17:00",,,True,-37.7214292,145.1375765
node/1876465910,I-MED Radiology Eltham,wheelchair_accessible_place,,yes,,"Mo-Fr 09:00-12:30,13:00-17:00",,,True,-37.7203647,145.1380048
node/1876896278,Wheelchair Accessible Place,wheelchair_accessible_place,,yes,,,,,True,28.0943182,-80.6533497
node/1877451237,Giblin Eunson Library,wheelchair_accessible_place,library,yes,,,University of Melbourne,Economics & Commerce Collections Education Collections,True,-37.8011727,144.9593581
node/1877482693,Commonwealth Bank,wheelchair_accessible_place,bank,yes,,"Mo-We,Fr 09:30-16:00; Th 09:30-17:00; Sa,Su off",CBA,,True,-37.7971401,144.96031
node/1881118498,Gate 8,wheelchair_accessible_place,,yes,,,,,True,-37.800124,144.9625548
node/1886300607,Wheelchair Accessible Place,wheelchair_accessible_place,toilets,yes,,,,,True,-37.8882063,145.3171703
node/1905073551,Wheelchair Accessible Place,wheelchair_accessible_place,toilets,yes,,,Boroondara City Council,,True,-37.811044,145.0914677
node/1913564732,Wheelchair Accessible Place,wheelchair_accessible_place,,yes,,,,,True,-37.784729,144.8296883
node/1930471943,Sandringham,wheelchair_accessible_place,,yes,,,Metro Trains Melbourne,,True,-37.9502592,145.0043868
node/1937616038,Coles,wheelchair_accessible_place,,yes,,Mo-Su 07:00-23:00,Coles Group,,True,-37.7824349,144.9148103
node/1948756437,Wheelchair Accessible Place,wheelchair_accessible_place,drinking_water,yes,,,Yarra City Council,,True,-37.8048845,144.9844441
node/1973352740,Prahran,wheelchair_accessible_place,police,yes,,,,,True,-37.8478,145.0
node/1973352760,Melbourne Prosecutions,wheelchair_accessible_place,police,yes,,,,,True,-37.8132,144.958
node/1978870189,Toro Sushi & Poke,wheelchair_accessible_place,restaurant,yes,,,,,True,-37.8030874,144.9837185
node/1982350345,Wheelchair Accessible Place,wheelchair_accessible_place,,yes,,,,,True,-37.7936812,144.9814182
node/1985553018,Wheelchair Accessible Place,wheelchair_accessible_place,,yes,,,,,True,-37.7986892,144.9658335
node/1996463726,Man Mo,wheelchair_accessible_place,restaurant,yes,no,,,,True,-37.8230611,144.9538584
node/2010048664,Carlton South Post Office,wheelchair_accessible_place,post_office,yes,,"Mo-Fr 09:00-17:00; Sa,Su off",Australia Post,,True,-37.8042399,144.9661393
node/2017381016,Trek,wheelchair_accessible_place,,yes,no,Mo-Fr 09:00-17:30; Sa 09:00-16:00; Su 11:00-16:00,,,True,-37.8376168,144.9430457
node/2017542658,Bicycle Superstore Mentone,wheelchair_accessible_place,,yes,no,Mo-Fr 09:00-17:30; Sa 09:00-17:00; Su 10:00-16:00,,,True,-37.9756132,145.0651919
node/2017694397,Wheelchair Accessible Place,wheelchair_accessible_place,toilets,yes,,,,,True,-37.8688242,145.0738586
node/2019191934,Madame Brussels,wheelchair_accessible_place,cafe,yes,,"We,Th 16:00-23:00, Fr 16:00-01:00, Sa 12:00-01:00, Su 12:00-23:00",,,True,-37.8119505,144.971546
node/2025671040,Queensberry Street/Lygon Street,wheelchair_accessible_place,,yes,,,Transdev Melbourne,,True,-37.8051681,144.9660303
node/2037707508,Carte Crêpes,wheelchair_accessible_place,cafe,yes,,Mo-Fr 07:30-17:30,,"Hole-in-the-wall joint making traditional and inventive crepes to take away, plus specialty coffee",True,-37.799143,144.96036
node/2041590408,Public Toilets,wheelchair_accessible_place,toilets,yes,,,,,True,-37.8358174,145.1655242
node/2049607609,ALDI,wheelchair_accessible_place,,yes,yes,Mo-Su 08:30-20:00,,,True,-37.853724,145.1510417
node/2055880389,Wheelchair Accessible Place,wheelchair_accessible_place,toilets,yes,,,,,True,-37.8373072,145.1840038
node/2064694206,Beasley's Nursery & Teahouse,wheelchair_accessible_place,cafe,yes,,Mo-Su 08:00-17:00,,,True,-37.7497001,145.1765474
node/2091713174,HSBC,wheelchair_accessible_place,bank,yes,,Mo-Th 09:30-16:00; Fr 09:30-17:00,HSBC,,True,-37.8326224,144.9606568
node/2097564464,ALDI,wheelchair_accessible_place,,yes,,Mo-Su 08:30-20:00,,,True,-37.7709122,144.9616256
node/2099385497,Belle's Hot Chicken,wheelchair_accessible_place,restaurant,yes,,,,,True,-37.8061071,144.9796323
node/2102109158,Pie Face,wheelchair_accessible_place,cafe,yes,,,,,True,-37.810506,144.966817
node/2102111307,Guzman y Gomez,wheelchair_accessible_place,fast_food,yes,,,,,True,-37.8111789,144.9643151
node/2102425874,Smith Street Alimentari,wheelchair_accessible_place,,yes,,,,,True,-37.800176,144.984232
node/2103440476,Subway,wheelchair_accessible_place,fast_food,yes,,"Mo-Th 07:30-00:30, Su 08:00-22:00, Fr,Sa 07:30-02:00",,,True,-37.8103667,144.963966
node/2104835817,Consulate General of India,wheelchair_accessible_place,,yes,,,,,True,-37.83072,144.970868
node/2105178607,BOQ,wheelchair_accessible_place,bank,yes,,,,,True,-37.815216,144.96057
node/2106575956,Soapranos Coin Laundrette,wheelchair_accessible_place,,yes,,Mo-Su 7:00-22:00,,,True,-37.799715,144.990563
node/2108156543,Ajar,wheelchair_accessible_place,,yes,,Mo-Sa 10:00-18:00; Su 11:00-16:00,,,True,-37.7991874,144.9851456
node/2108183545,BP Fitzroy,wheelchair_accessible_place,fuel,yes,,,,,True,-37.7983197,144.9799076
node/2108185819,Heading Out Academy,wheelchair_accessible_place,,yes,,,,,True,-37.798291,144.979221
node/2108200027,Fitzroy Legal Service,wheelchair_accessible_place,,yes,,Mo-Fr 18:30-20:00,,Community legal centre,True,-37.802179,144.9796323
node/2110023791,Aldi,wheelchair_accessible_place,,yes,,Mo-Su 08:30-20:00,,,True,-37.829949,144.9573832
node/2110024983,Hats and Tatts,wheelchair_accessible_place,pub,yes,no,,,,True,-37.830623,144.956431
node/2110091827,New York Burger,wheelchair_accessible_place,fast_food,yes,,,,,True,-37.8303,144.957544
node/2111357288,The Bagel Shop,wheelchair_accessible_place,fast_food,yes,,Mo-Fr 07:00-16:00; Sa-Su 08:00-16:00; PH closed,,,True,-37.810266,144.963927
node/2111359407,Prime's Hai Tea,wheelchair_accessible_place,cafe,yes,,,,,True,-37.810321,144.963948
node/2111646502,Wheelchair Accessible Place,wheelchair_accessible_place,vending_machine,yes,,,City of Port Phillip,,True,-37.830273,144.971044
node/2117192008,Edward VII Memorial,wheelchair_accessible_place,,yes,,,,,True,-37.8226698,144.9709518
node/2117565518,Cash Converters,wheelchair_accessible_place,,yes,no,,,,True,-37.9977861,145.0845634
node/2117565519,Rivers,wheelchair_accessible_place,,yes,no,,,,True,-37.996923,145.0843109
node/2117566690,Thrift Park Post Office,wheelchair_accessible_place,post_office,yes,no,,Australia Post,,True,-37.9837523,145.0770378
node/2130197725,Sandrock,wheelchair_accessible_place,cafe,yes,,,,,True,-37.793935,144.948979
node/2130274744,IGA Xpress,wheelchair_accessible_place,,yes,,,,,True,-37.7273378,145.0702893
node/2130319702,Pearl Nails & Beauty,wheelchair_accessible_place,,yes,,"Mo-We 10:00-19:00; Th,Fr 09:30-19:30; Sa 09:30-18:00; Su 10:00-17:00",,,True,-37.801053,144.983768
node/2139774821,Smith Street Bazaar,wheelchair_accessible_place,,yes,,Mo 12:00-18:00; Tu-Fr 11:00-18:00; Sa-Su 10:30-17:00,,,True,-37.799836,144.983957
node/2140978058,The Meat and Wine Co.,wheelchair_accessible_place,restaurant,yes,,,,,True,-37.821528,144.961934
node/2141881933,Wheelchair Accessible Place,wheelchair_accessible_place,telephone,yes,,,Telstra,,True,-37.7991237,144.9943545
node/2144925117,B Convenience,wheelchair_accessible_place,,yes,,,,,True,-37.835879,144.975831
node/2146151386,Wheelchair Accessible Place,wheelchair_accessible_place,drinking_water,yes,,,,,True,-38.0194826,145.1069531
node/2147384626,Strandbags,wheelchair_accessible_place,,yes,,,,,True,-37.813434,144.965367
node/2148629173,Cliftons Cafe,wheelchair_accessible_place,cafe,yes,,,,,True,-37.7886755,144.9900011
node/2148630939,The Butcher's Block,wheelchair_accessible_place,,yes,,,,,True,-37.7890158,144.9891712
node/2163338847,Victoria Park Platform 2,wheelchair_accessible_place,vending_machine,yes,,,myki,,True,-37.799174,144.994313
node/2163339470,Victoria Park Platform 1,wheelchair_accessible_place,vending_machine,yes,,,myki,,True,-37.799151,144.994546
node/2163364028,Flinders Street Bakehouse,wheelchair_accessible_place,,yes,,,,,True,-37.8180641,144.9673546
node/2163569097,Aldi,wheelchair_accessible_place,,yes,,Mo-Su 08:30-20:00,,,True,-37.8825998,144.7360131
node/2166243827,Route 66 Bar & Grill,wheelchair_accessible_place,restaurant,yes,,"Tu,We 16:30-22:00; Th-Mo 11:30-22:00",,,True,-37.8161705,144.9847512
node/2166427051,Miss Chu,wheelchair_accessible_place,restaurant,yes,yes,,,,True,-37.83049,144.956894
node/2168228906,Sonsa Foods,wheelchair_accessible_place,,yes,,,,,True,-37.8025305,144.9838161
node/2168229907,Atticus Finch,wheelchair_accessible_place,,yes,,,,,True,-37.8024284,144.9838367
node/2172834033,Quick Fix Phone Repair,wheelchair_accessible_place,,yes,,,,,True,-37.8171105,144.9642547
node/2174681243,Priceline Pharmacy,wheelchair_accessible_place,pharmacy,yes,,Mo-Sa 08:00-18:00,,,True,-37.8165161,144.9583808
node/2179179767,Alter-It Clothing Alterations,wheelchair_accessible_place,,yes,,Mo-Fr 8:30-17:30; Sa 9:00-16:00,,,True,-37.835196,144.962244
node/2183358108,ALDI,wheelchair_accessible_place,,yes,,Mo-Su 08:30-20:00,,,True,-37.8952997,144.7522522
node/2189377522,Wheelchair Accessible Place,wheelchair_accessible_place,,yes,,,,,True,-37.808291,144.9765881
node/2190619591,Stop 3: Bourke Street Mall,wheelchair_accessible_place,,yes,no,,Keolis Downer,,True,-37.8139672,144.9630577
node/2193738183,Domestic Violence Resource Centre Victoria,wheelchair_accessible_place,,yes,,,,,True,-37.799873,144.987399
node/2196974290,Melbourne Collins Street West Post Shop,wheelchair_accessible_place,post_office,yes,,Mo-Sa 09:00-17:00,Australia Post,,True,-37.8172267,144.9598167
node/2199432744,Stop 23: Blyth Street,wheelchair_accessible_place,,yes,,,Keolis Downer,,True,-37.7671267,144.9802955
node/2200521873,Stop 11: Melbourne Museum,wheelchair_accessible_place,,yes,,,Keolis Downer,,True,-37.8056952,144.9735329
node/2200521878,Stop 11: Melbourne Museum,wheelchair_accessible_place,,yes,,,Keolis Downer,,True,-37.806239,144.9735212
node/2201141218,Spudbar,wheelchair_accessible_place,restaurant,yes,,,,,True,-37.839805,144.995732
node/2201143439,H & H Jewellery,wheelchair_accessible_place,,yes,,,,,True,-37.839822,144.995716
node/2201143474,Saba,wheelchair_accessible_place,,yes,,,,,True,-37.839894,144.995727
node/2201143701,Chapelli's,wheelchair_accessible_place,cafe,yes,,24/7,,,True,-37.840504,144.995212
node/2201176533,Nando's,wheelchair_accessible_place,restaurant,yes,,,,,True,-37.842654,144.995534
node/2202858914,Wheelchair Accessible Place,wheelchair_accessible_place,,yes,,,,,True,-37.8217572,144.952371
node/2203950504,Stop 124: Victoria Street,wheelchair_accessible_place,,yes,,,Keolis Downer,,True,-37.7682068,144.9722796
node/2203970119,Stop 22: Albert Street,wheelchair_accessible_place,,yes,,,Keolis Downer,,True,-37.7702159,144.9797336
node/2203970122,Stop 22: Albert Street,wheelchair_accessible_place,,yes,,,Keolis Downer,,True,-37.7704857,144.9797316
node/2203970247,Stop 21: Glenlyon Road,wheelchair_accessible_place,,yes,,,Keolis Downer,,True,-37.7740101,144.9790964
node/2203970248,Stop 21: Glenlyon Road,wheelchair_accessible_place,,yes,,,Keolis Downer,,True,-37.773272,144.9792609
node/2203970586,Stop 20: Miller Street,wheelchair_accessible_place,,yes,,,Keolis Downer,,True,-37.7766342,144.9786463
node/2203970587,Stop 20: Miller Street,wheelchair_accessible_place,,yes,,,Keolis Downer,,True,-37.7769008,144.9786452
node/2203992967,Stop 13: Johnston Street,wheelchair_accessible_place,,yes,,,Keolis Downer,,True,-37.7984081,144.9748439
node/2203992969,Stop 13: Johnston Street,wheelchair_accessible_place,,yes,,,Keolis Downer,,True,-37.7975315,144.9749157
node/2203994168,Stop 16: Freeman Street,wheelchair_accessible_place,,yes,,,Keolis Downer,,True,-37.7885226,144.9765303
node/2203994169,Stop 16: Freeman Street,wheelchair_accessible_place,,yes,,,Keolis Downer,,True,-37.7887924,144.9765591
node/2204317841,Subway,wheelchair_accessible_place,fast_food,yes,,Mo-Sa 08:30-21:30; Su 09:00-21:00,,,True,-37.8895733,145.0445028
node/2209383483,Wheelchair Accessible Place,wheelchair_accessible_place,,yes,,,,,True,-37.7782065,144.9602654
node/2215598766,Beer De Luxe,wheelchair_accessible_place,pub,yes,,Mo-Th 12:00-22:00; Fr-Sa 12:00-23:00; Su 12:00-21:00,,,True,-37.8175257,144.9694007
node/2217874589,Little Gordon,wheelchair_accessible_place,cafe,yes,,,,,True,-37.810524,144.9717049
node/2220089352,Stop 28: Park Street,wheelchair_accessible_place,,yes,,,Keolis Downer,,True,-37.7768297,144.9495014
node/2220089359,Stop 28: Park Street,wheelchair_accessible_place,,yes,,,Keolis Downer,,True,-37.7770154,144.9497059
node/2231794475,Stop 22: Flemington Bridge Station,wheelchair_accessible_place,,yes,,,Keolis Downer,,True,-37.7880745,144.9406507
node/2234441577,Stop 51: Bradshaw Street,wheelchair_accessible_place,,yes,,,Keolis Downer,,True,-37.7387283,144.8959479
node/2234441580,Stop 51: Bradshaw Street,wheelchair_accessible_place,,yes,,,Keolis Downer,,True,-37.7386352,144.895792
node/2235597050,Jamaica Blue,wheelchair_accessible_place,cafe,yes,,Mo-We 7:00-17:30; Th-Fr 7:00-19:00; Sa 8:00-17:30; Su 9:00-17:30,,,True,-37.812288,145.011291
node/2240626119,The Moat Bar & Café,wheelchair_accessible_place,bar,yes,,Mo-Fr 08:00+; Sa 12:00+,,,True,-37.8101724,144.9652411
node/2243029631,Starbucks,wheelchair_accessible_place,cafe,yes,,Mo-Fr 06:00-18:30; Sa 06:30-19:00; Su 07:30-18:30,,,True,-37.817934,144.965031
node/2243041765,7-Eleven,wheelchair_accessible_place,,yes,,24/7,,,True,-37.81047,144.9616487
node/2245737833,Ormond Railway Station/Katandra Road,wheelchair_accessible_place,,yes,,,Driver Bus Lines,,True,-37.9037442,145.0394726
node/2262236048,The Music Place,wheelchair_accessible_place,,yes,,Mo-Fr 9:00-17:30; Sa 10:00-14:00,,,True,-37.8349226,144.9616748
node/2265061698,Department of Human Services,wheelchair_accessible_place,,yes,,,Government of Victoria,,True,-37.8047085,144.9831255
node/2265511793,Stop 116: City Road,wheelchair_accessible_place,,yes,no,,Keolis Downer,,True,-37.8261813,144.9605893
node/2265511794,Stop 116: City Road,wheelchair_accessible_place,,yes,no,,Keolis Downer,,True,-37.8263988,144.9608542
node/2265525006,Stop 115: Casino and Southbank,wheelchair_accessible_place,,yes,,,Keolis Downer,,True,-37.8216814,144.9612871
node/2265526916,Wheelchair Accessible Place,wheelchair_accessible_place,,yes,,,,,True,-37.8303564,144.9650978
node/2266481026,Stop 17: Arts Precinct and Sturt Street,wheelchair_accessible_place,,yes,,,Keolis Downer,,True,-37.8240424,144.9672323
node/2266585243,BOM,wheelchair_accessible_place,bank,yes,,Mo-We 9:30-19:00; Th 9:00-19:00; Fr 9:30-17:00,,,True,-37.815788,144.966066
node/2266807377,Stop 127: South Yarra Station,wheelchair_accessible_place,,yes,,,Keolis Downer,,True,-37.8390754,144.9921843
node/2266807379,Stop 127: South Yarra Station,wheelchair_accessible_place,,yes,,,Keolis Downer,,True,-37.8390304,144.9920683
node/2269278536,Stop 125: Clarendon Street Junction,wheelchair_accessible_place,,yes,no,,Keolis Downer,,True,-37.8256555,144.9566486
node/2269300093,Wheelchair Accessible Place,wheelchair_accessible_place,,yes,,,,,True,-37.831332,144.9625765
node/2270108662,Stop 130: Albert Road,wheelchair_accessible_place,,yes,,,Keolis Downer,,True,-37.8389374,144.9633325
node/2270185600,Woolworths Metro,wheelchair_accessible_place,,yes,,,Woolworths Group,,True,-37.8268606,144.9593308
node/2270488982,Brazeel Street,wheelchair_accessible_place,,yes,,,,,True,-37.8388739,145.1555979
node/2270490796,Stop 137: Harold Street,wheelchair_accessible_place,,yes,,,Keolis Downer,,True,-37.8513039,144.959226
node/2271530408,Stop 22: Toorak Road,wheelchair_accessible_place,,yes,,,Keolis Downer,,True,-37.835449,144.9750807
node/2271619924,Summerhill Hotel,wheelchair_accessible_place,,yes,yes,,,,True,-37.7255536,145.0273678
node/2274577257,Upmarket Pets,wheelchair_accessible_place,,yes,,Mo-Tu 7:00-17:00; We 8:00-18:00; Th 7:00-17:00; Fr 7:00-18:00; Sa 7:00-17:00; Su 8:00-17:00,,,True,-37.8083013,144.9581236
node/2278040241,Toilet 46,wheelchair_accessible_place,toilets,yes,,,City of Melbourne,,True,-37.8132343,144.966902
node/2278042148,KFC,wheelchair_accessible_place,fast_food,yes,,Su-Th 10:00-22:00; Fr-Sa 10:00-4:00,,,True,-37.8131255,144.9675434
node/2279213588,Wheelchair Accessible Place,wheelchair_accessible_place,,yes,,,,,True,-37.8081752,144.9767973
node/2280320726,Magic Carwash,wheelchair_accessible_place,car_wash,yes,,Mo-Su 08:00-17:00,,,True,-37.8113124,144.9915684
node/2289929056,Punthill,wheelchair_accessible_place,,yes,,,,,True,-37.838029,144.992806
node/2289933005,7-Eleven,wheelchair_accessible_place,,yes,,24/7,,,True,-37.8080842,144.9600585
node/2291004768,Ormond Railway Station/North Road,wheelchair_accessible_place,,yes,,,,,True,-37.903783,145.040083
node/2292067949,Kiwi Fish and Chips,wheelchair_accessible_place,fast_food,yes,,Mo-Fr 11:00-21:00; Sa-Su 16:00-21:00,,,True,-37.8102984,144.9851582
node/2292068652,Hair Decor,wheelchair_accessible_place,,yes,,,,,True,-37.8103808,144.9852948
node/2295364686,Phone Exchange,wheelchair_accessible_place,,yes,,Mo-Fr 10:30-18:00; Sa-Su 11:00-17:00,,,True,-37.8109971,144.9642293
node/2296815142,Vapiano,wheelchair_accessible_place,restaurant,yes,,Su-Th 12:00-22:00; Fr-Sa 12:00-23:00,,,True,-37.8175215,144.9629447
node/2296860514,Dohertys,wheelchair_accessible_place,,yes,,24/7,,,True,-37.819118,144.962587
node/2296932404,Greenstar Electronics,wheelchair_accessible_place,,yes,,"""by appointment""",,,True,-37.8896657,145.0432059
node/2296934041,Comfort Shoes,wheelchair_accessible_place,,yes,,"Mo-Sa 09:00-17:00, Sa 09:00-14:00",,,True,-37.8894536,145.0434712
node/2296934704,Darn Cheap Fabrics,wheelchair_accessible_place,,yes,,Mo-Fr 09:30-17:30; Sa 10:00-17:00,,,True,-37.8897042,145.0435545
node/2303324125,Albert Gourmet Deli,wheelchair_accessible_place,cafe,yes,,Mo-Fr 7:00-15:30,,,True,-37.833654,144.971429
node/2312245805,Wheelchair Accessible Place,wheelchair_accessible_place,telephone,yes,,,Telstra,,True,-37.816694,144.964149
node/2316624784,Lucky 7 Eight on Miles,wheelchair_accessible_place,,yes,,Mo-Fr 6:00-20:00; Sa 7:00-18:00; Su 8:00-18:00,,,True,-37.828472,144.967914
node/2317853100,IGA X-press Park Street,wheelchair_accessible_place,,yes,,Su 08:00-21:00,,,True,-37.8327,144.9696367
node/2320594853,Wheelchair Accessible Place,wheelchair_accessible_place,toilets,yes,,,,,True,-37.4930549,145.2509979
node/2323880667,Victoria Parade Surgery Centre,wheelchair_accessible_place,clinic,yes,,,,,True,-37.8084973,144.9749205
node/2337218739,Henry's Cafe,wheelchair_accessible_place,cafe,yes,,Mo-Fr 07:00-19:30; Sa-Su 08:00-19:00,,,True,-37.6527251,145.0148378
node/2337234746,The Henry Forman Atkinson Dental Museum,wheelchair_accessible_place,,yes,,,University of Melbourne,,True,-37.7992531,144.964415
node/2341505826,IGA,wheelchair_accessible_place,,yes,,,,,True,-37.8276939,144.9665201
node/2343283579,Aldi,wheelchair_accessible_place,,yes,,Mo-Su 08:30-20:00,,,True,-37.9051618,144.6577989
node/2345148049,To's Bakery,wheelchair_accessible_place,,yes,,,,,True,-37.7998145,144.9011534
node/2345149185,Thao Nguyen,wheelchair_accessible_place,pharmacy,yes,,Mo-Sa 09:00-18:00; Su 10:00-16:00,,,True,-37.799778,144.900853
node/2353039151,Wheelchair Accessible Place,wheelchair_accessible_place,toilets,yes,,,,,True,-37.7974343,144.9590333
node/2353039687,Ho Ho's Canteen,wheelchair_accessible_place,cafe,yes,,Mo-Fr 08:00-15:30,,"A range of lunch options including salads, sandwiches and falafel along with coffee and sweet treats",True,-37.7974144,144.9584924
node/2355621094,Inspirations Paint,wheelchair_accessible_place,,yes,,,,,True,-37.787974,144.991679
node/2355625409,Bean Around Bakery-Café,wheelchair_accessible_place,cafe,yes,,Mo-Su 6:00-18:00,,,True,-37.7881146,144.9913458
node/2355778762,Wheelchair Accessible Place,wheelchair_accessible_place,toilets,yes,,,,,True,-37.8204967,145.1753252
node/2355855782,Wheelchair Accessible Place,wheelchair_accessible_place,toilets,yes,,,,,True,-37.8207242,145.1049595
node/2355906418,Wheelchair Accessible Place,wheelchair_accessible_place,toilets,yes,,,,,True,-37.8205529,145.0538353
node/2355906427,Wheelchair Accessible Place,wheelchair_accessible_place,toilets,yes,,,,,True,-37.8294738,145.056479
node/2356967406,Fresh seafood wholesalers,wheelchair_accessible_place,,yes,,,,,True,-37.8263553,144.9979203
node/2356976920,Wheelchair Accessible Place,wheelchair_accessible_place,recycling,yes,,,,,True,-37.826523,144.997043
node/2356978390,Wheelchair Accessible Place,wheelchair_accessible_place,recycling,yes,,,,,True,-37.826347,144.99707
node/2356990374,Wheelchair Accessible Place,wheelchair_accessible_place,toilets,yes,,,,,True,-37.8179862,144.9670143
node/2356990939,ANZ,wheelchair_accessible_place,atm,yes,,24/7,ANZ,,True,-37.8179979,144.9670612
node/2367924698,Vinfresh,wheelchair_accessible_place,,yes,,,,,True,-37.7615054,144.9629354
node/2367924709,A1 Lebanese Bakery,wheelchair_accessible_place,cafe,yes,,07:00-17:00,,,True,-37.7620103,144.962841
node/2373556239,Brunswick Ballroom,wheelchair_accessible_place,bar,yes,,,,,True,-37.7704566,144.9617018
node/2382117671,41 IRVING ST RWLY STN F/BRIDGE,wheelchair_accessible_place,telephone,yes,,24/7,Telstra,,True,-37.8015536,144.9016671
node/2383174929,Wheelchair Accessible Place,wheelchair_accessible_place,telephone,yes,,,Telstra,,True,-37.8155875,144.9658474
node/2384426956,The Big Clock,wheelchair_accessible_place,,yes,,,,Large clock inside mall in the shape of a traditional fob watch. Puts on a musical show every hour.,True,-37.8103358,144.9630965
node/2385153640,Wheelchair Accessible Place,wheelchair_accessible_place,,yes,,,,,True,-37.8149018,144.9447482
node/2397024592,Coburg Post Shop,wheelchair_accessible_place,post_office,yes,,Mo-Fr 09:00-17:00,Australia Post,,True,-37.7430312,144.9657386
node/2400987359,D.M. Jewellery Co.,wheelchair_accessible_place,,yes,,Mo-Sa 11:00-18:30; Su 12:00-18:00,,,True,-37.8128487,144.9655929
node/2400987626,Smol Bitez,wheelchair_accessible_place,,yes,,,,,True,-37.8128094,144.9655745
node/2406002083,ALDI,wheelchair_accessible_place,,yes,,Mo-Su 08:30-20:00,,,True,-37.6594053,145.0298308
node/2406220757,Wheelchair Accessible Place,wheelchair_accessible_place,toilets,yes,,,,,True,28.1589833,-80.6610524
node/2421601637,Wheelchair Accessible Place,wheelchair_accessible_place,toilets,yes,,,,,True,-37.8246692,144.9549281
node/2421608378,Baci,wheelchair_accessible_place,cafe,yes,,,,,True,-37.8226426,144.9585822
node/2421608384,Spice Temple,wheelchair_accessible_place,restaurant,yes,,,,,True,-37.8219572,144.9598348
node/2421608387,The Atlantic,wheelchair_accessible_place,restaurant,yes,yes,,,,True,-37.8224816,144.9589014
node/2421608390,Rock Pool Bar & Grill,wheelchair_accessible_place,restaurant,yes,,,,,True,-37.8218439,144.9600789
node/2421608393,Rockpool Bar & Grill,wheelchair_accessible_place,bar,yes,,,,,True,-37.8218036,144.9601634
node/2421608397,Bistro Guillaume,wheelchair_accessible_place,restaurant,yes,,,,,True,-37.822221,144.9594056
node/2421609590,Guardians,wheelchair_accessible_place,,yes,,,,,True,-37.8215881,144.9603812
node/2421613409,Evan Walker Bridge Lookout,wheelchair_accessible_place,,yes,,,,,True,-37.819463,144.9652371
node/2431739202,BCF,wheelchair_accessible_place,,yes,no,,,,True,-37.9764614,145.0672528
node/2431739203,Mentone Toyota,wheelchair_accessible_place,,yes,no,,,,True,-37.9757863,145.0668391
node/2433063899,InnerSpace,wheelchair_accessible_place,social_facility,yes,,,cohealth,,True,-37.7989069,144.9849795
node/2436328312,Nibble Cafe,wheelchair_accessible_place,cafe,yes,,Mo-Fr 08:00-16:00,,"Full range of drinks. Amazing specialty coffee (ZEST coffee), Hot Choc, Mocha, Latte, Range teas & Iced drinks. Range of Wraps, focaccia, sandwiches and hot food (such as Curries & pastas) and Hot Snacks. Catering services including coffee vouchers",True,-37.6810569,145.0635434
node/2449261651,Wheelchair Accessible Place,wheelchair_accessible_place,toilets,yes,,,,,True,-37.7525969,145.6958413
node/2450105717,Wheelchair Accessible Place,wheelchair_accessible_place,toilets,yes,,,,,True,-37.813412,144.9774394
node/2458040386,Half Moon Cafe,wheelchair_accessible_place,cafe,yes,,10:00-16:00,,,True,-37.7432062,144.9657646
node/2459881620,Wheelchair Accessible Place,wheelchair_accessible_place,toilets,yes,,24/7,,,True,-37.7994504,145.0623072
node/2460494557,Code Black,wheelchair_accessible_place,cafe,yes,,07:00-17:00,,,True,-37.7747117,144.9624457
node/2462381385,Wheelchair Accessible Place,wheelchair_accessible_place,,yes,,,,,True,-37.7996778,144.9631938
node/2467254134,Wheelchair Accessible Place,wheelchair_accessible_place,toilets,yes,,,,,True,-37.8556464,145.035279
node/2469566594,Dog House,wheelchair_accessible_place,cafe,yes,,,,,True,-37.7998667,144.9919632
node/2473324487,Grevillea Street/Waterview Boulevard,wheelchair_accessible_place,,yes,,,,,True,-37.5828422,144.9071383
node/2473324489,Marathon Boulevard/Waterview Boulevard,wheelchair_accessible_place,,yes,,,,,True,-37.5840167,144.9068256
node/2483459674,Wheelchair Accessible Place,wheelchair_accessible_place,toilets,yes,,,Hobsons Bay Council,,True,-37.8630291,144.7717919
node/2484908414,Wheelchair Accessible Place,wheelchair_accessible_place,toilets,yes,,,,,True,-37.6565561,145.3734851
node/2487442399,Foodworks,wheelchair_accessible_place,,yes,,Mo-Fr 7:00-22:00; Sa-Su 8:00-22:00,,,True,-37.802612,144.978102
node/2490518041,The Gate Keeper,wheelchair_accessible_place,restaurant,yes,,,,,True,-37.810459,144.969604
node/2490518708,That Schnitzel Place,wheelchair_accessible_place,cafe,yes,,,,,True,-37.810514,144.969612
node/2490539050,Carosello Pizza,wheelchair_accessible_place,restaurant,yes,,,,,True,-37.765872,144.9196726
node/2493198725,Pace Biscuits,wheelchair_accessible_place,,yes,,Mo-Fr 08:00-15:00; Sa 08:00-15:00; Su off,,,True,-37.7810737,144.9326572
node/2493308704,Wheelchair Accessible Place,wheelchair_accessible_place,toilets,yes,,,,,True,-37.7905504,145.2443957
node/2495726700,Argos Loves Company,wheelchair_accessible_place,cafe,yes,,Tu-Fr 07:30-16:30; Sa-Su 08:00-17:00,,,True,-37.803143,144.977468
node/2495730333,East Side Story,wheelchair_accessible_place,cafe,yes,,,,,True,-37.80846,144.974797
node/2503439859,El Jannah,wheelchair_accessible_place,fast_food,yes,,,,,True,-37.813903,144.966034
node/2506726510,Publix,wheelchair_accessible_place,,yes,yes,Mo-Su 07:00-22:00,,,True,28.1476597,-80.6743967
node/2506737945,KFC,wheelchair_accessible_place,fast_food,yes,yes,Mo-Th 10:30-21:00; Fr-Sa 10:30-22:00; Su 10:30-21:00,,,True,28.1487142,-80.6723628
node/2517025484,Daily Grind Cafe,wheelchair_accessible_place,cafe,yes,,"Mo-Fr 06:00-17:30; Sa,Su 06:00-16:30",,,True,-37.787353,144.928303
node/2517025516,Newmarket Lucky Lotto,wheelchair_accessible_place,,yes,,,,,True,-37.787442,144.928327
node/2519212064,Australian College of Optometry,wheelchair_accessible_place,,yes,,Mo-Sa 08:00-17:30,,,True,-37.7955197,144.9667299
node/2520663471,Precinct ATM,wheelchair_accessible_place,atm,yes,,24/7,Prosegur,,True,-37.7159887,145.121198
node/2522172093,Wheelchair Accessible Place,wheelchair_accessible_place,toilets,yes,,,Moreland Council,,True,-37.7344898,144.9687273
node/2528710966,Australia Post,wheelchair_accessible_place,post_office,yes,,"Mo-Fr 09:00-17:00, Sa 10:00-12:00",,,True,-37.8480961,145.3609924
node/2530153202,Karé,wheelchair_accessible_place,restaurant,yes,,,,,True,-37.8060232,144.9557154
node/2535972375,Chemist Warehouse,wheelchair_accessible_place,pharmacy,yes,,,,,True,-37.8615939,144.974695
node/2548300615,Wheelchair Accessible Place,wheelchair_accessible_place,toilets,yes,,,,,True,-37.8310797,144.983562
node/2556397735,Tracey Roberts,wheelchair_accessible_place,,yes,,,Tracey Roberts,,True,-37.8981033,145.4044371
node/2581980880,Fifty-Six Threads,wheelchair_accessible_place,cafe,yes,,,,,True,-37.7970521,144.9278512
node/2587391682,Nino's & Joe's Meat,wheelchair_accessible_place,,yes,,Tu-Fr 06:00-17:30; Sa 06:00-12:00; Su-Mo closed,,,True,-37.766648,144.9600922
node/2591018879,Ginifer,wheelchair_accessible_place,,yes,no,,,,True,-37.7600098,144.8112444
node/2610501410,Subway,wheelchair_accessible_place,fast_food,yes,,,,,True,-37.9718325,145.0880417
node/2610870553,Chatham,wheelchair_accessible_place,,yes,,,Metro Trains Melbourne,,True,-37.8242309,145.0886628
node/2614530053,Wheelchair Accessible Place,wheelchair_accessible_place,,yes,,,,,True,-37.9331615,145.0342993
node/2621980421,Mayflour Cafe & Cupcake Shop,wheelchair_accessible_place,cafe,yes,yes,Mo-We 06:00-17:00; Th-Sa 06:00-21:00; Su off,,,True,-37.676342,144.8870529
node/2627902282,Officeworks,wheelchair_accessible_place,,yes,,Mo-Fr 07:00-21:00; Sa 08:00-18:00; Su 09:00-18:00,,,True,-37.8872595,145.1652193
node/2637878932,Wheelchair Accessible Place,wheelchair_accessible_place,toilets,yes,,,,,True,-37.6752984,144.886513
node/2638105792,Petbarn,wheelchair_accessible_place,,yes,,,,,True,-37.8875061,145.0856628
node/2640261281,Wheelchair Accessible Place,wheelchair_accessible_place,toilets,yes,,,,,True,-37.7434641,144.9117132
node/2643285274,Breadtop,wheelchair_accessible_place,,yes,,,,,True,-37.8104568,144.9628822
node/2643285282,Salsa's,wheelchair_accessible_place,fast_food,yes,,,,,True,-37.8101686,144.9626948
node/2643285286,Melbourne Central Hotel,wheelchair_accessible_place,pub,yes,,,,,True,-37.8103619,144.962674
node/2643285296,Little Free Library,wheelchair_accessible_place,public_bookcase,yes,,,,,True,-37.8100885,144.9631501
node/2643285300,Mad Mex,wheelchair_accessible_place,fast_food,yes,,,,,True,-37.8102344,144.9625933
node/2646549677,Wheelchair Accessible Place,wheelchair_accessible_place,drinking_water,yes,,,,,True,-37.7375972,144.8752099
node/2646549725,Wheelchair Accessible Place,wheelchair_accessible_place,drinking_water,yes,,,,,True,-37.7390395,144.8750946
node/2646549737,Wheelchair Accessible Place,wheelchair_accessible_place,drinking_water,yes,,,,,True,-37.737017,144.8757316
node/2647202605,KFL Supermarkets,wheelchair_accessible_place,,yes,,Mo-Sa 08:30-18:00; Su 09:00-18:00,,,True,-37.7446282,144.9661578
node/2651865022,IGA,wheelchair_accessible_place,,yes,,,,,True,-37.7555887,144.9754206
node/2653585223,Mercy Health Support Services,wheelchair_accessible_place,,yes,,,,,True,-37.8107862,144.9934349
node/2656917827,Collingwood,wheelchair_accessible_place,,yes,,,Public Transport Victoria - Metro,,True,-37.8044703,144.9937555
node/2664309783,Wheelchair Accessible Place,wheelchair_accessible_place,,yes,,,,,True,-37.7817969,144.9596998
node/2670991978,Tinto,wheelchair_accessible_place,cafe,yes,,,,,True,-37.817369,144.959472
node/2673633128,Wheelchair Accessible Place,wheelchair_accessible_place,library,yes,,,,,True,-37.7361952,144.8889183
node/2674416308,Wheelchair Accessible Place,wheelchair_accessible_place,drinking_water,yes,,,,,True,-37.7406527,144.8778677
node/2674646681,Wheelchair Accessible Place,wheelchair_accessible_place,drinking_water,yes,,,,,True,-37.7327683,144.8666909
node/2679605906,Our Lady of Perpetual Succour,wheelchair_accessible_place,place_of_worship,yes,,,,,True,-37.8297931,145.1122375
node/2680307906,Brokers National,wheelchair_accessible_place,,yes,,,,,True,-37.9870197,145.2156788
node/2681854538,Avondale Pharmacy,wheelchair_accessible_place,pharmacy,yes,,Mo-Fr 09:00-19:00; Sa 09:00-17:00; Su 09:00-12:00,,,True,-37.7678821,144.8642743
node/2681964552,Wheelchair Accessible Place,wheelchair_accessible_place,,yes,,,,,True,-37.7756492,144.9613822
node/2683027867,Mitcham,wheelchair_accessible_place,,yes,,,Metro Trains Melbourne,,True,-37.8180929,145.1928003
node/2687818506,Story So Far,wheelchair_accessible_place,,yes,,Mo-Th 7:00-21:00; Fr 7:00-23:00; Sa 9:00-23:00; Su 9:00-21:00,,,True,-37.830045,144.970196
node/2687981317,NAB,wheelchair_accessible_place,bank,yes,,,,,True,-37.8159201,144.9580109
node/2687981874,Spin Coffee,wheelchair_accessible_place,cafe,yes,,,,,True,-37.81648,144.958255
node/2687982804,Simply Spanish,wheelchair_accessible_place,restaurant,yes,,,,,True,-37.816543,144.958097
node/2687983457,Famish'd,wheelchair_accessible_place,cafe,yes,,,,,True,-37.816599,144.957794
node/2689530929,Zero Gradi,wheelchair_accessible_place,ice_cream,yes,,,,,True,-37.823287,144.957247
node/2690754173,Cafenetics,wheelchair_accessible_place,cafe,yes,,Mo-Fr 06:00-16:30,,,True,-37.8141621,144.9470999
node/2690897131,Mothership,wheelchair_accessible_place,cafe,yes,,Mo-Fr 07:00-16:00,,,True,-37.8069234,144.9986977
node/2696094394,Kere Kere,wheelchair_accessible_place,cafe,yes,,,,,True,-37.8257083,144.9608905
node/2699454630,Five Guys,wheelchair_accessible_place,fast_food,yes,,,,,True,-37.821617,144.961794
node/2702166276,Temple Hills Medical Centre,wheelchair_accessible_place,doctors,yes,,,,,True,-37.7662356,145.1725003
node/2707866940,Mornington Peninsula Library,wheelchair_accessible_place,library,yes,,,Mornington Peninsula Shire Council,,True,-38.2175052,145.0362576
node/2707944748,Wheelchair Accessible Place,wheelchair_accessible_place,toilets,yes,,,,,True,-37.7790743,144.9122655
node/2712358171,Waku Waku,wheelchair_accessible_place,restaurant,yes,,"11:00-15:00,17:00-22:00",,,True,-37.8132413,144.9622894
node/2717237144,Wheelchair Accessible Place,wheelchair_accessible_place,,yes,,,,,True,-37.7983073,144.9657757
node/2717237149,Wheelchair Accessible Place,wheelchair_accessible_place,,yes,,,,,True,-37.7984302,144.9655781
node/2717237152,Wheelchair Accessible Place,wheelchair_accessible_place,,yes,,,,,True,-37.79849,144.9660668
node/2717237155,Wheelchair Accessible Place,wheelchair_accessible_place,,yes,,,,,True,-37.7985271,144.9655625
node/2717237161,Wheelchair Accessible Place,wheelchair_accessible_place,,yes,,,,,True,-37.7985882,144.9660471
node/2717237166,Wheelchair Accessible Place,wheelchair_accessible_place,,yes,,,,,True,-37.7986752,144.9657159
node/2720714600,ALDI,wheelchair_accessible_place,,yes,,Mo-Su 08:30-20:00,,,True,-37.7828586,144.8341988
node/2720762500,Monash University Museum of Art,wheelchair_accessible_place,,yes,,"Tu-Fr 10:00-17:00; Sa 12:00-17:00; Su closed; Mo ""by appointment""",,,True,-37.8771439,145.0460965
node/2722408224,Selwyn Park Playground,wheelchair_accessible_place,,yes,,,,,True,-37.7821225,144.8142619
node/2725962588,Wheelchair Accessible Place,wheelchair_accessible_place,toilets,yes,,,Melbourne City Council,,True,-37.817883,144.966235
node/2726602757,Pizza Superman,wheelchair_accessible_place,restaurant,yes,,,,,True,-37.8236647,145.0450777
node/2744849237,Wheelchair Accessible Place,wheelchair_accessible_place,,yes,,,,,True,-37.6901272,145.0009687
node/2766434998,Cheaper Buy Miles,wheelchair_accessible_place,,yes,,Mo-Sa 09:00-19:00; Su 10:00-18:00,,,True,-37.798272,144.9791079
node/2774564670,Freedom,wheelchair_accessible_place,,yes,,,,,True,-37.9418411,145.0401897
node/2776401990,H&M,wheelchair_accessible_place,,yes,,Mo-We 09:30-19:00; Th-Fr 09:30-21:00; Sa 09:30-20:00; Su 10:00-19:00,,,True,-37.8137661,144.9633416
node/2790472399,GAMI Chicken,wheelchair_accessible_place,restaurant,yes,no,,,,True,-37.8196424,144.9574355
node/2807713601,Lost Angel,wheelchair_accessible_place,restaurant,yes,,,,,True,-37.807976,144.971075
node/2807818501,Lerroi,wheelchair_accessible_place,,yes,,,,,True,-37.815428,144.9635
node/2814716731,Hector's Deli,wheelchair_accessible_place,fast_food,yes,,Mo-Su 07:00-15:00,,,True,-37.8142049,145.0046452
node/2820038622,Harding Street Medical Centre,wheelchair_accessible_place,doctors,yes,,,,,True,-37.7453742,144.9674761
node/2865405674,Wheelchair Accessible Place,wheelchair_accessible_place,toilets,yes,,,,,True,-37.7329653,144.9524677
node/2879690541,Woolworths Metro,wheelchair_accessible_place,,yes,yes,,Woolworths Group,,True,-37.8208755,145.0363418
node/2896390518,Mount Evelyn Station House,wheelchair_accessible_place,,yes,,,,,True,-37.7851867,145.3788736
node/2926038305,the grape & HOP wine bar,wheelchair_accessible_place,bar,yes,,Tu-Fr 15:00+; Sa 14:00+; Su 14:00-21:30,,,True,-37.7172123,145.1212801
node/2927330706,Juggler Design,wheelchair_accessible_place,,yes,,,,,True,-37.7174565,145.1380715
node/2928755411,Schnitz,wheelchair_accessible_place,fast_food,yes,,,,,True,-37.8865441,145.0827025
node/2930607343,Wheelchair Accessible Place,wheelchair_accessible_place,toilets,yes,,,,,True,-37.8382398,144.9843969
node/2948774555,Flagstaff 4,wheelchair_accessible_place,,yes,,,Metro Trains Melbourne,,True,-37.811759,144.9559722
node/2951651605,Wheelchair Accessible Place,wheelchair_accessible_place,parking_space,yes,,,,,True,-37.8098153,144.9960812
node/2952275446,Wheelchair Accessible Place,wheelchair_accessible_place,shelter,yes,,,,,True,-37.9472723,145.2229244
node/2959454014,The D'Souzas Indian Groceries,wheelchair_accessible_place,,yes,,,,,True,-37.7386265,145.0021992
node/2959705854,Melton,wheelchair_accessible_place,,yes,,,,,True,-37.703332,144.5726756
node/2960610433,Kino Cinemas,wheelchair_accessible_place,cinema,yes,yes,,,,True,-37.8142295,144.9724638
node/2963956861,JJ Brothers Quality Meats,wheelchair_accessible_place,,yes,,Mo-Th 07:00-17:00; Fr 07:00-18:00; Sa 08:00-16:00; Su 08:00-14:00,,,True,-37.7432985,144.966112
node/2965346868,Lalor,wheelchair_accessible_place,,yes,,,Metro Trains Melbourne,,True,-37.6658431,145.017276
node/2965353208,Thomastown,wheelchair_accessible_place,,yes,,,Metro Trains Melbourne,,True,-37.6804981,145.0142881
node/2965429197,Laburnum,wheelchair_accessible_place,,yes,,,Metro Trains Melbourne,,True,-37.8206741,145.1408716
node/2970900433,Wheelchair Accessible Place,wheelchair_accessible_place,drinking_water,yes,,,,,True,-37.821958,145.0474526
node/2971135947,Watsonia Hub - The Big Build,wheelchair_accessible_place,,yes,,,,,True,-37.7117423,145.0822045
node/2975211809,Wheelchair Accessible Place,wheelchair_accessible_place,,yes,,,,,True,-37.7997492,144.9631816
node/2975256931,Gate 7,wheelchair_accessible_place,,yes,,,,,True,-37.8002112,144.9634737
node/3009780876,Matchworks,wheelchair_accessible_place,,yes,,Mo-Fr 09:00-17:00,,,True,-37.7887078,144.9335039
node/3013289647,Wheelchair Accessible Place,wheelchair_accessible_place,toilets,yes,yes,,,,True,-37.9555217,145.0493513
node/3036985261,Wheelchair Accessible Place,wheelchair_accessible_place,toilets,yes,,,exeloo,,True,-37.8161837,144.8894209
node/3046064444,Fish N Chips On Docks,wheelchair_accessible_place,fast_food,yes,,,,,True,-37.8147281,144.9427488
node/3047691070,Wheelchair Accessible Place,wheelchair_accessible_place,,yes,,,,,True,-37.7881395,144.929384
node/3049708435,Wheelchair Accessible Place,wheelchair_accessible_place,toilets,yes,,,,,True,-37.7927798,145.0721509
node/3049708535,Gyoza Gyoza,wheelchair_accessible_place,restaurant,yes,,,,,True,-37.784286,145.125133
node/3053552706,Women's Health in the North,wheelchair_accessible_place,,yes,,,,,True,-37.7586418,145.000781
node/3059131713,ALDI,wheelchair_accessible_place,,yes,,Mo-Fr 08:30-20:00; Sa-Su 08:30-19:00,,,True,-38.2249896,145.1774728
node/3062310427,Muscle Joint Bone Balwyn North,wheelchair_accessible_place,,yes,,"Mo-Fr 09:00-17:00,Sa 10:00-15:00,Su 10:00-14:00",,,True,-37.7918781,145.0940822
node/3064901449,Next Payments,wheelchair_accessible_place,atm,yes,,24/7,Next Payments,,True,-37.7169219,145.1209565
node/3066667898,Schnitz,wheelchair_accessible_place,fast_food,yes,,,,,True,-37.8101888,144.9626274
node/3072718448,Wheelchair Accessible Place,wheelchair_accessible_place,,yes,,,,,True,-37.8252424,144.9567883
node/3072718449,Wheelchair Accessible Place,wheelchair_accessible_place,,yes,,,,,True,-37.8251307,144.9567271
node/3072718452,The Boatbuilders Yard,wheelchair_accessible_place,bar,yes,,,,,True,-37.82414,144.9529795
node/3088785107,StudentHQ,wheelchair_accessible_place,,yes,,"Mo-Th 09:00-17:00, Fr 10:00-17:00",,,True,-37.8224423,145.0395459
node/3093461329,Brioche By Philip,wheelchair_accessible_place,,yes,,Mo-Fr 07:00-16:00; Sa 07:30-15:30; PH closed; Su 08:00-15:00,,,True,-37.8136491,144.9687139
node/3096926498,Wheelchair Accessible Place,wheelchair_accessible_place,toilets,yes,,,,,True,-37.8942848,145.1003811
node/3098470452,War Memorial.,wheelchair_accessible_place,,yes,,,,,True,-37.7398766,145.0038684
node/3101319434,Wheelchair Accessible Place,wheelchair_accessible_place,,yes,,,,,True,-37.8081567,144.9828572
node/3116021429,Mannaka,wheelchair_accessible_place,restaurant,yes,,,,,True,-37.8116035,144.9617059
node/3116346521,CVGT Employment,wheelchair_accessible_place,,yes,,,,,True,-37.75529,144.9642973
node/3160968780,Nar Nar Goon,wheelchair_accessible_place,,yes,,,Public Transport Victoria - Regional,,True,-38.0814584,145.571827
node/3161984762,Blondie,wheelchair_accessible_place,bar,yes,,"Mo-Fr 09:00+, Sa 17:00+, Su ""pending MRC programming""",,"Asian dumplings and craft beer in a cosy bar with live jazz and DJs, plus heated outdoor seating.",True,-37.823895,144.967752
node/3164334096,Wheelchair Accessible Place,wheelchair_accessible_place,toilets,yes,,,,,True,-37.8727325,145.0343303
node/3164334097,Wheelchair Accessible Place,wheelchair_accessible_place,toilets,yes,,,,,True,-37.8726182,145.0253696
node/3167247785,Wheelchair Accessible Place,wheelchair_accessible_place,,yes,,,,,True,-37.6841723,144.9134586
node/3198137145,CGU,wheelchair_accessible_place,,yes,,,,,True,-37.8154804,144.9578415
node/3199596608,IKEA Café,wheelchair_accessible_place,cafe,yes,,Mo-Sa 10:00-21:00; Su 10:00-19:00,Ikea,,True,-37.9267149,145.1433159
node/3199772517,Wheelchair Accessible Place,wheelchair_accessible_place,drinking_water,yes,,,Yarra Valley Water,,True,-37.797191,145.2809672
node/3212101075,Eva's Sandwiches & Cafe Sandringham,wheelchair_accessible_place,cafe,yes,,Mo-Fr 07:00-16:30; Sa 08:00-16:00; Su off,,,True,-37.9513548,145.0042177
node/3212106893,Sandy Fish n Chips,wheelchair_accessible_place,fast_food,yes,,,,,True,-37.951142,145.0042622
node/3215435665,Ammos Greek Tavern,wheelchair_accessible_place,restaurant,yes,,,,,True,-37.9506035,145.003924
node/3215436923,Active feet,wheelchair_accessible_place,,yes,,Mo-Fr 10:00-18:00; Sa 09:00-17:00; Su 11:00-16:00,,,True,-37.9501617,145.003929
node/3215441271,Limoncello,wheelchair_accessible_place,cafe,yes,,07:00-15:00,,,True,-37.9500831,145.0039479
node/3215441272,Brumby's Bakeries,wheelchair_accessible_place,,yes,,"Mo-Fr 06:50-18:00; Sa,Su 07:05-16:30",,,True,-37.9500209,145.0039611
node/3215441582,Sandringham Fruit Market,wheelchair_accessible_place,,yes,,,,,True,-37.9495805,145.003592
node/3215441675,Our Little Ray of Sunshine,wheelchair_accessible_place,cafe,yes,,Mo-Fr 06:00-16:30; Sa-Su 07:00-16:30,,,True,-37.9499429,145.003972
node/3215447157,Sushi Daily,wheelchair_accessible_place,fast_food,yes,,,,,True,-37.950897,145.0039871
node/3215448370,Sook Sabai,wheelchair_accessible_place,restaurant,yes,,Mo off; Tu-Su 17:30-21:00,,,True,-37.9512122,145.0039222
node/3222794520,Camberwell Library,wheelchair_accessible_place,library,yes,,Mo 09:00-21:00; Tu-Fr 09:00-18:00; Sa 10:00-17:00; Su 13:00-17:00,City of Boroondara,,True,-37.834344,145.0588862
node/3223129117,Wheelchair Accessible Place,wheelchair_accessible_place,toilets,yes,,24/7,,,True,-37.7758993,145.1079204
node/3227493687,Liberty Swing,wheelchair_accessible_place,,yes,,,,,True,-37.6995754,145.1533699
node/3235737085,Wheelchair Accessible Place,wheelchair_accessible_place,toilets,yes,,,,,True,-37.8031463,145.1025573
node/3239431948,Chemist Warehouse,wheelchair_accessible_place,pharmacy,yes,,Mo-Su 07:00-24:00,,,True,-37.7437736,144.9659911
node/3245691859,Mobile House,wheelchair_accessible_place,,yes,,09:00-17:00,,,True,-37.7433498,144.9661033
node/3248865761,Merrywell Restaurant and Bar,wheelchair_accessible_place,restaurant,yes,yes,,,,True,-37.825452,144.957448
node/3260940050,KereKere Green,wheelchair_accessible_place,cafe,yes,,"Mo-Fr 06:30-16:00; Sa, Su 08:00-16:00",,,True,-37.8149104,144.9792572
node/3260940563,Fitzroy Gardens Visitor Centre,wheelchair_accessible_place,,yes,,Mo-Su 09:00-17:00; PH off,,,True,-37.8148774,144.979262
node/3268338661,Malvern Village Pharmacy,wheelchair_accessible_place,pharmacy,yes,,Mo-Fr 9:00-18:00; Sa 9:00-13:00,,,True,-37.853233,145.04104
node/3269837045,Gylls & Grylls,wheelchair_accessible_place,fast_food,yes,,Mo off; Tu-Su 11:00-20:30,,,True,-38.1162079,145.1920168
node/3274372810,Wheelchair Accessible Place,wheelchair_accessible_place,toilets,yes,,,,,True,-37.7912183,145.0951479
node/3276141235,Dukes Coffee Roasters,wheelchair_accessible_place,cafe,yes,,Mo-Fr 07:00-16:30; Sa 08:00-17:00; Su off,,,True,-37.8167849,144.9661412
node/3276141238,Ross House Association,wheelchair_accessible_place,,yes,,,,,True,-37.8168442,144.9660992
node/3289178308,Commonwealth Bank,wheelchair_accessible_place,atm,yes,,,Commonwealth Bank,,True,-37.8145406,144.9630322
node/3291950580,Wyndham Vale,wheelchair_accessible_place,,yes,,,V/Line,,True,-37.8722432,144.6084185
node/3306879951,Flagstaff,wheelchair_accessible_place,,yes,,,,,True,-37.812229,144.9562906
node/3311933669,Wheelchair Accessible Place,wheelchair_accessible_place,toilets,yes,,,,,True,-37.9211381,144.6663417
node/3321876887,7-Eleven,wheelchair_accessible_place,fuel,yes,,24/7,,,True,-37.7894122,144.9397339
node/3338909453,ALDI,wheelchair_accessible_place,,yes,,Mo-Su 08:30-20:00,,,True,-37.8490479,144.7053019
node/3348839856,Ritchies,wheelchair_accessible_place,,yes,,Mo-Su 07:00-22:00,,,True,-38.1851366,145.0898437
node/3349173431,Tarneit,wheelchair_accessible_place,,yes,,,V/Line,,True,-37.8321522,144.69462
node/3349670852,Wheelchair Accessible Place,wheelchair_accessible_place,toilets,yes,,,,,True,-37.7867632,145.0862718
node/3360746822,STREAT,wheelchair_accessible_place,cafe,yes,yes,,,,True,-37.8064154,144.9901235
node/3375917893,Cargo,wheelchair_accessible_place,restaurant,yes,,Mo-Th 12:00-23:00; Fr 12:00-23:30; Sa 11:00-23:30; Su 11:00-23:00,,,True,-37.8153633,144.9414726
node/3375919551,Pho & Bakery,wheelchair_accessible_place,restaurant,yes,no,,,,True,-37.8213354,144.9452234
node/3377468675,Wheelchair Accessible Place,wheelchair_accessible_place,toilets,yes,,,,,True,-37.8389329,144.9923338
node/3377509252,Wheelchair Accessible Place,wheelchair_accessible_place,parking,yes,,,Secure Parking,,True,-37.838774,144.9970216
node/3382223730,Kerrie Road Family Medical Centre,wheelchair_accessible_place,doctors,yes,,Mo-Fr 09:00-17:30,Interconnect Healthcare,,True,-37.875745,145.1775352
node/3383772365,Aghadeer Restaurant and Reception,wheelchair_accessible_place,restaurant,yes,,"Su-Th 10:00-23:00, Fr,Sa 10:00-24:00",,,True,-37.7559833,144.9641934
node/3383772366,Gervasi FoodWorks,wheelchair_accessible_place,,yes,,"Mo-We 08:30-18:00; Th,Fr 08:30-18:00+; Sa 08:00-16:00; Su 09:00-16:00",,,True,-37.7560827,144.9641749
node/3388467782,Hardrock,wheelchair_accessible_place,,yes,,"Mo-Fr 12:00-22:00; Sa,Su 11:00-19:00",,,True,-37.807364,144.9624993
node/3391972393,Scotts,wheelchair_accessible_place,,yes,,Mo-Fr 09:00-17:30,,,True,-37.8008727,144.9640939
node/3398088891,Kmart,wheelchair_accessible_place,,yes,,,,,True,-37.7243297,145.0291651
node/3399238660,Wheelchair Accessible Place,wheelchair_accessible_place,toilets,yes,,,,,True,-37.7402493,145.0053175
node/3403193737,Cotti Coffee,wheelchair_accessible_place,cafe,yes,,Mo-Su 07:30-20:30,,,True,-37.8022382,144.963855
node/3412142754,Urban Provedore,wheelchair_accessible_place,restaurant,yes,,,,,True,-37.8392076,144.9945767
node/3412142756,Little,wheelchair_accessible_place,,yes,,,,,True,-37.8392219,144.9948129
node/3412142768,IGA X-press plus Liquor,wheelchair_accessible_place,,yes,no,Mo-Su 06:00-23:00; Su 07:00-22:00,,,True,-37.8392789,144.9928413
node/3412506316,InterPark,wheelchair_accessible_place,parking,yes,,,,,True,-37.8136318,144.9695426
node/3418896097,Linen House,wheelchair_accessible_place,,yes,,,,,True,-37.797594,144.984307
node/3421024296,Main Entrance,wheelchair_accessible_place,,yes,,,,,True,-37.7985382,144.9617203
node/3424227893,7-Eleven,wheelchair_accessible_place,,yes,,24/7,,,True,-37.8136714,144.9733092
node/3426162684,Trend Cafe and Restaurant,wheelchair_accessible_place,restaurant,yes,,Mo 07:00-16:00; Tu-Sa 07:00-21:00; Su 08:00-16:00,,,True,-37.8294061,144.9694174
node/3436561037,Belgrave SurgiCentre,wheelchair_accessible_place,doctors,yes,,Mo 11:00-18:00; Tu 08:30-17:00; Th 08:30-13:00; Fr 08:30-15:00,,,True,-37.9092155,145.3540806
node/3440879622,Sassafras Post Office,wheelchair_accessible_place,post_office,yes,,Mo-Fr 09:00-17:00,,,True,-37.8622005,145.3538789
node/3453867626,Wheelchair Accessible Place,wheelchair_accessible_place,toilets,yes,,,,,True,-37.8510157,144.9547051
node/3463256452,Kalorama Lookout,wheelchair_accessible_place,,yes,,,,View of Silvan Dam/Reservoir and surrounding forest. Sunrise is viewable from here.,True,-37.8182213,145.366866
node/3466805998,Nobu,wheelchair_accessible_place,restaurant,yes,,,,,True,-37.8220539,144.9596858
node/3472659756,The Workers' Food Room,wheelchair_accessible_place,cafe,yes,,Mo-Fr 04:30-14:00+,,,True,-37.815458,144.963089
node/3481124146,Casa Verde,wheelchair_accessible_place,,yes,,"Mo-Th 09:00-18:30; Fr 09:00-19:00; Sa 09:00-18:00; Su, PH off",,,True,-37.8041564,144.9495895
node/3481124185,The Happy Hanger,wheelchair_accessible_place,,yes,,,,,True,-37.8042212,144.9495772
node/3481124186,Al Makan,wheelchair_accessible_place,restaurant,yes,,Mo-Su 11:30-22:00,,,True,-37.8046397,144.9491178
node/3494348616,Wheelchair Accessible Place,wheelchair_accessible_place,drinking_water,yes,,,,,True,-37.819374,144.9641881
node/3500422089,Wheelchair Accessible Place,wheelchair_accessible_place,toilets,yes,,,City of Boroondara,,True,-37.8213205,145.0356999
node/3504891502,Aldi,wheelchair_accessible_place,,yes,,Mo-Fr 08:30-20:00; Sa-Su 08:30-19:00,,,True,-37.6783544,144.9195292
node/3510204744,Wheelchair Accessible Place,wheelchair_accessible_place,toilets,yes,,,,,True,-37.8321504,145.0714405
node/3529507478,Big W,wheelchair_accessible_place,,yes,,"Mo-We,Sa 08:00-19:00; Th-Fr 08:00-21:00; Su 09:00-18:00",Woolworths Group Limited,,True,-37.8371393,144.9964424
node/3529507479,Woolworths,wheelchair_accessible_place,,yes,,,Woolworths Group,,True,-37.8371902,144.9969896
node/3578042312,Wheelchair Accessible Place,wheelchair_accessible_place,toilets,yes,,,,,True,-37.8568462,145.316003
node/3580502142,Wheelchair Accessible Place,wheelchair_accessible_place,toilets,yes,,,,,True,-37.867356,144.8889432
node/3594271795,7-Eleven,wheelchair_accessible_place,,yes,no,,,,True,-37.8691813,144.9992904
node/3597573995,Milk Bar,wheelchair_accessible_place,,yes,,,,,True,-37.8739754,144.9983218
node/3597692807,Vainer Optical,wheelchair_accessible_place,,yes,,,,,True,-37.8686015,144.9914449
node/3614815241,Wheelchair Accessible Place,wheelchair_accessible_place,toilets,yes,,,,,True,-37.7910102,145.1705827
node/3616576935,Wheelchair Accessible Place,wheelchair_accessible_place,toilets,yes,,,,,True,-37.9143442,145.0320961
node/3616576937,Wheelchair Accessible Place,wheelchair_accessible_place,toilets,yes,,,,,True,-37.914486,145.0320988
node/3631504396,ALACC Health College Australia,wheelchair_accessible_place,,yes,,,,"Courses offered include aged care, nursing, community and allied health.",True,-37.7457117,145.0059366
node/3661108598,Westport Reserve Toilets,wheelchair_accessible_place,toilets,yes,,,,,True,-37.8392334,144.9197399
node/3662194228,Port Melbourne Library,wheelchair_accessible_place,library,yes,no,"Mo,We,Fr 10:00-18:00; Tu,Th 10:00-20:00; Sa 10:00-14:00; PH closed",,,True,-37.835771,144.944496
node/3669736934,Bridge Street/Bay Street,wheelchair_accessible_place,,yes,no,,,,True,-37.8370296,144.9435955
node/3687984038,Wheelchair Accessible Place,wheelchair_accessible_place,toilets,yes,,,,,True,-37.5107829,145.1187095
node/3696262789,Wheelchair Accessible Place,wheelchair_accessible_place,,yes,no,,,,True,-37.8297301,144.9360949
node/3698370097,City Mazda,wheelchair_accessible_place,,yes,,,,,True,-37.8283866,144.9472955
node/3706647031,Little Free Library,wheelchair_accessible_place,public_bookcase,yes,,24/7,,,True,-37.7483074,144.9625857
node/3708816913,St. Marks Templestowe,wheelchair_accessible_place,place_of_worship,yes,,,,,True,-37.7654794,145.1201933
node/3710185544,Wheelchair Accessible Place,wheelchair_accessible_place,toilets,yes,,,,,True,-37.8494815,144.9926765
node/3712862375,Cafe Azu,wheelchair_accessible_place,cafe,yes,,,,,True,-37.8160013,144.9633432
node/3712913961,ALDI,wheelchair_accessible_place,,yes,,Mo-Su 08:30-20:00,,,True,-38.0677336,145.3005853
node/3725643718,Station Street/Bridge Street,wheelchair_accessible_place,,yes,no,,,,True,-37.835434,144.941408
node/3725836244,Laurent Boulangerie Patisserie,wheelchair_accessible_place,cafe,yes,,"Mo-Fr 07:00-18:00; Sa,Su 07:00-18:00",,,True,-37.8161942,144.984965
node/3737440354,Liardet Street/Bay Street,wheelchair_accessible_place,,yes,no,,,,True,-37.8386975,144.9420997
node/3764750757,Wheelchair Accessible Place,wheelchair_accessible_place,toilets,yes,,,,,True,-37.5133034,145.1179672
node/3775879858,Vodafone,wheelchair_accessible_place,,yes,,,,,True,-37.7687402,145.0011157
node/3775880957,Wheelchair Accessible Place,wheelchair_accessible_place,toilets,yes,,,,,True,-37.768252,145.00197
node/3775893957,Kaisercraft Northcote,wheelchair_accessible_place,,yes,,,,,True,-37.768886,145.001272
node/3782877337,Wheelchair Accessible Place,wheelchair_accessible_place,,yes,,,,,True,-37.8324809,144.9118497
node/3800073160,Liquorland,wheelchair_accessible_place,,yes,,Su-We 9:00-21:00; Th 9:00-22:00; Fr 10:00-22:00; Sa 9:00-23:00,Coles Group,,True,-37.804223,144.983536
node/3800095557,Coles,wheelchair_accessible_place,,yes,,Mo-Su 07:00-23:00,Coles Group,,True,-37.803803,144.983619
node/3800096857,Soul Pattinson Chemist,wheelchair_accessible_place,pharmacy,yes,,Mo-Fr 8:00-19:00; Sa-Su 9:00-17:00,,,True,-37.8043513,144.9835109
node/3800310557,Georgie's on Cambridge,wheelchair_accessible_place,cafe,yes,,Mo-Fr 6:00-15:45; Sa 8:00-13:30,,,True,-37.804436,144.985751
node/3800645467,Australia Post Parcel Locker,wheelchair_accessible_place,parcel_locker,yes,,24/7,Australia Post,,True,-37.7984991,144.9621769
node/3802969150,Derham Street/Williamstown Road,wheelchair_accessible_place,,yes,no,,,,True,-37.8319895,144.9409665
node/3809419500,Wheelchair Accessible Place,wheelchair_accessible_place,,yes,,,Masonic Centre Brunswick,,True,-37.7569038,144.9646693
node/3813754395,Hunter & Barrel,wheelchair_accessible_place,restaurant,yes,,Tu 16:00-21:30; We-Th 12:00-21:30; Fr-Sa 12:00-22:00; Su 12:00-21:30,,,True,-37.814485,145.2291767
node/3813774725,H&M,wheelchair_accessible_place,,yes,,Mo-We 09:00-17:30; Th-Fr 09:00-21:00; Sa 09:00-17:00; Su 10:00-17:00,,,True,-37.8140834,145.2299615
node/3820478324,Wheelchair Accessible Place,wheelchair_accessible_place,drinking_water,yes,,,Yarra Valley Water,,True,-37.7751863,145.5272882
node/3830281283,Aldi,wheelchair_accessible_place,,yes,,Mo-Su 08:30-20:00,,,True,-38.1000051,145.2933188
node/3831851276,Wheelchair Accessible Place,wheelchair_accessible_place,,yes,,,,,True,-37.8337392,144.9125888
node/3832093157,Wheelchair Accessible Place,wheelchair_accessible_place,,yes,,,,,True,-37.6811747,144.918862
node/3835060268,Aldi,wheelchair_accessible_place,,yes,,Mo-Fr 08:30-20:00; Sa-Su 08:30-19:00,,,True,-37.7784331,145.4589302
node/3836788559,Wheelchair Accessible Place,wheelchair_accessible_place,atm,yes,,24/7,Commonwealth Bank,,True,-37.7171453,145.0096151
node/3844062098,Kariton Sorbetes,wheelchair_accessible_place,ice_cream,yes,,Mo-We 13:00-22:00; Th-Fr 13:00-23:00; Sa-Su 12:00-23:00,,,True,-37.8122525,144.9676337
node/3853589435,Wheelchair Accessible Place,wheelchair_accessible_place,,yes,,,,,True,-37.7882666,144.9410732
node/3861774657,Wolf and Hound,wheelchair_accessible_place,cafe,yes,,Mo-Sa 07:00-16:00,,,True,-37.7865025,144.9291906
node/3861777726,Repco,wheelchair_accessible_place,,yes,,"Mo-Fr 08:00-17:00; Sa 09:00-16:00; Su,PH 10:00-15:00",,,True,-38.2189905,145.0605492
node/3866618897,Wild Timor Coffee Co.,wheelchair_accessible_place,cafe,yes,,,,,True,-37.7986544,144.9654934
node/3879359294,Wheelchair Accessible Place,wheelchair_accessible_place,recycling,yes,,24/7,,,True,-37.6962496,145.081062
node/3881388074,Dong Bun Bun,wheelchair_accessible_place,restaurant,yes,,,,,True,-37.8078489,144.9599763
node/3881388086,Happy Apple,wheelchair_accessible_place,,yes,,Mo-Su 07:00-19:30,Happy Apple,,True,-37.8421863,144.8822348
node/3881388128,ALDI,wheelchair_accessible_place,,yes,,Mo-Su 08:30-20:00,,,True,-37.8284837,144.8476986
node/3889897784,NAB,wheelchair_accessible_place,atm,yes,,,NAB,,True,-37.8426785,144.995375
node/3889897788,Wheelchair Accessible Place,wheelchair_accessible_place,toilets,yes,,,,,True,-37.8425994,144.9953759
node/3889897789,ANZ,wheelchair_accessible_place,atm,yes,,,ANZ,,True,-37.8427951,144.9955526
node/3889897794,Topshop,wheelchair_accessible_place,,yes,,,,,True,-37.8429425,144.9955099
node/3897820057,Laundry HQ,wheelchair_accessible_place,,yes,,07:00-19:00,,,True,-37.8740405,145.0916462
node/3903836925,Kmart,wheelchair_accessible_place,,yes,,Mo-Fr 08:00-22:00; Sa-Su 08:00-20:00,Wesfarmers,,True,-37.8118343,145.2286232
node/3922729770,Wheelchair Accessible Place,wheelchair_accessible_place,,yes,,,,,True,-37.7928295,144.9758614
node/3924718744,Stop 112: Lygon Street,wheelchair_accessible_place,,yes,,,Keolis Downer,,True,-37.797058,144.9663644
node/3924718745,Stop 112: Lygon Street,wheelchair_accessible_place,,yes,,,Keolis Downer,,True,-37.7970901,144.9671655
node/3924911390,"Stop 6: Melbourne Central Station, Swanston Street",wheelchair_accessible_place,,yes,,,Yarra Trams,,True,-37.8093559,144.9647853
node/3924931347,Stop 6: Town Hall,wheelchair_accessible_place,,yes,,,Keolis Downer,,True,-37.8155346,144.9662721
node/3926293351,Stop 127: South Yarra Station,wheelchair_accessible_place,,yes,,,Yarra Trams,,True,-37.8389895,144.9919476
node/3926293352,Stop 127: South Yarra Station,wheelchair_accessible_place,,yes,,,Yarra Trams,,True,-37.8391152,144.992221
node/3935352675,Wheelchair Accessible Place,wheelchair_accessible_place,toilets,yes,,,,,True,-37.9223968,144.6673925
node/3935689548,Caroline Springs,wheelchair_accessible_place,,yes,,,V/Line,,True,-37.7660599,144.7356307
node/3937113678,Stop 3: Flagstaff Station,wheelchair_accessible_place,,yes,,,Yarra Trams,,True,-37.8116612,144.9567052
node/3937113679,Stop 3: Flagstaff Station,wheelchair_accessible_place,,yes,,,Yarra Trams,,True,-37.8114868,144.9570945
node/3937113687,Stop 8: Exhibition Street,wheelchair_accessible_place,,yes,,,Yarra Trams,,True,-37.8086141,144.9673235
node/3938525751,Wheelchair Accessible Place,wheelchair_accessible_place,,yes,,,,,True,-37.8213261,144.9668335
node/3938525752,Wheelchair Accessible Place,wheelchair_accessible_place,,yes,,,,,True,-37.8214114,144.9668893
node/3945796014,Little Collins Street/Queen Street,wheelchair_accessible_place,,yes,,,Transdev,,True,-37.8157822,144.9612274
node/3945796030,Stop 10: Victoria Street,wheelchair_accessible_place,,yes,,,Keolis Downer,,True,-37.8053945,144.9560523
node/3945796031,Stop 10: Victoria Street,wheelchair_accessible_place,,yes,,,Keolis Downer,,True,-37.8056727,144.956039
node/3945798962,Stop 4: Collins Street,wheelchair_accessible_place,,yes,,,Yarra Trams,,True,-37.8174759,144.9591027
node/3945798963,Stop 4: Collins Street,wheelchair_accessible_place,,yes,,,Yarra Trams,,True,-37.8169359,144.9587369
node/3945798964,"Stop 4: Flinders Street Station, Elizabeth Street",wheelchair_accessible_place,,yes,,,Keolis Downer,,True,-37.8182386,144.9647112
node/3945798965,"Stop 4: Flinders Street Station, Elizabeth Street",wheelchair_accessible_place,,yes,,,Keolis Downer,,True,-37.8183651,144.9644027
node/3945798988,Stop 8: Spring Street,wheelchair_accessible_place,,yes,,,Keolis Downer,,True,-37.813412,144.9735436
node/3945878111,Wheelchair Accessible Place,wheelchair_accessible_place,,yes,no,,,,True,-37.9566847,145.0507781
node/3956028389,Wheelchair Accessible Place,wheelchair_accessible_place,toilets,yes,,,,,True,-37.862773,144.8391734
node/3956126838,Wheelchair Accessible Place,wheelchair_accessible_place,toilets,yes,,,,,True,-37.861839,144.8342602
node/3970811101,Wheelchair Accessible Place,wheelchair_accessible_place,,yes,,,,,True,-37.8126462,144.9426245
node/3977249257,Merricks General Wine Store,wheelchair_accessible_place,cafe,yes,yes,,,,True,-38.3907176,145.0872256
node/3984925968,Hiskibs,wheelchair_accessible_place,,yes,,Mo-Fr 09:00-17:00; Sa 09:00-13:00,,,True,-37.820626,145.1506072
node/3991484610,Stop 41: Cantala Avenue,wheelchair_accessible_place,,yes,,,Yarra Trams,,True,-37.8618899,145.0176811
node/3991484611,Stop 41: Cantala Avenue,wheelchair_accessible_place,,yes,,,Yarra Trams,,True,-37.861982,145.017673
node/3998393784,Stop 38: Balaclava Station,wheelchair_accessible_place,,yes,,,Yarra Trams,,True,-37.868771,144.9939658
node/3998393785,Stop 38: Balaclava Station,wheelchair_accessible_place,,yes,,,Yarra Trams,,True,-37.8688336,144.9935716
node/4010386731,1 in 20 Café,wheelchair_accessible_place,cafe,yes,,"Sa-Th 07:00-15:30, Fr 07:00-20:00",,,True,-37.8556385,145.3157854
node/4013820214,E dumpling,wheelchair_accessible_place,restaurant,yes,,,,,True,-37.7990231,144.96444
node/4013820216,Claypot Kingdom,wheelchair_accessible_place,restaurant,yes,,,,,True,-37.7989016,144.9644542
node/4017426049,Wheelchair Accessible Place,wheelchair_accessible_place,toilets,yes,,,,,True,-37.8425346,144.8822747
node/4035875541,Wheelchair Accessible Place,wheelchair_accessible_place,,yes,,,,,True,-37.7671132,145.1191724
node/4041048206,Chacha,wheelchair_accessible_place,cafe,yes,,,Maxen Victoria Pty Ltd,,True,-37.9497373,145.1515767
node/4054227526,Yarraman Railway Station,wheelchair_accessible_place,,yes,,,Public Transport Victoria - Metro,,True,-37.9785849,145.1929355
node/4056214466,Four Pillars Gin Distillery,wheelchair_accessible_place,,yes,,Su-Th 10:30-17:30; Fr-Sa 10:30-21:00,,,True,-37.6573641,145.5099131
node/4060734759,400 Gradi,wheelchair_accessible_place,restaurant,yes,,Mo-Su 12:00-23:00,,,True,-37.7759696,144.9708453
node/4064596510,Lindt,wheelchair_accessible_place,,yes,,,,,True,-37.9702202,145.0889851
node/4064857390,N&S Happy Dry Cleaners,wheelchair_accessible_place,,yes,,Mo-Fr 07:30-17:30; Sa 08:00-15:00; Su off,,,True,-37.7786354,145.0179999
node/4064857408,Fairfield Pharmacy,wheelchair_accessible_place,pharmacy,yes,,Mo-Fr 09:00-18:00; Sa 09:00-14:00; Su 10:00-13:00,,,True,-37.7781112,145.0180408
node/4064857416,Fairfield Industrial Dog Object,wheelchair_accessible_place,,yes,,,,,True,-37.7790261,145.0179118
node/4064857420,Bakers Delight,wheelchair_accessible_place,,yes,,"Mo-Fr 06:30-19:00; Sa,Su 06:30-18:00",,,True,-37.7781595,145.0180256
node/4066098589,Crumpler,wheelchair_accessible_place,,yes,no,,,,True,-37.8134629,144.9622941
node/4066098590,Digi Direct,wheelchair_accessible_place,,yes,,,,,True,-37.8133807,144.9625722
node/4066348924,Wattle Park,wheelchair_accessible_place,,yes,,,,,True,-37.8374948,145.1108385
node/4067829290,99 Bikes,wheelchair_accessible_place,,yes,,Mo-Fr 09:00-18:00; Sa 09:00-17:00; Su 10:00-16:00,,,True,-37.791151,144.985862
node/4070546384,Stop 14: Royal Melbourne Hospital,wheelchair_accessible_place,,yes,,,Keolis Downer,,True,-37.799849,144.9552657
node/4070546385,Stop 14: Royal Melbourne Hospital,wheelchair_accessible_place,,yes,,,Keolis Downer,,True,-37.8000717,144.9555987
node/4070568044,Covenant House,wheelchair_accessible_place,social_facility,yes,,,,,True,-37.8324439,145.1566848
node/4074272589,Wheelchair Accessible Place,wheelchair_accessible_place,toilets,yes,,,,,True,-37.7788184,145.1609356
node/4077652563,Chemist Warehouse,wheelchair_accessible_place,pharmacy,yes,no,,,,True,-37.9660945,145.0557239
node/4091526789,Melbourne Short Stay Apartments,wheelchair_accessible_place,,yes,,,,,True,-37.825877,144.956901
node/4109195712,Brunswick Bound,wheelchair_accessible_place,,yes,,,,,True,-37.7691316,144.961628
node/4122176391,Rock Paper Scissors,wheelchair_accessible_place,cafe,yes,yes,,,,True,-37.8421836,144.9398977
node/4122971689,Doughboys,wheelchair_accessible_place,cafe,yes,,,,,True,-37.81595,144.957933
node/4141911396,Wheelchair Accessible Place,wheelchair_accessible_place,,yes,,,,,True,-37.7937712,144.8980702
node/4148228273,Stop D18: Victoria Harbour Docklands,wheelchair_accessible_place,,yes,no,,Keolis Downer,,True,-37.8207768,144.9420851
node/4148228274,Stop D18: Victoria Harbour Docklands,wheelchair_accessible_place,,yes,no,,Keolis Downer,,True,-37.820845,144.9420646
node/4154728908,Swimart,wheelchair_accessible_place,,yes,,,,,True,-37.8124564,145.0793727
node/4162603500,Supernormal,wheelchair_accessible_place,restaurant,yes,,,,,True,-37.8159467,144.9683117
node/4166878876,ALDI,wheelchair_accessible_place,,yes,,Mo-Su 08:30-20:00,,,True,-37.7912353,145.0947384
node/4167042990,Plug Nickel,wheelchair_accessible_place,cafe,yes,,Mo-Fr 07:00-15:00; Sa-Su 08:00-15:00; Th-Su 15:30-22:00,,,True,-37.8051621,144.983949
node/4176215689,Tim Ho Wan,wheelchair_accessible_place,restaurant,yes,,,,,True,-37.8128706,144.9669936
node/4180454889,Nuvocca Beauty College,wheelchair_accessible_place,,yes,,,,,True,-37.814139,144.96264
node/4186252195,Aldi,wheelchair_accessible_place,,yes,,Mo-Su 08:30-20:00,,,True,-37.8718502,144.7751035
node/4189379266,Chemist Warehouse,wheelchair_accessible_place,pharmacy,yes,,"Mo-Fr 08:00-21:00, Sa 08:00-19:00, Su 09:00-18:00",,,True,-37.7672928,144.9619446
node/4189379267,Father's Delicious Pizza,wheelchair_accessible_place,fast_food,yes,,,,,True,-37.7671462,144.9619746
node/4192572938,Wheelchair Accessible Place,wheelchair_accessible_place,,yes,,,,,True,-37.7975129,144.9603538
node/4192572947,Professors Walk Cafe,wheelchair_accessible_place,cafe,yes,yes,Mo-Fr 09:00-17:00,,"A community oriented, environmentally focused cafe with a large menu. Perfect for a meeting place or takeaway",True,-37.7981416,144.9595503
node/4201060111,NGV Australia Shop,wheelchair_accessible_place,,yes,,,,,True,-37.8173721,144.9697499
node/4206825199,ALDI,wheelchair_accessible_place,,yes,,Mo-Su 08:30-20:00,,,True,-37.8763934,145.4089514
node/4211628791,Luv-A-Duck,wheelchair_accessible_place,fast_food,yes,,,,,True,-37.8283346,144.9409474
node/4211876812,Stop 1 - Student Advice - Level G,wheelchair_accessible_place,,yes,,"Mo-We 09:00-16:45, Th-Fr 10:00-16:45",University of Melbourne,,True,-37.8000566,144.9636712
node/4213225990,Princes Street/Bridge Street,wheelchair_accessible_place,,yes,no,,,,True,-37.8359177,144.9424446
node/4213226390,Bay Street/Bridge Street,wheelchair_accessible_place,,yes,no,,,,True,-37.8367402,144.943409
node/4213253589,Liardet Street/Bay Street,wheelchair_accessible_place,,yes,no,,,,True,-37.8384923,144.94256
node/4213481950,Brunswick Central Medical Centre,wheelchair_accessible_place,doctors,yes,,,,,True,-37.7731085,144.9612892
node/4213708657,Domino's,wheelchair_accessible_place,fast_food,yes,,"Mo-We,Su 11:00-23:00; Th 11:00-24:00; Fr-Sa 11:00-01:00",,,True,-37.7427735,144.9661837
node/4213708658,Fat Harry's,wheelchair_accessible_place,,yes,,Mo-Sa 09:00-18:00; Su 09:00-17:30,,,True,-37.7427104,144.9661907
node/4213708661,AJ Home & Living,wheelchair_accessible_place,,yes,,,,,True,-37.7427431,144.9658681
node/4223012389,Cafenatics,wheelchair_accessible_place,cafe,yes,,,,,True,-37.821834,144.962369
node/4223013192,Criniti's,wheelchair_accessible_place,restaurant,yes,,,,,True,-37.821455,144.962389
node/4226751389,Boccaccio SUPA IGA,wheelchair_accessible_place,,yes,,Mo-Su 07:00-19:00,,,True,-37.8015537,145.0626975
node/4232008023,Twins Cafe,wheelchair_accessible_place,cafe,yes,,,,,True,-37.7427031,144.9657736
node/4234705030,Wheelchair Accessible Place,wheelchair_accessible_place,toilets,yes,,,,,True,-37.9405948,145.0535845
node/4248321541,Dr Johannes Kern,wheelchair_accessible_place,clinic,yes,,,,,True,-37.8136974,144.9732265
node/4256728331,Black Squirrel Cafe,wheelchair_accessible_place,cafe,yes,,Mo-Su 07:00-17:00,,,True,-37.9519086,145.0045512
node/4256773647,St. Leigh Private Nursing Home,wheelchair_accessible_place,social_facility,yes,,,,,True,-37.9516375,145.0055669
node/4256802125,Red Moose,wheelchair_accessible_place,restaurant,yes,,Mo-Su 10:00-16:00,,,True,-37.9497551,145.003769
node/4256809600,Mercy Place Fernhill,wheelchair_accessible_place,social_facility,yes,,,,,True,-37.9513287,145.0073231
node/4258262516,Wheelchair Accessible Place,wheelchair_accessible_place,toilets,yes,,,,,True,-37.7081725,145.0729084
node/4269463941,Wheelchair Accessible Place,wheelchair_accessible_place,post_box,yes,,,,,True,-37.8160918,144.9647304
node/4269477972,The Hour Glass,wheelchair_accessible_place,,yes,,,,,True,-37.8155995,144.9654876
node/4269477974,Hugo Boss,wheelchair_accessible_place,,yes,,,,,True,-37.8154513,144.9660051
node/4270935296,Bunnings Warehouse,wheelchair_accessible_place,,yes,,,,,True,-37.8775077,145.0929395
node/4271393498,Bluestones Cafe,wheelchair_accessible_place,cafe,yes,,,,,True,-37.815373,144.9585863
node/4271393499,NAB,wheelchair_accessible_place,,yes,,,,,True,-37.8151275,144.9588166
node/4271393509,Beauty de Blanc,wheelchair_accessible_place,,yes,,,,,True,-37.8152176,144.9590837
node/4271393510,B&Baguette Cafe,wheelchair_accessible_place,cafe,yes,,,,,True,-37.8151693,144.9592869
node/4271393515,Donatos Pizza,wheelchair_accessible_place,restaurant,yes,,,,,True,-37.8150706,144.9596331
node/4273015496,Stop 128: Albert Park,wheelchair_accessible_place,,yes,,,Keolis Downer,,True,-37.8400918,144.9585978
node/4273015497,Stop 128: Albert Park,wheelchair_accessible_place,,yes,,,Keolis Downer,,True,-37.8402798,144.9587193
node/4273015498,Stop 129: Melbourne Sports and Aquatic Centre,wheelchair_accessible_place,,yes,,,Keolis Downer,,True,-37.8452996,144.96163
node/4273015499,Stop 129: Melbourne Sports and Aquatic Centre,wheelchair_accessible_place,,yes,,,Keolis Downer,,True,-37.8454802,144.9617106
node/4273127395,Stop 127: South Melbourne Market,wheelchair_accessible_place,,yes,,,Keolis Downer,,True,-37.8329028,144.955298
node/4273127396,Stop 127: South Melbourne Market,wheelchair_accessible_place,,yes,,,Keolis Downer,,True,-37.8330676,144.9554139
node/4275271803,Stop 127: North Port,wheelchair_accessible_place,,yes,no,,Yarra Trams,,True,-37.8332272,144.9435234
node/4275271804,Stop 127: North Port,wheelchair_accessible_place,,yes,no,,Keolis Downer,,True,-37.8334212,144.9432824
node/4292212979,Top Tea,wheelchair_accessible_place,cafe,yes,,,,,True,-37.8091334,144.9606099
node/4294470745,Stop 20: Miller Street,wheelchair_accessible_place,,yes,,,Yarra Trams,,True,-37.7769277,144.9787029
node/4294470746,Stop 20: Miller Street,wheelchair_accessible_place,,yes,,,Yarra Trams,,True,-37.7766268,144.9785729
node/4294470747,Stop 21: Glenlyon Road,wheelchair_accessible_place,,yes,,,Yarra Trams,,True,-37.7732686,144.979323
node/4294470748,Stop 21: Glenlyon Road,wheelchair_accessible_place,,yes,,,Yarra Trams,,True,-37.7740006,144.9790186
node/4294470749,Stop 22: Albert Street,wheelchair_accessible_place,,yes,,,Yarra Trams,,True,-37.7704898,144.9797915
node/4294470750,Stop 22: Albert Street,wheelchair_accessible_place,,yes,,,Yarra Trams,,True,-37.7702238,144.9796758
node/4299355289,Soap Bar Launderette,wheelchair_accessible_place,,yes,,Mo-Su 06:00-23:30,,,True,-37.7750491,144.9490906
node/4305603403,Stovetop,wheelchair_accessible_place,cafe,yes,,Mo-Fr 07:00-17:00; Sa-Su 08:00-16:00,,,True,-37.8034586,144.9606811
node/4307239909,Stop 27: Royal Park Station,wheelchair_accessible_place,,yes,,,Keolis Downer,,True,-37.7809525,144.9506098
node/4307239928,Stop 27: Royal Park Station,wheelchair_accessible_place,,yes,,,Keolis Downer,,True,-37.7809,144.9508874
node/4308263743,Vodafone,wheelchair_accessible_place,,yes,,,,,True,-37.8469767,144.9939719
node/4324937189,Stop 19: Brunswick Road,wheelchair_accessible_place,,yes,,,Yarra Trams,,True,-37.7776725,144.9602543
node/4324937190,Stop 19: Brunswick Road,wheelchair_accessible_place,,yes,,,Yarra Trams,,True,-37.7774978,144.9604066
node/4328851890,Oxford Larder,wheelchair_accessible_place,cafe,yes,,,,,True,-37.8050173,144.984725
node/4330189760,Security Office,wheelchair_accessible_place,,yes,,,Latrobe University,,True,-37.719437,145.0541379
node/4330189761,Subway,wheelchair_accessible_place,fast_food,yes,,,Subway,,True,-37.7209637,145.0472315
node/4333310283,Cafe Axxess,wheelchair_accessible_place,cafe,yes,,,,,True,-37.8981315,145.1337951
node/4334869022,Subway,wheelchair_accessible_place,fast_food,yes,,,,,True,-37.9117815,145.1333259
node/4334869024,PapaRich,wheelchair_accessible_place,fast_food,yes,,,,,True,-37.9117654,145.1335416
node/4334869025,Guzman y Gomez,wheelchair_accessible_place,fast_food,yes,,,,,True,-37.9118161,145.1337589
node/4334869027,Wheelchair Accessible Place,wheelchair_accessible_place,toilets,yes,,,,,True,-37.9117739,145.132399
node/4336666430,Matthews Avenue/Keilor Road,wheelchair_accessible_place,,yes,,,Sunbury;Kastoria,,True,-37.7358549,144.8884609
node/4336902730,Airport West Shopping Centre/Louis Street,wheelchair_accessible_place,,yes,,,Tullamarine;Kastoria,,True,-37.7137333,144.8888013
node/4358215283,Coburg RSL,wheelchair_accessible_place,bar,yes,,,,,True,-37.7459622,144.9652764
node/4362288149,Wheelchair Accessible Place,wheelchair_accessible_place,,yes,,,,,True,-37.801519,144.9627024
node/4362288161,Wheelchair Accessible Place,wheelchair_accessible_place,,yes,,,,,True,-37.800861,144.9637319
node/4367092818,Little Cupcakes,wheelchair_accessible_place,,yes,,Mo-Fr 08:00-16:00,,,True,-37.8150839,144.9573977
node/4395659555,Wheelchair Accessible Place,wheelchair_accessible_place,,yes,,,,,True,-37.8157978,145.2215779
node/4395659558,Wheelchair Accessible Place,wheelchair_accessible_place,,yes,,,,,True,-37.8157972,145.2223169
node/4395817646,Leawarra,wheelchair_accessible_place,,yes,,,,,True,-38.1520189,145.1394271
node/4407727896,Shed Café,wheelchair_accessible_place,cafe,yes,,,,,True,-37.824189,144.9556711
node/4408093926,Agoraphobic Cafe,wheelchair_accessible_place,cafe,yes,,,,,True,-37.7193667,145.0455587
node/4427569787,Stop 53: Maribyrnong Secondary College,wheelchair_accessible_place,,yes,,,Keolis Downer,,True,-37.7795514,144.887737
node/4427569788,Stop 53: Maribyrnong Secondary College,wheelchair_accessible_place,,yes,,,Keolis Downer,,True,-37.7795578,144.8880269
node/4438433985,Mokum,wheelchair_accessible_place,cafe,yes,,We-Sa 08:00-10:00; Su-Mo 08:00-17:00; Tu closed,,,True,-37.7691763,144.9616204
node/4448642012,Wheelchair Accessible Place,wheelchair_accessible_place,toilets,yes,,,City of Boroondara,,True,-37.8107311,145.0895164
node/4451211159,Wheelchair Accessible Place,wheelchair_accessible_place,toilets,yes,,,,,True,-37.8530864,145.1484561
node/4454744003,Commonwealth Bank,wheelchair_accessible_place,atm,yes,,,Commonwealth Bank,,True,-37.8987645,145.230448
node/4457663106,Stop 22: Flemington Bridge Station,wheelchair_accessible_place,,yes,,,Keolis Downer,,True,-37.7882696,144.9408508
node/4465456329,The Monash Merchant,wheelchair_accessible_place,,yes,,Mo-Fr 08:30-22:00; Sa-Su 11:00-18:00,,,True,-37.9117191,145.1361338
node/4474359420,Wheelchair Accessible Place,wheelchair_accessible_place,toilets,yes,,,,,True,-38.3701778,144.8226394
node/4511624701,Wok'd,wheelchair_accessible_place,restaurant,yes,,,,,True,-38.0672377,145.300074
node/4520380565,Stop 26: Melbourne Zoo,wheelchair_accessible_place,,yes,,,Keolis Downer,,True,-37.782615,144.9491732
node/4520380566,Stop 26: Melbourne Zoo,wheelchair_accessible_place,,yes,,,Keolis Downer,,True,-37.7823947,144.9493083
node/4540647817,Wheelchair Accessible Place,wheelchair_accessible_place,toilets,yes,,,,,True,-37.7219821,144.9398971
node/4542118797,Oh! Banh Mi,wheelchair_accessible_place,,yes,,,,,True,-37.8155301,144.96311
node/4549945816,Campos,wheelchair_accessible_place,cafe,yes,,Mo-Fr 07:00-16:00; Sa-Su 08:00-16:00,,,True,-37.7971996,144.9697182
node/4550116177,Mediterranean Wholesalers Supermarket,wheelchair_accessible_place,,yes,,Mo-Fr 09:00-17:30; Sa 08:30-14:00; Su 09:00-13:00,,Continental Groceries,True,-37.7664342,144.9625602
node/4574486997,Green Lotus Tattoo,wheelchair_accessible_place,,yes,,,,,True,-37.770764,144.9616502
node/4574502891,Magnolia,wheelchair_accessible_place,restaurant,yes,,"Th-Fr 17:00-23:00; Sa 13:00-15:00,17:00-23:00",,,True,-37.7706387,144.9613658
node/4578704404,Woolworths,wheelchair_accessible_place,,yes,,,Woolworths Group,,True,-37.8195494,145.1212804
node/4580276889,Mr. Lee,wheelchair_accessible_place,restaurant,yes,,"Tu-Su 17:00-21:30, Th-Su 11:00-15:00",,,True,-37.7768964,144.9710822
node/4585354345,Reservoir Public Library and Community Centre,wheelchair_accessible_place,library,yes,,10:00-20:00,Darebin City Council,,True,-37.7165012,145.0057162
node/4598927089,Gradi,wheelchair_accessible_place,restaurant,yes,,,,,True,-37.8228625,144.9581886
node/4601092782,GPT Power Tools,wheelchair_accessible_place,,yes,,Mo-Fr 08:30-17:30; Sa 08:30-16:30,Medhat Ghebrial,,True,-37.6639385,144.9550403
node/4601497299,Wheelchair Accessible Place,wheelchair_accessible_place,toilets,yes,,,,,True,-37.8389753,144.966586
node/4621650492,Wheelchair Accessible Place,wheelchair_accessible_place,drinking_water,yes,,,,,True,-37.8209731,144.9617485
node/4626523520,Wheelchair Accessible Place,wheelchair_accessible_place,toilets,yes,,,,,True,-37.8390601,144.966424
node/4652560483,Barngeong Reserve Playground,wheelchair_accessible_place,,yes,,,,,True,-37.7782131,145.3038195
node/4654385370,Wheelchair Accessible Place,wheelchair_accessible_place,toilets,yes,,,,,True,-37.7669507,145.2379191
node/4654921713,Wokks,wheelchair_accessible_place,restaurant,yes,,"Mo-Fr 11:00-15:00,17:00-21:00; Sa 17:00-21:00; Su 11:30-15:00,17:00-21:00",,,True,-37.8039649,144.9631235
node/4654921716,Essence Hotel Carlton,wheelchair_accessible_place,,yes,,,Essence Hotels,,True,-37.8041473,144.9631106
node/4662844433,Valley Lake Lookout,wheelchair_accessible_place,,yes,,,,,True,-37.7380053,144.8759634
node/4663069996,Boost Juice,wheelchair_accessible_place,cafe,yes,yes,,,,True,-37.911517,145.1331962
node/4663069997,Joe's Pizza,wheelchair_accessible_place,fast_food,yes,,Mo-Fr 10:00-21:00; PH unknown,,,True,-37.9114486,145.1332259
node/4671614691,The Watch Gallery,wheelchair_accessible_place,,yes,,Mo-Fr 10:30-15:30; Sa 11:00-14:00,,,True,-37.8154107,144.9632679
node/4677513756,Trit Outdoor,wheelchair_accessible_place,,yes,,,,,True,-37.8589829,144.9834712
node/4678180524,Foodworks,wheelchair_accessible_place,,yes,,Mo-Sa 07:30-20:00; Su 08:00-20:00,,,True,-37.7915665,145.0938599
node/4681500789,Wheelchair Accessible Place,wheelchair_accessible_place,toilets,yes,,,exeloo,,True,-37.8163507,144.8893291
node/4709207026,Australian Red Cross Blood Service,wheelchair_accessible_place,,yes,,Mo-Fr 06:30-20:00; Sa-Su 07:30-16:00,Australian Red Cross,,True,-37.8169178,144.9622881
node/4712755317,Peter MacCallum Cancer Centre,wheelchair_accessible_place,hospital,yes,,,,,True,-37.8003879,144.9567852
node/4719447382,Hays Paddock Public Restoom,wheelchair_accessible_place,toilets,yes,,24/7,,,True,-37.7892133,145.0579255
node/4719575689,Koko Black,wheelchair_accessible_place,,yes,,"Mo-We,Su 09:00-19:00; Th-Fr 09:00-21:00; PH closed; Su 10:00-19:00",,,True,-37.8169282,144.9656977
node/4720214825,Pakenham Railway Station,wheelchair_accessible_place,bus_station,yes,,,Ventura Bus Lines,,True,-38.0794537,145.4849487
node/4728650795,Windsor Smith,wheelchair_accessible_place,,yes,,,,,True,-37.8134636,144.9652849
node/4730155678,Wheelchair Accessible Place,wheelchair_accessible_place,drinking_water,yes,,,Yarra Valley Water,,True,-37.7775034,145.426041
node/4733654589,Chemist Warehouse,wheelchair_accessible_place,pharmacy,yes,,Mo-Fr 08:00-21:00; Sa-Su 09:00-19:00; PH 10:00-17:00,,,True,-37.8045008,144.9491555
node/4733654609,Joe Taylor,wheelchair_accessible_place,bar,yes,,"Mo-Th 16:00-25:00, Fr-Sa 15:00-25:00, Su 15:00-23:00",,,True,-37.8047986,144.9490897
node/4733654610,TAB,wheelchair_accessible_place,,yes,,Mo-Su 09:00-20:00; PH 09:00-20:00,Tabcorp,,True,-37.8049383,144.9490643
node/4735688172,Gary Bohmer Pharmacy,wheelchair_accessible_place,,yes,,Mo-Fr 08:30-18:30; Sa 09:00-14:00; Su off; PH off,,,True,-37.803544,144.9493204
node/4737298529,Master Roll Vietnam,wheelchair_accessible_place,restaurant,yes,no,,,,True,-37.8389967,144.9926061
node/4740634803,North Melbourne Library,wheelchair_accessible_place,library,yes,designated,Mo-Th 10:00-19:00; Fr 13:00-18:00; Sa 10:00-16:00; Su 12:00-16:00,City of Melbourne,,True,-37.803565,144.949759
node/4740684528,Hawker Boys,wheelchair_accessible_place,restaurant,yes,,,,,True,-37.8129616,144.9607886
node/4740799232,Lithuanian Club,wheelchair_accessible_place,community_centre,yes,,,Lithuanian Cooperative Credit Society,,True,-37.8040691,144.9496058
node/4740799235,Kitchen Capers,wheelchair_accessible_place,,yes,,Mo-Th 09:30-17:30; Fr 09:30-18:00; Sa 09:30-14:00; Su off; PH off,,,True,-37.803848,144.9497093
node/4740799236,Andrew Harris Optometrist,wheelchair_accessible_place,,yes,,Mo-Fr 09:00-17:00; Sa 10:00-12:30; Su off; PH off,,,True,-37.8038008,144.9497176
node/4740799237,The Centre,wheelchair_accessible_place,community_centre,yes,,Mo 10:00-18:00; Tu-Fr 10:00-15:00; Sa-Su off; PH off,The Centre,,True,-37.8037537,144.9497259
node/4740799238,The Paw Principality,wheelchair_accessible_place,,yes,,Mo-Tu 10:00-17:00; We-Fr 10:00-18:00; Sa 10:00-17:00; Su 11:00-16:00; PH off,,,True,-37.8037065,144.9497342
node/4741046030,Citi Hair Extensions,wheelchair_accessible_place,,yes,,"Tu-We, Sa 10:00-18:00; Tu-Fr 10:00-21:00",,,True,-37.8050246,144.9495618
node/4741046032,Aesop,wheelchair_accessible_place,,yes,,Mo-Tu 10:00-17:00; We-Fr 10:00-18:00; Sa 10:00-17:00; Su 11:00-17:00; PH off,,,True,-37.8049985,144.9494383
node/4741046033,Faces & Places,wheelchair_accessible_place,cafe,yes,,,,,True,-37.8049354,144.9494489
node/4741046035,G Salera Jewellers,wheelchair_accessible_place,,yes,,"Mo-Fr 10:00-17:00; Sa 10:00-14:00; Su, PH off",,,True,-37.8046818,144.9494958
node/4773949383,Giorgio Dental Ceramics,wheelchair_accessible_place,,yes,,,,,True,-37.8008352,144.9637047
node/4787380953,Briar Hill Family Medical Centre,wheelchair_accessible_place,doctors,yes,,Mo-Fr 09:00-17:00; PH off,,100% Bulk billing,True,-37.7109532,145.1170331
node/4787668023,Wheelchair Accessible Place,wheelchair_accessible_place,toilets,yes,,,,,True,-37.8626332,144.9718879
node/4787886823,Wheelchair Accessible Place,wheelchair_accessible_place,toilets,yes,,,,,True,-37.6683598,144.8466614
node/4787886938,Wheelchair Accessible Place,wheelchair_accessible_place,toilets,yes,,,,,True,-37.6691173,144.8474807
node/4796012631,Newport Interchange,wheelchair_accessible_place,bus_station,yes,,,Public Transport Victoria,,True,-37.842574,144.8824459
node/4796207997,Anda,wheelchair_accessible_place,,yes,,,,,True,-37.8121086,145.07624
node/4805373169,Royal Park,wheelchair_accessible_place,,yes,,,Metro Trains Melbourne,,True,-37.781181,144.952321
node/4809526019,Westona,wheelchair_accessible_place,,yes,,,Public Transport Victoria - Metro,,True,-37.8651462,144.8135062
node/4823857195,Geli,wheelchair_accessible_place,,yes,,,,,True,-37.8154142,144.9598006
node/4824145280,Wheelchair Accessible Place,wheelchair_accessible_place,,yes,,,,,True,-37.8275634,144.8472929
node/4826528658,Wheelchair Accessible Place,wheelchair_accessible_place,,yes,,,,"Compliant entrance and exit under DDA provisions, completed March 2024",True,-37.7978726,144.9639293
node/4832379695,Stop 139: Glenferrie Road,wheelchair_accessible_place,,yes,,,Keolis Downer,,True,-37.8435863,145.0298684
node/4884355007,Pizza Hut,wheelchair_accessible_place,restaurant,yes,,,,,True,28.1470454,-80.6741938
node/4891266049,Cafe Spice,wheelchair_accessible_place,restaurant,yes,,,,,True,-37.7205561,145.0480257
node/4895151749,Grantham Street,wheelchair_accessible_place,car_sharing,yes,,24/7,FlexiCar,,True,-37.7754723,144.9487799
node/4898664822,Wheelchair Accessible Place,wheelchair_accessible_place,toilets,yes,,,,,True,-37.652443,145.518375
node/4935347721,Speakeasy Kitchen Bar,wheelchair_accessible_place,restaurant,yes,,Su 09:00-22:00; Sa 09:00-00:00; Tu-Th 08:00-23:00; Fr 08:00-01:00,,,True,-37.8463496,144.9940857
node/4936370201,Flinders Street,wheelchair_accessible_place,,yes,,24/7,,,True,-37.8184161,144.9664779
node/4936370204,Bourke Street Mall,wheelchair_accessible_place,,yes,,Mo-Fr 09:00-20:00,,"Pedestrian & tram-only portion of Bourke Street with department stores, cinemas, theatres",True,-37.8138383,144.9644426
node/4936374477,Hosier Lane,wheelchair_accessible_place,,yes,,24/7,,Narrow alley completely covered in graffiti art,True,-37.8163287,144.9690782
node/4945321162,Two Birds One Stone,wheelchair_accessible_place,cafe,yes,yes,,,,True,-37.8380714,144.9939255
node/4950816213,Wheelchair Accessible Place,wheelchair_accessible_place,toilets,yes,,,,,True,-38.3132022,144.6952285
node/4965730225,Monara Creations,wheelchair_accessible_place,,yes,,,,,True,-37.8072493,144.9572196
node/4967031473,Wheelchair Accessible Place,wheelchair_accessible_place,,yes,,,,,True,-37.8339946,144.9127319
node/4967032840,Wheelchair Accessible Place,wheelchair_accessible_place,,yes,,,,,True,-37.8343014,144.9118706
node/4969537761,Roll'd,wheelchair_accessible_place,fast_food,yes,,Mo-Fr 09:00-20:30; Sa-Su 10:00-15:00; PH unknown,,,True,-37.9117453,145.1334584
node/4976630321,Station Stop Cafe,wheelchair_accessible_place,cafe,yes,no,,,,True,-37.9932298,145.0761614
node/4989197315,Glen Huntly,wheelchair_accessible_place,,yes,,,Metro Trains Melbourne,,True,-37.8893136,145.042285
node/5000907942,Wheelchair Accessible Place,wheelchair_accessible_place,,yes,,,,,True,-37.8103646,144.950308
node/5001012308,Pakenham Fresh Fruit and Vegetable Market,wheelchair_accessible_place,,yes,,"Mo-Th,Sa-Su 07:30-17:30; Fr 07:30-19:30",,,True,-38.0828464,145.4881677
node/5001302980,Wheelchair Accessible Place,wheelchair_accessible_place,toilets,yes,,,,,True,-37.8203792,145.1500024
node/5024438582,Paddy Pallin,wheelchair_accessible_place,,yes,,Mo-We 09:00-18:00; Th 09:00-19:00; Fr 09:00-21:00; Sa 09:00-17:30; Su 10:00-17:30,,,True,-37.8124706,144.9685999
node/5024438583,Bogong Equipment,wheelchair_accessible_place,,yes,,"Mo-We 09:00-17:30; Th,Fr 09:00-18:00; Sa 09:00-17:00; Su 11:00-17:00",,,True,-37.8135251,144.9615235
node/5045913921,David's Master Hot Pot,wheelchair_accessible_place,restaurant,yes,,Mo-Su 11:00-23:00,,,True,-37.8111217,144.9642881
node/5068040813,The Athlete's Foot,wheelchair_accessible_place,,yes,,,,,True,-37.8156133,144.9635446
node/5074729422,TerryWhite Chemmart,wheelchair_accessible_place,pharmacy,yes,no,,,,True,-37.9935881,145.0763633
node/5074739721,Parkdale Bread and Cakes,wheelchair_accessible_place,,yes,no,,,,True,-37.9935607,145.0763257
node/5074740221,Duncan's,wheelchair_accessible_place,,yes,no,,,,True,-37.993608,145.0763891
node/5074741523,Parkdale Food Store,wheelchair_accessible_place,cafe,yes,no,,,,True,-37.9931823,145.0761279
node/5075287721,Magic Dollar,wheelchair_accessible_place,,yes,,Mo-Sa 09:00-18:00; Su 10:00-17:00,,,True,-37.7671691,144.9622569
node/5076265959,Solomons Flooring,wheelchair_accessible_place,,yes,,"Mo-Th,Sa 09:00-17:00, Fr 09:00-17:30, Su 10:00-16:00",,,True,-37.7412505,145.0292866
node/5083157322,Vapiano,wheelchair_accessible_place,restaurant,yes,,,,,True,-37.8167896,144.9626595
node/5097410455,Gigi's Gelato,wheelchair_accessible_place,ice_cream,yes,,"We 15:00-21:00; Th 13:00-21:00; Fr 13:00-22:00; Sa 12:00-22:00; Su 12:00-17:00; Mo,Tu off",,,True,-37.816843,144.8916228
node/5120918825,Chemist Warehouse,wheelchair_accessible_place,pharmacy,yes,,"Mo-Fr 08:00-24:00; Sa,Su 08:00-23:00; PH 08:00-22:00",,,True,-38.0337914,145.2834686
node/5129775672,Wheelchair Accessible Place,wheelchair_accessible_place,toilets,yes,,,,male,True,-37.8387459,144.9563965
node/5129777171,Wheelchair Accessible Place,wheelchair_accessible_place,toilets,yes,,,,female and male toilets,True,-37.8386088,144.9570671
node/5132582207,North Richmond,wheelchair_accessible_place,,yes,,,Public Transport Victoria - Metro,,True,-37.8103686,144.9925215
node/5139485727,Sunbury Station,wheelchair_accessible_place,,yes,yes,,Metro Trains Melbourne,,True,-37.5791363,144.7279832
node/5151457219,North Melbourne,wheelchair_accessible_place,,yes,yes,,Metro Trains Melbourne,,True,-37.8076092,144.9423514
node/5152897328,Wheelchair Accessible Place,wheelchair_accessible_place,toilets,yes,,,,,True,-38.0849594,145.2913802
node/5152975121,BP,wheelchair_accessible_place,fuel,yes,,,,,True,-37.7570613,145.1137503
node/5162779521,Poke On,wheelchair_accessible_place,restaurant,yes,no,,,,True,-37.8393949,144.9940907
node/5164666844,Wheelchair Accessible Place,wheelchair_accessible_place,telephone,yes,,,Telstra,,True,-37.8138514,144.9712649
node/5174083922,Wheelchair Accessible Place,wheelchair_accessible_place,toilets,yes,,,,,True,-37.8172808,144.9525371
node/5175806191,Minh Đức,wheelchair_accessible_place,,yes,,,,,True,-37.9507525,145.1514953
node/5177182636,Roaring Bear Asian Grocery,wheelchair_accessible_place,,yes,,,,,True,-37.8283644,145.121194
node/5177182640,Wheelchair Accessible Place,wheelchair_accessible_place,toilets,yes,,,,,True,-38.10252,145.1849347
node/5177851337,YTI Garden Hotel,wheelchair_accessible_place,,yes,,,,,True,-37.8135166,144.9614668
node/5180991321,VicRoads,wheelchair_accessible_place,,yes,,"Mo-Fr 08:30-16:30; Sa,Su off",,,True,-37.8128465,144.9706604
node/5195047621,Ciel,wheelchair_accessible_place,cafe,yes,,,,,True,-37.8293898,144.955495
node/5195526322,Binh Minh,wheelchair_accessible_place,,yes,,Mo-Su 08:00-18:00,,,True,-37.9502373,145.1510653
node/5203746963,Wheelchair Accessible Place,wheelchair_accessible_place,toilets,yes,,,,,True,-37.9488923,145.1505857
node/5203747016,Kampong Cham Grocery,wheelchair_accessible_place,,yes,,,,,True,-37.9485042,145.1507237
node/5203747123,Kao Gaeng,wheelchair_accessible_place,restaurant,yes,no,,,,True,-37.9486449,145.1511506
node/5203747127,Lan Sen,wheelchair_accessible_place,restaurant,yes,,Mo-Su 10:30-21:30,,,True,-37.9487935,145.1511429
node/5203747138,Noi Lucky,wheelchair_accessible_place,restaurant,yes,,Tu-Su 11:00-21:00; Mo off,,,True,-37.9486174,145.1507272
node/5209276539,Woolrich Lookout,wheelchair_accessible_place,,yes,,,,,True,-37.8599202,145.3820043
node/5213608170,Seafood Smart,wheelchair_accessible_place,,yes,,Mo-Su 08:00-18:00,,,True,-37.9501756,145.1505712
node/5213608172,Song Hiep Butchers,wheelchair_accessible_place,,yes,,Mo-Su 08:00-18:00,,,True,-37.9502562,145.1507587
node/5213608177,Lien Hung Chinese Grocery,wheelchair_accessible_place,,yes,,07:00-18:00,,,True,-37.9501883,145.15084
node/5215371182,Wheelchair Accessible Place,wheelchair_accessible_place,toilets,yes,,,,,True,-38.0722255,145.2485894
node/5224750341,Circles of Care,wheelchair_accessible_place,social_facility,yes,,,,,True,28.0941442,-80.6560896
node/5240512721,Tropical Juice Bar,wheelchair_accessible_place,,yes,,,,,True,-37.8135039,144.9626304
node/5255116525,Mernda,wheelchair_accessible_place,,yes,,,Metro Trains Melbourne,,True,-37.6025021,145.1009024
node/5257002334,ALDI,wheelchair_accessible_place,,yes,,Mo-Su 08:30-20:00,,,True,-37.8750268,145.164852
node/5257546863,Merri Bar,wheelchair_accessible_place,bar,yes,,"Mo off, Tu-Th 15:00-23:00, Fr 03:00-01:00, Sa 12:00-01:00, Su 12:00-23:00",,,True,-37.7505509,144.9879283
node/5282956577,Stradbroke Dental,wheelchair_accessible_place,dentist,yes,,Mo-Th 08:45-17:30; Fr 08:00-13:00,,,True,-37.8011887,145.0622616
node/5283411567,Wheelchair Accessible Place,wheelchair_accessible_place,toilets,yes,,,,,True,-37.886095,145.0579617
node/5290706361,Wheelchair Accessible Place,wheelchair_accessible_place,,yes,,,,,True,-37.8081915,144.9766061
node/5290706362,Wheelchair Accessible Place,wheelchair_accessible_place,,yes,,,,,True,-37.8082947,144.9765874
node/5290706364,Wheelchair Accessible Place,wheelchair_accessible_place,,yes,,,,,True,-37.8082586,144.9765941
node/5293529304,Knox Library – Ngarrgoo,wheelchair_accessible_place,library,yes,,,Your Library,,True,-37.8676962,145.2381211
node/5302905670,McCrae Village Clinic,wheelchair_accessible_place,doctors,yes,,Mo-Fr 08:00-18:00; Sa 08:00-12:00; PH closed,,,True,-38.3492518,144.9274488
node/5302929939,To you from me,wheelchair_accessible_place,cafe,yes,,Mo-Fr 08:00-16:00; Sa 09:00-15:00; Su off,,,True,-38.1853408,145.0895743
node/5302929953,Mt Eliza Post Office,wheelchair_accessible_place,post_office,yes,,Mo-Fr 09:00-17:00,Australia Post,,True,-38.1833478,145.090296
node/5304525131,Wheelchair Accessible Place,wheelchair_accessible_place,,yes,,,,,True,-37.8227275,145.0354324
node/5319567781,Todo Good Coffee,wheelchair_accessible_place,cafe,yes,,Mo-Fr 07:00-15:30; Sa-Su 08:00-16:00,,,True,-37.7790067,144.9967255
node/5321132459,Hampton Fish & Chips,wheelchair_accessible_place,fast_food,yes,,"Mo off; Tu-Th,Sa-Su 11:00-20:30; Fr 11:00-21:00",,,True,-37.9463377,145.0224476
node/5321858851,Wheelchair Accessible Place,wheelchair_accessible_place,,yes,,,,,True,-38.0756161,145.4485777
node/5321858876,Wheelchair Accessible Place,wheelchair_accessible_place,,yes,,,,,True,-38.0755761,145.4485834
node/5330323699,Centrelink Medicare NDIS Preston,wheelchair_accessible_place,,yes,,Mo-Fr 08:30-16:30,,,True,-37.7379459,145.002265
node/5336319435,Southland,wheelchair_accessible_place,,yes,yes,,Metro Trains Melbourne,,True,-37.9584027,145.0488064
node/5348313444,Wheelchair Accessible Place,wheelchair_accessible_place,drinking_water,yes,,,,,True,-37.8155239,144.9583434
node/5366973126,Wheelchair Accessible Place,wheelchair_accessible_place,drinking_water,yes,,,,,True,-37.8193357,144.9644416
node/5369805064,Mt Dandenong IGA,wheelchair_accessible_place,,yes,,,IGA,,True,-37.8479014,145.3607598
node/5374462632,Lipscombe Park/Kirtain Dr,wheelchair_accessible_place,,yes,,,PTV,,True,-37.7840695,145.2693613
node/5388536319,Chemist Warehouse,wheelchair_accessible_place,pharmacy,yes,no,,,,True,-37.982515,145.0631546
node/5388536543,Charcoal Chicken & Souvlaki Bar,wheelchair_accessible_place,fast_food,yes,no,,,,True,-37.9825055,145.0647613
node/5388536544,Subway,wheelchair_accessible_place,fast_food,yes,no,,,,True,-37.982459,145.0647666
node/5388536545,Bayside Sweets,wheelchair_accessible_place,,yes,no,,,,True,-37.9824157,145.064768
node/5388536546,Yokohama Sushi,wheelchair_accessible_place,restaurant,yes,no,,,,True,-37.9823688,145.0647644
node/5388536554,Good Health Pharmacy,wheelchair_accessible_place,pharmacy,yes,no,,,,True,-37.9819694,145.0645262
node/5388536556,BOM,wheelchair_accessible_place,bank,yes,no,,,,True,-37.9818029,145.0643966
node/5388536558,JD Variety Centre,wheelchair_accessible_place,,yes,no,,,,True,-37.981651,145.0643009
node/5388536560,Scicluna's,wheelchair_accessible_place,,yes,no,,,,True,-37.9814918,145.0641654
node/5388536564,Noodle Yum Yum,wheelchair_accessible_place,restaurant,yes,no,,,,True,-37.9812112,145.0636179
node/5395517370,Salvos,wheelchair_accessible_place,,yes,,Mo-Fr 09:00-17:30; Sa 09:00-17:00; Su 11:00-16:00; PH off,Salvation Army,,True,-37.6992761,144.9592137
node/5395517374,Fawkner Coin Laundry,wheelchair_accessible_place,,yes,,,,,True,-37.7021369,144.9653721
node/5404705554,3 Sisters Eatery,wheelchair_accessible_place,restaurant,yes,,17:00-21:00,,,True,-37.7776802,144.9705874
node/5404705579,Sani,wheelchair_accessible_place,restaurant,yes,,,,,True,-37.7770443,144.9706301
node/5404705583,Bar-B-Q Lounge,wheelchair_accessible_place,restaurant,yes,,,,,True,-37.7775968,144.9706004
node/5408638624,Mecca Jewelry,wheelchair_accessible_place,,yes,,,,,True,-37.7653116,144.9622813
node/5408654824,Leo's,wheelchair_accessible_place,,yes,,Mo-Sa 10:00-17:00; Su off,,,True,-37.7648415,144.962365
node/5408654923,Bomboniere,wheelchair_accessible_place,,yes,,"""Appointment Only""",,,True,-37.7649938,144.9623379
node/5411539175,Moorabbin Station/Station St,wheelchair_accessible_place,,yes,,,,,True,-37.9352313,145.0368101
node/5425635622,Wheelchair Accessible Place,wheelchair_accessible_place,,yes,,,,,True,-37.9328444,145.0339681
node/5430672221,Flinders backpackers,wheelchair_accessible_place,,yes,,,,,True,-37.8173782,144.9643717
node/5432538116,99 Bikes,wheelchair_accessible_place,,yes,,,,,True,-37.9242757,145.0265887
node/5447052687,Wheelchair Accessible Place,wheelchair_accessible_place,toilets,yes,,,,,True,-37.9668183,145.0560938
node/5456948844,Footscray Community Arts Centre,wheelchair_accessible_place,arts_centre,yes,,,,,True,-37.8033391,144.9073334
node/5465770523,Zeus Street,wheelchair_accessible_place,restaurant,yes,,,,,True,-37.8375027,144.9961815
node/5465789672,Wheelchair Accessible Place,wheelchair_accessible_place,toilets,yes,,,,,True,-37.8566517,145.0305026
node/5468335593,Wheelchair Accessible Place,wheelchair_accessible_place,,yes,,,,,True,-37.78479,144.8920012
node/5472109997,Qualitas Medical Practice,wheelchair_accessible_place,clinic,yes,,"Mo-Fr 08:00-17:30; Sa,Su,PH closed",Qualitas Health,,True,-37.9208114,145.1201871
node/5485475615,Wheelchair Accessible Place,wheelchair_accessible_place,toilets,yes,,,,,True,-37.8298636,144.9760798
node/5485479989,Wheelchair Accessible Place,wheelchair_accessible_place,toilets,yes,,,,,True,-37.817776,144.9696052
node/5486362419,Brunswick Baptist Church,wheelchair_accessible_place,place_of_worship,yes,,,,,True,-37.7654893,144.9621131
node/5488751954,Wheelchair Accessible Place,wheelchair_accessible_place,,yes,,,Moreland City Council,,True,-37.7432806,144.9652487
node/5500984300,The Salvation Army,wheelchair_accessible_place,,yes,,Mo-Sa 09:30-17:30; Su off,The Salvation Army,,True,-37.7599189,144.9635689
node/5521846557,Grants on Sherbrooke,wheelchair_accessible_place,cafe,yes,,Mo-Su 09:00-17:00,,,True,-37.887475,145.3701226
node/5533620116,Alpha Ouzeri,wheelchair_accessible_place,restaurant,yes,,,,,True,-37.7668679,144.9616102
node/5541602083,Gate 2,wheelchair_accessible_place,,yes,,,,,True,-37.7970982,144.9643905
node/5545034009,Caffe Di Lido,wheelchair_accessible_place,cafe,yes,,,,,True,-37.8450082,144.9420751
node/5548276451,Organic Wholefoods,wheelchair_accessible_place,,yes,,Mo-Fr 08:30-19:00; Sa 08:30-18:00; Su 10:00-17:00,,,True,-37.783151,144.9347807
node/5557763438,Kooyong,wheelchair_accessible_place,,yes,,,Public Transport Victoria - Metro,,True,-37.8397773,145.0330974
node/5560746008,Wheelchair Accessible Place,wheelchair_accessible_place,,yes,,,,,True,-37.8257871,144.9665874
node/5560937783,Wheelchair Accessible Place,wheelchair_accessible_place,,yes,,,,,True,-37.8301684,144.9654285
node/5563125367,Wheelchair Accessible Place,wheelchair_accessible_place,,yes,,,,,True,-37.8310683,144.9651303
node/5563125368,Wheelchair Accessible Place,wheelchair_accessible_place,,yes,,,,,True,-37.8307928,144.9653538
node/5563125370,Wheelchair Accessible Place,wheelchair_accessible_place,,yes,,,,,True,-37.8307991,144.9649975
node/5563465274,Oasis,wheelchair_accessible_place,,yes,,Mo-Su 09:00-19:00; PH 09:00-17:00,,,True,-37.777905,145.0181124
node/5570713898,Reynard Street Cafe,wheelchair_accessible_place,cafe,yes,,Mo-Fr 09:30-12:00,,,True,-37.7477914,144.9591941
node/5574818330,Alphington Uniting Church,wheelchair_accessible_place,place_of_worship,yes,,,,,True,-37.7770644,145.0175517
node/5576115422,Wheelchair Accessible Place,wheelchair_accessible_place,,yes,,,,,True,-37.966022,145.3001001
node/5579849398,Grill'd,wheelchair_accessible_place,fast_food,yes,,Mo-We 11:00-21:00; Th-Sa 11:00-21:30; Su 11:00-21:00,,,True,-37.7769873,145.0182467
node/5579882852,Rooster Bar,wheelchair_accessible_place,restaurant,yes,,Mo-Su 10:30-20:00,,,True,-37.7768269,145.0182713
node/5579882859,IGA,wheelchair_accessible_place,,yes,,Mo-Fr 08:00-21:00; Sa 08:00-20:00; Su 09:00-20:00,IGA,,True,-37.7762599,145.0183324
node/5587634146,Fairfield Post Office,wheelchair_accessible_place,post_office,yes,,Mo-Fr 09:00-17:00; Sa 09:00-12:30,Australia Post,,True,-37.776452,145.0187776
node/5587634152,Cardamones Food and Wine,wheelchair_accessible_place,,yes,,Mo-Sa 08:30-19:30; Su 09:30-18:00,,,True,-37.7765628,145.0187591
node/5593392521,Natural History Public Bar,wheelchair_accessible_place,bar,yes,,"Mo-Fr 12:00+; Sa ""by appointment only""",,,True,-37.8172305,144.9611614
node/5600051538,McDonald's,wheelchair_accessible_place,fast_food,yes,,,,,True,-37.6727955,144.8487367
node/5627984367,Watergardens,wheelchair_accessible_place,,yes,,,Public Transport Victoria - Metro,,True,-37.7007808,144.7738093
node/5638762127,Wheelchair Accessible Place,wheelchair_accessible_place,toilets,yes,,,,,True,-37.7385949,145.001623
node/5638787977,Publique Bakery,wheelchair_accessible_place,,yes,,,,,True,-37.7388377,145.0019682
node/5638787996,Cornutopia,wheelchair_accessible_place,fast_food,yes,,,,,True,-37.7384132,145.0020789
node/5641543778,East Camberwell,wheelchair_accessible_place,,yes,,,Metro Trains Melbourne,,True,-37.8257185,145.0683091
node/5648622174,Stop 1 Entrance,wheelchair_accessible_place,,yes,,,,Accessible Entrance to Stop 1,True,-37.8000409,144.9636337
node/5666791910,Wheelchair Accessible Place,wheelchair_accessible_place,,yes,,,,,True,-37.8133301,145.011777
node/5666791911,Wheelchair Accessible Place,wheelchair_accessible_place,toilets,yes,,,,,True,-37.8133619,145.0117569
node/5670650317,Woolworths Metro,wheelchair_accessible_place,,yes,,Mo-Su 07:00-22:00,Woolworths Group,,True,-37.7578952,144.9638489
node/5674035015,The Village Baxter,wheelchair_accessible_place,social_facility,yes,,Mo-Fr 08:00-16:00,Baptist Village Baxter Ltd.,,True,-38.1762422,145.1441447
node/5674121274,Nan Yang Food Stall,wheelchair_accessible_place,restaurant,yes,,"Mo-We,Su 11:00-21:00; Th-Sa 11:00-22:00",,,True,-37.7387578,145.0037271
node/5674121285,Breadtop,wheelchair_accessible_place,,yes,,,,,True,-37.7393526,145.0036209
node/5674121286,Preston Halal Meats,wheelchair_accessible_place,,yes,,Mo-Sa 07:00-18:00; Su 09:00-17:00,,,True,-37.7394043,145.0036138
node/5674121287,Teaser,wheelchair_accessible_place,cafe,yes,,11:00-20:30,,,True,-37.7394533,145.0036085
node/5689096302,Wheelchair Accessible Place,wheelchair_accessible_place,parking_space,yes,,,,,True,-37.7049392,144.989816
node/5737690252,Wheelchair Accessible Place,wheelchair_accessible_place,toilets,yes,,,,,True,-37.9974274,145.1549555
node/5754874662,Active Bodies World,wheelchair_accessible_place,,yes,,Mo-Fr 06:00-21:00; Sa-Su 06:00-17:00,,,True,-37.7663478,144.949329
node/5757651954,Patisserie Madeleine De Proust,wheelchair_accessible_place,cafe,yes,,,,,True,-37.7995521,144.9669311
node/5785248561,Wheelchair Accessible Place,wheelchair_accessible_place,,yes,,,,,True,-37.7966971,144.9644591
node/5785248562,Wheelchair Accessible Place,wheelchair_accessible_place,,yes,,,,,True,-37.7967473,144.9644507
node/5792128201,Commonwealth Bank,wheelchair_accessible_place,bank,yes,,"Mo-Fr 09:30-16:00; Sa,Su,PH off",,,True,-38.2210918,145.0399391
node/5792147422,Subway,wheelchair_accessible_place,fast_food,yes,,Mo-Fr 08:00-20:30; Sa 08:30-20:30; Su 09:30-20:00,,,True,-38.2461119,145.0469696
node/5792147423,Australia Post,wheelchair_accessible_place,post_office,yes,,Mo-Fr 09:00-17:00,,,True,-38.2451845,145.0470667
node/5793711152,Deans Art,wheelchair_accessible_place,,yes,,Mo-Fr 09:00-17:00; Sa 10:00-17:00; Su closed,,,True,-37.7661367,144.9621344
node/5813860173,Standing Room,wheelchair_accessible_place,cafe,yes,yes,Mo-Fr 08:00-17:00,,Ethically-sourced coffee roasted locally. Takeaway only.,True,-37.7970749,144.9624025
node/5824617961,Wheelchair Accessible Place,wheelchair_accessible_place,,yes,,,,,True,-37.787881,144.8329877
node/5825200924,Wheelchair Accessible Place,wheelchair_accessible_place,,yes,,,,,True,-37.8164063,144.958762
node/5826781481,Wheelchair Accessible Place,wheelchair_accessible_place,,yes,,,,,True,-37.8407349,144.9617291
node/5835386693,Wheelchair Accessible Place,wheelchair_accessible_place,parking_space,yes,,,,,True,-37.7594936,145.0010739
node/5835386694,Wheelchair Accessible Place,wheelchair_accessible_place,parking_space,yes,,,,,True,-37.7594978,145.0011164
node/5835386695,Wheelchair Accessible Place,wheelchair_accessible_place,parking_space,yes,,,,,True,-37.7592669,145.0011058
node/5844968776,Wheelchair Accessible Place,wheelchair_accessible_place,parking_space,yes,,,,,True,-37.7216777,145.0304939
node/5844968777,Wheelchair Accessible Place,wheelchair_accessible_place,parking_space,yes,,,,,True,-37.7216552,145.0305366
node/5844968778,Wheelchair Accessible Place,wheelchair_accessible_place,parking_space,yes,,,,,True,-37.7216327,145.0305732
node/5844968779,Wheelchair Accessible Place,wheelchair_accessible_place,parking_space,yes,,,,,True,-37.7216102,145.0306037
node/5844968780,Wheelchair Accessible Place,wheelchair_accessible_place,parking_space,yes,,,,,True,-37.7222775,145.0300061
node/5844968781,Wheelchair Accessible Place,wheelchair_accessible_place,parking_space,yes,,,,,True,-37.7222534,145.0300264
node/5856680718,Wheelchair Accessible Place,wheelchair_accessible_place,,yes,,,,,True,-37.8179058,144.9668468
node/5856680727,Wheelchair Accessible Place,wheelchair_accessible_place,,yes,,,,,True,-37.8181649,144.9670547
node/5856680736,Wheelchair Accessible Place,wheelchair_accessible_place,,yes,,,,,True,-37.8183546,144.9671462
node/5856680740,Wheelchair Accessible Place,wheelchair_accessible_place,,yes,,,,,True,-37.8180312,144.9669976
node/5856680745,Wheelchair Accessible Place,wheelchair_accessible_place,,yes,,,,,True,-37.8184971,144.9672162
node/5881494911,Royal Stacks,wheelchair_accessible_place,fast_food,yes,,Mo-Tu off; We-Su 11:30-22:00,,,True,-37.7584081,144.9637617
node/5899298282,Wheelchair Accessible Place,wheelchair_accessible_place,,yes,,,,,True,-37.8100333,144.9807453
node/5915009439,Wheelchair Accessible Place,wheelchair_accessible_place,drinking_water,yes,,,Darebin City Council,,True,-37.7155486,145.0181613
node/5922126220,Wheelchair Accessible Place,wheelchair_accessible_place,toilets,yes,,,,,True,-37.8185827,144.9710742
node/5925846521,Kingsbury Pharmacy,wheelchair_accessible_place,pharmacy,yes,,,,,True,-37.7139556,145.0345044
node/5928259297,High Street Medical and Dentist Centre Preston,wheelchair_accessible_place,clinic,yes,,"Mo, We 07:00-20:00; Tu, Fr 07:00-18:00; Th 07:00-18:30; Sa 08:00-16:00; Su, PH 08:00-18:00",,bulk billing possible,True,-37.7336294,145.0050785
node/5933563930,Wheelchair Accessible Place,wheelchair_accessible_place,toilets,yes,,,,,True,-37.7168774,145.0070486
node/5936203487,Cable Circuit/Aitken Boulevard,wheelchair_accessible_place,,yes,,,,,True,-37.6017679,144.9099718
node/5936366344,Ovens Street Bakery,wheelchair_accessible_place,,yes,,We-Su 08:30-14:00,,,True,-37.7648388,144.9612177
node/5952810617,Wheelchair Accessible Place,wheelchair_accessible_place,toilets,yes,,,,,True,-37.8171702,144.9340405
node/5952810619,Wheelchair Accessible Place,wheelchair_accessible_place,toilets,yes,,,,,True,-37.8149873,144.9395623
node/5957906911,Stop 12: Moor Street,wheelchair_accessible_place,,yes,,,Keolis Downer,,True,-37.8016183,144.974223
node/5957906912,Stop 12: Moor Street,wheelchair_accessible_place,,yes,,,Keolis Downer,,True,-37.8018595,144.9742628
node/5960549415,Sugar Buns,wheelchair_accessible_place,cafe,yes,,Mo-Sa 07:00-17:00; Su 08:00-17:00,,,True,-38.0324129,145.2668774
node/5960549432,Lee Lee Bakehouse,wheelchair_accessible_place,,yes,,Mo-Su 06:00-18:00,,,True,-38.0324254,145.266125
node/5980570119,Single Shot,wheelchair_accessible_place,cafe,yes,,,,,True,-37.9536535,145.0205797
node/5982185648,C9 Chocolate And Gelato,wheelchair_accessible_place,ice_cream,yes,,,,,True,-37.8091751,144.9634167
node/5982185661,Sushi Hub,wheelchair_accessible_place,fast_food,yes,,,,,True,-37.8077974,144.9599713
node/5982186590,The Bean Project,wheelchair_accessible_place,cafe,yes,yes,Mo-Fr 07:30-17:00,,,True,-37.808299,144.9629547
node/5984439562,Nana's Green Tea,wheelchair_accessible_place,cafe,yes,,"Mo off; Tu-Th,Su 11:00-22:00; Fr-Sa 11:00-23:00",,,True,-37.8128242,144.9685593
node/5999588647,Papelon,wheelchair_accessible_place,restaurant,yes,,Mo-Tu 17:00-21:30; We-Fr 12:00-21:30; Sa-Su 10:00-21:00,,,True,-37.8001134,144.9016578
node/6001777055,Tyabb IGA,wheelchair_accessible_place,,yes,,Mo-Sa 08:00-20:00; Su 09:00-20:00; PH 09:00-19:00,,,True,-38.2614936,145.1901118
node/6002631247,Wheelchair Accessible Place,wheelchair_accessible_place,,yes,,,,,True,-37.7999517,144.9012708
node/6004986652,Wheelchair Accessible Place,wheelchair_accessible_place,,yes,,,,,True,-37.8000201,144.9011507
node/6017200180,Preston Physiotherapy,wheelchair_accessible_place,,yes,,"Mo-Fr 08:00-20:00, Sa 08:00-14:00",,,True,-37.7361476,145.0040156
node/6017431779,Fork & Path,wheelchair_accessible_place,cafe,yes,,Mo-Sa 07:00-15:00,,,True,-37.7657695,144.9992118
node/6017453445,Wheelchair Accessible Place,wheelchair_accessible_place,,yes,,24/7,,,True,-37.9206536,145.1151368
node/6033110154,Pictures and Pages,wheelchair_accessible_place,,yes,,,,,True,-37.7426783,144.965872
node/6040815764,Bank of Melbourne,wheelchair_accessible_place,atm,yes,,,BOM,,True,-37.9208705,145.0577307
node/6048960155,King Tut,wheelchair_accessible_place,restaurant,yes,,,,Nepalese,True,-37.768278,144.9620665
node/6053600470,Wheelchair Accessible Place,wheelchair_accessible_place,toilets,yes,,,,,True,-37.747764,144.9594964
node/6054079003,Coburg Kebab Station,wheelchair_accessible_place,fast_food,yes,,08:00-21:30,,,True,-37.7425318,144.9662252
node/6054086310,Magid Afghan Supermarket,wheelchair_accessible_place,,yes,,10:00-17:00,,,True,-37.7436146,144.9663291
node/6059973147,Breathe,wheelchair_accessible_place,,yes,,,,,True,-38.1438187,145.1248563
node/6059973158,Revival Centre Church,wheelchair_accessible_place,place_of_worship,yes,,,,,True,-38.1437935,145.1247616
node/6059973164,Linh's Hair Care & Beauty,wheelchair_accessible_place,,yes,,"Mo-Fr 09:00-18:00; Sa,Su 09:30-18:00",,,True,-38.1437187,145.1245105
node/6059973171,Preggi Central,wheelchair_accessible_place,,yes,,Mo-Sa 11:00-17:00; Su 11:00-16:00,,,True,-38.1436924,145.1244126
node/6059973183,Anny’s Jewellers,wheelchair_accessible_place,,yes,,Mo-Fr 10:00-17:00; Sa 10:00-15:00; Su off,,,True,-38.1438718,145.1250724
node/6059973184,Souvlaki GR,wheelchair_accessible_place,restaurant,yes,,,,,True,-38.1436439,145.1242912
node/6059974390,Mobile Phone Repairs,wheelchair_accessible_place,,yes,,Mo-Fr 09:00-18:00; Sa 09:30-17:00; Su 09:30-16:00,,,True,-38.1438581,145.1250163
node/6060217798,Tiffany Treloar,wheelchair_accessible_place,,yes,,,,,True,-37.8168733,144.9652521
node/6060217804,Midas,wheelchair_accessible_place,,yes,,,,,True,-37.8168573,144.9653216
node/6060217806,Aesop,wheelchair_accessible_place,,yes,,,,,True,-37.8169504,144.9649952
node/6060217809,Hunt,wheelchair_accessible_place,,yes,,,,,True,-37.8169059,144.9651534
node/6060217813,Brunetti,wheelchair_accessible_place,cafe,yes,,,,,True,-37.8166972,144.965816
node/6089154668,Wheelchair Accessible Place,wheelchair_accessible_place,telephone,yes,,,,,True,-37.8153841,144.9607308
node/6110707063,Ceres Makers and Flea Market,wheelchair_accessible_place,marketplace,yes,,Sa 09:00-14:00,,,True,-37.7657925,144.9834059
node/6114850367,Findex,wheelchair_accessible_place,,yes,,Mo-Fr 08:00-18:00,,,True,-37.8152644,144.957571
node/6124859962,Wheelchair Accessible Place,wheelchair_accessible_place,toilets,yes,,,,,True,-37.7429725,144.9652349
node/6125954351,Anaconda,wheelchair_accessible_place,,yes,,Mo-We 09:00-17:30; Th 09:00-19:00; Fr 09:00-21:00; Sa 09:00-17:00; Su 10:00-17:00,,,True,-37.832679,145.1348901
node/6126210470,Wheelchair Accessible Place,wheelchair_accessible_place,toilets,yes,,,,,True,-37.9687034,145.0112089
node/6131763038,Wild Life Bakery,wheelchair_accessible_place,,yes,,Mo-Su 07:30-15:00,,,True,-37.7702856,144.9740268
node/6131808672,Wheelchair Accessible Place,wheelchair_accessible_place,,yes,,,,,True,-37.9206539,145.0222634
node/6131808673,Wheelchair Accessible Place,wheelchair_accessible_place,,yes,,,,,True,-37.9205722,145.0225428
node/6138135272,Wheelchair Accessible Place,wheelchair_accessible_place,,yes,,,,,True,-37.8143314,144.9742801
node/6138135273,Chase Medical Centre,wheelchair_accessible_place,clinic,yes,,,,,True,-37.8144319,144.9731078
node/6138135274,Treasury Pharmacy,wheelchair_accessible_place,pharmacy,yes,,Mo-Fr 08:00-18:00,,,True,-37.8133651,144.9731453
node/6138135275,Wheelchair Accessible Place,wheelchair_accessible_place,toilets,yes,,,,,True,-37.8136978,144.9637759
node/6138135280,Hair Affair,wheelchair_accessible_place,,yes,,Mo-Sa 09:00-19:00; Su 10:00-18:00,,,True,-37.8170606,144.9642296
node/6138135281,Tom Thumb,wheelchair_accessible_place,cafe,yes,,,,,True,-37.8148983,144.9727708
node/6138346461,Smits and Bits,wheelchair_accessible_place,,yes,,"Mo-Fr 11:00-16:30,Sa-Su 10:00-17:00",,,True,-37.8623126,145.3536787
node/6138840893,Vacation,wheelchair_accessible_place,cafe,yes,,"Mo-Fr 06:30-14:00; Sa,Su 07:00-14:00",,,True,-37.8159177,144.9721312
node/6138840895,Fishbowl,wheelchair_accessible_place,fast_food,yes,,,,,True,-37.8166522,144.9659679
node/6145105448,Melbourne City Gallery,wheelchair_accessible_place,,yes,,,,,True,-37.8146927,144.966436
node/6158222490,Paul Bram,wheelchair_accessible_place,,yes,,,,,True,-37.8142385,144.9661717
node/6161175886,Middle Eastern Restaurant,wheelchair_accessible_place,restaurant,yes,,,,,True,-37.7513784,144.9647063
node/6163160885,Hungry Jack's,wheelchair_accessible_place,fast_food,yes,,24/7,,,True,-37.8100828,144.9614849
node/6164774526,Da Belcibo,wheelchair_accessible_place,fast_food,yes,,Mo-Su 17:00-22:00,,,True,-37.9460374,145.0220213
node/6164917221,Wheelchair Accessible Place,wheelchair_accessible_place,,yes,,,,,True,-37.8310392,144.9624472
node/6164917222,Wheelchair Accessible Place,wheelchair_accessible_place,,yes,,,,,True,-37.8310207,144.9625131
node/6164917223,Wheelchair Accessible Place,wheelchair_accessible_place,,yes,,,,,True,-37.8310089,144.9625493
node/6164917233,Wheelchair Accessible Place,wheelchair_accessible_place,,yes,,,,,True,-37.8313471,144.9625279
node/6164917236,Wheelchair Accessible Place,wheelchair_accessible_place,,yes,,,,,True,-37.8312782,144.9623765
node/6164917237,Wheelchair Accessible Place,wheelchair_accessible_place,,yes,,,,,True,-37.8312509,144.9623646
node/6164917238,Wheelchair Accessible Place,wheelchair_accessible_place,,yes,,,,,True,-37.8312075,144.9623432
node/6164917239,Wheelchair Accessible Place,wheelchair_accessible_place,,yes,,,,,True,-37.8311797,144.9623303
node/6164917242,Wheelchair Accessible Place,wheelchair_accessible_place,,yes,,,,,True,-37.831054,144.9623953
node/6164917243,Wheelchair Accessible Place,wheelchair_accessible_place,,yes,,,,,True,-37.8324327,144.9631797
node/6164917244,Wheelchair Accessible Place,wheelchair_accessible_place,,yes,,,,,True,-37.8324207,144.9632252
node/6164917247,Wheelchair Accessible Place,wheelchair_accessible_place,,yes,,,,,True,-37.8322865,144.9632944
node/6164917248,Wheelchair Accessible Place,wheelchair_accessible_place,,yes,,,,,True,-37.8322013,144.9632566
node/6164917251,Wheelchair Accessible Place,wheelchair_accessible_place,,yes,,,,,True,-37.8321011,144.9630678
node/6164917252,Wheelchair Accessible Place,wheelchair_accessible_place,,yes,,,,,True,-37.832113,144.9630261
node/6164917253,Wheelchair Accessible Place,wheelchair_accessible_place,,yes,,,,,True,-37.832135,144.9629464
node/6164917254,Wheelchair Accessible Place,wheelchair_accessible_place,,yes,,,,,True,-37.832148,144.9628989
node/6164917257,Wheelchair Accessible Place,wheelchair_accessible_place,,yes,,,,,True,-37.8322785,144.96283
node/6164917258,Wheelchair Accessible Place,wheelchair_accessible_place,,yes,,,,,True,-37.8323643,144.9628704
node/6164917259,Wheelchair Accessible Place,wheelchair_accessible_place,,yes,,,,,True,-37.8324117,144.9628943
node/6164917262,Wheelchair Accessible Place,wheelchair_accessible_place,,yes,,,,,True,-37.8324678,144.9630634
node/6164917263,Wheelchair Accessible Place,wheelchair_accessible_place,,yes,,,,,True,-37.832455,144.9631035
node/6164917746,Wheelchair Accessible Place,wheelchair_accessible_place,,yes,,,,,True,-37.8310344,144.9625237
node/6164917747,Wheelchair Accessible Place,wheelchair_accessible_place,,yes,,,,,True,-37.8310563,144.9624507
node/6164917750,Wheelchair Accessible Place,wheelchair_accessible_place,,yes,,,,,True,-37.8311999,144.962361
node/6164917751,Wheelchair Accessible Place,wheelchair_accessible_place,,yes,,,,,True,-37.8312497,144.9623846
node/6164917753,Wheelchair Accessible Place,wheelchair_accessible_place,,yes,,,,,True,-37.8313177,144.9625686
node/6164917772,Wheelchair Accessible Place,wheelchair_accessible_place,,yes,,,,,True,-37.8324157,144.9631724
node/6164917775,Wheelchair Accessible Place,wheelchair_accessible_place,,yes,,,,,True,-37.8322042,144.9632304
node/6164917778,Wheelchair Accessible Place,wheelchair_accessible_place,,yes,,,,,True,-37.8321297,144.9630352
node/6164917779,Wheelchair Accessible Place,wheelchair_accessible_place,,yes,,,,,True,-37.8321529,144.9629534
node/6164917782,Wheelchair Accessible Place,wheelchair_accessible_place,,yes,,,,,True,-37.8323623,144.9628941
node/6164917985,Wheelchair Accessible Place,wheelchair_accessible_place,,yes,,,,,True,-37.8324379,144.9630953
node/6164986660,Wheelchair Accessible Place,wheelchair_accessible_place,,yes,,,,,True,-37.739216,145.0036861
node/6164986661,Wheelchair Accessible Place,wheelchair_accessible_place,,yes,,,,,True,-37.7391494,145.00313
node/6165316312,Ramsay Pharmacy,wheelchair_accessible_place,,yes,,Mo-Fr 09:00-17:00; Sa 09:00-14:00; Su off,,,True,-37.8894262,145.0432351
node/6167231028,Wheelchair Accessible Place,wheelchair_accessible_place,,yes,,,,,True,-37.8138252,144.9574021
node/6167266645,Wheelchair Accessible Place,wheelchair_accessible_place,,yes,,,,,True,-37.8090657,144.9634506
node/6167357830,Wheelchair Accessible Place,wheelchair_accessible_place,,yes,,,,,True,-37.8080031,144.9716297
node/6167417895,Wheelchair Accessible Place,wheelchair_accessible_place,,yes,,,,,True,-37.816717,144.9542943
node/6167417910,Wheelchair Accessible Place,wheelchair_accessible_place,,yes,,,,,True,-37.8168459,144.953835
node/6172132097,Beauty by the Bay,wheelchair_accessible_place,,yes,,,,,True,-37.9504812,145.0036589
node/6172548201,Lazzat Kadah,wheelchair_accessible_place,restaurant,yes,,Mo-Tu off; We-Su 17:30-22:30,,,True,-37.7538576,144.9642845
node/6176046759,Arbory Afloat,wheelchair_accessible_place,bar,yes,yes,,,,True,-37.8191383,144.9662685
node/6199963818,Wheelchair Accessible Place,wheelchair_accessible_place,,yes,,,,,True,-37.9523285,145.0214151
node/6215318885,Crisp Pizza,wheelchair_accessible_place,restaurant,yes,,,,,True,-37.7885646,144.9317603
node/6218252026,Wheelchair Accessible Place,wheelchair_accessible_place,toilets,yes,,,,,True,-37.8093934,145.268021
node/6222367567,Roc Bakery Cafe,wheelchair_accessible_place,cafe,yes,designated,,,,True,-37.9620007,145.0192931
node/6231355885,Mofo Burgers,wheelchair_accessible_place,fast_food,yes,,Mo-Th 08:00-21:00; Fr 08:00-23:00; Sa 11:00-23:00; Su off,,,True,-37.8036835,144.9606121
node/6231757745,Coburger & Co,wheelchair_accessible_place,fast_food,yes,,Mo off; Tu-We 04:30-22:00; Th-Su 11:30-22:00,,,True,-37.756491,144.9743051
node/6239120364,Noti's Souvlaki Bar,wheelchair_accessible_place,restaurant,yes,,"Mo-Th,Su 10:00-21:00; Fr-Sa 10:00-22:00",,,True,-37.9550636,145.0294667
node/6239251150,Wheelchair Accessible Place,wheelchair_accessible_place,,yes,,,,,True,-37.9570032,145.0474519
node/6239254962,Wheelchair Accessible Place,wheelchair_accessible_place,,yes,,,,,True,-37.9593887,145.0518947
node/6250667810,Aussie Disposals,wheelchair_accessible_place,,yes,,,,,True,-37.8120071,144.9618997
node/6253553645,Wheelchair Accessible Place,wheelchair_accessible_place,shower,yes,,24/7,,open air cold water beach shower,True,-38.0751595,145.1206351
node/6258738231,Wheelchair Accessible Place,wheelchair_accessible_place,,yes,,,,,True,-37.9631806,145.0374599
node/6259205212,Wheelchair Accessible Place,wheelchair_accessible_place,,yes,,Mo-We 10:00-19:00; Th 10:00-18:00; Fr 13:00-18:00; Sa 10:00-16:00; Su 14:00-17:00; PH off,North Melbourne Library,,True,-37.8035605,144.9497527
node/6259212767,Wheelchair Accessible Place,wheelchair_accessible_place,,yes,,,Arthurs Seat Eagle,,True,-38.3450131,144.9520884
node/6265018285,Hyper Panda,wheelchair_accessible_place,,yes,,Mo-Sa 09:00-19:00; Su 09:30-18:00,,,True,-37.7620906,144.962826
node/6273054693,The Lamb,wheelchair_accessible_place,cafe,yes,,"Mo-We,Fr,Sa 07:00-15:00",,,True,-37.7717369,144.9614716
node/6284157430,Urban Pedaler,wheelchair_accessible_place,,yes,,,,,True,-37.9286215,145.0308087
node/6294940268,Axil Coffee Roasters,wheelchair_accessible_place,cafe,yes,yes,Mo-Fr 07:30-15:00,,Laid back espresso bar with jaffles and pastries,True,-37.7961211,144.9585747
node/6298388285,Wheelchair Accessible Place,wheelchair_accessible_place,toilets,yes,,,,This contains one toilet. The door is a button-operated sliding door. There is level access from the nearby footpath.,True,-37.9379137,144.9980091
node/6298545576,Wheelchair Accessible Place,wheelchair_accessible_place,drinking_water,yes,,,,,True,-37.6437264,145.0922502
node/6298557664,Wheelchair Accessible Place,wheelchair_accessible_place,,yes,,,Metro Trains Melbourne,,True,-37.6010885,145.1012364
node/6300330682,BCF,wheelchair_accessible_place,,yes,,"Mo-We 09:00-17:30; Th,Fr 09:00-19:00; Sa,Su 09:00-17:00",,,True,-37.658693,145.0203292
node/6336826486,Green field,wheelchair_accessible_place,restaurant,yes,,"Mo-Sa 12:00-15:35, 17:00-22:15",,,True,-37.7691404,144.9619406
node/6338923086,Mr Ramen San,wheelchair_accessible_place,restaurant,yes,,"Mo-Th 11:30-14:30,17:00-21:00; Fr-Sa 11:30-14:30,17:00-21:30; Su off",,,True,-37.8132411,144.9623468
node/6345015992,Wheelchair Accessible Place,wheelchair_accessible_place,toilets,yes,,,,,True,-37.8217943,145.0470015
node/6354040265,Wheelchair Accessible Place,wheelchair_accessible_place,drinking_water,yes,,,,,True,-37.840816,145.0722538
node/6355897847,Wheelchair Accessible Place,wheelchair_accessible_place,toilets,yes,,,,,True,-37.7821373,145.6125661
node/6357413593,PhysioChoice Deer Park,wheelchair_accessible_place,,yes,,Mo 08:00-19:00; Tu-Th 08:00-19:00; Fr 08:00-18:30; Sa 08:30-12:30,PhysioChoice,,True,-37.7580978,144.789997
node/6359734495,Bobos Pizza House,wheelchair_accessible_place,fast_food,yes,,"Su-Th 17:00-21:30; Fr,Sa 17:00-21:30+",,,True,-38.1587108,145.1237219
node/6359734510,Hungry Zaks,wheelchair_accessible_place,fast_food,yes,,Tu-Su 11:30-21:00,,,True,-38.1587973,145.1236656
node/6384989723,Spotlight,wheelchair_accessible_place,,yes,,"Mo-We 09:00-17:30; Th,Fr 09:00-21:00; Sa 09:00-18:00; Su 10:00-17:00",,,True,-37.832813,145.1343408
node/6403169681,Saki,wheelchair_accessible_place,restaurant,yes,,Tu-Su 16:00-22:30,,,True,-37.793067,145.0713166
node/6418834782,Wheelchair Accessible Place,wheelchair_accessible_place,drinking_water,yes,,,,,True,-37.8302026,144.9764848
node/6419922376,Glen Iris,wheelchair_accessible_place,,yes,,,,,True,-37.859082,145.0580273
node/6422406370,Wheelchair Accessible Place,wheelchair_accessible_place,toilets,yes,,,,,True,-37.9394928,145.1785487
node/6424665006,Rin Sura,wheelchair_accessible_place,restaurant,yes,,,,,True,-37.7729501,144.9612796
node/6447658617,Volaris Music Centre,wheelchair_accessible_place,,yes,,,,,True,-37.7692241,144.9619254
node/6471230308,Centrelink,wheelchair_accessible_place,,yes,,Mo-Fr 08:30-16:30; PH off,,,True,-37.6554713,145.0227052
node/6471230310,Slater and Gordon,wheelchair_accessible_place,,yes,,,,,True,-37.6595317,145.0200194
node/6471230312,Supercheap Auto,wheelchair_accessible_place,,yes,,,,,True,-37.6524625,145.0237288
node/6487104075,LaunchPad Evolve,wheelchair_accessible_place,,yes,,24/7,LaunchPad Group,,True,-37.8292049,144.9900608
node/6487196134,Wheelchair Accessible Place,wheelchair_accessible_place,toilets,yes,,24/7,,,True,-37.716828,145.1253181
node/6502799627,Aldi,wheelchair_accessible_place,,yes,,Mo-Su 08:30-20:00,,,True,-37.9923656,145.1460752
node/6507347631,Wheelchair Accessible Place,wheelchair_accessible_place,,yes,,,,,True,-37.7762004,144.9623572
node/6507347635,Wheelchair Accessible Place,wheelchair_accessible_place,,yes,,,,,True,-37.7756104,144.9612651
node/6520327931,Wheelchair Accessible Place,wheelchair_accessible_place,,yes,,,,,True,-37.8191616,144.9466777
node/6520327932,Wheelchair Accessible Place,wheelchair_accessible_place,,yes,,,,,True,-37.8191065,144.9464889
node/6520327936,Wheelchair Accessible Place,wheelchair_accessible_place,,yes,,,,,True,-37.8188823,144.9465596
node/6520327937,Wheelchair Accessible Place,wheelchair_accessible_place,,yes,,,,,True,-37.8188398,144.9467095
node/6520327939,Wheelchair Accessible Place,wheelchair_accessible_place,,yes,,,,,True,-37.8188884,144.9468683
node/6521893853,First Choice Health,wheelchair_accessible_place,,yes,,Mo-Tu 08:00-19:00; We 08:00-20:00; Th-Fr 08:00-19:00; Sa 09:00-13:00,,,True,-37.854356,145.1844103
node/6522457692,Wheelchair Accessible Place,wheelchair_accessible_place,,yes,,,,,True,-37.8126992,144.9570053
node/6522457693,Wheelchair Accessible Place,wheelchair_accessible_place,,yes,,,,,True,-37.8116394,144.9565234
node/6522457698,Wheelchair Accessible Place,wheelchair_accessible_place,,yes,,,,,True,-37.8125123,144.9569266
node/6522457699,Wheelchair Accessible Place,wheelchair_accessible_place,,yes,,,,,True,-37.8136184,144.9574204
node/6522457702,Wheelchair Accessible Place,wheelchair_accessible_place,,yes,,,,,True,-37.8137147,144.9574638
node/6528477194,Wheelchair Accessible Place,wheelchair_accessible_place,,yes,,,,,True,-37.7403437,144.9675821
node/6528477195,Wheelchair Accessible Place,wheelchair_accessible_place,,yes,,,,,True,-37.7408915,144.9673298
node/6547561972,Woolworths,wheelchair_accessible_place,,yes,,Mo-Su 07:00-23:00,Woolworths Group,,True,-37.7963605,144.940678
node/6559457535,Wheelchair Accessible Place,wheelchair_accessible_place,shower,yes,,24/7,,Open air public beach shower,True,-38.0762275,145.1210846
node/6559457536,Wheelchair Accessible Place,wheelchair_accessible_place,toilets,yes,,sunrise-sunset,Kingston City Council,,True,-38.0762627,145.1212138
node/6559950894,Wheelchair Accessible Place,wheelchair_accessible_place,,yes,,,,,True,-38.0763126,145.1212923
node/6571376981,Left Of Centre,wheelchair_accessible_place,bar,yes,,,,,True,-37.7604638,144.9634158
node/6571448572,Wine Planet Coburg,wheelchair_accessible_place,,yes,,Mo-We 10:00-20:45; Th-Sa 10:00-21:45; Su 11:00-20:00,,,True,-37.7551162,144.9643289
node/6577769382,Wheelchair Accessible Place,wheelchair_accessible_place,toilets,yes,,,,,True,-37.8703272,145.029471
node/6579363369,Aldi,wheelchair_accessible_place,,yes,,Mo-Su 08:30-20:00,,,True,-37.8305497,145.058844
node/6612474494,Don Bosco Op Shop,wheelchair_accessible_place,,yes,,,,,True,-37.7693034,144.961911
node/6632676491,Commonwealth Bank,wheelchair_accessible_place,bank,yes,,"Th 09:00-17:00; Mo-We,Fr 09:30-16:00; Sa 10:00-14:00; Su off",,,True,-37.8144746,144.9630276
node/6634574085,Coles,wheelchair_accessible_place,,yes,,Mo-Su 06:00-00:00,Coles Group,,True,-37.8101212,144.9632193
node/6634610685,Laurent Boulangerie Patisserie,wheelchair_accessible_place,,yes,yes,Mo-Fr 07:00-18:00; Sa-Su 09:00-16:00,,,True,-37.8144584,144.9724897
node/6634733985,Koko Black,wheelchair_accessible_place,,yes,,Mo-We 09:00-20:00; Th-Fr 09:00-21:00; Sa 09:00-19:00; Su 11:00-19:00,,,True,-37.8153864,144.966278
node/6635020993,Wheelchair Accessible Place,wheelchair_accessible_place,toilets,yes,,,,,True,-37.7674872,144.9535756
node/6642220675,Mamak,wheelchair_accessible_place,restaurant,yes,,"Mo-We 11:30-14:00; Mo-Tu 17:30-21:00; Th-Su 11:30-14:30; We-Th,Su 17:30-22:30; Fr 17:30-22:30; Sa 17:30-22:00",,,True,-37.8123114,144.9615654
node/6645298746,Realfoods Canteen,wheelchair_accessible_place,cafe,yes,,"Mo-Fr 09:00-14:30, 16:00-18:00",RMIT University Student Union,"Our Menu will be simple, wholesome, sustainable & affordable. It will continue to be exclusively vegetarian & vegan, & we aim to have a culturally diverse offering. Operator: RUSU",True,-37.8087156,144.9637997
node/6646032959,Caroline Springs Station/Christies Rd,wheelchair_accessible_place,bus_station,yes,,,,,True,-37.7662352,144.7373513
node/6646643393,Wheelchair Accessible Place,wheelchair_accessible_place,,yes,,,,,True,-37.7949921,144.9360928
node/6646643409,Wheelchair Accessible Place,wheelchair_accessible_place,,yes,,,,,True,-37.794985,144.9360001
node/6652351481,Dangerfield,wheelchair_accessible_place,,yes,,,,,True,-37.7750652,144.9605974
node/6663241893,Club Lime,wheelchair_accessible_place,,yes,,,,,True,-37.7694118,144.9618913
node/6663241894,Pet Rescue Superstore Op Shop,wheelchair_accessible_place,,yes,,,,,True,-37.7695334,144.9618692
node/6675991430,Kerri Gravina,wheelchair_accessible_place,,yes,,,,,True,-37.7663979,144.961927
node/6687010930,Good Days,wheelchair_accessible_place,restaurant,yes,,,,,True,-37.7733361,144.9609183
node/6687010931,Sig. Enzo Aperetivo Bar,wheelchair_accessible_place,bar,yes,,We-Sa 16:00-21:00+,,,True,-37.7728466,144.9607278
node/6696616332,Wheelchair Accessible Place,wheelchair_accessible_place,toilets,yes,,,,,True,-37.7767465,144.8961684
node/6701419333,Hotham Hill Licensed Post Office,wheelchair_accessible_place,post_office,yes,,Mo-Fr 09:00-18:00; Sa 09:00-17:00,Australia Post,,True,-37.7960638,144.9406756
node/6702193539,Aesop,wheelchair_accessible_place,,yes,,,,,True,-37.8112114,144.9648829
node/6706677448,Wheelchair Accessible Place,wheelchair_accessible_place,,yes,,,,,True,-37.8158768,144.9451657
node/6713073560,Wheelchair Accessible Place,wheelchair_accessible_place,,yes,,,,,True,-37.8215978,144.9658708
node/6713073563,Wheelchair Accessible Place,wheelchair_accessible_place,,yes,,,,,True,-37.8211537,144.9655408
node/6713073564,Wheelchair Accessible Place,wheelchair_accessible_place,,yes,,,,,True,-37.8210619,144.965249
node/6713073565,Wheelchair Accessible Place,wheelchair_accessible_place,,yes,,,,,True,-37.8208667,144.9653596
node/6713073567,Wheelchair Accessible Place,wheelchair_accessible_place,,yes,,,,,True,-37.8210308,144.9656199
node/6714490203,United,wheelchair_accessible_place,,yes,,,,,True,-38.2117378,145.377302
node/6714490204,Pie Face,wheelchair_accessible_place,cafe,yes,,,,,True,-38.211763,145.3771974
node/6722197741,Wheelchair Accessible Place,wheelchair_accessible_place,,yes,,,,,True,-37.8117302,144.96775
node/6723740262,Wheelchair Accessible Place,wheelchair_accessible_place,toilets,yes,,,,,True,-37.5146658,145.1222008
node/6734347368,Mathews,wheelchair_accessible_place,,yes,,Mo-Sa 08:00-18:00; Su 09:00-16:00,,,True,-37.7880882,144.9303521
node/6737711319,Fronditha Care,wheelchair_accessible_place,social_facility,yes,,,,,True,-37.7646049,145.0210288
node/6758200721,Wheelchair Accessible Place,wheelchair_accessible_place,toilets,yes,,,,,True,-37.8127871,144.9632936
node/6773110390,Rollin' Brew,wheelchair_accessible_place,cafe,yes,,Mo-Th 05:00-09:45; Fr 05:00-09:30,,,True,-37.9091523,145.3550912
node/6775850574,Affirmation Station,wheelchair_accessible_place,community_centre,yes,,"""by appointment only""",Transgender Victoria,,True,-37.7698484,144.9718754
node/6775853879,Wheelchair Accessible Place,wheelchair_accessible_place,,yes,,,,,True,-37.8213015,144.9613087
node/6775853884,Wheelchair Accessible Place,wheelchair_accessible_place,,yes,,,,,True,-37.821274,144.9614755
node/6781602667,Wheelchair Accessible Place,wheelchair_accessible_place,drinking_water,yes,,,Darebin City Council,,True,-37.7730305,145.0325686
node/6786956576,Amcal,wheelchair_accessible_place,pharmacy,yes,,Mo-Fr 09:00-19:00; Sa 09:00-15:00; Su 10:00-13:00,,,True,-37.7915181,145.0939665
node/6789972762,Wheelchair Accessible Place,wheelchair_accessible_place,toilets,yes,,,,,True,-37.803093,144.9499466
node/6796703977,Cellarbrations,wheelchair_accessible_place,,yes,,,,,True,-37.7881808,144.9311799
node/6800693299,In a Rush,wheelchair_accessible_place,cafe,yes,,,,,True,-37.8156794,144.9618381
node/6806660958,Patricia Coffee Brewers,wheelchair_accessible_place,cafe,yes,,Mo-Fr 07:00-16:00,,,True,-37.8147026,144.9582933
node/6806674795,Anda,wheelchair_accessible_place,cafe,yes,,,,,True,-37.809638,144.9720241
node/6806786122,9 meals cafe,wheelchair_accessible_place,cafe,yes,,Mo-Sa 08:00-22:00,,,True,-37.743215,144.9658649
node/6806786133,My Doctor Coburg,wheelchair_accessible_place,doctors,yes,,,,,True,-37.7437637,144.9655898
node/6807725312,Jellis Craig,wheelchair_accessible_place,,yes,,,,,True,-37.7885273,144.93142
node/6822003746,Asian Pavilion,wheelchair_accessible_place,fast_food,yes,yes,,,,True,-37.8144138,144.9726261
node/6822003747,Wheelchair Accessible Place,wheelchair_accessible_place,,yes,yes,,,,True,-37.8145276,144.9722827
node/6822003750,Schnitz,wheelchair_accessible_place,fast_food,yes,yes,,,,True,-37.8144025,144.9726724
node/6822003766,Roll'd,wheelchair_accessible_place,fast_food,yes,yes,,,,True,-37.814379,144.9727242
node/6822003782,Guzman y Gomez,wheelchair_accessible_place,fast_food,yes,yes,,,,True,-37.814433,144.9725776
node/6824034162,Collins Place Food Court,wheelchair_accessible_place,food_court,yes,yes,,,,True,-37.8143193,144.9724667
node/6824034169,Wheelchair Accessible Place,wheelchair_accessible_place,toilets,yes,,,,,True,-37.814625,144.9723576
node/6828899810,Maker Maker,wheelchair_accessible_place,,yes,,Mo-Sa 10:00-16:00,,,True,-37.7731844,144.9715562
node/6845698308,Wheelchair Accessible Place,wheelchair_accessible_place,,yes,,,,,True,-37.8078897,144.968598
node/6856206128,NOAH,wheelchair_accessible_place,,yes,,Mo-Th 08:00-19:00; Fr 08:00-17:30; Sa-Su off,,,True,-37.8211967,144.9495663
node/6856206129,Presstine Dry Cleaners,wheelchair_accessible_place,,yes,,,,,True,-37.8211506,144.9496295
node/6856247942,BWS,wheelchair_accessible_place,,yes,,Mo-Th 10:00-20:00; Fr 09:00-20:00; Sa-Su off,,,True,-37.8212325,144.9502195
node/6856256775,Anytime Fitness,wheelchair_accessible_place,,yes,,24/7,,,True,-37.8210852,144.9494407
node/6856328477,Wheelchair Accessible Place,wheelchair_accessible_place,bench,yes,,,,,True,-37.8209985,144.9507846
node/6876635967,Commonwealth Bank,wheelchair_accessible_place,atm,yes,,,Commonwealth Bank,,True,-37.8165601,144.9634247
node/6876635968,Commonwealth Bank,wheelchair_accessible_place,bank,yes,,"Mo-Fr 09:30-16:00; Sa,Su,PH off",,,True,-37.8165586,144.9634544
node/6885062732,Australia Post Parcel Lockers,wheelchair_accessible_place,parcel_locker,yes,,,Australia Post,,True,-37.8217098,144.949833
node/6903921052,Hong Kong Boi,wheelchair_accessible_place,ice_cream,yes,,,,,True,-37.8086001,144.9595133
node/6907081037,Izakaya Minami,wheelchair_accessible_place,restaurant,yes,,,,,True,-37.8112908,144.9586182
node/6908481442,Wheelchair Accessible Place,wheelchair_accessible_place,public_bookcase,yes,,,,,True,-37.7870907,144.9290633
node/6910698816,Wheelchair Accessible Place,wheelchair_accessible_place,,yes,,,,,True,-37.803381,144.9511557
node/6919633712,Italiano's,wheelchair_accessible_place,,yes,,Mo-Fr 08:00-18:00; Sa-Su 08:00-17:00,,,True,-37.7678688,144.9618463
node/6919633713,Market Lane Coffee,wheelchair_accessible_place,cafe,yes,,07:00-17:00,,,True,-37.7683591,144.9617647
node/6919633716,Blackhearts & Sparrows,wheelchair_accessible_place,,yes,,"Mo-We,Su 10:00-20:00; Th-Sa 10:00-21:00",,,True,-37.7684314,144.9617496
node/6919926030,Present Story,wheelchair_accessible_place,,yes,,Tu-Fr 10:00-18:00; Sa 10:00-17:00; Su 10:00-16:00; Mo closed,,,True,-37.7551696,144.9755822
node/6940127083,Wheelchair Accessible Place,wheelchair_accessible_place,,yes,,,,,True,-37.9327818,145.0343185
node/6941231693,Wheelchair Accessible Place,wheelchair_accessible_place,,yes,,,,,True,-37.9145453,145.0168966
node/6941231696,Wheelchair Accessible Place,wheelchair_accessible_place,,yes,,,,,True,-37.9145062,145.0163572
node/6941231701,Wheelchair Accessible Place,wheelchair_accessible_place,,yes,,,,,True,-37.9142393,145.0166012
node/6941231705,Wheelchair Accessible Place,wheelchair_accessible_place,,yes,,,,,True,-37.9143543,145.016521
node/6941775813,Wheelchair Accessible Place,wheelchair_accessible_place,,yes,,,,,True,-37.9200806,145.0225885
node/6941775838,Wheelchair Accessible Place,wheelchair_accessible_place,,yes,,,,,True,-37.9199115,145.0223682
node/6942369986,Wheelchair Accessible Place,wheelchair_accessible_place,,yes,,,,,True,-37.9203123,145.0226528
node/6942370052,Wheelchair Accessible Place,wheelchair_accessible_place,,yes,,,,,True,-37.9205294,145.0228077
node/6942433483,Wheelchair Accessible Place,wheelchair_accessible_place,,yes,,,,,True,-37.9332248,145.0348064
node/6942433484,Wheelchair Accessible Place,wheelchair_accessible_place,,yes,,,,,True,-37.9328191,145.0345427
node/6942449893,Wheelchair Accessible Place,wheelchair_accessible_place,,yes,,,,,True,-37.9331911,145.0345295
node/6942469893,Wheelchair Accessible Place,wheelchair_accessible_place,,yes,,,,,True,-37.9329512,145.0340876
node/6942469894,Wheelchair Accessible Place,wheelchair_accessible_place,,yes,,,,,True,-37.9331492,145.0348992
node/6942469895,Wheelchair Accessible Place,wheelchair_accessible_place,,yes,,,,,True,-37.9330458,145.0347948
node/6942469903,Wheelchair Accessible Place,wheelchair_accessible_place,,yes,,,,,True,-37.933054,145.0341537
node/6978758140,North Brighton Station,wheelchair_accessible_place,,yes,,,Ventura,,True,-37.9055624,145.0031101
node/6978919218,Warriston St/Bay St,wheelchair_accessible_place,,yes,,,,Drop-off only for SkyBus,True,-37.9060289,145.0065841
node/6981781585,North Brighton Station,wheelchair_accessible_place,,yes,,,,,True,-37.9054923,145.0019979
node/7011020727,Wheelchair Accessible Place,wheelchair_accessible_place,toilets,yes,,,,,True,-37.7887434,144.9952328
node/7021632823,Lobbs,wheelchair_accessible_place,cafe,yes,,,,,True,-37.7633023,144.9626302
node/7022891245,Gardenvale,wheelchair_accessible_place,,yes,,,Metro Trains Melbourne,,True,-37.8966425,145.0041759
node/7022891248,Hampton,wheelchair_accessible_place,,yes,,,Metro Trains Melbourne,,True,-37.9381127,145.0014764
node/7023231436,Pizza Hut,wheelchair_accessible_place,restaurant,yes,,,,,True,-37.9002469,144.6611562
node/7049447986,Pho House,wheelchair_accessible_place,restaurant,yes,,Mo-Su 10:29-21:30,,,True,-37.7880624,144.9301027
node/7053663491,Billy van Creamy,wheelchair_accessible_place,ice_cream,yes,,Mo-Th 15:00-22:00; Fr 15:00-22:30; Sa 12:00-22:30; Su 12:00-22:00,,,True,-37.7744589,144.9610316
node/7053663494,Shinwa Izakaya,wheelchair_accessible_place,restaurant,yes,,"Tu,We,Su 18:00-09:15, Th-Sa 18:00-21:45; Mo off",,,True,-37.7741155,144.9607882
node/7068189155,Café Godot,wheelchair_accessible_place,cafe,yes,,Mo-Fr 07:00-16:00; PH closed,,,True,-37.8253241,144.9661937
node/7068977837,Wheelchair Accessible Place,wheelchair_accessible_place,toilets,yes,,,,,True,-37.8345343,145.0301632
node/7083761143,Wheelchair Accessible Place,wheelchair_accessible_place,,yes,,,,,True,-37.6997144,144.996356
node/7092103867,Taco Bell,wheelchair_accessible_place,fast_food,yes,yes,,Collins Foods,,True,-37.8466112,144.9943355
node/7097423740,Anaconda,wheelchair_accessible_place,,yes,,Mo-Th 09:00-17:30; Fr 09:00-21:00; Sa 09:00-17:00; Su 10:00-17:00,,,True,-37.6484917,145.0020369
node/7097451270,EB Games,wheelchair_accessible_place,,yes,,"Mo-We 09:00-17:30; Th,Fr 09:00-21:00; Sa 09:00-17:00; Su 10:00-17:00",,,True,-37.6546867,145.0163103
node/7125638417,Harry Brown Craigieburn,wheelchair_accessible_place,,yes,,"Mo-Tu 10:00-21:00, Fr 10:00-22:00, Su 10:00-20:00",Harry Brown,,True,-37.5932367,144.9093332
node/7132177597,Wheelchair Accessible Place,wheelchair_accessible_place,,yes,,,,,True,-37.7972598,144.9894485
node/7133119426,Dan Murphy's,wheelchair_accessible_place,,yes,,Mo-Sa 09:00-21:00; Su 10:00-19:00,Dan Murphy's,,True,-37.8101298,144.9663949
node/7133185374,Carlton Supermarket,wheelchair_accessible_place,,yes,,Mo-Sa 07:30-23:00; Su 08:00-23:00,,,True,-37.7926419,144.9692514
node/7168475241,Happy Living Home & Party,wheelchair_accessible_place,,yes,,09:00-17:30,,,True,-37.7438171,144.9662936
node/7185693271,Wheelchair Accessible Place,wheelchair_accessible_place,,yes,,,,,True,-37.7818277,144.9328939
node/7192242200,Wheelchair Accessible Place,wheelchair_accessible_place,,yes,,,,,True,-37.7808455,144.9342346
node/7192444329,Paire,wheelchair_accessible_place,,yes,,,,,True,-37.8111212,144.9648646
node/7192673277,Wheelchair Accessible Place,wheelchair_accessible_place,,yes,,,,,True,-38.1598224,145.1905944
node/7198698315,Wheelchair Accessible Place,wheelchair_accessible_place,parking,yes,,,,,True,-37.7896825,145.0236734
node/7221396175,Wheelchair Accessible Place,wheelchair_accessible_place,,yes,,,,,True,-38.1598607,145.1908983
node/7228376810,Mandina,wheelchair_accessible_place,restaurant,yes,,,,,True,-37.803804,144.966216
node/7237620423,Blacksound Records,wheelchair_accessible_place,,yes,,,,,True,-37.7693466,144.9615913
node/7237837138,Wheelchair Accessible Place,wheelchair_accessible_place,,yes,,,,,True,-37.7782021,144.9603647
node/7237853273,Wheelchair Accessible Place,wheelchair_accessible_place,,yes,,,,,True,-37.7845732,144.9568669
node/7237853274,Wheelchair Accessible Place,wheelchair_accessible_place,,yes,,,,,True,-37.7844703,144.9568788
node/7237853276,Wheelchair Accessible Place,wheelchair_accessible_place,,yes,,,,,True,-37.7846819,144.9569658
node/7237853277,Wheelchair Accessible Place,wheelchair_accessible_place,,yes,,,,,True,-37.7843811,144.9569986
node/7237853280,Wheelchair Accessible Place,wheelchair_accessible_place,,yes,,,,,True,-37.7844802,144.9572044
node/7241029173,Croydon Rd/Wonga Rd,wheelchair_accessible_place,,yes,,,,,True,-37.7679755,145.2424465
node/7241107770,Warrandyte Community Church/Yarra St,wheelchair_accessible_place,,yes,,,,,True,-37.7408202,145.2133128
node/7241107771,Warrandyte Community Church/Yarra St,wheelchair_accessible_place,,yes,,,,,True,-37.7410832,145.2129681
node/7241123433,Whipstick Gully Rd/Yarra St,wheelchair_accessible_place,,yes,,,,,True,-37.7390608,145.2173911
node/7241123434,Whipstick Gully Rd/Yarra St,wheelchair_accessible_place,,yes,,,,,True,-37.739101,145.2175489
node/7241164784,Mahoneys Ct/Warrandyte Rd,wheelchair_accessible_place,,yes,,,,,True,-37.7492215,145.1947492
node/7246270877,Wheelchair Accessible Place,wheelchair_accessible_place,toilets,yes,,,,,True,-37.815653,144.9523553
node/7248742914,Wheelchair Accessible Place,wheelchair_accessible_place,,yes,,,,,True,-37.9507163,145.0016285
node/7248742915,Wheelchair Accessible Place,wheelchair_accessible_place,toilets,yes,,,,This contains one toilet. The door is a button-operated sliding door. There is level access from the footpath between the toilet and beach.,True,-37.9507201,145.0016345
node/7248801859,Wheelchair Accessible Place,wheelchair_accessible_place,,yes,,,,This is a button operated sliding door.,True,-37.9379152,144.9980165
node/7248801860,Wheelchair Accessible Place,wheelchair_accessible_place,,yes,,,,This is a button operated sliding door.,True,-37.9379469,144.9978804
node/7248801861,Wheelchair Accessible Place,wheelchair_accessible_place,toilets,yes,,,,This contains one toilet. The door is a button-operated sliding door. There is level access from the footpath between the toilet and beach.,True,-37.9379376,144.9979055
node/7254940237,Liquorland,wheelchair_accessible_place,,yes,,,,,True,-38.0689062,145.3006536
node/7257794343,Vinnies,wheelchair_accessible_place,,yes,,Mo-Su 10:00-17:00; PH closed,,,True,-37.8205608,145.1052617
node/7263542149,Wheelchair Accessible Place,wheelchair_accessible_place,,yes,,,,,True,-37.8197795,144.9681502
node/7266634030,Wheelchair Accessible Place,wheelchair_accessible_place,,yes,,,,,True,-37.8211885,144.966939
node/7273691320,Peter's Meats,wheelchair_accessible_place,,yes,,Mo-Fr 06:00-16:30; Sa 06:00-16:00; Su off,,,True,-37.7679602,144.9618335
node/7281497001,Wheelchair Accessible Place,wheelchair_accessible_place,toilets,yes,,,,,True,-37.6687609,144.8471843
node/7296210377,Wheelchair Accessible Place,wheelchair_accessible_place,,yes,,,,,True,-37.829033,144.9483343
node/7296210383,Wheelchair Accessible Place,wheelchair_accessible_place,,yes,,,,,True,-37.8288919,144.9485715
node/7308395618,Wheelchair Accessible Place,wheelchair_accessible_place,toilets,yes,,,,,True,-37.7411821,144.9545091
node/7331550945,Wheelchair Accessible Place,wheelchair_accessible_place,drinking_water,yes,,,Darebin City Council,,True,-37.7774112,145.0185474
node/7331550946,Wheelchair Accessible Place,wheelchair_accessible_place,drinking_water,yes,,,Darebin City Council,,True,-37.774675,144.9975378
node/7331550947,Wheelchair Accessible Place,wheelchair_accessible_place,drinking_water,yes,,,Darebin City Council,,True,-37.750146,145.0019298
node/7351019790,Wheelchair Accessible Place,wheelchair_accessible_place,drinking_water,yes,,,Darebin City Council,,True,-37.7191686,145.0340827
node/7387820977,Leona Party and Home,wheelchair_accessible_place,,yes,,,,,True,-37.8045,144.9591091
node/7387918143,Demaria's,wheelchair_accessible_place,,yes,,,,,True,-37.7646854,144.922277
node/7394318282,Liquorland,wheelchair_accessible_place,,yes,,,Coles Group,,True,-37.7645514,144.9221819
node/7395019869,Wheelchair Accessible Place,wheelchair_accessible_place,,yes,,,,,True,-37.9207069,145.3460575
node/7395019877,Wheelchair Accessible Place,wheelchair_accessible_place,,yes,,,,,True,-37.9208771,145.3447646
node/7416510190,Wheelchair Accessible Place,wheelchair_accessible_place,,yes,,,,,True,-37.917439,145.3510842
node/7416510205,Wheelchair Accessible Place,wheelchair_accessible_place,,yes,,,,,True,-37.9174971,145.3507835
node/7416510206,Wheelchair Accessible Place,wheelchair_accessible_place,,yes,,,,,True,-37.9175131,145.3506669
node/7416510208,Wheelchair Accessible Place,wheelchair_accessible_place,,yes,,,,,True,-37.9182998,145.3477467
node/7451286012,PhysioChoice Pakenham,wheelchair_accessible_place,,yes,,Mo 08:00-19:00; Tu 08:00-19:00; We 08:00-19:00; Th 08:00-19:00; Fr 08:00-18:30; Sa 08:30-12:30,PhysioChoice,,True,-38.0766883,145.4829099
node/7455132026,Mother's Pantry,wheelchair_accessible_place,,yes,,,,,True,-37.7648063,144.9220114
node/7455339677,PhysioChoice Beaconsfield,wheelchair_accessible_place,,yes,,Mo-Th 08:00-19:00; Fr 08:00-18:45; Sa 08:00-14:00,PhysioChoice,,True,-38.0477891,145.3689945
node/7455410710,PhysioChoice Dingley,wheelchair_accessible_place,,yes,,Mo-Th 08:00-20:00; Fr 08:00-18:30; Sa 09:00-13:00,PhysioChoice,,True,-37.984449,145.133393
node/7455414344,PhysioChoice Dandenong,wheelchair_accessible_place,,yes,,Mo-Fr 08:00-19:00,PhysioChoice,,True,-37.9778303,145.2218334
node/7455457850,PhysioChoice Frankston,wheelchair_accessible_place,,yes,,"Mo,We 08:00-19:00; Tu,Th 08:00-18:00; Fr 08:00-17:00",PhysioChoice,,True,-38.1444828,145.1217186
node/7455517162,PhysioChoice Moonee Ponds,wheelchair_accessible_place,,yes,,Mo-Th 07:30-20:30; Fr 07:00-17:30; Sa 07:30-12:00,PhysioChoice,,True,-37.7680617,144.9255333
node/7455538596,PhysioChoice Mulgrave,wheelchair_accessible_place,,yes,,"Mo 08:30-17:30; Tu,Th,Fr 07:30-18:00; We 08:00-19:30",PhysioChoice,,True,-37.9350508,145.1703867
node/7455544463,PhysioChoice Point Cook,wheelchair_accessible_place,,yes,,Mo-Th 08:00-19:00; Fr 08:00-18:30,PhysioChoice,,True,-37.8969754,144.7526059
node/7455564355,Bodywise Health,wheelchair_accessible_place,,yes,,Mo-Th 07:30-19:30; Fr 07:30-18:00,PhysioChoice,,True,-37.9401983,145.0023242
node/7508938920,Wheelchair Accessible Place,wheelchair_accessible_place,toilets,yes,,,,,True,-37.8334959,144.9302074
node/7546428576,Wheelchair Accessible Place,wheelchair_accessible_place,,yes,,,,,True,-38.0041602,145.1631853
node/7556423872,Wheelchair Accessible Place,wheelchair_accessible_place,atm,yes,,24/7,,,True,-37.7371212,144.9665241
node/7566155094,Godfrey's Butcher,wheelchair_accessible_place,,yes,,Mo-Fr 07:00-18:00; Sa 08:00-18:00; Su 08:00-17:00,,,True,-37.7646263,144.9222165
node/7566155095,Moonee Ponds Seafood,wheelchair_accessible_place,,yes,,,,,True,-37.7645966,144.9222823
node/7566155096,The Poultry Club,wheelchair_accessible_place,,yes,,,,,True,-37.7646366,144.9223507
node/7574653150,Wheelchair Accessible Place,wheelchair_accessible_place,,yes,,,,,True,-37.7294996,145.1718829
node/7576875149,Craigieburn Station/Walters Street (Bay E),wheelchair_accessible_place,,yes,,,,,True,-37.6016583,144.9430243
node/7604238769,Chemist Warehouse,wheelchair_accessible_place,pharmacy,yes,,,Chemist Warehouse,,True,-37.7666655,144.9217414
node/7637569210,The Sandbar Cafe,wheelchair_accessible_place,cafe,yes,,"Mo-Fr 07:30-16:30, Sa 08:00-15:00",,,True,-38.184674,145.0889422
node/7645299447,ALDI,wheelchair_accessible_place,,yes,,Mo-Su 08:30-20:00,,,True,-37.7881705,145.1479083
node/7648256385,Byblos,wheelchair_accessible_place,restaurant,yes,,,,,True,-37.8231828,144.9534292
node/7655518028,Anchor Eatery,wheelchair_accessible_place,cafe,yes,,Tu-Su 07:00-14:00,,,True,-37.8217715,144.9363723
node/7655567430,Bofa Theatre,wheelchair_accessible_place,cinema,yes,,Mo-Fr 04:20-16:20,,,True,-37.7392553,144.9287438
node/7663736371,East And Co,wheelchair_accessible_place,cafe,yes,,,,,True,-37.8122375,145.0752423
node/7690432997,Coles,wheelchair_accessible_place,,yes,,Mo-Su 07:00-22:00; PH open,Coles Group,,True,-37.8196048,145.1203412
node/7726203681,EB Games,wheelchair_accessible_place,,yes,,,EB Games,,True,-37.7658401,144.9226033
node/7745798130,Fishop,wheelchair_accessible_place,fast_food,yes,,,,,True,-38.1829181,145.0910574
node/7745798136,Kylie's Nails And Beauty,wheelchair_accessible_place,,yes,,"Mo-We 09:00-17:30; Th,Fr 09:00-18:00; Sa 09:00-17:00",,,True,-38.1829363,145.091018
node/7756652343,Rexy Afghan Kebab,wheelchair_accessible_place,fast_food,yes,,"Mo,Th 12:00-24:00; Tu-We off; Fr-Sa 12:00-01:30; Su 15:00-24:00",,,True,-37.7415781,144.9664057
node/7775542920,Yahweh,wheelchair_accessible_place,,yes,,,,,True,-37.764606,144.9218945
node/7780692364,Wheelchair Accessible Place,wheelchair_accessible_place,toilets,yes,,,,,True,-37.8765108,145.1277887
node/7790880148,The Corner Pantry Cafe,wheelchair_accessible_place,cafe,yes,,Mo-Su 07:00-14:00,,,True,-38.2047063,145.0990992
node/7796436581,Wheelchair Accessible Place,wheelchair_accessible_place,drinking_water,yes,,,,,True,-38.2373249,145.0533591
node/7800247522,Wheelchair Accessible Place,wheelchair_accessible_place,,yes,,,,,True,-37.7957895,144.9404705
node/7814441284,Muzzy's Kebab & Grill,wheelchair_accessible_place,fast_food,yes,,,,,True,-37.7436591,144.9660193
node/7819558906,Wheelchair Accessible Place,wheelchair_accessible_place,,yes,,,,,True,-38.0059839,145.3363476
node/7820092927,Majestic Cellars,wheelchair_accessible_place,,yes,,Mo-Sa 09:00-21:00; Su 10:00-20:00,Thirsty Camel,,True,-38.1834914,145.0901164
node/7820092929,Slim's Hot Pizza,wheelchair_accessible_place,restaurant,yes,,,,,True,-38.18378,145.0881841
node/7820092931,Canadian Bay Hotel,wheelchair_accessible_place,restaurant,yes,,,,,True,-38.183452,145.0884569
node/7820092932,1001 Nights Restaurant,wheelchair_accessible_place,restaurant,yes,,"We-Su 00:00-15:00,17:00-22:00",,,True,-38.1833293,145.0891894
node/7820092933,AD HOC,wheelchair_accessible_place,cafe,yes,,,,,True,-38.1832548,145.0893662
node/7820092935,Salvos,wheelchair_accessible_place,,yes,,Mo-Fr 09:30-17:30; Sa 09:00-17:00,,,True,-38.1848446,145.0889367
node/7820092936,Palamara Mt Eliza Village Fruits,wheelchair_accessible_place,,yes,,Mo-Fr 06:00-17:30; Sa 08:00-14:00,,,True,-38.1847723,145.088941
node/7834107221,Bank of Queensland,wheelchair_accessible_place,bank,yes,,"Mo-Th 09:30-16:00; Fr 09:30-17:00; Sa,Su,PH off",,,True,-38.1829374,145.0900299
node/7834107224,Mt Eliza Optical,wheelchair_accessible_place,,yes,,Mo-Fr 09:00-17:00; Sa 09:00-12:00,,,True,-38.1831228,145.0897046
node/7834107225,Sissy Mt Eliza,wheelchair_accessible_place,,yes,,Mo-Fr 09:00-17:00; Sa 09:00-16:00,,,True,-38.1834684,145.0902852
node/7834107226,Eliza Living,wheelchair_accessible_place,,yes,,"Mo-Fr 09:30-17:00; Sa,Su 09:30-16:00",,,True,-38.1833874,145.0902752
node/7834170381,Eliza Dry Cleaners,wheelchair_accessible_place,,yes,,,,,True,-38.1840742,145.0888392
node/7834170384,Fine Wine Merchant,wheelchair_accessible_place,,yes,,Mo-Th 10:00-19:00; Fr 10:00-20:00; Sa 10:00-18:00; Su 11:00-17:00,,,True,-38.1846013,145.0894065
node/7834223286,Little Nook Children's Boutique,wheelchair_accessible_place,,yes,,,,,True,-38.1836674,145.0895766
node/7836162665,BWS,wheelchair_accessible_place,,yes,,Mo-Sa 09:00-21:00; Su 10:00-21:00,,,True,-38.184037,145.0898366
node/7836162666,Mt Eliza Pharmacy,wheelchair_accessible_place,pharmacy,yes,,Mo-Fr 09:00-18:00; Sa 09:00-14:00,,,True,-38.1839691,145.0897926
node/7836162667,Bakers Delight,wheelchair_accessible_place,,yes,,,,,True,-38.1839193,145.089762
node/7836162668,L & K Prime Cuts,wheelchair_accessible_place,,yes,,,,,True,-38.1838827,145.0897368
node/7836162671,Manyung Gallery Mount Eliza,wheelchair_accessible_place,,yes,,Mo-Sa 10:00-17:00,Manyung Gallery Group,,True,-38.1828359,145.090271
node/7839187967,Wheelchair Accessible Place,wheelchair_accessible_place,drinking_water,yes,,,,,True,-37.8286235,145.0251833
node/7839187968,Wheelchair Accessible Place,wheelchair_accessible_place,drinking_water,yes,,,,,True,-37.8296392,145.0284381
node/7839187969,Wheelchair Accessible Place,wheelchair_accessible_place,drinking_water,yes,,,,,True,-37.829226,145.0268215
node/7839222959,Wheelchair Accessible Place,wheelchair_accessible_place,bench,yes,,,,,True,-37.8299958,145.0289341
node/7839222960,Wheelchair Accessible Place,wheelchair_accessible_place,bench,yes,,,,,True,-37.8309458,145.0288825
node/7839222961,Wheelchair Accessible Place,wheelchair_accessible_place,bench,yes,,,,,True,-37.8304252,145.0279847
node/7839222962,Wheelchair Accessible Place,wheelchair_accessible_place,bench,yes,,,,,True,-37.8304423,145.0280151
node/7839222964,Wheelchair Accessible Place,wheelchair_accessible_place,bench,yes,,,,,True,-37.8285165,145.0247212
node/7848508405,Pharmacy 4 Less,wheelchair_accessible_place,pharmacy,yes,,,,,True,-37.7646638,144.9218207
node/7860755701,Bottlemart,wheelchair_accessible_place,,yes,,,,,True,-37.7658141,144.920912
node/7863356321,Village Gourmet Meats,wheelchair_accessible_place,,yes,,Mo-Fr 07:00-15:00; Sa 06:30-13:00,,,True,-38.1845744,145.0889357
node/7865510117,Priceline Pharmacy,wheelchair_accessible_place,,yes,,Mo-Fr 09:00-18:00; Sa 09:00-17:00; Su 10:00-14:00,,,True,-38.1850809,145.0889445
node/7866628425,RT Edgar,wheelchair_accessible_place,,yes,,,,,True,-38.1830725,145.0897827
node/7876401101,Wheelchair Accessible Place,wheelchair_accessible_place,,yes,,,,,True,-37.7168031,144.8236232
node/7882560070,Fat Rice Thai Eatery,wheelchair_accessible_place,restaurant,yes,,Mo-Su 17:30-21:00,,,True,-38.184234,145.0893419
node/7882690116,Wheelchair Accessible Place,wheelchair_accessible_place,,yes,,,,,True,-38.1864271,145.0900054
node/7884424366,Croxton,wheelchair_accessible_place,,yes,,,Metro Trains Melbourne,,True,-37.7640557,144.997055
node/7884447593,Reservoir 1,wheelchair_accessible_place,,yes,,,Metro Trains Melbourne,,True,-37.7173372,145.0067908
node/7884447594,Reservoir 2,wheelchair_accessible_place,,yes,,,Metro Trains Melbourne,,True,-37.7160684,145.0073277
node/7884448327,Thornbury,wheelchair_accessible_place,,yes,,,Metro Trains Melbourne,,True,-37.7549944,144.9985944
node/7884459955,Regent,wheelchair_accessible_place,,yes,,,Metro Trains Melbourne,,True,-37.7283879,145.0027776
node/7884463887,Bell,wheelchair_accessible_place,,yes,,,Metro Trains Melbourne,,True,-37.7459644,145.0002439
node/7884475501,Preston 2,wheelchair_accessible_place,,yes,,,Metro Trains Melbourne,,True,-37.7382105,145.0005701
node/7884482807,Ruthven,wheelchair_accessible_place,,yes,,,Metro Trains Melbourne,,True,-37.7078998,145.009451
node/7887108017,Yummy Pizza & Kebabs,wheelchair_accessible_place,fast_food,yes,,"Su-Th 17:00-21:00; Fr,Sa 17:00-22:00",,,True,-38.170976,145.1576062
node/7903782689,TerryWhite Chemmart,wheelchair_accessible_place,pharmacy,yes,,,,,True,-38.1848137,145.0894819
node/7903782690,Ritchies Liquor,wheelchair_accessible_place,,yes,,,,,True,-38.1847839,145.0895746
node/7903782691,Mt Eliza Optical,wheelchair_accessible_place,,yes,,Mo-Fr 09:00-17:30; Sa 09:00-12:30,,,True,-38.1847381,145.0897542
node/7903782693,eTechFix,wheelchair_accessible_place,,yes,,,,,True,-38.1848897,145.08962
node/7903782694,Black Fox,wheelchair_accessible_place,,yes,,"Mo,We-Fr 09:30-17:00; Tu 10:00-17:00",,,True,-38.1851294,145.089546
node/7903782696,Reprieve Recycled Designer Labels,wheelchair_accessible_place,,yes,,Mo-Fr 09:30-16:00; Sa 09:30-15:00,,,True,-38.1848407,145.0899057
node/7903782697,Eliza Health Food & Gifts,wheelchair_accessible_place,,yes,,,,,True,-38.184952,145.0895034
node/7904838160,Wheelchair Accessible Place,wheelchair_accessible_place,toilets,yes,,,,,True,-37.8247935,145.1159378
node/7913379025,Wheelchair Accessible Place,wheelchair_accessible_place,,yes,,,,,True,-37.8133172,144.9627602
node/7913379027,Wheelchair Accessible Place,wheelchair_accessible_place,,yes,,,,,True,-37.8133258,144.9627299
node/7921552924,Wheelchair Accessible Place,wheelchair_accessible_place,,yes,,,,,True,-38.159004,145.1906806
node/7921552925,Wheelchair Accessible Place,wheelchair_accessible_place,,yes,,,,,True,-38.159,145.1907935
node/7921552937,Wheelchair Accessible Place,wheelchair_accessible_place,,yes,,,,,True,-38.1588957,145.1902735
node/7921552940,Wheelchair Accessible Place,wheelchair_accessible_place,,yes,,,,,True,-38.1590803,145.1907588
node/7921552942,Wheelchair Accessible Place,wheelchair_accessible_place,,yes,,,,,True,-38.158772,145.1906208
node/7921552944,Wheelchair Accessible Place,wheelchair_accessible_place,,yes,,,,,True,-38.1589244,145.1909591
node/7921552951,Wheelchair Accessible Place,wheelchair_accessible_place,,yes,,,,,True,-38.1589785,145.1905203
node/7921552953,Wheelchair Accessible Place,wheelchair_accessible_place,,yes,,,,,True,-38.1588739,145.1904484
node/7921552957,Wheelchair Accessible Place,wheelchair_accessible_place,,yes,,,,,True,-38.1588437,145.1908844
node/7924570659,Wheelchair Accessible Place,wheelchair_accessible_place,toilets,yes,,24/7,,,True,-37.8099439,145.0631962
node/7975385789,Wheelchair Accessible Place,wheelchair_accessible_place,toilets,yes,,,,,True,-37.8900243,145.0667489
node/7991453303,Wheelchair Accessible Place,wheelchair_accessible_place,cafe,yes,,,,,True,-37.7682203,145.0260356
node/7991453305,Outer Circle Social Club,wheelchair_accessible_place,cafe,yes,,Mo-Fr 07:00-15:30; Sa-Su 08:00-15:00,,,True,-37.7677233,145.0214309
node/7991453315,Wheelchair Accessible Place,wheelchair_accessible_place,toilets,yes,,,,,True,-37.7742282,145.0279186
node/8009302034,Wheelchair Accessible Place,wheelchair_accessible_place,drinking_water,yes,,,Kew High School,,True,-37.7954085,145.0629363
node/8019982008,Plummer Street/Salmon Street,wheelchair_accessible_place,,yes,,,,,True,-37.8325537,144.9243376
node/8026320468,Wheelchair Accessible Place,wheelchair_accessible_place,toilets,yes,,,,,True,-38.0774211,145.2505189
node/8027104088,Wheelchair Accessible Place,wheelchair_accessible_place,toilets,yes,,,,,True,-37.8943297,145.0764129
node/8049136139,Wheelchair Accessible Place,wheelchair_accessible_place,toilets,yes,,,,,True,-38.0767107,145.1219116
node/8049136140,Wheelchair Accessible Place,wheelchair_accessible_place,dressing_room,yes,,,Kingston City Council,Changing Places Disabled Change Room,True,-38.0767103,145.121855
node/8057594995,Wheelchair Accessible Place,wheelchair_accessible_place,toilets,yes,,,,,True,-37.8614779,145.2866832
node/8105845040,Chemist Warehouse,wheelchair_accessible_place,pharmacy,yes,,"Mo-Fr 07:30-21:00; Sa,Su 09:00-18:00; PH 10:00-15:00",Shirley Tsui and Thi Lan Chi Anna Nguyen,,True,-37.8115594,144.9565407
node/8120041223,Luther's Scoops,wheelchair_accessible_place,ice_cream,yes,,,,,True,-37.7656611,144.962761
node/8155861199,Wheelchair Accessible Place,wheelchair_accessible_place,toilets,yes,,,,,True,-38.0120158,145.1612356
node/8169376013,Parrozzo,wheelchair_accessible_place,ice_cream,yes,,"Mo-Tu off; We-Th,Su 17:00-21:00; Fr-Sa 17:00-22:00",,,True,-37.7576352,144.9638974
node/8221441121,Dodee Paidang,wheelchair_accessible_place,restaurant,yes,,,,,True,-37.8123053,144.9648458
node/8226445715,Rose Street Pantry,wheelchair_accessible_place,,yes,,Mo-Tu off; We-Th 10:00-18:00; Fr-Su 10:00-17:00,,,True,-37.7958625,144.9769882
node/8253658788,Sui Hair,wheelchair_accessible_place,,yes,,,,,True,-37.8100064,144.9631779
node/8282332607,Lululemon,wheelchair_accessible_place,,yes,,,,,True,-37.8495627,144.9938505
node/8288467275,Nunawading,wheelchair_accessible_place,,yes,,,V/Line,,True,-37.8174843,145.1839265
node/8288467278,Dunlavin Road,wheelchair_accessible_place,,yes,,,Transdev,,True,-37.8175373,145.184353
node/8317538000,Wheelchair Accessible Place,wheelchair_accessible_place,taxi,yes,,,,,True,-37.8200469,145.1208761
node/8344501507,Wheelchair Accessible Place,wheelchair_accessible_place,,yes,,,,,True,-37.8102787,145.1948181
node/8377427338,Wheelchair Accessible Place,wheelchair_accessible_place,toilets,yes,,,,,True,-37.7625616,144.9611475
node/8416873415,Wheelchair Accessible Place,wheelchair_accessible_place,,yes,,,,,True,-37.8526421,144.9801255
node/8428430835,Wheelchair Accessible Place,wheelchair_accessible_place,drinking_water,yes,,,,,True,-37.8193631,145.0157801
node/8434369475,1000 Steps/Mount Dandenong Tourist Road,wheelchair_accessible_place,,yes,,,Ventura,,True,-37.8899123,145.3182001
node/8434369476,1000 Steps/Mount Dandenong Tourist Road,wheelchair_accessible_place,,yes,,,Ventura,,True,-37.8900513,145.3183186
node/8437686135,Three Phase Rehearsal Studios Cafe/Bar,wheelchair_accessible_place,cafe,yes,,Mo-Fr 07:30-24:00; Sa 12:00-24:00,,,True,-37.7594167,144.9623566
node/8454048078,Wheelchair Accessible Place,wheelchair_accessible_place,,yes,,,,,True,-37.9244051,145.2437852
node/8465326412,Wheelchair Accessible Place,wheelchair_accessible_place,,yes,,,,,True,-37.7953395,145.062618
node/8465358700,Wheelchair Accessible Place,wheelchair_accessible_place,,yes,,,,,True,-37.7952054,145.0626329
node/8484538017,Wheelchair Accessible Place,wheelchair_accessible_place,toilets,yes,,,,,True,-38.3812938,145.0246715
node/8498304002,Inner North Medical Clinic,wheelchair_accessible_place,clinic,yes,,Mo-Fr 08:00-17:00; Sa 09:00-14:00,,,True,-37.7703554,144.9720546
node/8508535993,Aldi,wheelchair_accessible_place,,yes,,Mo-Su 08:30-20:00,,,True,-38.1519413,145.1673256
node/8526261781,Wheelchair Accessible Place,wheelchair_accessible_place,shower,yes,,,,,True,-38.4241798,145.0749982
node/8526261782,Wheelchair Accessible Place,wheelchair_accessible_place,toilets,yes,,,,,True,-38.4242152,145.0748692
node/8527351641,Wheelchair Accessible Place,wheelchair_accessible_place,,yes,,,,,True,-38.3082345,145.1963083
node/8551663705,Seed Heritage,wheelchair_accessible_place,,yes,,,,,True,-37.7841124,145.1254743
node/8551663707,Zara,wheelchair_accessible_place,,yes,,,,,True,-37.7845894,145.1255132
node/8551734329,Tesla,wheelchair_accessible_place,,yes,,Mo-We 10:00-17:00; Th-Fr 10:00-19:00; Sa-Su 10:00-17:00,,,True,-37.8851289,145.0827209
node/8554382781,Wheelchair Accessible Place,wheelchair_accessible_place,drinking_water,yes,,,,,True,-37.8046398,144.8891248
node/8558860459,Jay Jays,wheelchair_accessible_place,,yes,,,,,True,-37.811286,144.9633951
node/8581484867,Aldi Clyde North,wheelchair_accessible_place,,yes,,Mo-Su 08:30-20:00,,,True,-38.0942353,145.3333701
node/8591919317,Wheelchair Accessible Place,wheelchair_accessible_place,toilets,yes,,,,,True,-37.8143928,144.9444743
node/8646118959,Aldi,wheelchair_accessible_place,,yes,,"Mo-We,Sa-Su 08:30-20:00; Th-Fr 08:30-21:00",,,True,-37.8742285,144.6782325
node/8670129942,JB Hi-Fi,wheelchair_accessible_place,,yes,,"Su 10:00-17:00; Mo-We 09:00-17:30; Th,Fr 09:00-21:00; Sa 09:00-17:00",,,True,-38.1402281,145.1246127
node/8700446624,Wheelchair Accessible Place,wheelchair_accessible_place,,yes,,,,,True,-37.744491,145.0230291
node/8701223911,ALDI,wheelchair_accessible_place,,yes,,Mo-Fr 08:30-20:00; Sa-Su 08:30-19:00,,,True,-37.6875338,144.8843357
node/8704732444,Wheelchair Accessible Place,wheelchair_accessible_place,drinking_water,yes,,,,,True,-37.9233072,145.3365747
node/8714561840,Aldi,wheelchair_accessible_place,,yes,,Mo-Su 08:30-20:00,,,True,-37.5946365,144.9143905
node/8720460671,Entry 5,wheelchair_accessible_place,,yes,,,Northern Hospital,,True,-37.6543135,145.0150577
node/8778911686,JinYue Family's Asian Supermarket,wheelchair_accessible_place,,yes,,,,,True,-37.8123137,145.0758049
node/8784881106,Wheelchair Accessible Place,wheelchair_accessible_place,,yes,,,,,True,-37.898814,144.6603699
node/8808350583,Wheelchair Accessible Place,wheelchair_accessible_place,,yes,,,,,True,-37.9299684,145.459644
node/8837374752,Gate L,wheelchair_accessible_place,,yes,,,,,True,-37.8333982,144.9759871
node/8837385774,Gate G,wheelchair_accessible_place,,yes,,,,,True,-37.8345205,144.9786149
node/8837385775,Gate H,wheelchair_accessible_place,,yes,,,,,True,-37.8342716,144.9788975
node/8840425050,Tao Massage,wheelchair_accessible_place,,yes,,,,,True,-37.7369521,144.9690004
node/8840446543,Cielo Gelateria,wheelchair_accessible_place,ice_cream,yes,,,,,True,-37.7370138,144.9686804
node/8863019340,Double Z,wheelchair_accessible_place,,yes,,Mo-Sa 09:00-18:00; Su off,,,True,-37.7606713,144.9606295
node/8874097799,Rockbank Station,wheelchair_accessible_place,bus_station,yes,,,Transit Systems Victoria,,True,-37.7291029,144.6509718
node/8894198086,the Bottle-O,wheelchair_accessible_place,,yes,,,,,True,-38.1460647,145.2011034
node/8894198087,The Classic Pizza House,wheelchair_accessible_place,fast_food,yes,,,,,True,-38.1460452,145.2011624
node/8897385901,Wheelchair Accessible Place,wheelchair_accessible_place,,yes,,,,,True,-37.8089173,144.9855958
node/8911149940,Ippudo,wheelchair_accessible_place,restaurant,yes,,"Mo-Su 12:00-14:30,17:00-20:00",,,True,-37.8104586,144.9663415
node/8911154664,Schnitz,wheelchair_accessible_place,fast_food,yes,,,,,True,-37.8106049,144.9659703
node/8913570826,Wheelchair Accessible Place,wheelchair_accessible_place,,yes,,,,,True,-37.8254322,144.9572611
node/8929808623,Aldi,wheelchair_accessible_place,,yes,,Mo-Su 08:30-20:00,,,True,-37.7987035,144.9836527
node/8931907701,Wheelchair Accessible Place,wheelchair_accessible_place,toilets,yes,,,,,True,-37.7774665,145.0188382
node/8953787576,Wheelchair Accessible Place,wheelchair_accessible_place,,yes,,,,,True,-37.9027283,144.6590938
node/8953787577,Wheelchair Accessible Place,wheelchair_accessible_place,,yes,,,,,True,-37.9030881,144.6594257
node/8991397182,Wheelchair Accessible Place,wheelchair_accessible_place,toilets,yes,,,,,True,-38.0619693,145.3391657
node/9027380429,Wheelchair Accessible Place,wheelchair_accessible_place,toilets,yes,,,,,True,-37.9019599,144.6597206
node/9037937665,Wheelchair Accessible Place,wheelchair_accessible_place,toilets,yes,,,,,True,-37.9258558,145.0705985
node/9046908006,Eastland SC/Warrandyte Rd,wheelchair_accessible_place,,yes,,,V/Line,,True,-37.8124647,145.2306417
node/9063324192,Wheelchair Accessible Place,wheelchair_accessible_place,,yes,,,,,True,-37.8495829,144.9772092
node/9069332716,Wheelchair Accessible Place,wheelchair_accessible_place,,yes,,,,,True,-38.1502767,145.1961695
node/9069339017,Wheelchair Accessible Place,wheelchair_accessible_place,,yes,,,,,True,-38.1501756,145.1962871
node/9092950118,Wheelchair Accessible Place,wheelchair_accessible_place,toilets,yes,,,,,True,-37.7465317,145.2070262
node/9106493745,Wheelchair Accessible Place,wheelchair_accessible_place,toilets,yes,,,,,True,-37.8306005,144.9784202
node/9112284161,Strathmore,wheelchair_accessible_place,,yes,,,Metro Trains Melbourne,,True,-37.7439516,144.9269287
node/9155388096,Hawkers Beer,wheelchair_accessible_place,,yes,,"Mo-Fr 09:00-18:00; Sa,Su 13:00-17:00",,,True,-37.7179412,144.9847316
node/9159694645,Wheelchair Accessible Place,wheelchair_accessible_place,,yes,,,,,True,-37.9592132,145.0502712
node/9169363928,Wheelchair Accessible Place,wheelchair_accessible_place,,yes,,,City of Boroondara,,True,-37.8023729,145.0878208
node/9195278471,Lulie Street/Johnston Street,wheelchair_accessible_place,,yes,,,,,True,-37.8000921,144.9948252
node/9202340832,Hi 5 Chickens,wheelchair_accessible_place,fast_food,yes,,Mo-Su 10:00-20:00,,,True,-38.102912,145.265635
node/9202340837,Hot Daily Bread,wheelchair_accessible_place,,yes,,"Mo-Fr 06:00-19:00; Sa,Su 06:00-17:30",,,True,-38.1031974,145.2655765
node/9204627694,Duff Pizza & Pasta,wheelchair_accessible_place,fast_food,yes,,Mo-Su 04:00-22:00,,,True,-38.1026271,145.2656157
node/9209339919,Wheelchair Accessible Place,wheelchair_accessible_place,toilets,yes,,24/7,,,True,-37.9783175,145.0782157
node/9218313679,Bubba Pizza,wheelchair_accessible_place,fast_food,yes,,Mo-We 16:00-22:00; Th-Su 12:00-23:00+,,,True,-38.1159302,145.2409125
node/9218313680,Fish 'n' chippery,wheelchair_accessible_place,fast_food,yes,,,,,True,-38.1160042,145.2408967
node/9218313681,Everlasting Laundry,wheelchair_accessible_place,,yes,,Mo-Su 07:00-21:00,,,True,-38.1160926,145.2408769
node/9234135988,Wheelchair Accessible Place,wheelchair_accessible_place,drinking_water,yes,,,City of Whittlesea,,True,-37.6666713,145.0206936
node/9243493363,Wheelchair Swing,wheelchair_accessible_place,,yes,,,,,True,-38.121593,145.3130003
node/9280087596,Wheelchair Accessible Place,wheelchair_accessible_place,drinking_water,yes,,,,,True,-37.8974915,145.196484
node/9280356453,Wheelchair Accessible Place,wheelchair_accessible_place,toilets,yes,,,,,True,-38.0848843,145.2913634
node/9280366942,Hong's Asian Kitchen,wheelchair_accessible_place,restaurant,yes,,"Mo,We-Sa 12:00-21:00; Tu off; Su 16:00-21:00",,,True,-38.1159342,145.1920701
node/9280366943,TSG Tobacco Station,wheelchair_accessible_place,,yes,,09:00-18:00,,,True,-38.1160434,145.1920277
node/9280366947,Senyai Thai Restuarant,wheelchair_accessible_place,restaurant,yes,,Mo off; Tu-Su 17:00-21:30,,,True,-38.1163134,145.1919953
node/9280366948,Big Al's Pizza & Pasta,wheelchair_accessible_place,fast_food,yes,,"Mo-We 16:00-23:00; Th,Su 11:00-23:00; Fr-Sa 11:00-24:00",,,True,-38.1163647,145.1919859
node/9284902621,Chelsea,wheelchair_accessible_place,,yes,,,Metro Trains Melbourne,,True,-38.0532764,145.1166366
node/9294848074,W Melbourne,wheelchair_accessible_place,,yes,,,,,True,-37.818194,144.9602606
node/9294887249,Mövenpick Hotel Melbourne on Spencer,wheelchair_accessible_place,,yes,,,,,True,-37.8173086,144.9537168
node/9314387636,Wheelchair Accessible Place,wheelchair_accessible_place,,yes,,,,,True,-37.7971175,144.9877485
node/9314387637,Wheelchair Accessible Place,wheelchair_accessible_place,,yes,,,,,True,-37.7971125,144.9876806
node/9317140070,Wheelchair Accessible Place,wheelchair_accessible_place,,yes,,,,,True,-37.8187273,145.2138867
node/9317140072,Wheelchair Accessible Place,wheelchair_accessible_place,,yes,,,,,True,-37.8189042,145.2136355
node/9319566181,Liquorland,wheelchair_accessible_place,,yes,,"Mo-We 10:00-21:00; Th 09:00-21:00; Fr,Sa 09:00-22:00; Su 10:00-21:00",,,True,-37.7824779,144.915023
node/9319608522,Liquorland,wheelchair_accessible_place,,yes,,,,,True,-37.8102263,144.9632743
node/9322475483,Pho A Chau,wheelchair_accessible_place,cafe,yes,,,,,True,-38.1431668,145.1235941
node/9322934660,Wheelchair Accessible Place,wheelchair_accessible_place,drinking_water,yes,,,,,True,-37.8129422,145.0841546
node/9322934711,Wheelchair Accessible Place,wheelchair_accessible_place,,yes,,,,,True,-37.8156004,145.085155
node/9331322197,Dublin Rd/Maroondah Hwy,wheelchair_accessible_place,,yes,,,Kinetic,,True,-37.8026752,145.2474444
node/9336138770,Wheelchair Accessible Place,wheelchair_accessible_place,drinking_water,yes,,,,,True,-37.7170288,145.006873
node/9339422560,Wheelchair Accessible Place,wheelchair_accessible_place,,yes,,,,,True,-37.797623,145.253936
node/9339428631,Wheelchair Accessible Place,wheelchair_accessible_place,,yes,,,,,True,-37.797859,145.2537426
node/9339428632,Wheelchair Accessible Place,wheelchair_accessible_place,,yes,,,,,True,-37.7979601,145.2539182
node/9339428634,Wheelchair Accessible Place,wheelchair_accessible_place,,yes,,,,,True,-37.7979378,145.2542383
node/9339428636,Wheelchair Accessible Place,wheelchair_accessible_place,,yes,,,,,True,-37.7978949,145.2543303
node/9339428637,Wheelchair Accessible Place,wheelchair_accessible_place,,yes,,,,,True,-37.7978468,145.2543234
node/9339428638,Wheelchair Accessible Place,wheelchair_accessible_place,,yes,,,,,True,-37.7977586,145.2541478
node/9339428640,Wheelchair Accessible Place,wheelchair_accessible_place,,yes,,,,,True,-37.7978287,145.2537522
node/9342438843,Croydon,wheelchair_accessible_place,,yes,,,Metro Trains Melbourne,,True,-37.7953403,145.2804193
node/9345446367,Ringwood East 2,wheelchair_accessible_place,,yes,,,Metro Trains Melbourne,,True,-37.8115782,145.2504914
node/9345446368,Ringwood East 1,wheelchair_accessible_place,,yes,,,Metro Trains Melbourne,,True,-37.8121248,145.2487653
node/9351514730,7-Eleven,wheelchair_accessible_place,fuel,yes,,24/7,,,True,-37.7831013,145.2677695
node/9363034099,Wheelchair Accessible Place,wheelchair_accessible_place,toilets,yes,,,,,True,-37.9499152,145.0044529
node/9380739933,Wheelchair Accessible Place,wheelchair_accessible_place,,yes,,,,,True,-37.8812385,144.7038307
node/9380739945,Wheelchair Accessible Place,wheelchair_accessible_place,,yes,,,,,True,-37.8820034,144.7019894
node/9382898008,Wheelchair Accessible Place,wheelchair_accessible_place,,yes,,,,,True,-37.8012842,144.9621571
node/9382944117,West Lake Restaurant,wheelchair_accessible_place,restaurant,yes,,,,,True,-37.8121193,144.9669258
node/9382955926,Wheelchair Accessible Place,wheelchair_accessible_place,shower,yes,,,,Outdoor,True,-37.8450826,144.9418814
node/9383076534,Wheelchair Accessible Place,wheelchair_accessible_place,,yes,,,,,True,-38.3066162,144.9945754
node/9383076536,Wheelchair Accessible Place,wheelchair_accessible_place,,yes,,,,,True,-38.3062495,144.9946249
node/9385448327,IGA Express,wheelchair_accessible_place,,yes,,,,,True,-38.0889173,145.1284277
node/9398063717,Aqua Real Estate,wheelchair_accessible_place,,yes,,,,,True,-38.1833052,145.0893164
node/9398063718,Pizza Queen,wheelchair_accessible_place,fast_food,yes,,,,,True,-38.1832042,145.0895293
node/9398063720,Dartnells Compounding Pharmacy,wheelchair_accessible_place,pharmacy,yes,,Mo-Fr 09:00-17:00,,,True,-38.18318,145.0895877
node/9398063721,McEwing & Partners,wheelchair_accessible_place,,yes,,,,,True,-38.1831525,145.0896492
node/9398063722,The Skin Boutique,wheelchair_accessible_place,,yes,,Mo-We 09:00-19:00; Th 09:00-20:00; Fr 09:00-18:00; Sa 09:00-16:00,,,True,-38.183026,145.0898953
node/9398063723,Bütterken Bakery,wheelchair_accessible_place,,yes,,Tu-Fr 07:30-16:00; Sa 08:00-14:00; Su off,,,True,-38.1827756,145.0904107
node/9401802143,Wheelchair Accessible Place,wheelchair_accessible_place,,yes,,,,,True,-38.0890104,145.1284368
node/9411402503,Wheelchair Accessible Place,wheelchair_accessible_place,drinking_water,yes,,,,,True,-37.7454522,144.9629473
node/9411402504,Wheelchair Accessible Place,wheelchair_accessible_place,drinking_water,yes,,,,,True,-37.7442572,144.9629292
node/9411402505,Wheelchair Accessible Place,wheelchair_accessible_place,drinking_water,yes,,,,,True,-37.7515082,144.9622068
node/9411402506,Wheelchair Accessible Place,wheelchair_accessible_place,drinking_water,yes,,,,,True,-37.7536913,144.9621459
node/9411402507,Wheelchair Accessible Place,wheelchair_accessible_place,drinking_water,yes,,,,,True,-37.7555465,144.9616928
node/9413979749,Wheelchair Accessible Place,wheelchair_accessible_place,drinking_water,yes,,,,,True,-37.9249943,145.1207743
node/9413979750,Wheelchair Accessible Place,wheelchair_accessible_place,drinking_water,yes,,,,,True,-37.900109,145.088369
node/9413979751,Wheelchair Accessible Place,wheelchair_accessible_place,drinking_water,yes,,,,,True,-37.8940548,145.0756877
node/9419766212,Wheelchair Accessible Place,wheelchair_accessible_place,drinking_water,yes,,,,,True,-37.7511274,145.082091
node/9419769003,Wheelchair Accessible Place,wheelchair_accessible_place,,yes,,,,,True,-37.7978541,145.2543967
node/9419769004,Wheelchair Accessible Place,wheelchair_accessible_place,,yes,,,,,True,-37.7978018,145.2545015
node/9419773915,Wheelchair Accessible Place,wheelchair_accessible_place,,yes,,,,,True,-37.7959498,145.2569812
node/9419785510,Wheelchair Accessible Place,wheelchair_accessible_place,,yes,,,,,True,-37.7976871,145.2539465
node/9419785511,Wheelchair Accessible Place,wheelchair_accessible_place,,yes,,,,,True,-37.797709,145.2539712
node/9419809049,Wheelchair Accessible Place,wheelchair_accessible_place,,yes,,,,,True,-37.7980264,145.2541446
node/9419809050,Wheelchair Accessible Place,wheelchair_accessible_place,,yes,,,,,True,-37.798025,145.2541003
node/9419830017,Wheelchair Accessible Place,wheelchair_accessible_place,,yes,,,,,True,-37.7960622,145.2568113
node/9438703675,Wheelchair Accessible Place,wheelchair_accessible_place,toilets,yes,,,Langwarrin Plaza,,True,-38.1413817,145.2079658
node/9438703676,Marshall's Quality Meats,wheelchair_accessible_place,,yes,,Mo-We 06:00-18:30; Th 06:00-19:00; Fr 06:00-18:30; Sa-Su 06:00-18:00,,,True,-38.1413248,145.207876
node/9438703679,Lucky Lotto,wheelchair_accessible_place,,yes,,Mo-Fr 09:30-18:00; Sa 09:00-18:00; Su off,,,True,-38.1413886,145.2078605
node/9438703680,TSG,wheelchair_accessible_place,,yes,,Su-Fr 09:00-18:00; Sa 09:30-18:30,Langwarrin Plaza,,True,-38.1414572,145.2077144
node/9456962743,Wheelchair Accessible Place,wheelchair_accessible_place,,yes,,24/7,,,True,-37.7933603,144.5461511
node/9456962762,Wheelchair Accessible Place,wheelchair_accessible_place,,yes,,24/7,,,True,-37.7935714,144.5477756
node/9456962781,Wheelchair Accessible Place,wheelchair_accessible_place,,yes,,24/7,,,True,-37.7935172,144.5481397
node/9456963625,Wheelchair Accessible Place,wheelchair_accessible_place,drinking_water,yes,,,,,True,-37.9137696,145.3547788
node/9456967393,Wheelchair Accessible Place,wheelchair_accessible_place,drinking_water,yes,,,,,True,-37.9152674,145.3452859
node/9461723207,Shell,wheelchair_accessible_place,fuel,yes,,,,,True,-37.7639651,145.1669548
node/9465256697,Sensory Oasis for Kids,wheelchair_accessible_place,,yes,,Mo-Th 10:00-17:00; Fr 10:00-16:00; Sa 10:00-14:00,,,True,-37.8443756,144.8414952
node/9482964029,Wheelchair Accessible Place,wheelchair_accessible_place,shower,yes,,24/7,,open air cold water beach shower,True,-38.0743206,145.1205169
node/9495380785,Wheelchair Accessible Place,wheelchair_accessible_place,shower,yes,,24/7,,Out door shower,True,-38.1211614,145.1246747
node/9497003663,BOM,wheelchair_accessible_place,bank,yes,,,,,True,-37.7423674,144.9665611
node/9497003664,Hoi An Old City,wheelchair_accessible_place,restaurant,yes,,,,,True,-37.7422275,144.9665818
node/9503994518,Wheelchair Accessible Place,wheelchair_accessible_place,,yes,,,,,True,-37.924563,145.1206065
node/9503994519,Wheelchair Accessible Place,wheelchair_accessible_place,,yes,,,,,True,-37.9244965,145.1205186
node/9544020052,Wheelchair Accessible Place,wheelchair_accessible_place,atm,yes,,24/7,,,True,-37.7201603,144.959999
node/9557113834,Bunnings Warehouse,wheelchair_accessible_place,,yes,yes,"Mo-Fr 06:30-21:00; Sa,Su 07:00-19:00",Wesfarmers,,True,-37.7870068,145.1284088
node/9557551359,Wheelchair Accessible Place,wheelchair_accessible_place,,yes,,,,,True,-37.7410646,144.9945797
node/9557551361,Wheelchair Accessible Place,wheelchair_accessible_place,,yes,,,,,True,-37.7412183,144.9950282
node/9560306378,Wheelchair Accessible Place,wheelchair_accessible_place,drinking_water,yes,,,,,True,-37.9291789,145.1885188
node/9562190856,Darling,wheelchair_accessible_place,,yes,,,Metro Trains Melbourne,,True,-37.8689803,145.0629689
node/9567005480,Terra Madre,wheelchair_accessible_place,,yes,,Mo-Su 08:30-19:30,,,True,-37.7585741,144.9634205
node/9577563971,Epilepsy Foundation Op Shop,wheelchair_accessible_place,,yes,,,,,True,-37.759765,144.9635307
node/9584819857,Wheelchair Accessible Place,wheelchair_accessible_place,drinking_water,yes,,,Wyndham City Council,,True,-37.8662671,144.6595246
node/9588841950,Wheelchair Accessible Place,wheelchair_accessible_place,drinking_water,yes,,,,,True,-37.8720193,144.6682232
node/9593395915,Wheelchair Accessible Place,wheelchair_accessible_place,,yes,,,,,True,-37.8661798,144.6595793
node/9593439522,Wheelchair Accessible Place,wheelchair_accessible_place,,yes,,,,,True,-37.8660975,144.6594107
node/9593439614,Wheelchair Accessible Place,wheelchair_accessible_place,,yes,,,,,True,-37.8661269,144.6595067
node/9612863222,Wheelchair Accessible Place,wheelchair_accessible_place,drinking_water,yes,,,Yarra Valley Water,,True,-37.7808148,145.4276993
node/9630701568,Wheelchair Accessible Place,wheelchair_accessible_place,toilets,yes,,,,,True,-37.7774248,145.4592116
node/9632345207,Wheelchair Accessible Place,wheelchair_accessible_place,recycling,yes,,,,,True,-37.8135089,144.9655028
node/9632353821,Brioche by Philip,wheelchair_accessible_place,,yes,,"Mo-Fr 07:00-14:30; PH,Sa-Su closed",,,True,-37.8167463,144.9578144
node/9632353827,Great Southern Bank,wheelchair_accessible_place,bank,yes,,Mo-Sa 09:00-17:00,,,True,-37.8168153,144.9584973
node/9632353830,Zoe's Beauty Bar,wheelchair_accessible_place,,yes,,,,,True,-37.8172187,144.9574522
node/9642676462,Fuel Juice & Soup Bar,wheelchair_accessible_place,cafe,yes,,,,,True,-37.7209061,145.0480378
node/9642676463,Wheelchair Accessible Place,wheelchair_accessible_place,,yes,,,,,True,-37.7207583,145.0480409
node/9644632238,Wheelchair Accessible Place,wheelchair_accessible_place,toilets,yes,,,,,True,-37.8140082,145.2283243
node/9660231049,Wheelchair Accessible Place,wheelchair_accessible_place,,yes,,,,,True,-37.7805332,145.316529
node/9687928980,Aegean Wave Fish & Chips,wheelchair_accessible_place,fast_food,yes,,Mo-Sa 11:30-19:30; Tu off; We 16:00-19:00; Fr 11:30-20:00; Su 12:00-19:30,,,True,-37.7313342,145.1353538
node/9687958671,Wheelchair Accessible Place,wheelchair_accessible_place,,yes,,,,,True,-37.7898376,145.310035
node/9689078288,Wheelchair Accessible Place,wheelchair_accessible_place,drinking_water,yes,,,Yarra Valley Water,,True,-37.7640556,145.3555088
node/9719244755,Wheelchair Accessible Place,wheelchair_accessible_place,drinking_water,yes,,,Yarra Valley Water,,True,-37.785717,145.3174265
node/9725851298,Wheelchair Accessible Place,wheelchair_accessible_place,,yes,,,,,True,-37.7881443,145.3110867
node/9731738515,Mondo,wheelchair_accessible_place,ice_cream,yes,,Mo-Su 07:30-23:30,,,True,-37.8134314,144.9625835
node/9731777217,Chatime,wheelchair_accessible_place,cafe,yes,,,,,True,-37.8171907,144.9647877
node/9740791107,Hogan Ave/Ringwood-Warrandyte Rd,wheelchair_accessible_place,,yes,,,,,True,-37.7461342,145.2352086
node/9742260386,Montrose Rd/Leith Rd,wheelchair_accessible_place,,yes,,,,,True,-37.8092741,145.3440327
node/9748242995,Wheelchair Accessible Place,wheelchair_accessible_place,drinking_water,yes,,,,,True,-37.8170446,144.9645719
node/9756428453,Wheelchair Accessible Place,wheelchair_accessible_place,toilets,yes,,,,,True,-37.7851598,145.12054
node/9772722608,Wheelchair Accessible Place,wheelchair_accessible_place,toilets,yes,,,,,True,-38.0118302,145.2332331
node/9780989802,Cranbourne,wheelchair_accessible_place,,yes,,,Metro Trains Melbourne,,True,-38.0997308,145.2807256
node/9787264998,Pakenham,wheelchair_accessible_place,,yes,,,Metro Trains Melbourne;V/Line,,True,-38.0806283,145.4863217
node/9795965667,Optus,wheelchair_accessible_place,,yes,,,,,True,-38.2189957,145.0395339
node/9795965668,Chemist Warehouse,wheelchair_accessible_place,pharmacy,yes,,Mo-Su 09:00-18:00,,,True,-38.2183113,145.0394398
node/9798897615,Wheelchair Accessible Place,wheelchair_accessible_place,,yes,,,,,True,-37.6188621,144.9384636
node/9800507402,Sushi Jiro,wheelchair_accessible_place,restaurant,yes,,,,,True,-37.8192392,145.1221227
node/9800507403,Top Tea,wheelchair_accessible_place,cafe,yes,,,,,True,-37.8192631,145.121979
node/9803440772,Gertrude Grocer,wheelchair_accessible_place,,yes,,,,,True,-37.7942847,144.9296391
node/9837430475,The Reject Shop,wheelchair_accessible_place,,yes,,"Mo-We 09:00-18:00; Th,Fr 09:00-20:00; Sa 08:30-18:00; Su 10:00-17:00",,,True,-37.7822057,144.9149217
node/9847525005,Wheelchair Accessible Place,wheelchair_accessible_place,drinking_water,yes,,,Yarra Valley Water,,True,-37.8103495,145.3429148
node/9896453339,KFC,wheelchair_accessible_place,fast_food,yes,,"Mo 10:00-22:00; Tu-We 10:00-22:30; Th,Su 10:00-23:59; Fr-Sa 10:00-02:00",,,True,-37.8187986,144.9545015
node/9896488865,Subway,wheelchair_accessible_place,fast_food,yes,,24/7,,,True,-37.8180254,144.964688
node/9898789651,EzyMart,wheelchair_accessible_place,,yes,,,,,True,-37.8168103,144.9655647
node/9899061523,Wheelchair Accessible Place,wheelchair_accessible_place,toilets,yes,,,,,True,-37.6709562,144.8468141
node/9899061524,Wheelchair Accessible Place,wheelchair_accessible_place,toilets,yes,,,,,True,-37.6709631,144.8467483
node/9930910663,Canto,wheelchair_accessible_place,restaurant,yes,,,,,True,-37.80744,144.9638516
node/9930942093,Kaki Lima,wheelchair_accessible_place,restaurant,yes,,Mo-Fr 11:00-20:00; Sa-Su closed; PH closed,,,True,-37.8074889,144.9636802
node/9931020480,Wheelchair Accessible Place,wheelchair_accessible_place,,yes,,,,,True,-37.8475621,145.2524661
node/9931170826,Wheelchair Accessible Place,wheelchair_accessible_place,drinking_water,yes,,,,,True,-37.8475088,145.2525882
node/9933038802,Wheelchair Accessible Place,wheelchair_accessible_place,,yes,,,,,True,-37.8102765,145.2794817
node/9935359367,Le Chateau Blanc Couture,wheelchair_accessible_place,,yes,,,,,True,-37.7653884,144.9625635
node/9935494650,Crispy Crunch,wheelchair_accessible_place,,yes,,,,,True,-37.7637928,144.9625474
node/9935515627,Arabica Lounge,wheelchair_accessible_place,hookah_lounge,yes,,,,,True,-37.7633838,144.9626172
node/9935515628,Belleview Dental,wheelchair_accessible_place,dentist,yes,,Mo-Fr 08:30-17:30; Sa 08:30-12:30; Su off,,,True,-37.7634364,144.9626082
node/9935515629,Deus Hair Design,wheelchair_accessible_place,,yes,,"Mo,We 09:00-17:30; Tu,Th 09:00-21:00; Fr 09:00-19:00; Sa 09:00-17:00; Su off",,,True,-37.7635823,144.9625833
node/9935530847,Domino's,wheelchair_accessible_place,fast_food,yes,,"Mo-We,Su 11:00-23:00; Th 11:00-24:00; Fr-Sa 11:00-01:00",,,True,-37.762924,144.9626959
node/9935530849,Istanbul Halal Meats,wheelchair_accessible_place,,yes,,Mo-Sa 07:00-16:00; Su off,,,True,-37.7628191,144.9627139
node/9935539262,Very Good Falafel,wheelchair_accessible_place,restaurant,yes,,Mo-Sa 11:00-20:30; Su off,,,True,-37.7624248,144.9627762
node/9935539264,Mercadito Cocteleria & Taqueria,wheelchair_accessible_place,restaurant,yes,,"Mo,Su off; Tu-Sa 17:30-24:00",,,True,-37.7625295,144.9627626
node/9935539265,Nasi Kandar Penang,wheelchair_accessible_place,restaurant,yes,,"Mo-Tu,Th-Su 11:00-21:00; We off",,,True,-37.7625793,144.962755
node/9936467459,Brunswick North LPO,wheelchair_accessible_place,post_office,yes,,Mo-Sa 08:30-17:30; Su closed,Australia Post,,True,-37.7621776,144.9631163
node/9936467460,Good Days Hot Bread,wheelchair_accessible_place,restaurant,yes,,Mo-Fr 10:00-15:00; Sa-Su 10:00-16:00,,,True,-37.7623361,144.9630911
node/9936480625,Success Tax Professionals,wheelchair_accessible_place,,yes,,Mo-Fr 10:00-18:00,,,True,-37.76076,144.9633666
node/9946420376,SwoopAero Pty,wheelchair_accessible_place,,yes,,Mo-Fr 09:00-17:00,,,True,-37.8313319,144.935279
node/9962790247,Sharetea,wheelchair_accessible_place,cafe,yes,,Mo-Th 11:00-21:30; Fr-Su 11:00-22:00; PH closed,,,True,-37.811371,144.9644057
node/9978776613,Wheelchair Accessible Place,wheelchair_accessible_place,,yes,,,Public Transport Victoria,,True,-37.7847727,145.3126937
node/9981016211,Wheelchair Accessible Place,wheelchair_accessible_place,toilets,yes,,,Pinkie,,True,-37.7682698,145.0439607
node/9981016212,Pinkie,wheelchair_accessible_place,cafe,yes,,,,,True,-37.7681835,145.0440114
node/9982849321,Chemist Warehouse,wheelchair_accessible_place,pharmacy,yes,,Mo-Fr 08:00-21:00; Sa 09:00-19:00; Su 09:00-18:00; PH 09:00-19:00,,,True,-38.0852995,145.4709057
node/9991795636,Wheelchair Accessible Place,wheelchair_accessible_place,,yes,,,,,True,-37.7805451,145.3166141
node/9991795638,Wheelchair Accessible Place,wheelchair_accessible_place,,yes,,,,,True,-37.780555,145.3166835
node/9991795640,Wheelchair Accessible Place,wheelchair_accessible_place,,yes,,,,,True,-37.7805645,145.3167496
node/9991795642,Wheelchair Accessible Place,wheelchair_accessible_place,,yes,,,,,True,-37.7805699,145.3167869
node/9991795644,Wheelchair Accessible Place,wheelchair_accessible_place,,yes,,,,,True,-37.7805594,145.316857
node/9996118702,Wheelchair Accessible Place,wheelchair_accessible_place,drinking_water,yes,,,Manningham Council,,True,-37.7671112,145.1623046
node/9999046882,Two Fat Ducks,wheelchair_accessible_place,restaurant,yes,,,,,True,-38.0781362,145.48134
node/10003529424,Wheelchair Accessible Place,wheelchair_accessible_place,,yes,,,,,True,-37.7897012,145.3103255
node/10003529428,Wheelchair Accessible Place,wheelchair_accessible_place,,yes,,,,,True,-37.7898216,145.3101906
node/10003529431,Wheelchair Accessible Place,wheelchair_accessible_place,,yes,,,,,True,-37.7898378,145.3099516
node/10003529433,Wheelchair Accessible Place,wheelchair_accessible_place,,yes,,,,,True,-37.7897599,145.3102452
node/10003529434,Wheelchair Accessible Place,wheelchair_accessible_place,,yes,,,,,True,-37.7897444,145.3102592
node/10012962658,Wheelchair Accessible Place,wheelchair_accessible_place,drinking_water,yes,,,,,True,-37.8020325,145.1766415
node/10017381147,Male,wheelchair_accessible_place,toilets,yes,,,,,True,-38.1073723,145.1427898
node/10017381149,Female,wheelchair_accessible_place,toilets,yes,,,,,True,-38.1072919,145.1427432
node/10023832881,Wheelchair Accessible Place,wheelchair_accessible_place,toilets,yes,,,,Toilets only open during game days,True,-37.8212867,145.1563366
node/10035325389,Wheelchair Accessible Place,wheelchair_accessible_place,,yes,,,,,True,-38.107047,145.1530967
node/10035325397,Wheelchair Accessible Place,wheelchair_accessible_place,drinking_water,yes,,,,,True,-38.1020493,145.1425925
node/10035450035,Wheelchair Accessible Place,wheelchair_accessible_place,,yes,,,,,True,-38.1021712,145.1425463
node/10038597433,Ormond,wheelchair_accessible_place,,yes,,,Metro Trains Melbourne,,True,-37.9042587,145.0394811
node/10048390707,Sushi Hub,wheelchair_accessible_place,fast_food,yes,,,,,True,-37.8173899,144.9648247
node/10048390715,EB Games,wheelchair_accessible_place,,yes,,,,,True,-37.8168911,144.9645981
node/10048393902,Made In Melbourne,wheelchair_accessible_place,,yes,,,,,True,-37.8146592,144.9637532
node/10048393904,Skygem & Co,wheelchair_accessible_place,,yes,,,,,True,-37.8146997,144.9637679
node/10048393905,City Phone,wheelchair_accessible_place,,yes,,,,,True,-37.8147488,144.9636014
node/10048393906,Bankwest,wheelchair_accessible_place,bank,yes,,,,,True,-37.8147755,144.9636118
node/10048393907,Hunter Gatherer,wheelchair_accessible_place,,yes,,,,,True,-37.8146684,144.9639461
node/10048393908,Secrets Shhh,wheelchair_accessible_place,,yes,,,,,True,-37.814658,144.9641789
node/10048393909,Curiosity Merchants,wheelchair_accessible_place,,yes,,,,,True,-37.8146476,144.9637842
node/10048393910,The Little Royal,wheelchair_accessible_place,cafe,yes,,,,,True,-37.8147003,144.9641568
node/10048393912,Love It,wheelchair_accessible_place,,yes,,,,,True,-37.8147822,144.9642336
node/10048393913,Forecast Hairdressing,wheelchair_accessible_place,,yes,,,,,True,-37.8146533,144.9641098
node/10048393914,Agathe Patisserie,wheelchair_accessible_place,,yes,,"Tu-Fr 08:00-15:00; Mo,Sa-Su closed; PH closed",,,True,-37.8145769,144.9639741
node/10048393915,Kit Espresso,wheelchair_accessible_place,cafe,yes,,Mo-Fr 07:30-17:00; Sa-Su 08:00-17:00,,,True,-37.8146926,144.9638096
node/10048393916,Silk Store,wheelchair_accessible_place,,yes,,,,,True,-37.8145316,144.9640338
node/10048418845,Male Grooming Co,wheelchair_accessible_place,,yes,,,,,True,-37.8147596,144.9639619
node/10048418851,Paint N' Powder,wheelchair_accessible_place,,yes,,,,,True,-37.8148072,144.964175
node/10048431817,Evan's Leather Repair,wheelchair_accessible_place,,yes,,,,,True,-37.8146886,144.9638732
node/10048431818,Jeeba Jewellery,wheelchair_accessible_place,,yes,,,,,True,-37.8147519,144.9641559
node/10048431819,Men's Biz,wheelchair_accessible_place,,yes,,,,,True,-37.8146051,144.9638998
node/10067725332,Henry Sugar,wheelchair_accessible_place,restaurant,yes,,,,,True,-37.7916231,144.9717359
node/10067853935,Sushi Ten,wheelchair_accessible_place,restaurant,yes,,"Mo off; Tu-Sa 12:00-14:00,17:00-21:00; Su 17:00-20:00",,,True,-37.7951786,144.9710999
node/10074114556,Wheelchair Accessible Place,wheelchair_accessible_place,toilets,yes,,,,,True,-37.8153293,145.2220292
node/10074841642,HSBC,wheelchair_accessible_place,bank,yes,,,,,True,-37.8393265,144.9954497
node/10092047117,Freedom,wheelchair_accessible_place,,yes,,,,,True,-37.877602,145.092614
node/10102600953,Barbeques Galore,wheelchair_accessible_place,,yes,,,,,True,-37.8776115,145.0926931
node/10103040983,Wheelchair Accessible Place,wheelchair_accessible_place,toilets,yes,,,,,True,-38.1816748,145.122756
node/10117862527,Wheelchair Accessible Place,wheelchair_accessible_place,,yes,,,,,True,-37.7851377,145.3150598
node/10117862528,Wheelchair Accessible Place,wheelchair_accessible_place,,yes,,,,,True,-37.7850147,145.314883
node/10117862529,Wheelchair Accessible Place,wheelchair_accessible_place,,yes,,,,,True,-37.7849925,145.3148101
node/10123665272,Wheelchair Accessible Place,wheelchair_accessible_place,,yes,,,,,True,-37.8854414,145.0219325
node/10134345473,Wheelchair Accessible Place,wheelchair_accessible_place,,yes,,,,,True,-37.7871967,145.3110663
node/10139197334,Danny Balboas's Deli,wheelchair_accessible_place,,yes,,,,,True,-37.7557831,144.9639332
node/10155823341,Coin Laundry,wheelchair_accessible_place,,yes,,06:00-22:00,,,True,-37.9580231,145.0661615
node/10160675828,Chemist Warehouse,wheelchair_accessible_place,pharmacy,yes,,"Mo-Fr 08:30-21:00; Sa-Su,PH 09:00-18:00",,,True,-38.0787138,145.4831111
node/10160870704,Perkins Exterminators,wheelchair_accessible_place,,yes,,,,,True,-37.7044831,145.1029425
node/10160974430,Fullife Pharmacy,wheelchair_accessible_place,pharmacy,yes,,Mo-Fr 09:00-18:00; Sa 09:00-14:00; Su 09:00-13:00,,,True,-37.6568933,145.0810093
node/10181815942,Wheelchair Accessible Place,wheelchair_accessible_place,,yes,,,,,True,-37.7984932,144.9632469
node/10197052861,Zambrero,wheelchair_accessible_place,fast_food,yes,,Mo-Fr 11:00-19:30,Zambrero,"Freshly-prepared Mexican favourites with a focus on modern, superfood ingredients",True,-37.7994047,144.9626154
node/10198689606,Yuppy Puppy Day Spa,wheelchair_accessible_place,,yes,,,Positive K9 Training,,True,-37.7918782,145.0938508
node/10202953010,Wheelchair Accessible Place,wheelchair_accessible_place,drinking_water,yes,,24/7,Manningham Council,,True,-37.7670868,145.1848524
node/10211772042,Wheelchair Accessible Place,wheelchair_accessible_place,drinking_water,yes,,,,,True,-37.8206939,145.0672926
node/10211772122,Wheelchair Accessible Place,wheelchair_accessible_place,drinking_water,yes,,,,,True,-37.808414,145.0717548
node/10213665476,Wheelchair Accessible Place,wheelchair_accessible_place,toilets,yes,,,,,True,-38.3612311,144.890134
node/10216209587,Wheelchair Accessible Place,wheelchair_accessible_place,,yes,,,,,True,-37.7029969,145.1026409
node/10218766525,Wheelchair Accessible Place,wheelchair_accessible_place,,yes,,,,,True,-37.7964757,144.9587818
node/10220700354,Minimax,wheelchair_accessible_place,,yes,,,,,True,-38.2190897,145.0606807
node/10223008755,Coles,wheelchair_accessible_place,,yes,,Mo-Su 07:00-23:00,Coles Group,,True,-37.8760395,145.0382439
node/10225319717,Bared Footware Womens,wheelchair_accessible_place,,yes,,"Mo-Th,Sa 10:00-18:00; Fr 10:00-19:00; Su 10:00-17:00",,,True,-37.8164765,144.9661465
node/10229813072,Wheelchair Accessible Place,wheelchair_accessible_place,,yes,,,,,True,-37.7899004,145.309645
node/10229813073,Wheelchair Accessible Place,wheelchair_accessible_place,,yes,,,,,True,-37.7899144,145.3095839
node/10230281591,Mooroolbark Community Centre/Brice Ave,wheelchair_accessible_place,,yes,,,Ventura,,True,-37.7858853,145.3167932
node/10230281592,Mooroolbark Community Centre/Brice Ave,wheelchair_accessible_place,,yes,,,Ventura,,True,-37.7859933,145.3167667
node/10230496563,Wheelchair Accessible Place,wheelchair_accessible_place,drinking_water,yes,,,,,True,-37.8336099,144.9518166
node/10232187896,Felix Culpa,wheelchair_accessible_place,cafe,yes,,Mo-Fr 07:30-14:00; Sa 08:00-14:00; Su 08:00-13:00,,,True,-37.7170568,145.0117843
node/10232426820,Wheelchair Accessible Place,wheelchair_accessible_place,drinking_water,yes,,,,,True,-37.7165815,145.0071262
node/10234904806,Cotton On,wheelchair_accessible_place,,yes,,,,,True,-37.9720345,145.0890753
node/10234904807,Skechers,wheelchair_accessible_place,,yes,,,,,True,-37.9721795,145.0887207
node/10234907778,Magic Wok,wheelchair_accessible_place,restaurant,yes,,,,,True,-37.9719662,145.0880315
node/10234907779,Wheelchair Accessible Place,wheelchair_accessible_place,toilets,yes,,,DFO,,True,-37.9720852,145.087875
node/10234939081,Ollie's Place,wheelchair_accessible_place,,yes,,,,,True,-37.9720514,145.088627
node/10234966396,Salvos,wheelchair_accessible_place,,yes,,Mo-Fr 09:30-17:30; Sa 09:00-17:00; Su off,,,True,-37.9709134,145.0918334
node/10234968083,Under Armour,wheelchair_accessible_place,,yes,,,,,True,-37.9720145,145.0888859
node/10234968506,Cotton On Kids,wheelchair_accessible_place,,yes,,,,,True,-37.9720737,145.0887986
node/10234986274,Cosmetics Plus,wheelchair_accessible_place,,yes,,,,,True,-37.9721295,145.0883262
node/10234986275,Villeroy & Boch,wheelchair_accessible_place,,yes,,,,,True,-37.9721511,145.0884654
node/10234991590,Gloria Jean's,wheelchair_accessible_place,cafe,yes,,,,,True,-37.9721042,145.0887139
node/10235008943,Fila,wheelchair_accessible_place,,yes,,,,,True,-37.9717598,145.0891088
node/10236775554,Serina Cafe,wheelchair_accessible_place,cafe,yes,,,,,True,-37.970116,145.0889741
node/10236775558,Oroton,wheelchair_accessible_place,,yes,,,,,True,-37.9703102,145.0895315
node/10236775567,Ecco Outlet,wheelchair_accessible_place,,yes,,,,,True,-37.9708733,145.0892415
node/10236775580,Jacqui E,wheelchair_accessible_place,,yes,,,The Just Group,,True,-37.9712994,145.0886443
node/10236775581,Shoe Warehouse,wheelchair_accessible_place,,yes,,Mo-Su 10:00-18:00,,,True,-37.9721899,145.0889612
node/10236775582,Timeless Watches,wheelchair_accessible_place,,yes,,,,,True,-37.9707087,145.0892662
node/10236775586,Volcom,wheelchair_accessible_place,,yes,,,,,True,-37.9712778,145.0885039
node/10236775596,Forcast,wheelchair_accessible_place,,yes,,,,,True,-37.9708187,145.0891086
node/10236775602,Florshein,wheelchair_accessible_place,,yes,,,,,True,-37.970404,145.0896561
node/10236792612,Naturalizer,wheelchair_accessible_place,,yes,,,,,True,-37.9707837,145.0892662
node/10236792616,Sunglasses Hut,wheelchair_accessible_place,,yes,,,,,True,-37.9702024,145.0896103
node/10236792622,Connor,wheelchair_accessible_place,,yes,,Mo-Su 10:00-18:00,Retail Apparel Group,,True,-37.9713651,145.08903
node/10237044337,Forever New,wheelchair_accessible_place,,yes,,Mo-We 09:00-17:30; Th-Sa 09:00-21:00; Su 10:00-19:00,,,True,-37.8853153,145.0833813
node/10237466589,Dragon Hot Pot,wheelchair_accessible_place,restaurant,yes,,Mo-We 12:00-23:00; Th-Su 12:00-24:00,,,True,-37.8534916,145.1499748
node/10245588893,Wheelchair Accessible Place,wheelchair_accessible_place,drinking_water,yes,,,,,True,-37.8679878,144.8445435
node/10245588894,Wheelchair Accessible Place,wheelchair_accessible_place,drinking_water,yes,,,,,True,-37.8711625,144.8382972
node/10245588897,Wheelchair Accessible Place,wheelchair_accessible_place,drinking_water,yes,,,,,True,-37.8707129,144.8270147
node/10245588898,Wheelchair Accessible Place,wheelchair_accessible_place,drinking_water,yes,,,,,True,-37.8732389,144.8172774
node/10245588902,Wheelchair Accessible Place,wheelchair_accessible_place,drinking_water,yes,,,,,True,-37.8849982,144.7883623
node/10247879186,WHSmith,wheelchair_accessible_place,,yes,,,,,True,-37.6723534,144.848811
node/10247879190,Wheelchair Accessible Place,wheelchair_accessible_place,toilets,yes,,,,,True,-37.6719888,144.8487959
node/10247879198,Wheelchair Accessible Place,wheelchair_accessible_place,toilets,yes,,,,,True,-37.6727421,144.8488317
node/10247935043,WHSmith,wheelchair_accessible_place,,yes,,,,,True,-37.6757877,144.8482588
node/10252601967,David's Master Pot,wheelchair_accessible_place,restaurant,yes,designated,,,,True,-37.9272103,145.1190811
node/10254634284,Wheelchair Accessible Place,wheelchair_accessible_place,toilets,yes,,,,,True,-37.7134634,145.1478284
node/10269036670,Tochi Deli,wheelchair_accessible_place,,yes,,We-Su 11:30-15:00; Mo-Tu closed,,,True,-37.7616036,144.9628419
node/10269081462,I Love Dumplings,wheelchair_accessible_place,restaurant,yes,,"11:00-14:45,17:00-21:45",,,True,-37.7621831,144.9616975
node/10269081464,BENCH COFFEE CO. Roastery,wheelchair_accessible_place,,yes,,Mo-Fr 07:00-15:00; Sa-Su 08:00-16:00,,,True,-37.7618956,144.9618205
node/10269538475,K&H Hot Bread Bakery,wheelchair_accessible_place,fast_food,yes,,,,,True,-37.7680592,144.9618137
node/10269538481,Georgie Pie,wheelchair_accessible_place,fast_food,yes,,Mo-Fr 08:30-16:30; Sa 09:00-16:00; Su off,,,True,-37.7674201,144.9619283
node/10270325581,Ivasco Shoes & Bags,wheelchair_accessible_place,,yes,,,,,True,-37.7632774,144.9629281
node/10270328240,Sydney Road Brunswick Association Hub,wheelchair_accessible_place,,yes,,,,,True,-37.7673862,144.9622206
node/10270980041,Wheelchair Accessible Place,wheelchair_accessible_place,toilets,yes,,,,,True,-37.8774696,145.0424984
node/10271219779,Wheelchair Accessible Place,wheelchair_accessible_place,toilets,yes,,,,,True,-37.7163572,145.0509473
node/10271974081,Machi machi,wheelchair_accessible_place,cafe,yes,,Mo-Su 12:00-22:00,,,True,-37.8765231,145.0420538
node/10277506888,ALDI,wheelchair_accessible_place,,yes,,Mo-Su 08:30-20:00,,,True,-37.8677301,145.2387933
node/10285299895,Wheelchair Accessible Place,wheelchair_accessible_place,toilets,yes,,,,,True,-38.0850964,145.1852027
node/10296169509,Wheelchair Accessible Place,wheelchair_accessible_place,,yes,,,,,True,-37.7729315,144.9980684
node/10487811116,Wheelchair Accessible Place,wheelchair_accessible_place,drinking_water,yes,,,Yarra Valley Water,,True,-37.7683025,145.3515661
node/10489658849,Wheelchair Accessible Place,wheelchair_accessible_place,shelter,yes,,,,,True,-37.7650906,145.3494087
node/10489796588,Wheelchair Accessible Place,wheelchair_accessible_place,shelter,yes,,,,,True,-37.7669901,145.351441
node/10536394486,Flakes on Sydney Road,wheelchair_accessible_place,fast_food,yes,,,,,True,-37.7602836,144.9634402
node/10541864439,Wheelchair Accessible Place,wheelchair_accessible_place,bicycle_parking,yes,,,,,True,-37.7672139,144.9992919
node/10542233827,N Lee Bakery,wheelchair_accessible_place,,yes,,,,,True,-37.8171517,144.9602655
node/10555691135,Ratio Cocoa Roasters,wheelchair_accessible_place,,yes,,"Su, Th 10:00-17:00; Fr-Sa 10:00-22:00",,,True,-37.7735539,144.9611738
node/10566817109,Wheelchair Accessible Place,wheelchair_accessible_place,toilets,yes,,,,,True,-37.7114106,144.7419965
node/10572172074,Groundswell Gardens,wheelchair_accessible_place,,yes,,Mo-Fr 08:00-17:00,,,True,-37.8739726,145.0916521
node/10575862597,Galaxy Sonic,wheelchair_accessible_place,internet_cafe,yes,,,,,True,-37.8151842,144.954225
node/10575862598,Laundrette Plus Dry Cleaning,wheelchair_accessible_place,,yes,,,,,True,-37.815514,144.9542164
node/10575862599,Common Place Coffee Brewers,wheelchair_accessible_place,cafe,yes,,Mo-Fr 06:00-16:00; Sa 07:00-16:00; PH 08:00-15:00 open; Su 08:00-15:00,,,True,-37.8151033,144.9541949
node/10575862600,Glory Cakes,wheelchair_accessible_place,,yes,,,,,True,-37.8152218,144.9540838
node/10575862601,Salero Kito Padang Restaurant,wheelchair_accessible_place,restaurant,yes,,,,,True,-37.8154166,144.9541691
node/10575862602,Korean Table,wheelchair_accessible_place,restaurant,yes,,,,,True,-37.8150482,144.9539824
node/10575862604,K Street Food,wheelchair_accessible_place,fast_food,yes,,,,,True,-37.8151474,144.9540592
node/10575862605,I Love Chicken,wheelchair_accessible_place,restaurant,yes,,Mo-Su 12:00-04:00,,,True,-37.8148888,144.9539312
node/10575891363,Wheelchair Accessible Place,wheelchair_accessible_place,atm,yes,,,,,True,-37.8153974,144.9534397
node/10575891371,N Hair,wheelchair_accessible_place,,yes,,,,,True,-37.8153022,144.9534927
node/10575891375,Upper West Side Security Office,wheelchair_accessible_place,,yes,,,,,True,-37.8153478,144.9533475
node/10575891379,Koconut,wheelchair_accessible_place,,yes,,,,,True,-37.8151642,144.9535401
node/10577720378,Bicycle Thieves,wheelchair_accessible_place,cafe,yes,,Mo-Fr 07:00-15:30; Sa-Su 08:00-15:30; PH closed,,,True,-37.7668565,144.9990461
node/10593116293,Tribeca Village Fish and Chips,wheelchair_accessible_place,fast_food,yes,,"Mo 12:00-19:00; Tu-Th,Sa,Su 11:00-20:00; Fr 11:00-20:30",,,True,-37.9113317,144.7715977
node/10593582935,Wheelchair Accessible Place,wheelchair_accessible_place,,yes,,,,,True,-37.8300025,144.8330854
node/10598217442,HCF Dental Centre,wheelchair_accessible_place,,yes,,Mo-Fr 08:00-17:00,,,True,-37.8170331,144.9606615
node/10598235890,Belle's Hot Chickeb,wheelchair_accessible_place,restaurant,yes,,"Su-Th 11:30-21:00; Fr,Sa 11:30-21:30",,,True,-37.8147129,144.9631583
node/10598258023,Bowltiful,wheelchair_accessible_place,restaurant,yes,,Mo-Su 10:00-02:00,,,True,-37.812238,144.9648379
node/10598258026,Dooboo,wheelchair_accessible_place,restaurant,yes,,Mo-Th 11:30-22:00; Fr-Sa 11:30-23:30; Su 11:30-21:00,,,True,-37.812091,144.9647035
node/10598258030,Universal Store,wheelchair_accessible_place,,yes,,,,,True,-37.813792,144.9653555
node/10598258031,Inshop,wheelchair_accessible_place,,yes,,,,,True,-37.8134762,144.9652391
node/10598310133,Lameizi Xiancai,wheelchair_accessible_place,fast_food,yes,,,,,True,-37.8122462,144.9618101
node/10598310135,Shaver Shop,wheelchair_accessible_place,,yes,,,,,True,-37.8122251,144.9618591
node/10604032436,Dragon Hot Pot,wheelchair_accessible_place,restaurant,yes,,Mo-Th 12:00-01:30; Fr-Su 12:00-02:30,,,True,-37.811623,144.9673465
node/10604032437,David's Master Pot,wheelchair_accessible_place,restaurant,yes,,"Mo-Th,Su 12:00-24:00; Fr-Sa 12:00-02:30",,,True,-37.8114539,144.9672561
node/10605394535,Thailander,wheelchair_accessible_place,restaurant,yes,,Mo-We 10:00-17:30; Th-Sa 10:00-21:00; Su 10:00-19:00,,,True,-37.8856044,145.0836387
node/10611335971,Mind Games,wheelchair_accessible_place,,yes,,"Mo-Sa 9:30-21:00, Su 10:30-20:00",,,True,-37.8143391,144.9657907
node/10641790131,St Vincent's Care Eltham,wheelchair_accessible_place,social_facility,yes,,,,,True,-37.7117839,145.1472214
node/10642651775,St Vincent's Care Hawthorn,wheelchair_accessible_place,social_facility,yes,,,,,True,-37.8315396,145.0534926
node/10649578113,St Vincent's Care Kew,wheelchair_accessible_place,social_facility,yes,,,,,True,-37.8044972,145.0156781
node/10650264833,Overton Rd/Palmers Rd,wheelchair_accessible_place,,yes,,,Public Transport Victoria,,True,-37.8662757,144.7478332
node/10650271235,Palmers Rd/Overton Rd,wheelchair_accessible_place,,yes,,,Public Transport Victoria,,True,-37.8665724,144.7489496
node/10653234306,Wheelchair Accessible Place,wheelchair_accessible_place,drinking_water,yes,,,,,True,-37.6778779,145.1516261
node/10656661439,St Vincent's Care Werribee,wheelchair_accessible_place,social_facility,yes,,,,,True,-37.8878169,144.7014682
node/10669811434,Wheelchair Accessible Place,wheelchair_accessible_place,toilets,yes,,Mo-We 09:00-17:30; Th-Fr 09:00-21:00; Sa 09:00-17:00; Su 10:00-17:00,,,True,-37.7312201,144.7428645
node/10671696420,Wheelchair Accessible Place,wheelchair_accessible_place,,yes,,,,,True,-37.7141091,144.7271887
node/10694310043,Green Dog Bath House,wheelchair_accessible_place,,yes,,"""Appointment Only""",,,True,-37.7665182,144.9619083
node/10694313784,Gorman,wheelchair_accessible_place,,yes,,,,,True,-37.7662716,144.9621104
node/10694313785,Flowers by Petal Pop & Indoor Plants by Lady Jane Greenhouse,wheelchair_accessible_place,,yes,,,,,True,-37.7662042,144.9621224
node/10694375881,Miss Moses Bottle-O,wheelchair_accessible_place,,yes,,"Mo,Su 12:00-19:30; Tu-Th 12:00-20:30; Fr-Sa 12:00-23:00",,,True,-37.7634865,144.9625996
node/10703356460,Ezy,wheelchair_accessible_place,,yes,,,,,True,-38.2244506,145.1721845
node/10704438688,The Treasury,wheelchair_accessible_place,,yes,yes,Mo-Fr 10:00-17:00,University of Melbourne,,True,-37.7976628,144.9609864
node/10704637184,Betwixt Cafe & Bar,wheelchair_accessible_place,restaurant,yes,yes,Mo-We 08:00-16:00; Th 08:00-20:00; Fr 08:00-21:00,,Modern Japanese fusion restaurant offering daytime and evening menus,True,-37.8249162,144.9671627
node/10704909462,Mr Ed Coffee & More,wheelchair_accessible_place,cafe,yes,yes,Mo-Fr 08:00-16:00,,,True,-37.8890779,144.6934652
node/10707716030,Wheelchair Accessible Place,wheelchair_accessible_place,drinking_water,yes,,,,,True,-37.8132747,144.9892512
node/10708227424,Guild Theatre,wheelchair_accessible_place,theatre,yes,,,University of Melbourne,Performance Venue managed by University of Melbourne Arts & Culture,True,-37.7988335,144.9629649
node/10708228285,Prest Theatre,wheelchair_accessible_place,events_venue,yes,,,University of Melbourne,"University lecture theatre during semesters, events venue outside semesters",True,-37.8016831,144.9591994
node/10708232072,Function Centre,wheelchair_accessible_place,,yes,yes,closed,St Ali,,True,-37.7985511,144.9631628
node/10708240986,Market Hall,wheelchair_accessible_place,events_venue,yes,,,University of Melbourne,,True,-37.7992412,144.9633011
node/10708249277,Union Theatre,wheelchair_accessible_place,theatre,yes,,,University of Melbourne,Performance Venue managed by University of Melbourne Arts & Culture (UMAC),True,-37.7986101,144.9630079
node/10708253350,St Ali Canteen,wheelchair_accessible_place,cafe,yes,yes,Mo-Fr 07:30-16:00,,Specialty coffee roasted on-site with on-the-go food offerings at this takeaway-only canteen,True,-37.7984714,144.9630398
node/10708269892,Copland Theatre & Event Venue,wheelchair_accessible_place,events_venue,yes,,,University of Melbourne,"University lecture theatre during semesters, events venue outside semesters",True,-37.8017256,144.9587102
node/10708306373,Ian Potter Auditorium,wheelchair_accessible_place,events_venue,yes,,,Florey Institute for Neuroscience & Mental Health,,True,-37.7982483,144.9581659
node/10709142784,Law Library,wheelchair_accessible_place,library,yes,,,University of Melbourne,,True,-37.8023777,144.9597833
node/10717993720,Wheelchair Accessible Place,wheelchair_accessible_place,,yes,,,,,True,-37.6603983,145.3761271
node/10718237570,Tom Phat,wheelchair_accessible_place,restaurant,yes,,,,,True,-37.7736165,144.961163
node/10718271169,The Brunswick Club,wheelchair_accessible_place,pub,yes,,"Mo-Th,Su 10:00-23:30; Fr-Sa 10:00-24:00",,,True,-37.7725626,144.9610416
node/10718271170,Virtual Icon,wheelchair_accessible_place,,yes,,Tu-Fr 12:00-17:00,,,True,-37.7724343,144.9610639
node/10718271171,Better with Friends,wheelchair_accessible_place,,yes,,,,,True,-37.7723927,144.9610711
node/10718440103,Roll'd,wheelchair_accessible_place,fast_food,yes,,Mo-Fr 10:00-18:00,Roll'd,"Casual spot serving classic Vietnamese street food, including banh mi, pho & dumplings",True,-37.798668,144.9633679
node/10718450020,Passeggiata (Level 1),wheelchair_accessible_place,fast_food,yes,yes,Mo-Fr 07:30-17:00,,,True,-37.79867,144.9637604
node/10718453622,Moonfishh,wheelchair_accessible_place,restaurant,yes,yes,Mo-Fr 10:00-17:00,,"Moonfishh sushi is hand-selected daily from the Melbourne Seafood Market and served in eco-conscious, biodegradable packaging",True,-37.7985563,144.9636413
node/10718454415,Ho Ho's Xpress (Level 1),wheelchair_accessible_place,fast_food,yes,yes,Mo-Fr 07:30-15:30,Commercial tenant,"A range of lunch options including salads, sandwiches and falafel along with coffee and sweet treats.",True,-37.7987131,144.9635507
node/10718455927,The Campus General Store,wheelchair_accessible_place,,yes,,Mo-Fr 07:00-19:00,Super 8,"A general convenience store with a wide range of products from cheap sandwiches to international snacks, coffee, & stationery.",True,-37.7988348,144.962695
node/10718455961,Journeys Cafe by ASRC,wheelchair_accessible_place,cafe,yes,,Mo-Th 08:00-16:00,,New Cafe Kiosk run by the Asylum Seeker Resource Centre as a training cafe and social enterprise - opening 24 July 2023,True,-37.825014,144.9676771
node/10718465028,Gong Cha,wheelchair_accessible_place,cafe,yes,yes,Mo-Fr 10:00-17:00,,"Assorted bubble tea flavours with dairy-free, gluten-free and vegan options",True,-37.7988859,144.9629034
node/10718529299,"Southbank Theatre, The Lawler",wheelchair_accessible_place,theatre,yes,,,"Melbourne Theatre Company, The University of Melbourne",,True,-37.8241271,144.9680939
node/10718543070,"Southbank Theatre, The Sumner",wheelchair_accessible_place,theatre,yes,,,"Melbourne Theatre Company, University of Melbourne",,True,-37.8240367,144.9681208
node/10718583959,Stop 1 at Southbank,wheelchair_accessible_place,,yes,yes,,University of Melbourne,,True,-37.8244506,144.9691375
node/10718597431,Lionel's Cafe,wheelchair_accessible_place,cafe,yes,yes,Mo-Th 08:30-15:30,,Managed by the Staff Club Inc at the University of Melbourne,True,-37.8251701,144.9693673
node/10720135585,"Architecture, Building & Planning Library",wheelchair_accessible_place,library,yes,,,University of Melbourne,,True,-37.7973892,144.9629108
node/10720250608,Entrance to Cussonia Court Room 1,wheelchair_accessible_place,,yes,,,,,True,-37.7978705,144.9605848
node/10720250609,Entrance to Cussonia Court Room 2,wheelchair_accessible_place,,yes,,,,,True,-37.7978637,144.9605239
node/10720261386,Entrance to Kathleen Fitzpatrick Theatre,wheelchair_accessible_place,,yes,,,,,True,-37.7979164,144.959608
node/10720264707,The Dax Centre,wheelchair_accessible_place,,yes,,We-Fr 11:00-15:30,Sane Australia Group,Displays emerging artists with lived experience of mental health issues.,True,-37.7981688,144.9588093
node/10720303858,Laby Theatre,wheelchair_accessible_place,events_venue,yes,,,University of Melbourne,"Lecture theatre, primarily used for teaching during semesters, and for events outside semesters",True,-37.7972177,144.9635807
node/10720303859,Hercus Theatre,wheelchair_accessible_place,events_venue,yes,,,University of Melbourne,"Lecture theatre, primarily used for teaching during semesters, and for events outside semesters",True,-37.7970122,144.9634846
node/10720723081,Dulux Gallery,wheelchair_accessible_place,events_venue,yes,,,University of Melbourne,Architectural Gallery,True,-37.7973697,144.962394
node/10720768553,B117 Theatre & Event Venue,wheelchair_accessible_place,events_venue,yes,,,University of Melbourne,"University lecture theatre during semesters, events venue outside semesters",True,-37.7973235,144.9629007
node/10721086016,Student Kitchen with MIcrowaves,wheelchair_accessible_place,social_centre,yes,,,The University of Melbourne,,True,-37.8892819,144.6936681
node/10725048528,Wheelchair Accessible Place,wheelchair_accessible_place,,yes,,,,,True,-37.7977097,144.9612117
node/10725048529,Wheelchair Accessible Place,wheelchair_accessible_place,,yes,,,,,True,-37.7976506,144.960684
node/10726801260,Acacia Avenue,wheelchair_accessible_place,,yes,,,Ventura,,True,-37.8012242,145.3371897
node/10726853184,Wheelchair Accessible Place,wheelchair_accessible_place,toilets,yes,,,,,True,-37.7391164,145.0349334
node/10738570589,Teddy Nails,wheelchair_accessible_place,,yes,,Mo-We 10:00-18:00; Th-Fr 10:00-19:00; Sa-Su off,,,True,-37.7595152,144.9635748
node/10738649115,Wheelchair Accessible Place,wheelchair_accessible_place,,yes,,,,Accessibility upgraded January 2024,True,-37.7980572,144.9633015
node/10747505634,Wheelchair Accessible Place,wheelchair_accessible_place,,yes,,,,,True,-37.7993535,144.9634374
node/10753062226,Gate 6,wheelchair_accessible_place,,yes,,,,,True,-37.7996028,144.963951
node/10753062227,Gate 4,wheelchair_accessible_place,,yes,,,,,True,-37.7985071,144.9641372
node/10753062228,Gate 3,wheelchair_accessible_place,,yes,,,,,True,-37.7978399,144.9642576
node/10754882382,Wheelchair Accessible Place,wheelchair_accessible_place,,yes,,,,,True,-37.7991713,144.9611474
node/10754887406,Wheelchair Accessible Place,wheelchair_accessible_place,,yes,,,,,True,-37.799324,144.9631746
node/10759083048,Drinking Fountain,wheelchair_accessible_place,drinking_water,yes,,,University of Melbourne,,True,-37.8243928,144.9693486
node/10762327667,Wheelchair Accessible Place,wheelchair_accessible_place,toilets,yes,,,,,True,-38.3070776,145.1922342
node/10764817882,Wheelchair Accessible Place,wheelchair_accessible_place,,yes,,,,,True,-37.7990059,144.963795
node/10778959492,Wheelchair Accessible Place,wheelchair_accessible_place,,yes,,,,,True,-37.6979877,145.1222322
node/10780518047,Plummer Street/Salmon Street,wheelchair_accessible_place,,yes,,,,,True,-37.8330926,144.9243075
node/10780791363,Dusty Fox Cafe,wheelchair_accessible_place,cafe,yes,,08:00-16:00,,,True,-37.8312907,144.9305393
node/10786458037,Wheelchair Accessible Place,wheelchair_accessible_place,,yes,,,,,True,-37.7046753,145.1008872
node/10786458038,Wheelchair Accessible Place,wheelchair_accessible_place,,yes,,,,,True,-37.704571,145.1009104
node/10814212740,Hairroom Salons,wheelchair_accessible_place,,yes,,,,,True,-37.7142797,145.1487446
node/10814212741,Eltham Eyecare,wheelchair_accessible_place,,yes,,Mo-Fr 09:00-17:30; Th 09:00-18:00; Sa 09:00-13:00,,,True,-37.7142819,145.1488002
node/10816263612,Wheelchair Accessible Place,wheelchair_accessible_place,,yes,,,,,True,-37.7102051,145.1489916
node/10821974815,Sydney Cellars Bottle Shop,wheelchair_accessible_place,,yes,,,,,True,-37.7706753,144.9616651
node/10821974819,Hunger Den,wheelchair_accessible_place,fast_food,yes,,,,,True,-37.770629,144.9616729
node/10828409258,Wheelchair Accessible Place,wheelchair_accessible_place,,yes,,,,,True,-37.7999354,144.9642384
node/10831185119,Monash Medical Centre,wheelchair_accessible_place,,yes,,,,,True,-37.9208482,145.120458
node/10831381259,Fitzroy Stretches,wheelchair_accessible_place,,yes,,,,,True,-37.7750107,144.9656772
node/10831381260,Made by Morgen,wheelchair_accessible_place,,yes,,,,,True,-37.7750594,144.9653942
node/10832946039,Body Fit Training,wheelchair_accessible_place,,yes,,,,,True,-37.7658563,144.9624913
node/10832989084,Use-Ta!,wheelchair_accessible_place,,yes,,,,,True,-37.7660103,144.9624665
node/10842028447,ALDI,wheelchair_accessible_place,,yes,,Mo-Su 08:30-20:00,,,True,-37.941289,145.1683577
node/10857588733,Brunswick Stitch House,wheelchair_accessible_place,,yes,,"Mo,Su off; Tu-Sa 09:30-17:00",,,True,-37.7645569,144.9624157
node/10857605885,Crestale,wheelchair_accessible_place,,yes,,,,,True,-37.7657902,144.9625027
node/10857610220,Makdesi & Associates Lawyers,wheelchair_accessible_place,,yes,,,,,True,-37.7603711,144.9631149
node/10866948519,Wheelchair Accessible Place,wheelchair_accessible_place,,yes,,,,,True,-37.8988689,144.6602207
node/10869758866,Wheelchair Accessible Place,wheelchair_accessible_place,toilets,yes,,,,,True,-37.8470934,144.9465679
node/10869897307,Sanita Thai,wheelchair_accessible_place,,yes,,Mo-Fr 10:00-21:00,,,True,-37.7443823,144.9662002
node/10870513654,Wheelchair Accessible Place,wheelchair_accessible_place,toilets,yes,,,,,True,-37.8508897,144.954441
node/10872915596,Wheelchair Accessible Place,wheelchair_accessible_place,,yes,,,,,True,-37.8447102,145.1118902
node/10897856252,Boss Pizzeria,wheelchair_accessible_place,restaurant,yes,,We-Su 17:30-22:00,,,True,-37.8261982,145.058751
node/10916248794,Union,wheelchair_accessible_place,,yes,,,Metro Trains Melbourne,,True,-37.8223766,145.1014154
node/10918372608,Kinetic Stadium,wheelchair_accessible_place,,yes,,,,,True,-38.1475967,145.1203374
node/10933326899,Route 703 Ventura Bus,wheelchair_accessible_place,,yes,,,Ventura,,True,-37.923301,145.0767152
node/10933326900,Route 703 Ventura Bus,wheelchair_accessible_place,,yes,,,Ventura,,True,-37.9237782,145.0811189
node/10943634626,Wheelchair Accessible Place,wheelchair_accessible_place,toilets,yes,,,City of Darebin,Exceloo,True,-37.716415,145.0054476
node/10945578479,Montmorency,wheelchair_accessible_place,,yes,,,Metro Trains Melbourne,,True,-37.7152264,145.1211163
node/10956195897,PappaRich,wheelchair_accessible_place,restaurant,yes,yes,Mo-Fr 10:00-18:00,,,True,-37.7991363,144.9628468
node/10956637380,Wheelchair Accessible Place,wheelchair_accessible_place,,yes,,,,,True,-37.8488652,144.9928272
node/10956637381,Wheelchair Accessible Place,wheelchair_accessible_place,,yes,,,,,True,-37.8489201,144.9928163
node/10956637384,Wheelchair Accessible Place,wheelchair_accessible_place,,yes,,,,,True,-37.848841,144.9929854
node/10956637390,Wheelchair Accessible Place,wheelchair_accessible_place,,yes,,,,,True,-37.8488351,144.9929222
node/10956637395,Wheelchair Accessible Place,wheelchair_accessible_place,,yes,,,,,True,-37.848833,144.9920923
node/10956637396,Wheelchair Accessible Place,wheelchair_accessible_place,,yes,,,,,True,-37.8487685,144.9921081
node/10956637397,Wheelchair Accessible Place,wheelchair_accessible_place,,yes,,,,,True,-37.8486712,144.9921078
node/10956637398,Wheelchair Accessible Place,wheelchair_accessible_place,,yes,,,,,True,-37.8486633,144.9920316
node/10956637399,Wheelchair Accessible Place,wheelchair_accessible_place,,yes,,,,,True,-37.8475406,144.9921744
node/10956637400,Wheelchair Accessible Place,wheelchair_accessible_place,,yes,,,,,True,-37.8475536,144.9922545
node/10957430022,Wheelchair Accessible Place,wheelchair_accessible_place,toilets,yes,,,,,True,-37.798148,145.0937384
node/10961209015,Wheelchair Accessible Place,wheelchair_accessible_place,toilets,yes,,,,,True,-38.224416,145.1720898
node/10973362028,The Good Brew Co.,wheelchair_accessible_place,,yes,,Mo-Sa 10:00-17:00; Su off,,,True,-37.7636555,144.9583456
node/10980347050,Union Mart by UMSU,wheelchair_accessible_place,social_facility,yes,,,UMSU,University of Melbourne current enrolled students only,True,-37.7997278,144.9632326
node/10980349645,Urban Laundry,wheelchair_accessible_place,,yes,,06:00-24:00,,,True,-37.764127,144.961843
node/10985370847,Wheelchair Accessible Place,wheelchair_accessible_place,,yes,,,,,True,-37.818518,145.0016146
node/10991167995,Wheelchair Accessible Place,wheelchair_accessible_place,public_bookcase,yes,,24/7,,,True,-37.7878278,145.0059944
node/10991167996,Wheelchair Accessible Place,wheelchair_accessible_place,public_bookcase,yes,,24/7,,,True,-37.7903375,145.0000006
node/10991211617,Wheelchair Accessible Place,wheelchair_accessible_place,public_bookcase,yes,,24/7,,,True,-37.7826586,145.00033
node/11005414974,Wheelchair Accessible Place,wheelchair_accessible_place,toilets,yes,,,Darebin City Council,,True,-37.7709962,144.9985187
node/11013283501,NAB,wheelchair_accessible_place,bank,yes,,Mo-Th 09:30-16:00; Fr 09:30-17:00,,,True,-37.8147299,144.9621877
node/11015071586,Starbucks,wheelchair_accessible_place,cafe,yes,,Mo-Su 07:00-19:00,,,True,-37.8115889,144.9705649
node/11015071587,Elegant Thai Message,wheelchair_accessible_place,,yes,,"PH,Mo-Su 11:00-21:30",,,True,-37.8115258,144.9705202
node/11038684869,Wheelchair Accessible Place,wheelchair_accessible_place,,yes,,,,,True,-37.8475482,144.9925063
node/11043175001,Wheelchair Accessible Place,wheelchair_accessible_place,,yes,,,,,True,-37.9121135,145.1030003
node/11043402468,Wheelchair Accessible Place,wheelchair_accessible_place,,yes,,,,,True,-37.8485755,144.9929534
node/11043402497,Wheelchair Accessible Place,wheelchair_accessible_place,,yes,,,,,True,-37.8489281,144.9928671
node/11043777710,Wheelchair Accessible Place,wheelchair_accessible_place,drinking_water,yes,,,,,True,-37.8516415,145.1910925
node/11051054636,Wheelchair Accessible Place,wheelchair_accessible_place,,yes,,24/7,,,True,-37.9205685,145.1152319
node/11062874301,Dorevitch Pathology,wheelchair_accessible_place,,yes,,Mo-Fr 07:00-15:00; Sa 08:00-12:00,Dorevitch Pathology,,True,-38.1841054,145.0894155
node/11066459794,Wheelchair Accessible Place,wheelchair_accessible_place,,yes,,,,,True,-37.7567337,145.0706963
node/11066524947,Wheelchair Accessible Place,wheelchair_accessible_place,,yes,,,,,True,-37.8092071,145.0530141
node/11074991454,Wheelchair Accessible Place,wheelchair_accessible_place,drinking_water,yes,,,,,True,-37.8405986,144.9842225
node/11077809838,Wheelchair Accessible Place,wheelchair_accessible_place,toilets,yes,,,,,True,-37.7953969,145.0378293
node/11080855480,Blackburn Rd/Princes Hwy,wheelchair_accessible_place,,yes,,,Ventura Bus Lines,,True,-37.9220117,145.1389976
node/11096401656,Flexiride Mooroolbark/Mooroolbark Station,wheelchair_accessible_place,,yes,,,Ventura,,True,-37.7849551,145.3123588
node/11097229720,Melbourne Pathology,wheelchair_accessible_place,,yes,,"Mo-Fr 07:30-18:00; Sa,Su 07:30-15:30",,,True,-37.7204411,145.137995
node/11098578316,Vapes,wheelchair_accessible_place,,yes,,,,,True,-37.8104073,144.9639914
node/11098655904,Blades @ Work,wheelchair_accessible_place,,yes,,"Mo,Su off; Tu,Fr 09:00-17:30; We-Th 09:00-20:00; Sa 08:00-14:00",,,True,-38.1160943,145.1920179
node/11099010044,Wheelchair Accessible Place,wheelchair_accessible_place,,yes,,,,Moonee Valley Racecourse,True,-37.7665972,144.927856
node/11101166985,Tim Pollard Mechanical,wheelchair_accessible_place,,yes,,,,"brake & clutch repairs, fuel injection repairs, general servicing",True,-37.7198748,145.1396401
node/11104088810,Tokyo Plaza,wheelchair_accessible_place,,yes,,Mo-Su 11:30-19:00,,,True,-37.8072496,144.9625396
node/11104106109,Biba,wheelchair_accessible_place,,yes,,,,,True,-37.8089961,144.9633234
node/11104114002,Boost Juice,wheelchair_accessible_place,cafe,yes,,,,,True,-37.8102056,144.9634832
node/11104114003,Marrybrown,wheelchair_accessible_place,fast_food,yes,,Mo-Su 11:00-04:00,,,True,-37.8101966,144.9638986
node/11104114004,Pafu,wheelchair_accessible_place,,yes,,,,,True,-37.8099384,144.963773
node/11104116606,Omi,wheelchair_accessible_place,restaurant,yes,,,,,True,-37.8101102,144.9638551
node/11104138608,Kwafood Deep Fried Skewers,wheelchair_accessible_place,fast_food,yes,,"Mo-Th 11:30-21:30; Fr 11:30-22:00; Sa,Su 11:00-22:00",,,True,-37.8113478,144.9643948
node/11104138610,Bowtiful,wheelchair_accessible_place,restaurant,yes,,,,,True,-37.8107589,144.9640495
node/11106959334,Aron's Collectibles,wheelchair_accessible_place,,yes,,Mo-Sa 10:00-18:00; Su 10:00-17:00,,,True,-37.8207807,145.150231
node/11121218224,Wheelchair Accessible Place,wheelchair_accessible_place,,yes,,,,,True,-37.8858782,145.0585484
node/11121218225,Wheelchair Accessible Place,wheelchair_accessible_place,,yes,,,,,True,-37.8858227,145.0584244
node/11125058022,Lilydale Station/Main St,wheelchair_accessible_place,,yes,,,V/Line,,True,-37.7567363,145.3468339
node/11129026527,Wheelchair Accessible Place,wheelchair_accessible_place,,yes,,,,,True,-37.7992047,144.9637892
node/11129110019,Wheelchair Accessible Place,wheelchair_accessible_place,,yes,,,,,True,-37.7976136,144.9622406
node/11133193530,Wheelchair Accessible Place,wheelchair_accessible_place,,yes,,,,,True,-37.786629,145.3113245
node/11133193531,Wheelchair Accessible Place,wheelchair_accessible_place,,yes,,,,,True,-37.7863176,145.311382
node/11133193532,Wheelchair Accessible Place,wheelchair_accessible_place,,yes,,,,,True,-37.7864056,145.3113659
node/11133193533,Wheelchair Accessible Place,wheelchair_accessible_place,,yes,,,,,True,-37.7865951,145.3113313
node/11133299419,Fishbowl,wheelchair_accessible_place,fast_food,yes,,,,,True,-37.8158328,144.9618943
node/11133379668,Baci,wheelchair_accessible_place,ice_cream,yes,,,,,True,-37.822605,144.9586697
node/11133379669,Fish And Chippery By The Atlantic,wheelchair_accessible_place,fast_food,yes,,,,,True,-37.8225504,144.9587296
node/11133379671,Wheelchair Accessible Place,wheelchair_accessible_place,atm,yes,,,,,True,-37.8228011,144.9584266
node/11133456738,Southern Xross Kebabs,wheelchair_accessible_place,fast_food,yes,,,,,True,-37.8185569,144.954146
node/11133456747,S Money,wheelchair_accessible_place,bureau_de_change,yes,,Mo-Fr 09:00-15:30,,,True,-37.8198536,144.9547643
node/11133479238,Code Black Coffee,wheelchair_accessible_place,cafe,yes,,Mo-Fr 07:00-17:00; Sa-Su 08:00-16:00,,,True,-37.8178741,144.9538677
node/11133479239,Movenpick,wheelchair_accessible_place,bar,yes,,,,,True,-37.8172324,144.953582
node/11133502133,Miss Mi,wheelchair_accessible_place,restaurant,yes,,,,,True,-37.8171322,144.953778
node/11133502137,EzyMart,wheelchair_accessible_place,,yes,,,,,True,-37.8165943,144.9543456
node/11135210945,Sushi Jiro,wheelchair_accessible_place,restaurant,yes,,,,,True,-37.8103934,144.9624159
node/11135582560,Bar Lourinha,wheelchair_accessible_place,bar,yes,,,,,True,-37.8127246,144.9724767
node/11135582563,Lupino,wheelchair_accessible_place,restaurant,yes,,,,,True,-37.8127475,144.9723563
node/11135582568,N Lee Bakery,wheelchair_accessible_place,,yes,,,,,True,-37.8129964,144.9715735
node/11135649012,Blow Australia,wheelchair_accessible_place,,yes,,,,,True,-37.8136053,144.9688684
node/11135649013,People's Coffee,wheelchair_accessible_place,cafe,yes,,Mo-Fr 07:00-16:00; Sa-Su closed; PH closed,,,True,-37.8136265,144.9707146
node/11135649017,Wheelchair Accessible Place,wheelchair_accessible_place,,yes,,,,,True,-37.8135729,144.968974
node/11135649019,Mejico,wheelchair_accessible_place,bar,yes,,,,,True,-37.8137864,144.970658
node/11135649022,Wexchane,wheelchair_accessible_place,bureau_de_change,yes,,"Mo-Tu,Th-Fr 10:00-16:00; We 11:00-17:00; PH closed; Sa-Su closed",,,True,-37.8137621,144.9707402
node/11135649027,Egetal,wheelchair_accessible_place,,yes,,"Mo-We,Fr-Sa 10:00-17:00; Th 11:00-18:00; PH closed; Su closed",,,True,-37.8136338,144.9687717
node/11135649028,Handpicked Cellar Door,wheelchair_accessible_place,bar,yes,,,,,True,-37.8135895,144.9704351
node/11135649029,Kryolan Cosmetics,wheelchair_accessible_place,,yes,,,,,True,-37.8132734,144.9699459
node/11135649030,Warhammer,wheelchair_accessible_place,,yes,,"Mo-Su 10:00-14:00,14:30-18:00",,,True,-37.813084,144.9704977
node/11135649031,Upstate Coffee,wheelchair_accessible_place,cafe,yes,,,,,True,-37.813731,144.9708413
node/11135649032,Bowls Baby,wheelchair_accessible_place,fast_food,yes,,Mo-Fr 09:00-15:00; Sa-Su closed; PH closed,,,True,-37.8133357,144.9704286
node/11135649037,Lestyle,wheelchair_accessible_place,,yes,,,,,True,-37.8134836,144.969252
node/11135649038,The Skin Boutique,wheelchair_accessible_place,,yes,,,,,True,-37.8131185,144.9703594
node/11135649044,Wheelchair Accessible Place,wheelchair_accessible_place,,yes,,,,,True,-37.8135921,144.9689125
node/11135649049,Absolute Health And Performancr,wheelchair_accessible_place,,yes,,,,,True,-37.8135245,144.9691302
node/11135649051,Sole Motive,wheelchair_accessible_place,,yes,,,,,True,-37.8136196,144.9688188
node/11135649052,Harry's Restaurant And Bar,wheelchair_accessible_place,restaurant,yes,,,,,True,-37.8135592,144.9697352
node/11135663722,CBD Barbers,wheelchair_accessible_place,,yes,,Mo-Su 09:00-18:00; PH closed,,,True,-37.8140722,144.9679032
node/11135663726,Westpac,wheelchair_accessible_place,bank,yes,,,,,True,-37.8139733,144.96837
node/11135663728,Renato,wheelchair_accessible_place,,yes,,"Mo-Th,Sa 10:00-17:00; Fr 10:00-18:00; PH closed; Su closed",,,True,-37.8141926,144.9669281
node/11135663732,InStitchu,wheelchair_accessible_place,,yes,,,,,True,-37.8142291,144.9668167
node/11135663737,Swensk,wheelchair_accessible_place,,yes,,,,,True,-37.8141202,144.9667592
node/11135663741,Lindsay Nicholas,wheelchair_accessible_place,,yes,,"Mo-Th,Sa 10:00-17:00; Fr 10:00-18:00; Su off",,,True,-37.8140522,144.9679642
node/11136243848,Wheelchair Accessible Place,wheelchair_accessible_place,,yes,,,,,True,-37.8114406,145.056435
node/11140069151,Dave's Diner,wheelchair_accessible_place,fast_food,yes,,,,,True,-37.8077745,144.9559679
node/11142676817,Tina's Noodle Kitchen,wheelchair_accessible_place,restaurant,yes,,Mo-Su 11:00-21:00,,,True,-37.8191755,145.1225725
node/11142676818,Lotto,wheelchair_accessible_place,,yes,,,,,True,-37.8192834,145.1221108
node/11142676820,Selene's Chocolate Cafe,wheelchair_accessible_place,,yes,,,,,True,-37.819383,145.1219105
node/11142676822,Nene Chicken,wheelchair_accessible_place,fast_food,yes,,,,,True,-37.8191009,145.1219449
node/11142676823,Telstra,wheelchair_accessible_place,,yes,,,,,True,-37.8194502,145.122022
node/11142676825,Hot Star Giant Fried Chicken,wheelchair_accessible_place,fast_food,yes,,,,,True,-37.8191173,145.1221834
node/11142676826,Boxhill Phone Station,wheelchair_accessible_place,,yes,,,,,True,-37.8193146,145.1219666
node/11142676830,McDonald's,wheelchair_accessible_place,fast_food,yes,,,,,True,-37.819367,145.1214582
node/11142676831,BonBons Bakery,wheelchair_accessible_place,,yes,,,,,True,-37.8193609,145.1217978
node/11142676835,H Flowers,wheelchair_accessible_place,,yes,,,,,True,-37.8193374,145.1221025
node/11142676837,Gong Cha,wheelchair_accessible_place,cafe,yes,,,,,True,-37.8191306,145.1221486
node/11142676841,Rising Embers Charcoal Grill,wheelchair_accessible_place,restaurant,yes,,,,,True,-37.8191434,145.1223119
node/11142695086,DoDee Paidang,wheelchair_accessible_place,restaurant,yes,,,,,True,-37.8199089,145.1213319
node/11142695087,Wheelchair Accessible Place,wheelchair_accessible_place,ice_cream,yes,,,,,True,-37.8197416,145.1210973
node/11142695088,Eye Trend,wheelchair_accessible_place,,yes,,,,,True,-37.8198088,145.1216602
node/11142695089,Everything's A Goodbuy,wheelchair_accessible_place,,yes,,,,,True,-37.819746,145.121598
node/11142695091,Oriental Hut,wheelchair_accessible_place,fast_food,yes,,,,,True,-37.8195278,145.1224255
node/11142695093,BWS,wheelchair_accessible_place,,yes,,,,,True,-37.8196695,145.1212165
node/11142695094,Maru Korean BBQ,wheelchair_accessible_place,restaurant,yes,,,,,True,-37.8198781,145.1211461
node/11142695095,Sam Sam Chicken,wheelchair_accessible_place,restaurant,yes,,,,,True,-37.8198915,145.1212375
node/11142695097,Optus,wheelchair_accessible_place,,yes,,,,,True,-37.8197192,145.1217291
node/11142695098,CoCo Fresh Tea & Juice,wheelchair_accessible_place,cafe,yes,,,,,True,-37.8197229,145.121309
node/11142695099,Dooboo,wheelchair_accessible_place,restaurant,yes,,,,,True,-37.8199746,145.1213916
node/11142695100,Brother Lee,wheelchair_accessible_place,fast_food,yes,,,,,True,-37.8194985,145.1224668
node/11142695101,Bao Bao Go,wheelchair_accessible_place,fast_food,yes,,,,,True,-37.8197226,145.1218237
node/11142695103,Oski Souffle,wheelchair_accessible_place,fast_food,yes,,,,,True,-37.819792,145.1213434
node/11142702505,Dry Seafood,wheelchair_accessible_place,,yes,,,,,True,-37.8198096,145.1218881
node/11142702507,YPX Jewellery,wheelchair_accessible_place,,yes,,,,,True,-37.819787,145.1212602
node/11142702508,OPSM,wheelchair_accessible_place,,yes,,,,,True,-37.8194718,145.1217885
node/11142702509,Turin Quick Cut,wheelchair_accessible_place,,yes,,,,,True,-37.8197997,145.1210468
node/11142702511,Hello Kitchen,wheelchair_accessible_place,,yes,,,,,True,-37.8197563,145.1215261
node/11142702512,Fotile,wheelchair_accessible_place,,yes,,,,,True,-37.819798,145.1217645
node/11142702515,Food Master,wheelchair_accessible_place,,yes,,,,,True,-37.8197558,145.1219905
node/11142702521,Le Petit Tour,wheelchair_accessible_place,,yes,,,,,True,-37.8197371,145.1214012
node/11142702566,Amazing Veggies,wheelchair_accessible_place,,yes,,,,,True,-37.8196953,145.1224878
node/11142702567,Emperor Nutrition,wheelchair_accessible_place,,yes,,,,,True,-37.8196697,145.1220013
node/11142702568,Magic Cuisine,wheelchair_accessible_place,fast_food,yes,,,,,True,-37.8196716,145.1223053
node/11142702569,Vodafone,wheelchair_accessible_place,,yes,,,,,True,-37.819583,145.1218647
node/11142702570,Ootoro Ichiba,wheelchair_accessible_place,fast_food,yes,,,,,True,-37.8196797,145.1224028
node/11142702571,Tan Huang Asian Grocer,wheelchair_accessible_place,,yes,,,,,True,-37.8196347,145.1225176
node/11142702573,RaRamen,wheelchair_accessible_place,restaurant,yes,,,,,True,-37.8195954,145.1222061
node/11142702574,Cosme Queen,wheelchair_accessible_place,,yes,,,,,True,-37.8194915,145.1218858
node/11142702575,Muse,wheelchair_accessible_place,,yes,,,,,True,-37.8195739,145.1217629
node/11142702576,Ms Bean,wheelchair_accessible_place,fast_food,yes,,,,,True,-37.8196119,145.122334
node/11142702577,Subway,wheelchair_accessible_place,fast_food,yes,,,,,True,-37.8194936,145.1223394
node/11142702578,Puzzle Coffee,wheelchair_accessible_place,cafe,yes,,,,,True,-37.8192903,145.1218015
node/11142702579,Superforex,wheelchair_accessible_place,bureau_de_change,yes,,,,,True,-37.8196601,145.121845
node/11145701654,Royal Stacks,wheelchair_accessible_place,fast_food,yes,,Mo-Su 11:00-22:00,,,True,-37.787937,145.1499424
node/11150230462,Male,wheelchair_accessible_place,,yes,,,,,True,-38.1390616,145.4463164
node/11150230482,Female,wheelchair_accessible_place,,yes,,,,,True,-38.1390391,145.4463181
node/11162131777,Mary Martin Bookshop,wheelchair_accessible_place,,yes,,,,,True,-37.8077452,144.9566596
node/11162131779,Journally,wheelchair_accessible_place,,yes,,,,,True,-37.8078402,144.9566046
node/11162131781,El Rincon,wheelchair_accessible_place,fast_food,yes,,,,,True,-37.8077516,144.9567221
node/11162131783,Intone Photography,wheelchair_accessible_place,,yes,,,,,True,-37.8078344,144.9565278
node/11162131787,Pebble And Poppet,wheelchair_accessible_place,,yes,,,,,True,-37.8077353,144.9565824
node/11162131789,Simon Oz,wheelchair_accessible_place,,yes,,,,,True,-37.8076018,144.9559242
node/11162131795,Petal,wheelchair_accessible_place,,yes,,Mo-Fr 09:00-15:00; Sa-Su 09:00-16:00; PH closed,,,True,-37.807851,144.9567064
node/11162281417,Wheelchair Accessible Place,wheelchair_accessible_place,,yes,,,,,True,-38.139256,145.4462283
node/11173107408,Frankies,wheelchair_accessible_place,cafe,yes,,,,,True,-37.8081535,144.9613347
node/11176223426,Blahnik,wheelchair_accessible_place,cafe,yes,,,,,True,-37.8155805,144.9631346
node/11176223427,Louie,wheelchair_accessible_place,cafe,yes,,Mo-Fr 07:00-15:00; Sa-Su closed; PH closed,,,True,-37.8159014,144.9631715
node/11177923962,Paradai Thai Elsternwick,wheelchair_accessible_place,restaurant,yes,,,,,True,-37.8852821,145.0019577
node/11182252759,Citizen,wheelchair_accessible_place,bar,yes,,,,,True,-37.8244764,144.9506856
node/11182252760,Mind Peace Massage,wheelchair_accessible_place,,yes,,,,,True,-37.8244798,144.9491244
node/11182252761,Fila,wheelchair_accessible_place,,yes,,,,,True,-37.8244865,144.9494627
node/11182252766,Puma,wheelchair_accessible_place,,yes,,,,,True,-37.8245938,144.9494194
node/11182252767,Tessie Pearl Hotel,wheelchair_accessible_place,bar,yes,,,,,True,-37.8242892,144.9496905
node/11182252768,Melbourne Public Bar,wheelchair_accessible_place,bar,yes,,,,,True,-37.8244383,144.9510073
node/11182252770,Master Ful Alterations,wheelchair_accessible_place,,yes,,Mo-Fr 10:00-18:00; Sa 10:00-17:00; PH closed; Su 13:00-17:00,,,True,-37.824366,144.9491641
node/11182252773,So Q Nails,wheelchair_accessible_place,,yes,,,,,True,-37.8245549,144.9490932
node/11182252776,Converse,wheelchair_accessible_place,,yes,,,,,True,-37.8245317,144.9495535
node/11182252777,The Summit Club,wheelchair_accessible_place,restaurant,yes,,,,,True,-37.8242605,144.949431
node/11182252778,Archie's Arch Support Thongs,wheelchair_accessible_place,,yes,,,,,True,-37.8245437,144.9494338
node/11182252784,Melbourne Cellar Door,wheelchair_accessible_place,bar,yes,,,,,True,-37.8243161,144.9499358
node/11182281876,Poked,wheelchair_accessible_place,fast_food,yes,,,,,True,-37.8190537,144.9552527
node/11182281880,Stockroom 567,wheelchair_accessible_place,cafe,yes,,,,,True,-37.818908,144.9553914
node/11182281881,Charles Rose,wheelchair_accessible_place,,yes,,,,,True,-37.8183202,144.9560908
node/11182281883,Rice At Collins 595,wheelchair_accessible_place,fast_food,yes,,,,,True,-37.8189848,144.9549939
node/11182281884,Guzman y Gomez,wheelchair_accessible_place,fast_food,yes,,,,,True,-37.8191906,144.9553112
node/11182281888,Benny's Bakery Cafe,wheelchair_accessible_place,fast_food,yes,,,,,True,-37.8191882,144.9562363
node/11182281890,Namoo,wheelchair_accessible_place,restaurant,yes,,,,,True,-37.8187461,144.9561264
node/11182281892,Burrito Burger,wheelchair_accessible_place,fast_food,yes,,,,,True,-37.81884,144.9543564
node/11182281895,Palm Sugar,wheelchair_accessible_place,restaurant,yes,,,,,True,-37.8190138,144.9549495
node/11182281896,Schmucks Bagels,wheelchair_accessible_place,cafe,yes,,Mo-Fr 06:30-17:30; Sa-Su 07:30-15:00,,,True,-37.8189599,144.9551873
node/11182281898,Chilli Everest,wheelchair_accessible_place,restaurant,yes,,,,,True,-37.8190291,144.9548843
node/11182312617,Fletcher Jones,wheelchair_accessible_place,,yes,,,,,True,-37.8178595,144.9577139
node/11182312619,Dil Lie's,wheelchair_accessible_place,fast_food,yes,,,,,True,-37.8176152,144.9579891
node/11182312622,Westpac,wheelchair_accessible_place,bank,yes,,,,,True,-37.8179337,144.9573088
node/11182312623,Square One,wheelchair_accessible_place,cafe,yes,,,,,True,-37.8184404,144.9568979
node/11182312625,Optom On Collins,wheelchair_accessible_place,,yes,,,,,True,-37.8179068,144.9575702
node/11182312627,New Eastern Pearl,wheelchair_accessible_place,fast_food,yes,,,,,True,-37.8175866,144.9580812
node/11182312628,Juice't,wheelchair_accessible_place,fast_food,yes,,,,,True,-37.8176737,144.9581266
node/11182312629,King's Domain,wheelchair_accessible_place,,yes,,Mo-Fr 09:00-20:00; Sa 09:00-17:00,,,True,-37.8183567,144.9571669
node/11182318141,M.J. Bale,wheelchair_accessible_place,,yes,,,,,True,-37.8182757,144.9574588
node/11182318142,Vietnamese Street Food Victoria,wheelchair_accessible_place,fast_food,yes,,,,,True,-37.817598,144.9580305
node/11182318144,BOM,wheelchair_accessible_place,bank,yes,,"Mo-Th 09:30-16:00; Fr 09:30-17:00; Sa,Su,PH off",,,True,-37.8183159,144.9573211
node/11182318148,Wheelchair Accessible Place,wheelchair_accessible_place,atm,yes,,,,,True,-37.8177389,144.9581539
node/11182318153,KJ Oud Art,wheelchair_accessible_place,,yes,,Mo-Sa 12:00-18:00,,,True,-37.8181089,144.958068
node/11182318156,Collins Juice Breakfast,wheelchair_accessible_place,fast_food,yes,,,,,True,-37.8177227,144.9580246
node/11182318159,480 Collins Food Court,wheelchair_accessible_place,food_court,yes,,,,,True,-37.8176543,144.9580695
node/11185841567,Australia Post - The District Docklands Annex,wheelchair_accessible_place,post_office,yes,,24/7,Australia Post,Services At This Location Are Limited,True,-37.8124824,144.9383614
node/11187397714,Wheelchair Accessible Place,wheelchair_accessible_place,drinking_water,yes,,,,,True,-37.8625485,144.8506908
node/11187397715,Wheelchair Accessible Place,wheelchair_accessible_place,shower,yes,,,,,True,-37.8624937,144.8507186
node/11204682774,Wheelchair Accessible Place,wheelchair_accessible_place,drinking_water,yes,,,,,True,-37.8535377,145.0866907
node/11224342430,Wheelchair Accessible Place,wheelchair_accessible_place,,yes,,,,,True,-37.8076644,144.9564624
node/11224342431,Entiques,wheelchair_accessible_place,,yes,,,,,True,-37.8076297,144.956145
node/11224342432,Dory's,wheelchair_accessible_place,,yes,,,,,True,-37.8076933,144.9567293
node/11224342433,Black Rack,wheelchair_accessible_place,,yes,yes,,,,True,-37.8076988,144.9564568
node/11224342434,Wheelchair Accessible Place,wheelchair_accessible_place,,yes,,,,,True,-37.8077087,144.9565434
node/11224342435,Cuddle The Cat,wheelchair_accessible_place,,yes,,,,,True,-37.8076806,144.9566135
node/11224342436,Remote Trails,wheelchair_accessible_place,,yes,yes,,,,True,-37.8076399,144.9562385
node/11224406438,Wheelchair Accessible Place,wheelchair_accessible_place,,yes,,,,,True,-37.807658,144.956399
node/11224406440,Wheelchair Accessible Place,wheelchair_accessible_place,,yes,,,,,True,-37.8077207,144.9566093
node/11224406443,Wheelchair Accessible Place,wheelchair_accessible_place,,yes,,,,,True,-37.8076129,144.9560409
node/11224406444,Wheelchair Accessible Place,wheelchair_accessible_place,,yes,,,,,True,-37.8076906,144.9563312
node/11224406446,Muscle And Joint Pain Relief Rub,wheelchair_accessible_place,,yes,,,,,True,-37.8076452,144.9563156
node/11226419308,School and Group Entry,wheelchair_accessible_place,,yes,,,,,True,-37.81316,144.9744745
node/11237426361,Wheelchair Accessible Place,wheelchair_accessible_place,drinking_water,yes,,,,,True,-37.7794906,145.0869573
node/11258800061,Wheelchair Accessible Place,wheelchair_accessible_place,,yes,,,,,True,-37.7607699,145.3446489
node/11258800062,Wheelchair Accessible Place,wheelchair_accessible_place,,yes,,,,,True,-37.7606275,145.3432305
node/11258800158,Wheelchair Accessible Place,wheelchair_accessible_place,,yes,,,,,True,-37.7609278,145.3462177
node/11258994664,Wheelchair Accessible Place,wheelchair_accessible_place,,yes,,,,,True,-37.7605242,145.3436936
node/11259455427,Wheelchair Accessible Place,wheelchair_accessible_place,,yes,,,,,True,-37.8817081,144.7025138
node/11259455428,Wheelchair Accessible Place,wheelchair_accessible_place,,yes,,,,,True,-37.8815085,144.7026889
node/11260135106,Wheelchair Accessible Place,wheelchair_accessible_place,toilets,yes,,,,,True,-37.8320856,144.6955754
node/11261660450,Wheelchair Accessible Place,wheelchair_accessible_place,,yes,,,,,True,-37.8075667,144.9562181
node/11261660451,Wheelchair Accessible Place,wheelchair_accessible_place,,yes,,,,,True,-37.8075356,144.9564956
node/11261660452,Opal,wheelchair_accessible_place,,yes,,,,,True,-37.8077244,144.956981
node/11261660454,Habdcrochet,wheelchair_accessible_place,,yes,,,,,True,-37.807783,144.9570642
node/11261660455,Hemp Hats,wheelchair_accessible_place,,yes,,,,,True,-37.807531,144.9559936
node/11261660456,Wheelchair Accessible Place,wheelchair_accessible_place,,yes,,,,,True,-37.8075287,144.9564092
node/11261660458,Handmade Soaps,wheelchair_accessible_place,,yes,,,,,True,-37.8077718,144.9569916
node/11261660459,Wheelchair Accessible Place,wheelchair_accessible_place,,yes,,,,,True,-37.807581,144.956401
node/11261660461,Vannyco Craft,wheelchair_accessible_place,,yes,,,,,True,-37.8076152,144.9566388
node/11261660462,Genuine Leather Belts,wheelchair_accessible_place,,yes,,,,,True,-37.8076264,144.9567409
node/11261660463,Himalayan Artifacts,wheelchair_accessible_place,,yes,,,,,True,-37.807756,144.9568117
node/11261660465,Wheelchair Accessible Place,wheelchair_accessible_place,,yes,,,,,True,-37.8075418,144.9560714
node/11261660466,Wheelchair Accessible Place,wheelchair_accessible_place,,yes,,,,,True,-37.8077695,144.9569194
node/11261660468,Yak 'n Yeti,wheelchair_accessible_place,,yes,,,,,True,-37.8077153,144.9569191
node/11261660470,Lucky Stone Collection,wheelchair_accessible_place,,yes,,,,,True,-37.8077334,144.957072
node/11261660471,Wheelchair Accessible Place,wheelchair_accessible_place,,yes,,,,,True,-37.8077464,144.9571927
node/11261660472,Jen's Craft,wheelchair_accessible_place,,yes,,,,,True,-37.8078079,144.9572978
node/11261660475,Kadio,wheelchair_accessible_place,,yes,,,,,True,-37.807467,144.9559573
node/11261660476,QVM Audio Shop,wheelchair_accessible_place,,yes,,,,,True,-37.8077898,144.9571472
node/11261660477,The Natural Experience,wheelchair_accessible_place,,yes,,,,,True,-37.8074952,144.9561635
node/11261660479,Wheelchair Accessible Place,wheelchair_accessible_place,,yes,,,,,True,-37.8075503,144.9566118
node/11261660480,Caricatures By Ivano,wheelchair_accessible_place,,yes,,,,,True,-37.807795,144.9572141
node/11261660481,Wheelchair Accessible Place,wheelchair_accessible_place,,yes,,,,,True,-37.8075055,144.9562501
node/11261660482,Pink,wheelchair_accessible_place,,yes,,,,,True,-37.807591,144.9564832
node/11261660483,Bliss Essentials,wheelchair_accessible_place,,yes,,,,,True,-37.807752,144.9572858
node/11261660485,Wheelchair Accessible Place,wheelchair_accessible_place,,yes,,,,,True,-37.8074836,144.9560614
node/11261660486,Trivi Leather Craft,wheelchair_accessible_place,,yes,,,,,True,-37.8075715,144.9563081
node/11261660488,Custom Made Journals,wheelchair_accessible_place,,yes,,,,,True,-37.8075542,144.9561403
node/11265636212,Wheelchair Accessible Place,wheelchair_accessible_place,,yes,,,,,True,-37.7957651,144.9687187
node/11276624578,Ona Coffee,wheelchair_accessible_place,cafe,yes,,Mo-Fr 07:00-15:00; Sa-Su 08:00-15:00,,,True,-37.7649793,144.9615953
node/11279868109,AC Hotel Melbourne Southbank,wheelchair_accessible_place,,yes,,,,,True,-37.8286485,144.9499581
node/11282704399,McEwing & Partners,wheelchair_accessible_place,,yes,,,,,True,-38.220974,145.0398707
node/11282704400,Jacobs and Lowe,wheelchair_accessible_place,,yes,,,,,True,-38.2210175,145.0398895
node/11282732983,Organica Eco Salon,wheelchair_accessible_place,,yes,,"Tu,Th,Fr ""By appointment""",,,True,-38.2214583,145.0400624
node/11282732995,The Laboratory,wheelchair_accessible_place,,yes,,,,,True,-38.2216749,145.0402219
node/11282732996,O'Brien Real Estate,wheelchair_accessible_place,,yes,,,,,True,-38.2217087,145.0402401
node/11290462965,Queen Margherita,wheelchair_accessible_place,fast_food,yes,,,,,True,-37.8292114,144.9585606
node/11290533211,A Treat Of France,wheelchair_accessible_place,cafe,yes,,,,,True,-37.8270995,144.9590528
node/11294817848,Wagyu Fun,wheelchair_accessible_place,restaurant,yes,,Mo-Su 11:00-23:00,,,True,-37.8535155,145.1501337
node/11296371945,Foodie Days,wheelchair_accessible_place,restaurant,yes,,,,,True,-37.831157,144.9599686
node/11296371946,JB Market Research Services,wheelchair_accessible_place,,yes,,,,,True,-37.8316789,144.9597465
node/11296371949,Pho Om,wheelchair_accessible_place,restaurant,yes,,,,,True,-37.8310573,144.9599188
node/11296371960,Subway,wheelchair_accessible_place,fast_food,yes,,,,,True,-37.8315885,144.9601195
node/11297601673,Victorian Marriage Registry,wheelchair_accessible_place,,yes,,,,,True,-37.8130923,144.9743266
node/11301210679,Wheelchair Accessible Place,wheelchair_accessible_place,,yes,,,,,True,-37.8411427,144.9929408
node/11301210680,Wheelchair Accessible Place,wheelchair_accessible_place,,yes,,,,,True,-37.8411337,144.9928699
node/11301375693,Wheelchair Accessible Place,wheelchair_accessible_place,,yes,,,,,True,-37.8404762,144.9929643
node/11349900711,Fabrica Café,wheelchair_accessible_place,cafe,yes,,,,,True,-37.962772,145.0409162
node/11357475523,narrm ngarrgu Library and Family Services,wheelchair_accessible_place,library,yes,yes,Mo-Th 10:00-19:00; Fr 10:00-18:00; Sa 10:00-16:00; Su 12:00-16:00,Melbourne City Council,,True,-37.807721,144.9584163
node/11359210982,Orchard Wholefoods And Mueslis,wheelchair_accessible_place,,yes,,,,,True,-37.8063828,144.9577648
node/11359210983,Fontana Brothers,wheelchair_accessible_place,,yes,,,,,True,-37.8063,144.9571019
node/11359210985,Wheelchair Accessible Place,wheelchair_accessible_place,,yes,,,,,True,-37.8064491,144.9577553
node/11359210986,The Mussel Pot,wheelchair_accessible_place,fast_food,yes,,,,,True,-37.8063994,144.9578975
node/11359210987,Il Fruttivendolo,wheelchair_accessible_place,,yes,,,,,True,-37.8064132,144.9574889
node/11359210988,Market Juice,wheelchair_accessible_place,fast_food,yes,,,,,True,-37.8063187,144.9572187
node/11359210990,Wheelchair Accessible Place,wheelchair_accessible_place,,yes,,,,,True,-37.8064696,144.9578843
node/11359210991,PK Fruit,wheelchair_accessible_place,,yes,,,,,True,-37.8064022,144.957315
node/11359210992,Wheelchair Accessible Place,wheelchair_accessible_place,,yes,,,,,True,-37.8063844,144.957184
node/11359210993,Wheelchair Accessible Place,wheelchair_accessible_place,,yes,,,,,True,-37.8064325,144.9576301
node/11374422200,Rouge Bear,wheelchair_accessible_place,,yes,,Tu 10:00-14:00; We-Fr 10:00-16:00; Sa 09:00-15:00,,,True,-37.903065,145.3301626
node/11382596622,Kinley Land Sales Centre,wheelchair_accessible_place,,yes,,Sa-Th 11:00-17:00,,,True,-37.7750243,145.3365134
node/11386944769,Wheelchair Accessible Place,wheelchair_accessible_place,drinking_water,yes,,,,,True,-37.7173224,145.1459241
node/11386945069,Wheelchair Accessible Place,wheelchair_accessible_place,drinking_water,yes,,,,,True,-37.7176831,145.1450371
node/11390740995,Parliament of Victoria – Anthony Cianflone MLA Legislative Assembly Australian Labor Party,wheelchair_accessible_place,,yes,,,,,True,-37.7324007,144.9496631
node/11404703389,Smith+Deli,wheelchair_accessible_place,cafe,yes,yes,Mo off; Tu-Su 08:00-17:00,,,True,-37.8046846,144.9853386
node/11406997439,Wheelchair Accessible Place,wheelchair_accessible_place,toilets,yes,,,,,True,-37.9974064,145.1549042
node/11408310125,Hungry Jack's,wheelchair_accessible_place,fast_food,yes,,24/7,,,True,-37.8176853,144.9645295
node/11411379424,George Jones Eatery,wheelchair_accessible_place,restaurant,yes,,,,,True,-37.7165304,144.9352054
node/11411379426,My Brother's Deli,wheelchair_accessible_place,fast_food,yes,,,,,True,-37.7165854,144.9359204
node/11411754260,Starbucks,wheelchair_accessible_place,cafe,yes,,,,,True,-37.8100151,144.9636114
node/11411830350,Sushi Hub,wheelchair_accessible_place,fast_food,yes,,,,,True,-37.8098799,144.9634805
node/11411830351,Gyoza Gyoza,wheelchair_accessible_place,restaurant,yes,,,,,True,-37.8101128,144.962838
node/11411830355,JB Hi-Fi,wheelchair_accessible_place,,yes,yes,,,,True,-37.8101591,144.9627582
node/11411856308,Un Pezzo Di Milano,wheelchair_accessible_place,restaurant,yes,,,,,True,-37.8100234,144.9617488
node/11411856309,Ella,wheelchair_accessible_place,food_court,yes,,,,,True,-37.8104461,144.9620002
node/11411856310,Lukes Vietnamese,wheelchair_accessible_place,fast_food,yes,,,,,True,-37.8100745,144.9615918
node/11411856311,Kata Kita,wheelchair_accessible_place,restaurant,yes,,,,,True,-37.8099922,144.9618971
node/11411865192,Homm,wheelchair_accessible_place,restaurant,yes,,,,,True,-37.8102835,144.9608229
node/11411909937,Tecs Computers,wheelchair_accessible_place,,yes,,"Mo-Th 09:00-17:30; Fr 09:00-18:00; Sa 11:00-17:00; Su,PH off",,,True,-37.8108012,144.9603021
node/11411909944,Azuo,wheelchair_accessible_place,,yes,,,,,True,-37.8109217,144.9598947
node/11413306247,Coles,wheelchair_accessible_place,,yes,,Mo-Su 06:00-24:00,Coles Group,,True,-37.8784912,145.0923339
node/11413967967,Bellboy,wheelchair_accessible_place,cafe,yes,,,,,True,-37.806457,144.9585856
node/11416068997,House of Gifts,wheelchair_accessible_place,,yes,,,,,True,-37.7439371,144.9662767
node/11416306118,Diane Crescent/Manchester Road,wheelchair_accessible_place,,yes,,,Ventura,,True,-37.7819498,145.3117718
node/11416306120,Diane Crescent/Manchester Road,wheelchair_accessible_place,,yes,,,Ventura,,True,-37.7821863,145.3114489
node/11418980572,Australia Post Parcel Locker,wheelchair_accessible_place,parcel_locker,yes,,,,,True,-37.8121002,144.9716377
node/11432192602,Westbreen Florist,wheelchair_accessible_place,,yes,,,,,True,-37.7171147,144.9448974
node/11432192603,Tarboosh,wheelchair_accessible_place,cafe,yes,,,,,True,-37.7171253,144.944998
node/11432192604,Pascoe Vale LPO,wheelchair_accessible_place,post_office,yes,,,Australia Post,,True,-37.7171343,144.9451241
node/11433313614,Wheelchair Accessible Place,wheelchair_accessible_place,toilets,yes,,,,,True,-38.0051281,145.2486453
node/11433400129,Melbourne Visitor Hub,wheelchair_accessible_place,,yes,,Mo-Su 09:00-17:00,,,True,-37.8145302,144.9663595
node/11443385018,Ima Project Cafe,wheelchair_accessible_place,cafe,yes,,Mo off; Tu-Fr 07:30-15:00; Sa-Su 08:00-15:00,,,True,-37.7975076,144.9692056
node/11458647982,Wheelchair Accessible Place,wheelchair_accessible_place,toilets,yes,,,,,True,-37.6757642,144.8484319
node/11458873150,Kirrip biik Park Free mini library,wheelchair_accessible_place,library,yes,,24/7,,,True,-37.7378931,144.9623808
node/11461724885,Wheelchair Accessible Place,wheelchair_accessible_place,toilets,yes,,,,,True,-38.115976,145.1919838
node/11465205081,Soumah,wheelchair_accessible_place,,yes,,,,,True,-37.6953214,145.4891058
node/11466742436,Osaka Bench,wheelchair_accessible_place,restaurant,yes,,,,,True,-37.8171833,144.9648451
node/11466742438,Rosa Mexicano,wheelchair_accessible_place,restaurant,yes,,,,,True,-37.8169721,144.9655457
node/11466742439,Plus Coffee & Co,wheelchair_accessible_place,cafe,yes,,,,,True,-37.8171521,144.9649344
node/11466742440,Rozzis,wheelchair_accessible_place,fast_food,yes,,,,,True,-37.8172122,144.9647315
node/11466742441,Q Ribs,wheelchair_accessible_place,restaurant,yes,,,,,True,-37.8171385,144.9649809
node/11466742442,Ginger Olive,wheelchair_accessible_place,restaurant,yes,,,,,True,-37.8166252,144.9662298
node/11466742444,Flinders Lane Barbers,wheelchair_accessible_place,,yes,,Mo-Fr 09:00-19:00; Sa 09:00-18:00; PH closed; Su 10:00-17:00,,,True,-37.8171695,144.9648911
node/11466742445,Sal's Authentic New York Pizza,wheelchair_accessible_place,fast_food,yes,,"Mo-We,Su 11:30-22:00; Th 11:30-23:00; PH closed; Fr-Sa 11:30-01:00",,,True,-37.8171155,144.9650631
node/11466832520,Sushi Land,wheelchair_accessible_place,fast_food,yes,,,,,True,-37.8151079,144.9713686
node/11466832522,Grill Americano,wheelchair_accessible_place,restaurant,yes,,,,,True,-37.8152908,144.9706763
node/11466832525,Number 100,wheelchair_accessible_place,restaurant,yes,,,,,True,-37.8152285,144.9709687
node/11466832535,Flinders Lane Barbers,wheelchair_accessible_place,,yes,,Mo-Fr 09:00-18:00; Sa 09:00-17:00; PH closed; Su closed,,,True,-37.8150145,144.9717359
node/11466832538,Guardian Childcare And Education,wheelchair_accessible_place,childcare,yes,,,,,True,-37.8150767,144.9712592
node/11507729248,Yi's DIY,wheelchair_accessible_place,,yes,,,,,True,-37.8122749,145.0755406
node/11507729249,Fizz Kidz,wheelchair_accessible_place,events_venue,yes,,,,,True,-37.812265,145.0754151
node/11507729250,Bianca Noir,wheelchair_accessible_place,bar,yes,,,,,True,-37.8119823,145.0757826
node/11507801349,By Alyssa,wheelchair_accessible_place,,yes,,,,,True,-37.8049231,145.0754433
node/11507801350,Immi K Hair Studio,wheelchair_accessible_place,,yes,,,,,True,-37.8049268,145.0754977
node/11507801351,Wheelchair Accessible Place,wheelchair_accessible_place,,yes,,Mo-Su 10:00-20:00; PH closed,,,True,-37.8049171,145.0753973
node/11507801352,Dene Upholstery,wheelchair_accessible_place,,yes,,,,,True,-37.8049651,145.0757222
node/11507801353,Lymph And Floor Physio,wheelchair_accessible_place,,yes,,,,,True,-37.8049533,145.0754405
node/11507801355,ACE Learning Centre,wheelchair_accessible_place,prep_school,yes,,,,,True,-37.8049368,145.0755502
node/11507880672,Regan Motors,wheelchair_accessible_place,,yes,,,,,True,-37.8121051,145.0765587
node/11507880673,Master Massage And Spa,wheelchair_accessible_place,,yes,,Mo-Su 10:00-20:00; PH off,,,True,-37.8120852,145.0760034
node/11507888879,House,wheelchair_accessible_place,,yes,,,,,True,-37.8125013,145.0796287
node/11507888886,Regan Peugeot,wheelchair_accessible_place,,yes,,,,,True,-37.8123336,145.0790957
node/11507888887,Back To Sleep,wheelchair_accessible_place,,yes,,Mo-Fr 09:00-16:00,,,True,-37.8125113,145.0797369
node/11507888889,The Salvation Army,wheelchair_accessible_place,,yes,,Mo-Sa 09:00-17:00; Su closed; PH closed,,,True,-37.8124885,145.0795442
node/11507888891,Marigold Relaxation,wheelchair_accessible_place,,yes,,Mo-Su 10:00-22:00; PH closed,,,True,-37.8123492,145.0785037
node/11510284657,Craigieburn Station/Potter Street (Bay G),wheelchair_accessible_place,,yes,,,,,True,-37.6020092,144.9435816
node/11541278769,Wheelchair Accessible Place,wheelchair_accessible_place,drinking_water,yes,,,,,True,-37.7971194,145.1159635
node/11555889532,Bahama Gold,wheelchair_accessible_place,bar,yes,,12:00-24:00,,,True,-37.7739289,144.9711672
node/11568403721,Teller,wheelchair_accessible_place,restaurant,yes,,,,,True,-37.7764028,144.9707804
node/11571523040,TAB,wheelchair_accessible_place,,yes,,Su-Th 10:00-18:00,Tabcorp,,True,-37.7563038,145.0682982
node/11576311778,26 Hocking,wheelchair_accessible_place,brothel,yes,,"Mo-We 10:00-00:00, Th 10:00-01:00, Fr-Sa 10:00-04:00",,,True,-37.7273026,144.9544649
node/11576359939,Novotel Melbourne Preston,wheelchair_accessible_place,,yes,,,,,True,-37.7460924,145.0084034
node/11576362214,Bhoj,wheelchair_accessible_place,restaurant,yes,,,,,True,-37.8149243,144.9413359
node/11578161904,Thailander,wheelchair_accessible_place,restaurant,yes,yes,Mo-Fr 10:00-18:30,Thailander,,True,-37.7989949,144.9631165
node/11578161905,Rice Workshop,wheelchair_accessible_place,restaurant,yes,yes,Mo-Fr 10:00-17:00,Rice Workshop,,True,-37.7989719,144.9629122
node/11578161906,HealthSmart Pharmacy,wheelchair_accessible_place,pharmacy,yes,,Mo-Fr 08:00-18:00,HealthSmart,"Services include NDSS, IVF Medication, PrEP, Vaccinations, Baby Services & Biologics Medications.",True,-37.798915,144.9626708
node/11578161907,House of Cards,wheelchair_accessible_place,cafe,yes,yes,Mo-Fr 08:00-15:00,,"House of Cards is a socially responsible cafe serving specialty coffee & sweet treats. With every purchase, you choose to support one of 4 'cause' categories: environmental, cultural, social or health. House of Cards then makes donations to initiatives",True,-37.7990871,144.9626296
node/11578173967,University Food Relief Program,wheelchair_accessible_place,social_facility,yes,,,University of Melbourne,,True,-37.7995957,144.9632546
node/11580942857,Wheelchair Accessible Place,wheelchair_accessible_place,,yes,,,,,True,-37.9167957,145.110278
node/11596290118,St Ali And The Queen,wheelchair_accessible_place,cafe,yes,,,,,True,-37.8076392,144.9585625
node/11602413781,Viva Kebabs and Grill,wheelchair_accessible_place,restaurant,yes,,Mo-Th 10:00-22:00; Fr-Su 10:00-01:00,,,True,-37.7123475,144.7260812
node/11605752276,Saltwater,wheelchair_accessible_place,fast_food,yes,,,,,True,-37.8064,144.9585014
node/11605752277,Canton Malay,wheelchair_accessible_place,fast_food,yes,,,,,True,-37.8064248,144.9587124
node/11605752278,Rubens,wheelchair_accessible_place,fast_food,yes,,,,,True,-37.8064201,144.9586495
node/11605752279,Drums,wheelchair_accessible_place,fast_food,yes,,,,,True,-37.8064291,144.9587769
node/11605752280,Malay Kitchen,wheelchair_accessible_place,fast_food,yes,,,,,True,-37.8064094,144.9585523
node/11605752281,Wheelchair Accessible Place,wheelchair_accessible_place,,yes,,,,,True,-37.806392,144.9584536
node/11605798628,Gilli,wheelchair_accessible_place,cafe,yes,,,,,True,-37.8073279,144.9587362
node/11644861573,Life Minded Psychology,wheelchair_accessible_place,,yes,,Mo-Fr 09:00-17:00,,"Psychology Practice, LEGO-Based therapy, NDIS Behaviour and Environmental Assessments, PBS Supervision",True,-37.7042253,145.1013432
node/11646745716,Wheelchair Accessible Place,wheelchair_accessible_place,,yes,,,,,True,-37.8183575,144.9609133
node/11646827494,Wheelchair Accessible Place,wheelchair_accessible_place,telephone,yes,,,Telstra,,True,-37.8182661,144.9623357
node/11646827495,CM & Co,wheelchair_accessible_place,cafe,yes,,,,,True,-37.817997,144.9622922
node/11651406533,Wheelchair Accessible Place,wheelchair_accessible_place,,yes,,,,,True,-37.683527,144.9879184
node/11651958852,Wheelchair Accessible Place,wheelchair_accessible_place,,yes,,,,,True,-37.6714976,144.9971546
node/11651958858,Wheelchair Accessible Place,wheelchair_accessible_place,,yes,,,,,True,-37.6715493,144.9974806
node/11655730178,Wheelchair Accessible Place,wheelchair_accessible_place,,yes,,,,,True,-37.6471032,144.9324575
node/11655730191,Wheelchair Accessible Place,wheelchair_accessible_place,,yes,,,,,True,-37.6473178,144.9316037
node/11655730192,Wheelchair Accessible Place,wheelchair_accessible_place,,yes,,,,,True,-37.6473395,144.9315259
node/11655730195,Wheelchair Accessible Place,wheelchair_accessible_place,,yes,,,,,True,-37.6470818,144.9323363
node/11655730196,Wheelchair Accessible Place,wheelchair_accessible_place,,yes,,,,,True,-37.6471123,144.9323675
node/11655730209,Wheelchair Accessible Place,wheelchair_accessible_place,,yes,,,,,True,-37.6478122,144.9323387
node/11655730229,Wheelchair Accessible Place,wheelchair_accessible_place,,yes,,,,,True,-37.6470391,144.93257
node/11658481082,Wheelchair Accessible Place,wheelchair_accessible_place,toilets,yes,,,,,True,-37.9406565,145.053669
node/11658880336,Wheelchair Accessible Place,wheelchair_accessible_place,,yes,,,,,True,-37.6394259,144.9077138
node/11658942372,Wheelchair Accessible Place,wheelchair_accessible_place,,yes,,,,,True,-37.6409985,144.9040296
node/11658942456,Wheelchair Accessible Place,wheelchair_accessible_place,,yes,,,,,True,-37.6427691,144.9062705
node/11658942507,Wheelchair Accessible Place,wheelchair_accessible_place,,yes,,,,,True,-37.6410046,144.9061405
node/11658942532,Wheelchair Accessible Place,wheelchair_accessible_place,,yes,,,,,True,-37.6428212,144.9042278
node/11658942589,Wheelchair Accessible Place,wheelchair_accessible_place,,yes,,,,,True,-37.6420917,144.9092338
node/11659062815,Wheelchair Accessible Place,wheelchair_accessible_place,,yes,,,,,True,-37.8023626,144.9642806
node/11659062817,XD Fresh,wheelchair_accessible_place,,yes,,Mo-Su 12:00-23:59,,,True,-37.8024049,144.9641798
node/11659062818,Eat Ngon,wheelchair_accessible_place,restaurant,yes,,Mo-Sa 11:00-23:30,,,True,-37.802335,144.9638429
node/11659062819,Yahveh Asian Grocery,wheelchair_accessible_place,,yes,,"Mo-Fr 11:00-21:30; Sa,Su 12:00-21:00",,,True,-37.8026624,144.9638141
node/11660848323,Melbourne Book Market,wheelchair_accessible_place,,yes,,Sa-Su 09:00-15:00; PH closed,,,True,-37.806808,144.9564276
node/11660869598,Romeo's,wheelchair_accessible_place,cafe,yes,,,,,True,-37.8072655,144.9573679
node/11660869599,Casa Nova Kitchenware,wheelchair_accessible_place,,yes,,,,,True,-37.8073065,144.957743
node/11660869600,Andrew Bertuleit Photography,wheelchair_accessible_place,,yes,,,,,True,-37.8073001,144.9576844
node/11660869602,Wigs And Extensions,wheelchair_accessible_place,,yes,,,,,True,-37.8072556,144.9572769
node/11660869603,Geloso Gelateria,wheelchair_accessible_place,ice_cream,yes,,"Tu, Th-Fr 09:00-15:00; Sa-Su 09:00-16:00",,,True,-37.8072873,144.9575673
node/11660869604,Dino's Kitchenware,wheelchair_accessible_place,,yes,,,,,True,-37.8069602,144.9570901
node/11660869605,UGG,wheelchair_accessible_place,,yes,,,,,True,-37.8072809,144.9575087
node/11660869606,Victoria Market Communications,wheelchair_accessible_place,,yes,,,,,True,-37.8072937,144.9576258
node/11660869607,Wheelchair Accessible Place,wheelchair_accessible_place,,yes,,,,,True,-37.8072393,144.9571277
node/11668909261,Exit 3,wheelchair_accessible_place,,yes,,,,,True,-37.8770129,145.0423576
node/11668909263,Exit 3,wheelchair_accessible_place,,yes,,,,,True,-37.8767684,145.0419689
node/11693857337,Wheelchair Accessible Place,wheelchair_accessible_place,,yes,,,,,True,-37.6499876,145.0921229
node/11699971805,Cafe 723,wheelchair_accessible_place,fast_food,yes,,Mo-Fr 10:00-14:30,,Chinese cuisine with a wide range of delicious options in an easily accessible location.,True,-37.8007476,144.963629
node/11702730224,Science Gallery,wheelchair_accessible_place,,yes,yes,We-Sa 11:00-17:00,University of Melbourne,"Exploring the combination of art & science, Science Gallery Melbourne is part of the Global Science Gallery Network by Trinity College Dublin.",True,-37.8003098,144.9645387
node/11702751687,Science Gallery Cafe,wheelchair_accessible_place,cafe,yes,yes,Tu-Fr 11:00-16:00; Sa 11:00-14:00,,,True,-37.800252,144.9644285
node/11702829481,Superfloor Cafe,wheelchair_accessible_place,cafe,yes,limited,Mo-Fr 08:00-16:00,,"The Superfloor Cafe offers a full drinks menu, ready-made breakfast snacks and a full lunch service, with meals to suit every dietary requirement.",True,-37.800023,144.9645621
node/11703218832,Moreton Cres/Greenwood Dr,wheelchair_accessible_place,,yes,,,Dysons,,True,-37.7081568,145.0547444
node/11715807623,Wheelchair Accessible Place,wheelchair_accessible_place,post_box,yes,,,Australia Post,Express post box (yellow),True,-37.7549001,144.9643274
node/11715807624,Wheelchair Accessible Place,wheelchair_accessible_place,post_box,yes,,,Australia Post,Regular post box (red),True,-37.7548953,144.964328
node/11721543000,Alleyway Kitchen,wheelchair_accessible_place,fast_food,yes,,Mo-Fr 10:00-18:00,Alleyway Kitchen Pty Ltd,A sophisticated interpretation of authentic Chinese Cuisine,True,-37.7992575,144.9626021
node/11721791042,Student Microwave Lounge,wheelchair_accessible_place,kitchen,yes,,"""during semesters only""",University of Melbourne,"Pilot Project - enable students to heat up pre-prepared food, either brought from home, or, purchased on campus",True,-37.7985191,144.9627894
node/11721814440,Carrillo Gantner Theatre & Event Venue,wheelchair_accessible_place,events_venue,yes,,,University of Melbourne,University lecture theatre during semesters - event venue outside semesters,True,-37.7992086,144.963876
node/11722229029,Wheelchair Accessible Place,wheelchair_accessible_place,,yes,,,,,True,-37.9539432,145.2124401
node/11722229030,Wheelchair Accessible Place,wheelchair_accessible_place,,yes,,,,,True,-37.9539844,145.2124321
node/11722229032,Wheelchair Accessible Place,wheelchair_accessible_place,,yes,,,,,True,-37.9539032,145.2124485
node/11722229033,Wheelchair Accessible Place,wheelchair_accessible_place,,yes,,,,,True,-37.9540193,145.2124267
node/11722229034,Wheelchair Accessible Place,wheelchair_accessible_place,,yes,,,,,True,-37.954064,145.2124189
node/11722229045,Wheelchair Accessible Place,wheelchair_accessible_place,,yes,,,,,True,-37.9538633,145.2124564
node/11722229054,Wheelchair Accessible Place,wheelchair_accessible_place,,yes,,,,,True,-37.9538633,145.2124564
node/11722229060,Wheelchair Accessible Place,wheelchair_accessible_place,toilets,yes,,,,,True,-37.9538339,145.2125058
node/11726424438,Wheelchair Accessible Place,wheelchair_accessible_place,,yes,,,,,True,-37.7981942,144.9626569
node/11726510950,Forum Theatre,wheelchair_accessible_place,events_venue,yes,,,University of Melbourne,University learning space during semesters,True,-37.7975537,144.9591989
node/11733382246,Wheelchair Accessible Place,wheelchair_accessible_place,,yes,,,,,True,-37.946205,145.2191472
node/11737780180,Axil,wheelchair_accessible_place,cafe,yes,,,,,True,-37.8094469,144.97076
node/11740867769,Wheelchair Accessible Place,wheelchair_accessible_place,toilets,yes,,24/7,,,True,-37.7541305,145.1368251
node/11751859382,United,wheelchair_accessible_place,fuel,yes,,Mo-Su 05:00-23:00,,,True,-37.7120992,145.1493703
node/11756731935,Wheelchair Accessible Place,wheelchair_accessible_place,,yes,,,,,True,-37.8074055,144.9577681
node/11756731936,Wheelchair Accessible Place,wheelchair_accessible_place,,yes,,,,,True,-37.8074003,144.9576582
node/11756731937,Woodcrafts Australia,wheelchair_accessible_place,,yes,,,,,True,-37.8074718,144.9577532
node/11756731939,Wheelchair Accessible Place,wheelchair_accessible_place,,yes,,,,,True,-37.8074584,144.9577003
node/11756731940,Australian Luggage Company,wheelchair_accessible_place,,yes,,,,,True,-37.8074437,144.9575302
node/11756760746,Australia Post Parcel Locker Queen Victoria Market,wheelchair_accessible_place,parcel_locker,yes,,,,,True,-37.8079207,144.9579041
node/11763221127,EzyMart,wheelchair_accessible_place,,yes,,,,,True,-37.8082736,144.9606501
node/11763221129,Kicks Bottle Shop,wheelchair_accessible_place,,yes,,Mo-Su 10:00-24:00,,,True,-37.8083615,144.9606906
node/11763256461,Street Food Market,wheelchair_accessible_place,food_court,yes,,Mo-Su 11:00-24:00,,,True,-37.8085874,144.9607933
node/11763285404,Menya,wheelchair_accessible_place,restaurant,yes,,,,,True,-37.8086916,144.9603908
node/11763285406,Mixue,wheelchair_accessible_place,cafe,yes,,,,,True,-37.8089456,144.9605218
node/11763285407,Shujinko,wheelchair_accessible_place,restaurant,yes,,,,,True,-37.8088796,144.9604905
node/11763285411,Gong Cha,wheelchair_accessible_place,cafe,yes,,,,,True,-37.8088405,144.9604687
node/11763285414,Intercosmo,wheelchair_accessible_place,,yes,,Mo-We 09:00-19:00; Th-Fr 09:00-20:00; PH closed; Sa 09:00-18:00; Su 10:00-18:00,,,True,-37.8088175,144.9604553
node/11763285415,Hot-Star Taiwanese Street Food,wheelchair_accessible_place,fast_food,yes,,,,,True,-37.8088545,144.9604767
node/11776359097,The King Hotel,wheelchair_accessible_place,pub,yes,,,,,True,-37.8172086,144.9563587
node/11776466437,Bottlemart,wheelchair_accessible_place,,yes,,,,,True,-37.8175653,144.9560249
node/11785303942,Wheelchair Accessible Place,wheelchair_accessible_place,,yes,,,,,True,-37.9453312,145.1995315
node/11788941142,Wheelchair Accessible Place,wheelchair_accessible_place,,yes,,,,,True,-37.9408105,145.0958326
node/11788941143,Wheelchair Accessible Place,wheelchair_accessible_place,,yes,,,,,True,-37.9408255,145.0959523
node/11789271215,Wheelchair Accessible Place,wheelchair_accessible_place,,yes,,,,,True,-37.9410318,145.0966807
node/11789271217,Wheelchair Accessible Place,wheelchair_accessible_place,,yes,,,,,True,-37.9408486,145.0952305
node/11789271287,Wheelchair Accessible Place,wheelchair_accessible_place,,yes,,,,,True,-37.9413281,145.0951315
node/11803932945,Wheelchair Accessible Place,wheelchair_accessible_place,,yes,,,,,True,-37.7990392,144.9640333
node/11803997354,Elisabeth Murdoch Theatre,wheelchair_accessible_place,events_venue,yes,,,University of Melbourne,,True,-37.7973353,144.9637355
node/11804001427,Wheelchair Accessible Place,wheelchair_accessible_place,,yes,,,,Main entrance for the tower where most of the academics are located,True,-37.7967072,144.9638589
node/11804006248,Entrance to tenancy only,wheelchair_accessible_place,,yes,,,,,True,-37.7987143,144.9618462
node/11804058610,Wurundjeri Woi-wurrung Cultural Heritage Aboriginal Corporation,wheelchair_accessible_place,,yes,,,,,True,-37.7987187,144.9618039
node/11804072941,Entrance to Chemistry Building (West Wing),wheelchair_accessible_place,,yes,,,,,True,-37.797723,144.9621823
node/11804097456,Entrance to West Wing (and through to East Wing),wheelchair_accessible_place,,yes,,,,,True,-37.7965107,144.9617285
node/11804167179,Wheelchair Accessible Place,wheelchair_accessible_place,,yes,,,,,True,-37.7972989,144.959548
node/11804167181,Wheelchair Accessible Place,wheelchair_accessible_place,,yes,,,,,True,-37.7974234,144.9610045
node/11804167182,Old Quadrangle Room G18 (Cussonia Court Room 2),wheelchair_accessible_place,events_venue,yes,,,University of Melbourne,,True,-37.7979122,144.960496
node/11804167183,Old Quadrangle Room G17 (Cussonia Court Room 1),wheelchair_accessible_place,events_venue,yes,,,University of Melbourne,,True,-37.7979217,144.9605947
node/11804189610,Wheelchair Accessible Place,wheelchair_accessible_place,,yes,,,,,True,-37.7978838,144.9591319
node/11804189613,Wheelchair Accessible Place,wheelchair_accessible_place,,yes,,,,,True,-37.7966464,144.9587207
node/11804189614,Wheelchair Accessible Place,wheelchair_accessible_place,,yes,,,,,True,-37.7960854,144.9585205
node/11804189617,Wheelchair Accessible Place,wheelchair_accessible_place,,yes,,,,,True,-37.7981168,144.9581377
node/11804189621,Entrance to Teaching Spaces,wheelchair_accessible_place,,yes,,,,Entrance to teaching spaces,True,-37.7990362,144.9583077
node/11804276971,George Paton Gallery,wheelchair_accessible_place,,yes,yes,"Mo-Fr 11:00-17:00 ""during semesters""",University of Melbourne Student Union Limited,Contemporary art gallery by university students.,True,-37.7987691,144.9627607
node/11804296914,Arts West Gallery,wheelchair_accessible_place,,yes,yes,Mo-Fr 10:00-16:00,University of Melbourne,"Student gallery for the humanities, languages and social sciences",True,-37.7975702,144.9594946
node/11804304720,Noel Shaw Gallery,wheelchair_accessible_place,,yes,yes,Mo-Fr 10:00-17:00,University of Melbourne,"Exhibitions in the Noel Shaw Gallery feature materials from across the University's Archives and Special Collections, with a focus on the opportunities for curriculum engagement.",True,-37.798208,144.9593021
node/11806058208,University Merchandise Stop,wheelchair_accessible_place,,yes,,Mo-Fr 10:00-16:45,University of Melbourne,,True,-37.7995447,144.9629511
node/11806427573,Wheelchair Accessible Place,wheelchair_accessible_place,drinking_water,yes,,,,,True,-37.7346575,144.6661804
node/11806427574,Wheelchair Accessible Place,wheelchair_accessible_place,,yes,,,,,True,-37.7344358,144.6658941
node/11846254475,Wheelchair Accessible Place,wheelchair_accessible_place,,yes,,,,,True,-37.7184628,144.9561108
node/11853673802,Mark Anthony Cafe,wheelchair_accessible_place,cafe,yes,,Mo-Fr 05:30-14:30,,,True,-38.0325656,145.1951261
node/11854353017,Wheelchair Accessible Place,wheelchair_accessible_place,,yes,,,,,True,-37.7919574,144.8754044
node/11867545682,City on a Hill Melbourne,wheelchair_accessible_place,place_of_worship,yes,,,,"Meeting in the Hoyts Cinemas at Melbourne Central, City on a Hill Melbourne is a Christian church that seeks to know Jesus and make Jesus known. A creche, kids and youth program run during the 9AM service.",True,-37.8101511,144.9632921
node/11868812465,Wheelchair Accessible Place,wheelchair_accessible_place,,yes,,,,,True,-37.7849677,144.9631884
node/11869723325,Wheelchair Accessible Place,wheelchair_accessible_place,,yes,,,,,True,-37.792819,144.96314
node/11871828856,Wheelchair Accessible Place,wheelchair_accessible_place,,yes,,,,,True,-37.7847364,144.959741
node/11873258247,Wheelchair Accessible Place,wheelchair_accessible_place,drinking_water,yes,,,,,True,-37.882136,144.9858003
node/11873258248,Wheelchair Accessible Place,wheelchair_accessible_place,toilets,yes,,,,,True,-37.8821062,144.9859953
node/11873258282,Wheelchair Accessible Place,wheelchair_accessible_place,drinking_water,yes,,,,,True,-37.8819707,144.9851488
node/11875858793,Wheelchair Accessible Place,wheelchair_accessible_place,drinking_water,yes,,,,,True,-37.9225356,144.999912
node/11875858794,Wheelchair Accessible Place,wheelchair_accessible_place,drinking_water,yes,,,,,True,-37.9225405,144.9999237
node/11880362043,Wheelchair Accessible Place,wheelchair_accessible_place,,yes,,24/7,Werribee South Caravan Park,,True,-37.9728539,144.6890687
node/11881012605,Press & Grocers Co.,wheelchair_accessible_place,,yes,,"Mo-Su 09:00-21:00; Fr,Sa 09:00-23:00",,,True,-37.8037215,144.9632169
node/11881012606,Press & Grocers Co.,wheelchair_accessible_place,,yes,,"Mo-Su 06:00-21:00; Fr,Sa 06:00-23:00",,,True,-37.8036251,144.9632324
node/11886439258,Merri,wheelchair_accessible_place,,yes,,,Metro Trains Melbourne,,True,-37.7776301,144.9930312
node/11886439259,Northcote,wheelchair_accessible_place,,yes,no,,Metro Trains Melbourne,,True,-37.7698708,144.9952542
node/11888343394,Wheelchair Accessible Place,wheelchair_accessible_place,toilets,yes,,,,,True,-38.4162923,145.0775235
node/11888343395,Wheelchair Accessible Place,wheelchair_accessible_place,toilets,yes,,,,,True,-38.4162542,145.0774749
node/11898295444,Wheelchair Accessible Place,wheelchair_accessible_place,,yes,,,,,True,-37.7993769,144.9009156
node/11898295445,Wheelchair Accessible Place,wheelchair_accessible_place,,yes,,,,,True,-37.7993701,144.9008214
node/11898349379,IGA,wheelchair_accessible_place,,yes,,Mo-Su 07:00-23:00,,,True,-37.8857274,145.0586068
node/11898357414,Wheelchair Accessible Place,wheelchair_accessible_place,drinking_water,yes,,,,,True,-37.8897753,145.066842
node/11902503407,Montmorency Scout Hall,wheelchair_accessible_place,,yes,,,,,True,-37.717691,145.1268299
node/11906520364,IGA Local Grocer Flinders Street,wheelchair_accessible_place,,yes,,"Mo-Th 07:00-22:00, Fr,Sa 07:00-24:00, Su 08:00-22:00",,,True,-37.8160338,144.9717215
node/11906643574,Wheelchair Accessible Place,wheelchair_accessible_place,,yes,,,,,True,-37.8038052,144.9599519
node/11909298049,Wheelchair Accessible Place,wheelchair_accessible_place,,yes,,,,,True,-37.9017416,145.3570248
node/11927464457,Wheelchair Accessible Place,wheelchair_accessible_place,,yes,,,,,True,-37.7126401,144.952242
node/11932487000,Wheelchair Accessible Place,wheelchair_accessible_place,drinking_water,yes,,,,,True,-37.9379458,144.9978977
node/11936445505,Wheelchair Accessible Place,wheelchair_accessible_place,,yes,,,,,True,-37.7056693,145.1005253
node/11936445509,Wheelchair Accessible Place,wheelchair_accessible_place,,yes,,,,,True,-37.7055132,145.1003801
node/11936493923,Wheelchair Accessible Place,wheelchair_accessible_place,,yes,,,,,True,-37.758589,145.1243947
node/11936493924,Wheelchair Accessible Place,wheelchair_accessible_place,,yes,,,,,True,-37.7584772,145.1244201
node/11957651869,Nar Nar Goon,wheelchair_accessible_place,,yes,,,Public Transport Victoria - Regional,,True,-38.0815459,145.571817
node/11965853953,Wheelchair Accessible Place,wheelchair_accessible_place,drinking_water,yes,,,Bayside City Council,,True,-37.9225433,144.9998705
node/11965853955,Wheelchair Accessible Place,wheelchair_accessible_place,,yes,,,,,True,-37.9225447,144.9998837
node/11965853957,Wheelchair Accessible Place,wheelchair_accessible_place,,yes,,,,,True,-37.9225509,144.9999427
node/11971293399,Scoop Ice Cream,wheelchair_accessible_place,ice_cream,yes,,Mo-Su 12:00-22:00,,"Ice Cream, Churros, Slushies, Iced Coffee, Iced Chocolate, Thickshakes, and Spiders",True,-37.8318583,145.1470877
node/11971363302,Wheelchair Accessible Place,wheelchair_accessible_place,,yes,,"Mo-Fr 10:00-22:00; Sa,Su 08:00-20:00",Urban Climb,,True,-37.8204835,145.158921
node/11971363307,Wheelchair Accessible Place,wheelchair_accessible_place,,yes,,,,,True,-37.8204716,145.158935
node/11971633983,Wheelchair Accessible Place,wheelchair_accessible_place,public_bookcase,yes,,24/7,,,True,-37.8134063,145.0163383
node/11971633984,Wheelchair Accessible Place,wheelchair_accessible_place,public_bookcase,yes,,24/7,,,True,-37.8151446,145.0171388
node/11971712477,Wheelchair Accessible Place,wheelchair_accessible_place,drinking_water,yes,,,City of Yarra,,True,-37.795177,144.9766219
node/11980051679,Wheelchair Accessible Place,wheelchair_accessible_place,,yes,,,,,True,-37.9310854,145.1557982
node/11980051680,Wheelchair Accessible Place,wheelchair_accessible_place,,yes,,,,,True,-37.9310391,145.1558376
node/11980051681,Wheelchair Accessible Place,wheelchair_accessible_place,,yes,,,,,True,-37.9309928,145.1558743
node/11980051682,Wheelchair Accessible Place,wheelchair_accessible_place,,yes,,,,,True,-37.9309359,145.1559234
node/11980051683,Wheelchair Accessible Place,wheelchair_accessible_place,,yes,,,,,True,-37.9311127,145.1557104
node/11980051684,Wheelchair Accessible Place,wheelchair_accessible_place,,yes,,,,,True,-37.9311501,145.1556741
node/11980051685,Wheelchair Accessible Place,wheelchair_accessible_place,,yes,,,,,True,-37.9311916,145.155634
node/11980051686,Wheelchair Accessible Place,wheelchair_accessible_place,,yes,,,,,True,-37.9312379,145.1555917
node/11980051687,Wheelchair Accessible Place,wheelchair_accessible_place,,yes,,,,,True,-37.9312909,145.1555417
node/11980051688,Wheelchair Accessible Place,wheelchair_accessible_place,,yes,,,,,True,-37.9313179,145.1555159
node/11980051689,Wheelchair Accessible Place,wheelchair_accessible_place,,yes,,,,,True,-37.9312111,145.1547261
node/11980051693,Wheelchair Accessible Place,wheelchair_accessible_place,,yes,,,,,True,-37.9315921,145.1552165
node/11980051694,Wheelchair Accessible Place,wheelchair_accessible_place,,yes,,,,,True,-37.9314174,145.1553811
node/12003201144,Wheelchair Accessible Place,wheelchair_accessible_place,toilets,yes,,,,,True,-38.1513426,145.1662849
node/12014296063,Wheelchair Accessible Place,wheelchair_accessible_place,,yes,,,,,True,-37.8123399,144.883236
node/12019782761,Wheelchair Accessible Place,wheelchair_accessible_place,public_bookcase,yes,,"Mo-Su,PH 00:00-24:00",,,True,-37.7927869,144.9749565
node/12035093817,Grant Street Theatre,wheelchair_accessible_place,theatre,yes,,,University of Melbourne,,True,-37.8252735,144.9690958
node/12037252653,Wheelchair Accessible Place,wheelchair_accessible_place,toilets,yes,,,,,True,-37.8198531,145.1209616
node/12056490652,Wheelchair Accessible Place,wheelchair_accessible_place,,yes,,,,,True,-37.9002604,145.0884625
node/12060313633,Wheelchair Accessible Place,wheelchair_accessible_place,,yes,,,,,True,-37.7755593,144.9607926
node/12074853374,Little Mylk Bar - Tasty Vegan Streetfood,wheelchair_accessible_place,cafe,yes,,Mo-Th 09:00-15:00,,Amazing pop-up cafe in a caravan selling awesome vegan food with gluten-free options,True,-37.7970471,144.9617171
node/12076659327,Grattan Street West,wheelchair_accessible_place,,yes,,,,,True,-37.799688,144.9565651
node/12077004279,Wheelchair Accessible Place,wheelchair_accessible_place,,yes,,,,,True,-37.9122191,145.1029802
node/12078028638,Wheelchair Accessible Place,wheelchair_accessible_place,shelter,yes,,,,,True,-37.8249476,145.1157279
node/12082052231,Wheelchair Accessible Place,wheelchair_accessible_place,,yes,,,,,True,-37.6091224,144.9363877
node/12082052232,Wheelchair Accessible Place,wheelchair_accessible_place,,yes,,,,,True,-37.6091099,144.9362542
node/12089812089,Wheelchair Accessible Place,wheelchair_accessible_place,,yes,,,,,True,-37.7996863,144.9589938
node/12089812090,Wheelchair Accessible Place,wheelchair_accessible_place,,yes,,,,,True,-37.7997151,144.9589897
node/12089812092,Wheelchair Accessible Place,wheelchair_accessible_place,,yes,,,,,True,-37.7995596,144.9580772
node/12091687811,Wheelchair Accessible Place,wheelchair_accessible_place,toilets,yes,,,,,True,-37.8897621,145.0669433
node/12107724968,BOM,wheelchair_accessible_place,bank,yes,,,,,True,-37.7865571,145.1260147
node/12107724969,Rebel,wheelchair_accessible_place,,yes,,,,,True,-37.7865503,145.1255614
node/12107724970,Old Man Pho,wheelchair_accessible_place,fast_food,yes,,,,,True,-37.7865582,145.1254486
node/12107738598,Wheelchair Accessible Place,wheelchair_accessible_place,,yes,,,,,True,-37.786961,145.1252069
node/12107738599,Bombay Bar,wheelchair_accessible_place,fast_food,yes,,,,,True,-37.7868988,145.125245
node/12107738600,Dragon Hot Pot,wheelchair_accessible_place,fast_food,yes,,,,,True,-37.7869222,145.1253282
node/12107758122,Travelex,wheelchair_accessible_place,bureau_de_change,yes,,,,,True,-37.7863839,145.1255033
node/12107758123,Samsung,wheelchair_accessible_place,,yes,,,,,True,-37.786491,145.1257479
node/12107778301,Shining Asia,wheelchair_accessible_place,fast_food,yes,,,,,True,-37.7866637,145.1252727
node/12107778302,Nene Chicken,wheelchair_accessible_place,fast_food,yes,,,,,True,-37.7868516,145.1251107
node/12107778303,Subway,wheelchair_accessible_place,fast_food,yes,,,,,True,-37.7867256,145.125518
node/12107778304,King's Dumplings,wheelchair_accessible_place,fast_food,yes,,,,,True,-37.7868132,145.1253856
node/12109309495,Pizza Works,wheelchair_accessible_place,fast_food,yes,,,,,True,-37.803692,145.1178771
node/12110063101,Reine & La Rue,wheelchair_accessible_place,restaurant,yes,,,,,True,-37.8166299,144.9620553
node/12112014840,Foodworks,wheelchair_accessible_place,,yes,,Mo-Fr 08:30-19:00; Sa 08:30-18:30; Su 10:00-17:00,,,True,-37.8204789,145.1052753
node/12112014841,Kindilan Opportunity Shop,wheelchair_accessible_place,,yes,,Mo-Fr 10:00-16:00; Sa 10:00-12:30; PH closed,,,True,-37.8203214,145.1050752
node/12112014843,"Mont Albert News, Tatts & Gifts",wheelchair_accessible_place,,yes,,Mo-Fr 08:30-17:30; Sa 08:30-16:30; Su off,,,True,-37.8201573,145.1053364
node/12112014844,Wheelchair Accessible Place,wheelchair_accessible_place,atm,yes,,,,,True,-37.8201723,145.1052835
node/12112014845,Hamilton's,wheelchair_accessible_place,cafe,yes,,Mo-Sa 07:30-16:00; Su 08:00-15:00,,,True,-37.8200413,145.1051118
node/12112014846,Mont Albert Fresh Fruit & Vegetables,wheelchair_accessible_place,,yes,,,,,True,-37.8203525,145.1053014
node/12112014850,TerryWhite Chemmart,wheelchair_accessible_place,pharmacy,yes,,"Mo-Fr 08:30-18:00; Sa 09:00-14:00; Su,PH off",,,True,-37.8202057,145.1053263
node/12112062748,Extra Depth Footwear,wheelchair_accessible_place,,yes,,"Mo-Fr 10:00-17:00; Sa,Su,PH off",,,True,-37.8208852,145.1049332
node/12112062751,Churchills For Hair,wheelchair_accessible_place,,yes,,,,,True,-37.8209394,145.104926
node/12112062755,Anne Moran,wheelchair_accessible_place,,yes,,Mo-Fr 10:00-17:00; Sa 09:30-12:30; PH closed,,,True,-37.8208547,145.1051817
node/12112062756,Pure Eyelash,wheelchair_accessible_place,,yes,,"Mo-We 10:00-20:00; Th,Fr 09:00-20:00; Sa,Su 09:00-17:00",,,True,-37.8210662,145.1051414
node/12112062757,Mont Albert Fish And Chips,wheelchair_accessible_place,fast_food,yes,,"Tu-Th 11:00-20:00; Fr 11:00-21:00; Sa,Su 16:30-20:00; Mo off",,,True,-37.8208316,145.104946
node/12112062758,MA Interiors,wheelchair_accessible_place,,yes,,Mo-Fr 09:30-17:00,,,True,-37.8207945,145.105201
node/12112062760,Le Petit Salon,wheelchair_accessible_place,,yes,,Mo-Fr 09:00-17:00; Sa 09:00-14:00; PH closed,,,True,-37.8209905,145.104928
node/12112062763,Cornehls & Blackburn Butchers,wheelchair_accessible_place,,yes,,Mo-Fr 08:30-17:30; Sa 08:00-12:30,,,True,-37.8204101,145.1052911
node/12112062765,Mont Albert Flowers,wheelchair_accessible_place,,yes,,Mo-Fr 08:30-17:30; Sa 08:30-14:00; Su off,,,True,-37.8211198,145.1048746
node/12112079381,Milsims Games,wheelchair_accessible_place,,yes,,,,,True,-37.8208909,145.1045522
node/12113835101,Pidapipo,wheelchair_accessible_place,ice_cream,yes,,"Mo-Th,Su 12:00-22:00; Fr-Sa 12:00-23:00",,,True,-37.7941636,144.9790421
node/12121721356,Chemist Warehouse,wheelchair_accessible_place,pharmacy,yes,,Mo-Th 08:30-19:00; Fr 08:30-17:30; PH closed; Sa 08:30-17:30; Su 10:00-17:00,,,True,-37.8195564,145.1206613
node/12121721358,Bupa,wheelchair_accessible_place,,yes,,Mo-Sa 09:00-17:00; Su closed; PH closed,,,True,-37.8195865,145.120749
node/12121721359,1001 Optical,wheelchair_accessible_place,,yes,,,,,True,-37.8196033,145.1208408
node/12121721360,Beekeen,wheelchair_accessible_place,cafe,yes,,,,,True,-37.8196977,145.1206615
node/12121722458,Martha,wheelchair_accessible_place,,yes,,,,,True,-37.8196957,145.1210945
node/12121722459,Medibank,wheelchair_accessible_place,,yes,,"Mo,We-Sa 09:00-17:00; Tu 09:30-17:00; PH closed; Su closed",,,True,-37.819671,145.1209865
node/12121722461,Body & Balance Massage,wheelchair_accessible_place,,yes,,,,,True,-37.8196519,145.1209282
node/12121735011,Wheelchair Accessible Place,wheelchair_accessible_place,,yes,,,,,True,-37.9738404,145.2166027
node/12121735078,Wheelchair Accessible Place,wheelchair_accessible_place,,yes,,,,,True,-37.9738494,145.2166743
node/12121748572,Boost Juice,wheelchair_accessible_place,cafe,yes,,,,,True,-37.8198026,145.1214061
node/12121751709,Breadtop Express,wheelchair_accessible_place,,yes,,,,,True,-37.8197117,145.1214662
node/12121751710,Wheelchair Accessible Place,wheelchair_accessible_place,atm,yes,,,,,True,-37.8197007,145.1214243
node/12121785333,Wheelchair Accessible Place,wheelchair_accessible_place,,yes,,,,,True,-37.9748477,145.2164105
node/12121785335,Wheelchair Accessible Place,wheelchair_accessible_place,,yes,,,,,True,-37.9748563,145.216482
node/12123045251,Martin York,wheelchair_accessible_place,,yes,,,,,True,-37.7842545,145.1255024
node/12123137862,Tiffiny London,wheelchair_accessible_place,,yes,,,,,True,-37.7842106,145.1256428
node/12123137864,Strandbags,wheelchair_accessible_place,,yes,,,,,True,-37.7854302,145.1255731
node/12123137867,Natural 5 Massage And Spa,wheelchair_accessible_place,,yes,,,,,True,-37.7857253,145.1255787
node/12123137868,Lattouf,wheelchair_accessible_place,,yes,,,,,True,-37.7859128,145.1255781
node/12123137869,High's Nail Art And Beauty,wheelchair_accessible_place,,yes,,,,,True,-37.7858315,145.1255809
node/12123137871,Polish'd Nail Studio,wheelchair_accessible_place,,yes,,,,,True,-37.7861575,145.1256186
node/12123137874,Shaver Shop,wheelchair_accessible_place,,yes,,,,,True,-37.7856604,145.1255758
node/12123137875,Celebrity Ink Tattoo,wheelchair_accessible_place,,yes,,,,,True,-37.7862258,145.1256254
node/12123137876,Mobie,wheelchair_accessible_place,,yes,,,,,True,-37.7860824,145.1256223
node/12123137877,Macpac,wheelchair_accessible_place,,yes,,,,,True,-37.7855264,145.1255761
node/12123137878,The Coffee Club,wheelchair_accessible_place,cafe,yes,,,,,True,-37.7853814,145.1258992
node/12123137879,Lorna Jane,wheelchair_accessible_place,,yes,,,,,True,-37.7854682,145.1258921
node/12123149003,Laurent,wheelchair_accessible_place,cafe,yes,,,Laurent,,True,-37.7841025,145.1266971
node/12123471209,Wheelchair Accessible Place,wheelchair_accessible_place,,yes,,Mo-Fr 08:00-17:00,,,True,-38.078414,145.4413804
node/12123471210,Wheelchair Accessible Place,wheelchair_accessible_place,,yes,,Mo-Fr 08:00-17:00,,,True,-38.077111,145.440161
node/12123878639,Melbourne Dental Clinic,wheelchair_accessible_place,dentist,yes,,Mo-Fr 08:30-17:00,University of Melbourne,,True,-37.8008711,144.9636037
node/12139117337,Wheelchair Accessible Place,wheelchair_accessible_place,,yes,,,,,True,-37.6029948,145.1007876
node/12139119955,Rowden White Library (Levels 2 & 3),wheelchair_accessible_place,library,yes,,Mo-Fr 09:00-19:00,UMSU,,True,-37.7986236,144.963595
node/12139349587,Petite By Matilda,wheelchair_accessible_place,cafe,yes,,Mo-Fr 06:30-16:30; Sa-Su 07:00-16:00; PH closed,,,True,-37.8087732,145.1080958
node/12141117264,Wheelchair Accessible Place,wheelchair_accessible_place,,yes,,,,,True,-37.815177,144.9957877
node/12141491727,Wheelchair Accessible Place,wheelchair_accessible_place,,yes,,,,,True,-37.8014286,144.960588
node/12141491728,Wheelchair Accessible Place,wheelchair_accessible_place,,yes,,,,,True,-37.8017271,144.958605
node/12159027586,Moncler,wheelchair_accessible_place,,yes,,,,,True,-37.8140143,144.9709582
node/12159037801,Rolex,wheelchair_accessible_place,,yes,,,,,True,-37.8139279,144.9711885
node/12159039126,Gucci,wheelchair_accessible_place,,yes,,,,,True,-37.8150096,144.9688751
node/12160973256,Under Armour,wheelchair_accessible_place,,yes,,,,,True,-37.8115201,144.9635133
node/12160973257,Just Jeans,wheelchair_accessible_place,,yes,,,,,True,-37.811541,144.9633355
node/12160973258,Chatime,wheelchair_accessible_place,cafe,yes,,,,,True,-37.8114774,144.9633943
node/12160974531,T2,wheelchair_accessible_place,,yes,,,,,True,-37.8110703,144.9632975
node/12160974532,Swarovski,wheelchair_accessible_place,,yes,,,,,True,-37.8111648,144.9633384
node/12160974533,Dangerfield,wheelchair_accessible_place,,yes,,,,,True,-37.8111166,144.9633214
node/12160974534,Allkinds,wheelchair_accessible_place,,yes,,,,,True,-37.8113924,144.9634438
node/12160974536,Vans,wheelchair_accessible_place,,yes,,,,,True,-37.8109687,144.9632366
node/12160974537,Dotti,wheelchair_accessible_place,,yes,,,,,True,-37.8112195,144.9633632
node/12160974538,Smiggle,wheelchair_accessible_place,,yes,,,,,True,-37.8110176,144.9632701
node/12160986438,Adidas,wheelchair_accessible_place,,yes,,,,,True,-37.8117535,144.9634289
node/12160986446,Calvin Klein,wheelchair_accessible_place,,yes,,,,,True,-37.811709,144.9635811
node/12160986448,Sunglass Hut,wheelchair_accessible_place,,yes,,,,,True,-37.8116109,144.9633486
node/12161000479,Wheelchair Accessible Place,wheelchair_accessible_place,toilets,yes,,,,,True,-37.8110143,144.9633486
node/12161000482,Tiger's Den,wheelchair_accessible_place,cafe,yes,,,,,True,-37.8109777,144.9631657
node/12164711388,Pantre,wheelchair_accessible_place,,yes,,,,,True,-37.810497,144.9621678
node/12164711393,Ikura Sushi,wheelchair_accessible_place,fast_food,yes,,,,,True,-37.8101456,144.9625823
node/12164747059,Wheelchair Accessible Place,wheelchair_accessible_place,toilets,yes,,,,,True,-37.8104436,144.9623735
node/12164747060,The Eatery,wheelchair_accessible_place,food_court,yes,yes,,,,True,-37.8101435,144.9627824
node/12169278074,Wheelchair Accessible Place,wheelchair_accessible_place,drinking_water,yes,,,Bayside City Council,,True,-37.9173231,144.9864863
node/12169307008,Wheelchair Accessible Place,wheelchair_accessible_place,toilets,yes,,Mo-Su 09:00-18:00,Bayside City Council,,True,-37.9170123,144.9866469
node/12171023302,Wheelchair Accessible Place,wheelchair_accessible_place,toilets,yes,,,,,True,-38.3092746,144.6800357
node/12171218268,Container Deposit Scheme,wheelchair_accessible_place,recycling,yes,,Mo-Su 07:00-20:00,VISY,,True,-37.7539527,145.1367331
node/12174149483,Wheelchair Accessible Place,wheelchair_accessible_place,,yes,,,,,True,-38.3287475,144.9772606
node/12174149484,Wheelchair Accessible Place,wheelchair_accessible_place,,yes,,,,,True,-38.3287389,144.9771504
node/12174149489,Wheelchair Accessible Place,wheelchair_accessible_place,,yes,,,,,True,-38.3285951,144.9763672
node/12174149490,Wheelchair Accessible Place,wheelchair_accessible_place,,yes,,,,,True,-38.3285867,144.9762688
node/12174165924,Wheelchair Accessible Place,wheelchair_accessible_place,,yes,,,,,True,-38.3288682,144.9729385
node/12174165929,Wheelchair Accessible Place,wheelchair_accessible_place,,yes,,,,,True,-38.3283446,144.9746837
node/12174165930,Wheelchair Accessible Place,wheelchair_accessible_place,,yes,,,,,True,-38.3282985,144.9746818
node/12174165931,Wheelchair Accessible Place,wheelchair_accessible_place,,yes,,,,,True,-38.3282608,144.9746799
node/12174165932,Wheelchair Accessible Place,wheelchair_accessible_place,,yes,,,,,True,-38.328218,144.9746768
node/12174165933,Wheelchair Accessible Place,wheelchair_accessible_place,,yes,,,,,True,-38.3282041,144.9746754
node/12174165934,Wheelchair Accessible Place,wheelchair_accessible_place,,yes,,,,,True,-38.3281355,144.974669
node/12174165935,Wheelchair Accessible Place,wheelchair_accessible_place,,yes,,,,,True,-38.3281094,144.9747532
node/12174165936,Wheelchair Accessible Place,wheelchair_accessible_place,,yes,,,,,True,-38.3281071,144.9748154
node/12174165937,Wheelchair Accessible Place,wheelchair_accessible_place,,yes,,,,,True,-38.3281044,144.9748898
node/12174165938,Wheelchair Accessible Place,wheelchair_accessible_place,,yes,,,,,True,-38.3280674,144.9751474
node/12174165939,Wheelchair Accessible Place,wheelchair_accessible_place,,yes,,,,,True,-38.3280432,144.9751984
node/12175749074,Pretty Little Things,wheelchair_accessible_place,,yes,,,,,True,-37.8112618,144.9633475
node/12175749075,I Heart Snacks,wheelchair_accessible_place,,yes,,,,,True,-37.8110585,144.9632687
node/12175749077,Pretty House Cosmetics,wheelchair_accessible_place,,yes,,,,,True,-37.8111891,144.9632734
node/12175749079,Results Laser Clinic,wheelchair_accessible_place,,yes,,,,,True,-37.8110412,144.963135
node/12175749080,My Place Massage And Day Spa,wheelchair_accessible_place,,yes,,,,,True,-37.8111296,144.9631557
node/12175749082,Chemist Warehouse,wheelchair_accessible_place,pharmacy,yes,,,,,True,-37.8116174,144.9635041
node/12175749083,Bailey And Nelson,wheelchair_accessible_place,,yes,,,,,True,-37.8113252,144.9633914
node/12175749084,Celebrity Ink Tattoo,wheelchair_accessible_place,,yes,,,,,True,-37.8109715,144.9632322
node/12175749086,Mini Sou,wheelchair_accessible_place,,yes,,,,,True,-37.811169,144.963315
node/12175749087,Specsavers,wheelchair_accessible_place,,yes,,,,,True,-37.811518,144.9634668
node/12175749090,Essential Beauty,wheelchair_accessible_place,,yes,,,,,True,-37.8114293,144.9634294
node/12175754473,Krispy Kreme,wheelchair_accessible_place,fast_food,yes,,,,,True,-37.8102557,144.9627468
node/12175758065,Disc,wheelchair_accessible_place,,yes,,,,,True,-37.8102066,144.9629132
node/12175767216,Just Cuts,wheelchair_accessible_place,,yes,,,,,True,-37.810643,144.9629591
node/12175767217,Looksmart Alterations,wheelchair_accessible_place,,yes,,,,,True,-37.8107078,144.9631137
node/12175767218,La Cosmetique,wheelchair_accessible_place,,yes,,,,,True,-37.8105222,144.9629098
node/12175767219,ComeBuyTea,wheelchair_accessible_place,cafe,yes,,,,,True,-37.8109235,144.9630703
node/12175767220,Just Threading,wheelchair_accessible_place,,yes,,,,,True,-37.8105675,144.9629205
node/12175767221,Pop Mart,wheelchair_accessible_place,,yes,,,,,True,-37.8108556,144.9630468
node/12175767222,Elite Supplements,wheelchair_accessible_place,,yes,,,,,True,-37.8107222,144.9629798
node/12175767223,Lei Lei,wheelchair_accessible_place,,yes,,,,,True,-37.8107771,144.9631468
node/12175767224,Sens Chinese Massage,wheelchair_accessible_place,,yes,,,,,True,-37.8105959,144.9630649
node/12175767225,Heydays,wheelchair_accessible_place,,yes,,,,,True,-37.810779,144.9630145
node/12175767226,Wheelchair Accessible Place,wheelchair_accessible_place,,yes,,,,,True,-37.810654,144.9630883
node/12175767227,I Am,wheelchair_accessible_place,,yes,,,,,True,-37.8108151,144.9631672
node/12175767228,St Station,wheelchair_accessible_place,,yes,,,,,True,-37.8108919,144.9632128
node/12175777441,Socks Club,wheelchair_accessible_place,,yes,,,,,True,-37.8105342,144.9630346
node/12175777442,Repair Pro,wheelchair_accessible_place,,yes,,,,,True,-37.8104772,144.9630144
node/12175777443,Hairhouse,wheelchair_accessible_place,,yes,,,,,True,-37.8104147,144.9629923
node/12175777724,One Plus Piece,wheelchair_accessible_place,fast_food,yes,,,,,True,-37.8102515,144.9628137
node/12175777725,Kurimu,wheelchair_accessible_place,,yes,,,,,True,-37.8103509,144.9628413
node/12175777726,Sushi Hub,wheelchair_accessible_place,fast_food,yes,,,,,True,-37.8103005,144.9628276
node/12175777727,Yoart,wheelchair_accessible_place,ice_cream,yes,,,,,True,-37.8104128,144.9628661
node/12175777730,Soul Origin,wheelchair_accessible_place,fast_food,yes,,,,,True,-37.8103674,144.9629777
node/12175777731,All Candy,wheelchair_accessible_place,,yes,,,,,True,-37.8103828,144.962856
node/12175777733,Hometown Grocer,wheelchair_accessible_place,,yes,,,,,True,-37.8103363,144.963081
node/12175777734,Chatime,wheelchair_accessible_place,cafe,yes,,,,,True,-37.8102884,144.9629555
node/12175779433,Hu Food Fried Skewers,wheelchair_accessible_place,fast_food,yes,,,,,True,-37.8102973,144.9626074
node/12175779438,Coppepan Japanese Bakery,wheelchair_accessible_place,,yes,,,,,True,-37.8102508,144.9625289
node/12175779440,Merry Seasons,wheelchair_accessible_place,,yes,,,,,True,-37.8104639,144.9620383
node/12175803202,Mister Minit,wheelchair_accessible_place,,yes,,Sa-We 10:00-19:00; Th-Fr 10:00-21:00,,,True,-37.8102926,144.9623631
node/12175803203,Beauty Genesis,wheelchair_accessible_place,,yes,,,,,True,-37.810274,144.9624478
node/12175803204,Elephone,wheelchair_accessible_place,,yes,,,,,True,-37.8103925,144.9622909
node/12175803205,Gocha Cafe,wheelchair_accessible_place,cafe,yes,,,,,True,-37.8103157,144.9625334
node/12175803206,Tobacconist,wheelchair_accessible_place,,yes,,,,,True,-37.8103644,144.9624082
node/12175803207,Classic Barber,wheelchair_accessible_place,,yes,,,,,True,-37.8104168,144.9621979
node/12175803209,Central Station News,wheelchair_accessible_place,,yes,,,,,True,-37.8103343,144.9624758
node/12175813193,Wheelchair Accessible Place,wheelchair_accessible_place,cafe,yes,,,,,True,-37.8106095,144.9619218
node/12175813194,Son In Law,wheelchair_accessible_place,fast_food,yes,,Mo-Su 12:00-19:00; PH closed,,,True,-37.8106556,144.9622328
node/12175813195,Axil,wheelchair_accessible_place,cafe,yes,,Mo-Fr 19:00-16:00,,,True,-37.8106553,144.9617596
node/12175813197,Poke Bibimbap,wheelchair_accessible_place,fast_food,yes,,,,,True,-37.8106155,144.9621117
node/12175813199,Ajisen Ramen,wheelchair_accessible_place,restaurant,yes,,"Mo-Th,Su 11:30-20:30; Fr-Sa 11:30-21:00; PH closed",,,True,-37.8106198,144.9624054
node/12175825801,Inasal Express,wheelchair_accessible_place,fast_food,yes,,,,,True,-37.8105834,144.9620415
node/12176769369,Wheelchair Accessible Place,wheelchair_accessible_place,drinking_water,yes,,,,,True,-37.707452,144.9329355
node/12176769370,Wheelchair Accessible Place,wheelchair_accessible_place,drinking_water,yes,,,,,True,-37.7197078,144.9366363
node/12176917952,Wheelchair Accessible Place,wheelchair_accessible_place,,yes,,,,,True,-37.7933251,144.9814638
node/12179303756,Wheelchair Accessible Place,wheelchair_accessible_place,drinking_water,yes,,,Yarra Ranges Shire Council,,True,-37.6530247,145.5207679
node/12179493293,Entrance to UMSU Union Mart & UoM Fooed Relief,wheelchair_accessible_place,,yes,,,,,True,-37.7996885,144.9632917
node/12179517413,Student Dining,wheelchair_accessible_place,fast_food,yes,,,,,True,-37.7987669,144.9629871
node/12181721499,Wheelchair Accessible Place,wheelchair_accessible_place,,yes,,Mo-Su 08:00-18:00,Bayside City Council,,True,-37.9172447,144.9866163
node/12187415828,Wheelchair Accessible Place,wheelchair_accessible_place,toilets,yes,,,,,True,-37.7679952,144.9637517
node/12189113637,Lovey Patisserie,wheelchair_accessible_place,cafe,yes,,"Mo-Th,Su 10:00-18:00; Fr-Sa 10:00-20:00",,,True,-37.8078828,144.9590807
node/12196913288,Wheelchair Accessible Place,wheelchair_accessible_place,toilets,yes,,,,,True,-37.7091107,144.9382784
node/12197003530,Wheelchair Accessible Place,wheelchair_accessible_place,drinking_water,yes,,,,,True,-37.7046328,144.9211072
node/12197003925,Wheelchair Accessible Place,wheelchair_accessible_place,drinking_water,yes,,,,,True,-37.7045794,144.9142336
node/12200541745,Container Deposit Scheme,wheelchair_accessible_place,recycling,yes,,Mo-Su 07:00-20:00,VISY,,True,-37.7018682,145.1018375
node/12200541746,Container Deposit Scheme,wheelchair_accessible_place,recycling,yes,,Mo-Su 07:00-20:00,VISY,,True,-37.7039017,145.1018871
node/12200675825,Campus Auditorium/Lecture Theatre,wheelchair_accessible_place,events_venue,yes,,,The University of Melbourne,,True,-37.8889806,144.6934727
node/12201111110,Wheelchair Accessible Place,wheelchair_accessible_place,drinking_water,yes,,,,,True,-37.7041583,144.9170601
node/12201111117,Wheelchair Accessible Place,wheelchair_accessible_place,drinking_water,yes,,,,,True,-37.7077688,144.9223583
node/12201111118,Wheelchair Accessible Place,wheelchair_accessible_place,drinking_water,yes,,,,,True,-37.7100228,144.920904
node/12201111119,Wheelchair Accessible Place,wheelchair_accessible_place,drinking_water,yes,,,,,True,-37.7138837,144.9251158
node/12201201732,West Brunswick Veterinary Clinic,wheelchair_accessible_place,veterinary,yes,,Mo 08:00-17:30; Tu-Fr 08:00-17:00; Sa 08:30-13:00; Su off,,,True,-37.7694225,144.9427165
node/12201419957,Phở Hùng Vương,wheelchair_accessible_place,restaurant,yes,,"Mo-Tu,Th-Su 09:00-20:30; We off",,,True,-37.7997626,144.9006877
node/12201911691,Container Deposit Scheme,wheelchair_accessible_place,recycling,yes,,Mo-Su 07:00-20:00,VISY,,True,-37.7611478,145.1515321
node/12207990302,Wheelchair Accessible Place,wheelchair_accessible_place,toilets,yes,,,,,True,-37.8963545,145.0724842
node/12213368682,Simply Mike’s,wheelchair_accessible_place,,yes,,,,,True,-37.7557356,144.963944
node/12213436539,Oriental Teahouse,wheelchair_accessible_place,restaurant,yes,,We-Sa 16:30-20:30; Su-Tu off,,,True,-37.7608112,144.9622361
node/12228991418,eeny meeny,wheelchair_accessible_place,cafe,yes,,Mo-Su 08:00-15:00,,,True,-38.1442459,145.1248731
node/12230564407,Roza's Kitchen Pizza & Burger Bar,wheelchair_accessible_place,restaurant,yes,,,,,True,-37.823514,144.9632266
node/12234014901,Wheelchair Accessible Place,wheelchair_accessible_place,,yes,,,,,True,-37.8536184,145.372877
node/12234034675,Princess Boutique,wheelchair_accessible_place,,yes,,,,,True,-37.7634954,144.9628908
node/12234034676,Colour Kultcha Hair,wheelchair_accessible_place,,yes,,"Mo,Su off; Tu-We,Fr 10:00-17:30; Th 10:00-21:00; Sa 09:00-16:00",,,True,-37.7635562,144.9628784
node/12234355977,Mates Kebab,wheelchair_accessible_place,restaurant,yes,,"Mo-Th,Su 17:00-01:00; Fr-Sa 17:00-02:00",,,True,-37.7618963,144.9631528
node/12234355979,Repco,wheelchair_accessible_place,,yes,,Mo-Fr 08:00-17:00; Sa 08:00-16:00; Su 09:00-15:00,,,True,-37.7624392,144.9630735
node/12240741515,The Loft Barbier,wheelchair_accessible_place,,yes,,Mo-We 10:00-18:00; Th-Fr 10:00-20:00; Sa 09:00-17:00; Su off,,,True,-37.7736296,144.9979926
node/12240741516,Tahina,wheelchair_accessible_place,restaurant,yes,,,,,True,-37.7736656,144.9979855
node/12247267957,Greg Sharman Denture Clinic,wheelchair_accessible_place,dentist,yes,,"""By appointment only""",,,True,-38.1440281,145.1247918
node/12247286171,Shangri La Massage,wheelchair_accessible_place,,yes,,Mo-Su 10:00-20:00,,,True,-38.1440448,145.1248424
node/12247332001,Apparel Rock,wheelchair_accessible_place,,yes,,Mo-Sa 09:30-17:00; Su off,,,True,-38.1436273,145.1242111
node/12249154985,Impact Realty Group,wheelchair_accessible_place,,yes,,,,,True,-38.2046776,145.0990171
node/12249202462,Sundara Salon,wheelchair_accessible_place,,yes,,,,,True,-38.2046531,145.0989527
node/12249348556,Maine House Interiors,wheelchair_accessible_place,,yes,,,,,True,-38.1826851,145.0903904
node/12249370580,Family Life Op Shop,wheelchair_accessible_place,,yes,,Mo-Fr 09:00-17:00; Sa 09:00-16:00; Su 10:00-16:00,,,True,-38.1832404,145.0894087
node/12249382416,The Land Agent,wheelchair_accessible_place,,yes,,,,,True,-38.1837147,145.0882974
node/12249385322,Lash Envy Melbourne,wheelchair_accessible_place,,yes,,"Mo,Tu,Fr 09:00-17:00; We,Th 09:00-21:00; Sa 09:00-16:00",,,True,-38.1836272,145.0883694
node/12249385329,Onyx Hair Salon,wheelchair_accessible_place,,yes,,"Tu,We 09:00-17:30; Th 09:00-21:00; Fr 09:00-20:00; Sa 09:00-16:00; Su off",,,True,-38.1835268,145.088439
node/12249385442,Mount Eliza Podiatry,wheelchair_accessible_place,doctors,yes,,"Mo,Tu 09:00-15:30; Th 07:30-15:00",,,True,-38.1825847,145.0903125
node/12249387765,Buxton Real Estate,wheelchair_accessible_place,,yes,,,,,True,-38.1832205,145.0894651
node/12249401906,W Method Pilates,wheelchair_accessible_place,,yes,,,,,True,-38.1826411,145.0902346
node/12250250827,Mt Terrasse,wheelchair_accessible_place,restaurant,yes,,"We,Sa,Su 07:00-23:00+, We,Su 07:00-16:00; Mo,Tu off",,,True,-38.1841597,145.0893593
node/12251935108,Oxbridge Barber Shop,wheelchair_accessible_place,,yes,,Mo-Fr 09:00-18:30,,,True,-37.8164923,144.9595824
node/12252001572,Le Petit Gateau,wheelchair_accessible_place,cafe,yes,,"Mo-Fr 08:00-16:00; Sa,Su off",,,True,-37.8163157,144.9595571
node/12252004191,We ❤️ U,wheelchair_accessible_place,,yes,,Mo-Fr 09:00-17:00,,,True,-37.8165237,144.9594449
node/12252005154,Terrace Deli,wheelchair_accessible_place,restaurant,yes,,,,,True,-37.8165319,144.9593835
node/12252194951,7-Eleven,wheelchair_accessible_place,,yes,,,,,True,-37.817352,144.9595941
node/12252564142,Wheelchair Accessible Place,wheelchair_accessible_place,,yes,,,,,True,-37.974756,145.0661296
node/12252564143,Wheelchair Accessible Place,wheelchair_accessible_place,,yes,,,,,True,-37.9745331,145.0665925
node/12252564144,Wheelchair Accessible Place,wheelchair_accessible_place,,yes,,,,,True,-37.9746636,145.0663763
node/12252625811,Wheelchair Accessible Place,wheelchair_accessible_place,public_bookcase,yes,,24/7,Richmond Uniting Church,,True,-37.8205592,144.9987072
node/12252625812,Wheelchair Accessible Place,wheelchair_accessible_place,public_bookcase,yes,,24/7,,,True,-37.8150711,145.0366338
node/12252686946,Wheelchair Accessible Place,wheelchair_accessible_place,drinking_water,yes,,,City of Stonnington,,True,-37.8564309,145.0290994
node/12254147656,Dirty Little Secret,wheelchair_accessible_place,,yes,,,,,True,-38.1840175,145.0888178
node/12254159252,Brian's Gourmet Meats,wheelchair_accessible_place,,yes,,Mo-Fr 07:00-17:00; Sa 09:00-12:30,,,True,-38.1849349,145.0889312
node/12254161532,Bendigo Bank,wheelchair_accessible_place,bank,yes,,Mo-Fr 09:30-16:00,,,True,-38.1846287,145.0889402
node/12254161730,Barbercuts,wheelchair_accessible_place,,yes,,Mo-Fr 09:00-17:00; Sa 08:00-13:00; Su off,,,True,-38.1842228,145.0881047
node/12254162403,Marshall White,wheelchair_accessible_place,,yes,,,,,True,-38.1845427,145.0889323
node/12254168039,The Rasoi Tandoori Indian,wheelchair_accessible_place,restaurant,yes,,"Tu-Su,PH 17:00-23:00+",,,True,-38.1841753,145.0881858
node/12254169913,Physios of Mt Eliza,wheelchair_accessible_place,,yes,,Mo-Fr 08:00-19:30; Sa 08:00-13:00,,,True,-38.1842672,145.0888829
node/12254171339,Windmills and Roses,wheelchair_accessible_place,,yes,,Mo-Fr 10:00-15:00; Sa 10:00-13:00,,,True,-38.1839897,145.088476
node/12254171340,Commonwealth Bank,wheelchair_accessible_place,bank,yes,,Mo-Fr 09:30-16:00,,,True,-38.1844086,145.0889081
node/12254172707,Coastal Agents,wheelchair_accessible_place,,yes,,,,,True,-38.1842033,145.0888684
node/12254189627,Fella Hamilton,wheelchair_accessible_place,,yes,,,,,True,-38.1849889,145.0889405
node/12254806027,Wheelchair Accessible Place,wheelchair_accessible_place,public_bookcase,yes,,24/7,,,True,-37.8003134,144.949308
node/12254806029,Little Pantry & FREE Library,wheelchair_accessible_place,social_facility,yes,,24/7,West Melbourne Baptist Church & Community Centre,,True,-37.8058066,144.9478585
node/12254806030,Little Pantry & FREE Library,wheelchair_accessible_place,public_bookcase,yes,,24/7,West Melbourne Baptist Church & Community Centre,,True,-37.8058046,144.9478586
node/12259550884,Melbourne Institute Of Technology,wheelchair_accessible_place,,yes,,,,,True,-37.8102459,144.9609404
node/12259589347,Tan Hung Asian Grocer,wheelchair_accessible_place,,yes,,,,,True,-37.810963,144.9614412
node/12259609423,Optus,wheelchair_accessible_place,,yes,,,,,True,-37.8102089,144.9630399
node/12259609424,Melbourne Central Guest Services Centre,wheelchair_accessible_place,,yes,,,,,True,-37.8105042,144.9630395
node/12259609426,Fossil,wheelchair_accessible_place,,yes,,,,,True,-37.8102041,144.9631969
node/12259609427,Lush,wheelchair_accessible_place,,yes,,,,,True,-37.8102242,144.9629152
node/12259611355,Central Point,wheelchair_accessible_place,pub,yes,,,,,True,-37.8112766,144.9615737
node/12259614705,Puzzle Coffee,wheelchair_accessible_place,cafe,yes,,,,,True,-37.810342,144.9633882
node/12259620498,Sephora,wheelchair_accessible_place,,yes,,,,,True,-37.8103911,144.9628681
node/12259620499,innisfree,wheelchair_accessible_place,,yes,,,,,True,-37.8103277,144.9628393
node/12259620500,Foot Locker,wheelchair_accessible_place,,yes,,,,,True,-37.8105265,144.9629383
node/12259627701,yd.,wheelchair_accessible_place,,yes,,,Retail Apparel Group,,True,-37.8104698,144.9629038
node/12259791642,Essence of Style,wheelchair_accessible_place,,yes,,Mo 10:00-17:30; Tu-Fr 09:00-17:30; Sa 09:00-17:00; Su off,,,True,-38.1846596,145.0894304
node/12264598493,Yoi,wheelchair_accessible_place,restaurant,yes,,,,,True,-37.8087213,144.9592777
node/12264598496,Ichigo,wheelchair_accessible_place,cafe,yes,,,,,True,-37.8086376,144.9593948
node/12264891791,Oscar Wylee,wheelchair_accessible_place,,yes,,,,,True,-38.218843,145.0394169
node/12264905482,Mornington NEWS & LOTTO,wheelchair_accessible_place,,yes,,,,,True,-38.2188705,145.0398712
node/12264921187,The Butcher Club,wheelchair_accessible_place,,yes,,,,,True,-38.2189435,145.039928
node/12264922057,Just Walking,wheelchair_accessible_place,,yes,,,,,True,-38.2190122,145.0399756
node/12264922058,Sports Co,wheelchair_accessible_place,,yes,,,,,True,-38.2188071,145.03982
node/12264922059,Deep Blue Florist,wheelchair_accessible_place,,yes,,,,,True,-38.2187831,145.0395869
node/12264927811,Jamaica Blue,wheelchair_accessible_place,cafe,yes,,,,,True,-38.2184677,145.0391434
node/12264940388,Container Deposit Scheme,wheelchair_accessible_place,payment_centre,yes,,"Mo-Fr 09:00-17:00; Sa,Su 09:00-16:00",,,True,-38.2312976,145.0525098
node/12264941496,Daniel's Donuts,wheelchair_accessible_place,fast_food,yes,,,,,True,-38.218322,145.039293
node/12264961514,OPSM,wheelchair_accessible_place,,yes,,"Mo-We 08:30-17:30; Th,Fr 08:30-19:00; Sa 08:30-17:00; Su 10:00-17:00",,,True,-38.218904,145.039478
node/12264966541,Liquorland,wheelchair_accessible_place,,yes,,Mo-We 09:00-20:00; Th-Sa 09:00-21:00; Su 10:00-20:00,,,True,-38.2190733,145.0396346
node/12264970274,House,wheelchair_accessible_place,,yes,,,,,True,-38.2187624,145.0397727
node/12264985405,Chatime,wheelchair_accessible_place,cafe,yes,,,,,True,-38.2189617,145.0397439
node/12264997772,Cre8te,wheelchair_accessible_place,,yes,,,,,True,-38.2185512,145.0392157
node/12264997826,Mister Minit,wheelchair_accessible_place,,yes,,,,,True,-38.218824,145.0396275
node/12265021125,Soul Origin,wheelchair_accessible_place,cafe,yes,,,,,True,-38.2183777,145.0393331
node/12265023417,Wheelchair Accessible Place,wheelchair_accessible_place,toilets,yes,,,,,True,-38.2186563,145.0396895
node/12270358600,The $2 Shop,wheelchair_accessible_place,,yes,,,,,True,-37.7864335,145.1265243
node/12270405558,Alter It,wheelchair_accessible_place,,yes,,,,,True,-37.7861921,145.1265961
node/12270426754,Ted's,wheelchair_accessible_place,,yes,,,,,True,-37.7859689,145.1262104
node/12270427440,Just Cuts,wheelchair_accessible_place,,yes,,,,,True,-37.7863918,145.1262326
node/12270427443,Wheel & Barrow,wheelchair_accessible_place,,yes,,,,,True,-37.7861381,145.1262156
node/12270427444,Cuts Only,wheelchair_accessible_place,,yes,,,,,True,-37.786048,145.1262037
node/12270427445,Toyworld,wheelchair_accessible_place,,yes,,,,,True,-37.7862883,145.1262317
node/12270427447,Doncaster Florist,wheelchair_accessible_place,,yes,,,,,True,-37.7861027,145.1263684
node/12270450901,Bakers Delight,wheelchair_accessible_place,,yes,,,,,True,-37.7861904,145.1265008
node/12270450902,Laser Clinics Australia,wheelchair_accessible_place,,yes,,,,,True,-37.7862572,145.1265186
node/12270450904,BWS,wheelchair_accessible_place,,yes,,,,,True,-37.7865599,145.1265284
node/12270450905,Sharetea,wheelchair_accessible_place,cafe,yes,,,,,True,-37.786526,145.1263349
node/12270450906,My Chemist,wheelchair_accessible_place,,yes,,Mo-We 09:00-17:30; Th-Fr 09:00-21:00; PH closed; Sa 09:00-18:00; Su 10:00-17:00,,,True,-37.7865105,145.1262325
node/12270450907,Lotto,wheelchair_accessible_place,,yes,,,,,True,-37.7862021,145.1263413
node/12270450909,Sushi Sushi,wheelchair_accessible_place,restaurant,yes,,,,,True,-37.7863278,145.1263408
node/12289093108,Wheelchair Accessible Place,wheelchair_accessible_place,,yes,,,,,True,-37.8637771,145.3201651
node/12293313429,Wheelchair Accessible Place,wheelchair_accessible_place,,yes,,,,,True,-37.880135,145.2678651
node/12297865073,Leafy Lovers,wheelchair_accessible_place,,yes,,Mo-Fr 09:30-17:00; Sa 10:00-14:00; Su off,,,True,-38.1848869,145.0894843
node/12298079221,Katie's Koffee and Cake,wheelchair_accessible_place,cafe,yes,,Mo-Fr 07:30-15:00; Sa 07:30-14:00; Su off,,,True,-38.1847574,145.0896637
node/12298196128,Impact Realty Group,wheelchair_accessible_place,,yes,,,,,True,-38.1433506,145.1232785
node/12300392276,AnaBella Hair Studio,wheelchair_accessible_place,,yes,,"Mo-We,Fr 09:00-17:00; Th 09:00-20:00; Sa 08:00-16:00",,,True,-38.1843217,145.089371
node/12300426572,Pollen,wheelchair_accessible_place,,yes,,,,,True,-38.1845044,145.0893936
node/12300443591,Sea of Love,wheelchair_accessible_place,,yes,,Mo-Sa 09:30-17:00,,,True,-38.1843781,145.0893814
node/12301370581,Wheelchair Accessible Place,wheelchair_accessible_place,public_bookcase,yes,,"Mo-Su,PH 00:00-24:00",,,True,-37.8113913,145.0206246
node/12306501051,Wheelchair Accessible Place,wheelchair_accessible_place,toilets,yes,,,,,True,-37.7580735,145.310823
node/12310570696,Tofu Shoten,wheelchair_accessible_place,,yes,,"Mo,We-Su 11:00-17:00; Tu off",,,True,-37.7722209,144.9605098
node/12310919475,Wheelchair Accessible Place,wheelchair_accessible_place,shower,yes,,24/7,Bayside City Council,,True,-37.9172899,144.986513
node/12316528010,Cellarbrations,wheelchair_accessible_place,,yes,,Su-Tu 10:00-20:00; We-Sa 10:00-21:00,,,True,-38.1651936,145.1879399
node/12317589891,Bottler,wheelchair_accessible_place,,yes,,,,,True,-37.8036392,145.1178443
node/12318806028,Foremost,wheelchair_accessible_place,cafe,yes,,"Mo-Fr 07:00-15:00; Sa,Su 07:30-15:00",,,True,-37.8291898,144.9708848
node/12319940833,Wheelchair Accessible Place,wheelchair_accessible_place,,yes,,,,,True,-37.8081676,144.8902881
node/12324887105,Wheelchair Accessible Place,wheelchair_accessible_place,,yes,,,,,True,-37.8170133,144.9926067
node/12324887111,Mr John Cunningham,wheelchair_accessible_place,doctors,yes,,Mo-Fr 08:00-17:00,Mr John Cunningham,,True,-37.8174212,144.9925678
node/12325544327,Flood Restoration Melbourne,wheelchair_accessible_place,,yes,,24/7,,,True,-37.8350173,144.976297
node/12333196257,Osoi,wheelchair_accessible_place,cafe,yes,,Mo-Fr 07:30-15:00; Sa-Su 08:00-15:00,,,True,-37.7601578,144.9610405
node/12338088795,Marayam Gold,wheelchair_accessible_place,bureau_de_change,yes,,,,,True,-37.7417191,144.9663848
node/12338088798,Dollar Dealers,wheelchair_accessible_place,,yes,,,,,True,-37.7418257,144.9663719
node/12338089589,Coburg Health Shop,wheelchair_accessible_place,,yes,,,,,True,-37.7423628,144.9662565
node/12338089590,Sleek Boutique,wheelchair_accessible_place,,yes,,,,,True,-37.7423285,144.9662637
node/12338089593,Najaf Jewellers,wheelchair_accessible_place,,yes,,,,,True,-37.7415257,144.966413
node/12338116784,Sussan,wheelchair_accessible_place,,yes,,,,,True,-37.742863,144.9661654
node/12338210667,Pharaoh Hair And Beauty Salon,wheelchair_accessible_place,,yes,,,,,True,-37.7448528,144.9661211
node/12342515745,Wheelchair Accessible Place,wheelchair_accessible_place,,yes,,,,,True,-37.808966,144.9858169
node/12342543445,Ace Barber House,wheelchair_accessible_place,,yes,,"Mo,Tu 09:30-17:00; We-Fr 09:00-17:00; Sa 09:00-16:00; Su,PH 10:30-14:30",,,True,-38.1414344,145.2077621
node/12342563803,Anytime Fitness,wheelchair_accessible_place,,yes,,Mo-Su 00:00-00:00,,,True,-38.1417391,145.2082953
node/12343134753,Anytime Fitness,wheelchair_accessible_place,,yes,,24/7,,,True,-37.7661896,144.9587043
node/12347384591,Harding Rd/Warrandyte-Ringwood Rd,wheelchair_accessible_place,,yes,,,,,True,-37.7524858,145.2345291
node/12350365634,Panda Dry Cleaning & Laundry,wheelchair_accessible_place,,yes,,Mo-Fr 08:30-17:30; Sa 09:00-12:00; Su off,,,True,-37.9531445,145.0210299
node/12350388146,Artform,wheelchair_accessible_place,,yes,,Mo-Fr 09:30-15:00; Sa-Su off,,,True,-37.9532278,145.0210082
node/12350388147,Cherry Blossom Massage,wheelchair_accessible_place,,yes,,,,,True,-37.9533499,145.0209908
node/12352442247,The Yarra Store,wheelchair_accessible_place,,yes,,,,,True,-37.7393301,145.2297052
node/12360512562,Melrose Dental,wheelchair_accessible_place,dentist,yes,,,,,True,-37.9497028,145.0037256
node/12360517776,Sandringham Living,wheelchair_accessible_place,,yes,,,,,True,-37.9502681,145.0039098
node/12360526483,Wheelchair Accessible Place,wheelchair_accessible_place,,yes,,,,,True,-37.9492746,145.0032761
node/12360532052,Dagach,wheelchair_accessible_place,restaurant,yes,,"Mo off; Tu-Fr 17:00-22:00; Sa-Su 12:00-14:30,17:00-22:00",,,True,-37.9513264,145.0039023
node/12360532054,Bay Road Dental,wheelchair_accessible_place,dentist,yes,,Mo 08:00-19:00; Tu-Fr 08:00-17:00; Sa 08:30-13:00; Su off,,,True,-37.9517392,145.0052754
node/12360535382,All Souls Opportunity Shop,wheelchair_accessible_place,,yes,,,,,True,-37.9520275,145.0054337
node/12360545274,Belle Property,wheelchair_accessible_place,,yes,,"""Appointment Only""",,,True,-37.9519533,145.004885
node/12360545275,Doctors @ Bayside,wheelchair_accessible_place,doctors,yes,,,,,True,-37.9519412,145.0047952
node/12361037446,Wheelchair Accessible Place,wheelchair_accessible_place,drinking_water,yes,,,Yarra Valley Water,,True,-37.7986134,145.3237167
node/12361047143,Wheelchair Accessible Place,wheelchair_accessible_place,drinking_water,yes,,,Yarra Valley Water,,True,-37.7999881,145.3226676
node/12366548773,Dymocks,wheelchair_accessible_place,,yes,,,,,True,-37.7855019,145.1260299
node/12366548775,BStore,wheelchair_accessible_place,,yes,,,,,True,-37.7856126,145.1259105
node/12366613572,Westfield Doncaster Information,wheelchair_accessible_place,,yes,,,,,True,-37.7853794,145.1257348
node/12366945839,Cue,wheelchair_accessible_place,,yes,,,,,True,-37.7845433,145.1258858
node/12366945840,Aje Athletica,wheelchair_accessible_place,,yes,,,,,True,-37.7844647,145.1255212
node/12366945841,Zimmerman,wheelchair_accessible_place,,yes,,,,,True,-37.7841957,145.125876
node/12366945842,R.M.Williams,wheelchair_accessible_place,,yes,,,,,True,-37.784347,145.1255107
node/12366945843,Aquila,wheelchair_accessible_place,,yes,,,,,True,-37.7844288,145.1258883
node/12366945844,Country Road,wheelchair_accessible_place,,yes,,,,,True,-37.7847317,145.1255205
node/12366945845,Victoria & Woods,wheelchair_accessible_place,,yes,,,,,True,-37.7843042,145.1258846
node/12366969089,Miele,wheelchair_accessible_place,,yes,,,,,True,-37.7853827,145.1261864
node/12366982855,Superdry,wheelchair_accessible_place,,yes,,,,,True,-37.7859071,145.1259202
node/12366990507,SkinKandy,wheelchair_accessible_place,,yes,,,,,True,-37.7856951,145.1259147
node/12366990508,Kathmandu,wheelchair_accessible_place,,yes,,,,,True,-37.7857841,145.1259202
node/12366994496,Sephora,wheelchair_accessible_place,,yes,,,,,True,-37.7843585,145.1254643
node/12366994497,Portmans,wheelchair_accessible_place,,yes,,,,,True,-37.7841705,145.1254743
node/12367012503,AU79,wheelchair_accessible_place,cafe,yes,,,,,True,-37.7842367,145.1256755
node/12368790328,Gaia Skin Clinic,wheelchair_accessible_place,,yes,,"Mo,Tu,Fr 09:30-16:00; We,Th 09:30-17:00",,,True,-38.2205691,145.0400328
node/12368804148,Thrive,wheelchair_accessible_place,,yes,,Mo-Fr 09:00-17:30; Sa 09:00-17:00; Su 09:00-16:00,,,True,-38.2206433,145.0398032
node/12376047026,Wheelchair Accessible Place,wheelchair_accessible_place,toilets,yes,,,,,True,-38.0040555,145.1689308
node/12387350279,The Golden Star Anise,wheelchair_accessible_place,restaurant,yes,,,,,True,-37.8123009,144.9676662
node/12387410569,Thai Town,wheelchair_accessible_place,restaurant,yes,,,,,True,-37.8106105,144.9662838
node/12387445669,Wow Crepes,wheelchair_accessible_place,fast_food,yes,,Mo-Fr 08:30-17:30; Sa 09:30-18:30; Su 09:30-16:30,,,True,-37.8126536,144.966081
node/12392924280,Wheelchair Accessible Place,wheelchair_accessible_place,toilets,yes,,,,,True,-37.8100896,145.1094386
node/12406919043,Street Library,wheelchair_accessible_place,public_bookcase,yes,,24/7,,,True,-37.7857393,145.031638
node/12411616362,Helloworld Travel,wheelchair_accessible_place,,yes,,,,,True,-37.8233107,145.0975403
node/12411616423,Style Queen,wheelchair_accessible_place,,yes,,,,,True,-37.8233648,145.0975278
node/12411616873,Reunion Cafe Dining,wheelchair_accessible_place,cafe,yes,,,,,True,-37.8231909,145.0975739
node/12411616917,TerryWhite Chemmart,wheelchair_accessible_place,pharmacy,yes,,,,,True,-37.8234201,145.0975238
node/12412221367,Total Wellness Health - GP Clinic,wheelchair_accessible_place,doctors,yes,,,,,True,-37.7620017,144.8616805
node/12414896446,Wheelchair Accessible Place,wheelchair_accessible_place,,yes,,24/7,,,True,-37.8628975,145.7527383
node/12414896460,Powelly Pub,wheelchair_accessible_place,post_office,yes,,,,,True,-37.862856,145.7527419
node/12418142300,Tawooq,wheelchair_accessible_place,restaurant,yes,,11:00-23:00,,,True,-37.7752127,144.9709684
node/12418155216,Harvey's Mart,wheelchair_accessible_place,,yes,,,,,True,-37.8127505,144.9655654
node/12418290379,Ducted Vacuum Warehouse,wheelchair_accessible_place,,yes,,Mo-Fr 09:00-17:00; Sa-Su closed; PH closed,,,True,-37.8260945,145.1225247
node/12418325769,Rockbros,wheelchair_accessible_place,,yes,,Mo-Fr 09:30-17:00; Sa 10:00-16:00; PH closed; Su closed,,,True,-37.8265518,145.1224535
node/12418891846,The Mane Stage,wheelchair_accessible_place,,yes,,"Tu-Fr 10:00-19:00; Sa 09:00-16:00; PH closed; Mo,Su closed",,,True,-37.8230498,145.0980228
node/12418892663,Advanced Hearing,wheelchair_accessible_place,,yes,,,,,True,-37.8230026,145.0980354
node/12418892697,China Wei,wheelchair_accessible_place,restaurant,yes,,"Tu-We,Su 12:00-15:00,17:00-21:00; Th-Sa 12:00-15:00,17:00-21:30; PH closed; Mo closed",,,True,-37.8230855,145.0980221
node/12418893522,Wine & Pizza,wheelchair_accessible_place,restaurant,yes,,,,,True,-37.8235946,145.0979071
node/12418901504,Yu Smiles @ Box Hill,wheelchair_accessible_place,dentist,yes,,,,,True,-37.8288515,145.1215264
node/12418902035,Jiangnan Cuisine,wheelchair_accessible_place,restaurant,yes,,,,,True,-37.8289173,145.1221613
node/12418903361,EasyPay Forex,wheelchair_accessible_place,money_transfer,yes,,,,,True,-37.8288607,145.1216563
node/12418914923,MnM Studio,wheelchair_accessible_place,,yes,,,,,True,-37.8000413,145.1688902
node/12418914991,Dwayne Designs,wheelchair_accessible_place,,yes,,Mo-We 09:00-16:30; Th-Fr 09:00-17:30; PH closed; Sa 09:00-16:30,,,True,-37.8000055,145.168716
node/12418936934,Autobarn,wheelchair_accessible_place,,yes,,"Mo-We 09:00-18:00; Th,Fr 09:00-19:00; Sa,Su 09:00-17:00",,,True,-37.6540679,145.0227827
node/12419059392,Domino's,wheelchair_accessible_place,fast_food,yes,,"Mo-We,Sa 11:00-23:00, Th 11:00-24:00, Sa,Su 11:00-01:00",,,True,-37.7882403,144.9317776
node/12419059393,Subway,wheelchair_accessible_place,fast_food,yes,,"Mo-We 07:30-22:00; Th,Fr 07:30-22:30; Sa 08:00-22:30; Su 08:30-22:00",,,True,-37.7882283,144.9316466
node/12419059395,Wash Bar Coin Laundrette,wheelchair_accessible_place,,yes,,,,,True,-37.7882514,144.9318985
node/12419327823,Australia Post Clayton,wheelchair_accessible_place,post_office,yes,,Mo-Fr 09:00-17:00,Australia Post,,True,-37.9241587,145.1193289
node/12428708457,Wheelchair Accessible Place,wheelchair_accessible_place,,yes,,,,,True,-37.7570467,145.3134491
node/12428708458,Wheelchair Accessible Place,wheelchair_accessible_place,,yes,,,,,True,-37.7569942,145.3130194
node/12437611455,Vodafone,wheelchair_accessible_place,,yes,,,,,True,-37.8103412,144.9633054
node/12437643799,Mad Mex Fresh Mexican Grill,wheelchair_accessible_place,restaurant,yes,,,,,True,-37.8102574,144.9622635
node/12437643800,Shunjiko,wheelchair_accessible_place,restaurant,yes,,,,,True,-37.810122,144.9628124
node/12437671908,Godiva,wheelchair_accessible_place,,yes,,,,,True,-37.8104821,144.9630113
node/12437671909,Standard,wheelchair_accessible_place,,yes,,,,,True,-37.8104942,144.9629646
node/12437671910,Universal Store,wheelchair_accessible_place,,yes,,,,,True,-37.8104166,144.9629332
node/12437671915,MC Dental,wheelchair_accessible_place,dentist,yes,,,,,True,-37.8105949,144.9628161
node/12437671916,Gong Cha,wheelchair_accessible_place,cafe,yes,,,,,True,-37.8104466,144.9630337
node/12437671917,Pigeonhole,wheelchair_accessible_place,,yes,,,,,True,-37.8105346,144.9629779
node/12437671918,Mooii,wheelchair_accessible_place,,yes,,,,,True,-37.8105188,144.9630295
node/12437671919,Academy Brand,wheelchair_accessible_place,,yes,,,,,True,-37.8104676,144.9629489
node/12437671920,Mint My Desk,wheelchair_accessible_place,,yes,,,,,True,-37.8104375,144.9629411
node/12437671921,Top Juice,wheelchair_accessible_place,fast_food,yes,,,,,True,-37.8104206,144.9629743
node/12437671922,Levi's,wheelchair_accessible_place,,yes,,,,,True,-37.810392,144.9629222
node/12437674834,Bnails,wheelchair_accessible_place,,yes,,,,,True,-37.8105705,144.9629977
node/12437674835,Jas,wheelchair_accessible_place,,yes,,,,,True,-37.8105635,144.9630361
node/12437674836,Nosh,wheelchair_accessible_place,fast_food,yes,,,,,True,-37.8105959,144.9630525
node/12437695763,McDonald's,wheelchair_accessible_place,fast_food,yes,,,,,True,-37.8104514,144.9623731
node/12437695845,Pazzi,wheelchair_accessible_place,fast_food,yes,,,,,True,-37.8103931,144.9628648
node/12437708001,Soul Origin,wheelchair_accessible_place,fast_food,yes,,,,,True,-37.8103927,144.9622672
node/12437708002,Sushi Sushi,wheelchair_accessible_place,restaurant,yes,,,,,True,-37.810209,144.9625538
node/12437708003,Marrybrown,wheelchair_accessible_place,fast_food,yes,,,,,True,-37.8102367,144.9623332
node/12437708004,Thailander,wheelchair_accessible_place,fast_food,yes,,,,,True,-37.8102224,144.9624435
node/12437708005,Wonton Wonders,wheelchair_accessible_place,fast_food,yes,,,,,True,-37.8101926,144.9626586
node/12437708006,Schnitz,wheelchair_accessible_place,fast_food,yes,,,,,True,-37.8103402,144.9622127
node/12442791134,Wheelchair Accessible Place,wheelchair_accessible_place,,yes,,,,,True,-37.716808,145.0069992
node/12446912108,Wheelchair Accessible Place,wheelchair_accessible_place,toilets,yes,,,,,True,-37.8681919,145.0478353
node/12455697646,Tokyo Lamington,wheelchair_accessible_place,cafe,yes,,08:00-15:00,,,True,-37.79679,144.96552
node/12456940138,United Currency Exchange,wheelchair_accessible_place,bureau_de_change,yes,,,,,True,-37.8111766,144.9648473
node/12456940139,Annie Bing,wheelchair_accessible_place,,yes,,,,,True,-37.8110114,144.9648232
node/12456940140,Monster Threads,wheelchair_accessible_place,,yes,,,,,True,-37.8112324,144.9648079
node/12456940141,July,wheelchair_accessible_place,,yes,,,,,True,-37.8111158,144.9649522
node/12456940142,Assembly Label,wheelchair_accessible_place,,yes,,,,,True,-37.8109829,144.9649321
node/12456959800,AS Colour,wheelchair_accessible_place,,yes,,,,,True,-37.8110509,144.9650946
node/12457175176,Sushi Hub,wheelchair_accessible_place,fast_food,yes,,,,,True,-37.8111904,144.96539
node/12457175201,Acme de La Vie,wheelchair_accessible_place,,yes,,,,,True,-37.8109428,144.9650364
node/12457207738,Karomi Cafe,wheelchair_accessible_place,cafe,yes,,,,,True,-37.809618,144.9626451
node/12458475386,Stop 139: Glenferrie Road,wheelchair_accessible_place,,yes,,,Keolis Downer,,True,-37.8436267,145.030221
node/12458535116,Wheelchair Accessible Place,wheelchair_accessible_place,drinking_water,yes,,,Bayside City Council,,True,-37.9031869,144.9839875
node/12464148226,Tooradin Original Fish & Chippery,wheelchair_accessible_place,fast_food,yes,,Tu-Su 11:00-19:30; Mo off,,,True,-38.2132564,145.3808999
node/12466228653,Wheelchair Accessible Place,wheelchair_accessible_place,drinking_water,yes,,,,,True,-37.756825,145.346224
node/12466699432,Wheelchair Accessible Place,wheelchair_accessible_place,,yes,,,,,True,-37.7698911,145.1293493
node/12466699437,Wheelchair Accessible Place,wheelchair_accessible_place,,yes,,,,,True,-37.7699637,145.1293102
node/12468219889,Carpet Call,wheelchair_accessible_place,,yes,,,,,True,-38.2189144,145.0604525
node/12468219890,The Bicycle Company,wheelchair_accessible_place,,yes,,Mo-Fr 09:00-17:30; Sa 09:00-16:00; Su 10:00-16:00,,,True,-38.2193532,145.061052
node/12468282823,OZ design furniture,wheelchair_accessible_place,,yes,,Mo-Fr 09:00-17:30; Sa 09:00-17:00; Su 10:00-17:00,,,True,-38.2192664,145.0609286
node/12468283999,Swimart,wheelchair_accessible_place,,yes,,Mo-Fr 09:00-17:30,,,True,-38.2191947,145.060828
node/12474223323,Zimt,wheelchair_accessible_place,cafe,yes,,Tu-Su 08:00-15:00; PH closed; Mo closed,,,True,-37.8227863,145.0980296
node/12474252848,Anne's Pantry,wheelchair_accessible_place,cafe,yes,,,,,True,-37.8236413,145.0978958
node/12474252858,Wheelchair Accessible Place,wheelchair_accessible_place,toilets,yes,,,,,True,-37.8240375,145.0978628
node/12474265175,Vintage Cellars,wheelchair_accessible_place,,yes,,,,,True,-37.8236732,145.0975144
node/12474265176,Luna & Moss Hair,wheelchair_accessible_place,,yes,,,,,True,-37.8235386,145.0975328
node/12474265177,AesthetStudio,wheelchair_accessible_place,,yes,,,,,True,-37.8235915,145.0975357
node/12477221818,K's MiniMart,wheelchair_accessible_place,,yes,,09:00-22:00,,,True,-37.7432381,144.9660586
node/12479401570,Wheelchair Accessible Place,wheelchair_accessible_place,toilets,yes,,,,,True,-38.1836061,145.0896512
node/12479767985,Kenny's Bakery,wheelchair_accessible_place,fast_food,yes,,Mo-Fr 10:00-16:30,,,True,-37.8173583,144.9595548
node/12479772709,People's Coffee,wheelchair_accessible_place,cafe,yes,,Mo-Fr 07:00-16:00,,,True,-37.8172096,144.9599238
node/12479788778,Wheelchair Accessible Place,wheelchair_accessible_place,,yes,,,,,True,-37.756407,145.3121138
node/12479788792,Wheelchair Accessible Place,wheelchair_accessible_place,,yes,,,,,True,-37.7565079,145.3127673
node/12479788793,Wheelchair Accessible Place,wheelchair_accessible_place,,yes,,,,,True,-37.7574259,145.3134107
node/12479836324,Wheelchair Accessible Place,wheelchair_accessible_place,,yes,,,,,True,-37.7570408,145.3124406
node/12483593280,Old Man Pho,wheelchair_accessible_place,fast_food,yes,,,,,True,-37.8104354,144.9661862
node/12483593281,Phoenix Kitchen,wheelchair_accessible_place,fast_food,yes,,,,,True,-37.8105365,144.9662296
node/12483747970,Incu,wheelchair_accessible_place,,yes,,,,,True,-37.810862,144.9652742
node/12483747971,A.P.C.,wheelchair_accessible_place,,yes,,,,,True,-37.8110074,144.9652293
node/12483760686,Carhartt Work in Progress,wheelchair_accessible_place,,yes,,,,,True,-37.8109713,144.9653554
node/12483817081,Chunkytown,wheelchair_accessible_place,fast_food,yes,,,,,True,-37.8104081,144.965821
node/12483817082,Thailander,wheelchair_accessible_place,fast_food,yes,,,,,True,-37.8103212,144.9661663
node/12483817086,Mr. Teriyaki,wheelchair_accessible_place,fast_food,yes,,,,,True,-37.8102716,144.9659157
node/12483858288,Million Life,wheelchair_accessible_place,,yes,,,,,True,-37.8107511,144.9653979
node/12483858290,Puzzle Coffee,wheelchair_accessible_place,,yes,,,,,True,-37.8106513,144.9656359
node/12483858291,Mujosh,wheelchair_accessible_place,,yes,,,,,True,-37.8105287,144.9655212
node/12483858293,Mondo Di Pasta,wheelchair_accessible_place,restaurant,yes,,,,,True,-37.8108131,144.9656067
node/12483858296,Laser Clinics,wheelchair_accessible_place,,yes,,,,,True,-37.810569,144.9653762
node/12483858297,Priceline Pharmacy,wheelchair_accessible_place,pharmacy,yes,,,,,True,-37.8106625,144.9653513
node/12483858298,Qi Healing Massage,wheelchair_accessible_place,,yes,,,,,True,-37.8105489,144.9654572
node/12483858300,Local Hero,wheelchair_accessible_place,fast_food,yes,,,,,True,-37.8105581,144.9659027
node/12483860301,Shanghai Street Food,wheelchair_accessible_place,fast_food,yes,,,,,True,-37.8106003,144.9659856
node/12483861132,Apollo Clinic,wheelchair_accessible_place,,yes,,,,,True,-37.8103374,144.9660333
node/12483861133,No Vacancy,wheelchair_accessible_place,,yes,,"Mo-Fr 07:30-16:00; Sa 10:00-16:00; PH closed; Su ""'some Sundays'""",,,True,-37.8104196,144.9658248
node/12483861135,United Currency Exchange,wheelchair_accessible_place,bureau_de_change,yes,,,,,True,-37.8102842,144.9662228
node/12483877287,Nova Pharmacy,wheelchair_accessible_place,,yes,,,,,True,-37.8106296,144.9653559
node/12483878213,Fitness First,wheelchair_accessible_place,,yes,,,,,True,-37.8106826,144.9659966
node/12483880311,American Rag,wheelchair_accessible_place,,yes,,,,,True,-37.8102555,144.9656642
node/12483880312,Sushi Jiro,wheelchair_accessible_place,restaurant,yes,,,,,True,-37.8105205,144.9659341
node/12483880314,Cafe d'Hong Kong,wheelchair_accessible_place,restaurant,yes,,,,,True,-37.8107819,144.9654178
node/12483915171,Thalia's Tarot,wheelchair_accessible_place,,yes,,,,,True,-37.8123851,144.967173
node/12483915172,Unnie111,wheelchair_accessible_place,,yes,,,,,True,-37.8123422,144.9671526
node/12483915174,Pinchy's,wheelchair_accessible_place,restaurant,yes,,,,,True,-37.812712,144.9673131
node/12483921388,Hair Duo,wheelchair_accessible_place,,yes,,,,,True,-37.812485,144.9673044
node/12483921391,Wheelchair Accessible Place,wheelchair_accessible_place,,yes,,Mo-Sa 11:00-20:00; Su closed; PH closed,,,True,-37.8125403,144.9673315
node/12483926912,Sushi Hotaru,wheelchair_accessible_place,restaurant,yes,,,,,True,-37.8122296,144.9671966
node/12483935246,Pixie Studio,wheelchair_accessible_place,,yes,,,,,True,-37.8122575,144.9673076
node/12483935247,Hair V&A Salon,wheelchair_accessible_place,,yes,,,,,True,-37.8123875,144.9673552
node/12483935250,Nail & Gel,wheelchair_accessible_place,,yes,,,,,True,-37.8121046,144.9671526
node/12491727649,Future Energy Skills,wheelchair_accessible_place,,yes,,Mo-Fr 07:00-17:00; Sa 07:00-15:00; Su 07:00-13:00,,,True,-37.9161061,145.1487331
node/12492489524,Wheelchair Accessible Place,wheelchair_accessible_place,toilets,yes,,,Murphy USA,,True,28.1715018,-80.6724202
node/12492517629,Wheelchair Accessible Place,wheelchair_accessible_place,,yes,,,,,True,28.171502,-80.6723908
node/12505644704,The Noodle Chef,wheelchair_accessible_place,restaurant,yes,,,,,True,-37.9357208,145.002702
node/12505644705,Hampton Banh Mi,wheelchair_accessible_place,restaurant,yes,,10:30-15:30,,,True,-37.9359204,145.0026674
node/12508487348,Noodle Canteen,wheelchair_accessible_place,restaurant,yes,,Mo-Fr 11:00-20:30; Sa 17:00-20:30; Su off,,,True,-37.9511949,145.0042369
node/12511018152,Brush By The Vines,wheelchair_accessible_place,,yes,,,,,True,-37.8138268,144.9386513
node/12511018153,Sarascare,wheelchair_accessible_place,,yes,,,,,True,-37.8139989,144.9389932
node/12511018154,Chase Shiel Custom Sneakers,wheelchair_accessible_place,,yes,,,,,True,-37.8137161,144.9388757
node/12511018155,IS Artworks,wheelchair_accessible_place,,yes,,,,,True,-37.8136152,144.9388302
node/12511018157,Wheelchair Accessible Place,wheelchair_accessible_place,,yes,,,,,True,-37.8138608,144.9389447
node/12511022479,Cco.n,wheelchair_accessible_place,,yes,,,,,True,-37.81412,144.9387866
node/12511022480,BOQ,wheelchair_accessible_place,bank,yes,,,,,True,-37.8140712,144.9390451
node/12511025142,DansDelusion,wheelchair_accessible_place,,yes,,,,,True,-37.8135292,144.9387988
node/12511025143,Magnet Galleries Melbourne,wheelchair_accessible_place,,yes,,,,,True,-37.8136006,144.9385418
node/12511025144,The Cauldron,wheelchair_accessible_place,,yes,,,,,True,-37.8136966,144.9385963
node/12511056450,Wheelchair Accessible Place,wheelchair_accessible_place,,yes,,,,,True,-37.8134593,144.9387776
node/12511056451,Crown,wheelchair_accessible_place,,yes,,,,,True,-37.8133785,144.9384253
node/12511056452,Wheelchair Accessible Place,wheelchair_accessible_place,,yes,,,,,True,-37.8133105,144.9387425
node/12511056453,Saint Kalaro,wheelchair_accessible_place,coworking_space,yes,,,,,True,-37.8134623,144.9384824
node/12511070904,Wheelchair Accessible Place,wheelchair_accessible_place,,yes,,,,,True,-37.8127976,144.9384913
node/12511070905,Peter Jackson,wheelchair_accessible_place,,yes,,,,,True,-37.8131571,144.9383394
node/12511070906,Stem Biros,wheelchair_accessible_place,,yes,,,,,True,-37.8130598,144.9382965
node/12511070907,Rotart Charity Books,wheelchair_accessible_place,,yes,,,,,True,-37.8127359,144.9381731
node/12511070908,Sporting House,wheelchair_accessible_place,,yes,,,,,True,-37.8129066,144.9385477
node/12511070910,Budget Shoes,wheelchair_accessible_place,,yes,,,,,True,-37.8129984,144.9385863
node/12511070911,Books Gifts Station,wheelchair_accessible_place,,yes,,,,,True,-37.8130784,144.9386129
node/12511072916,Wheelchair Accessible Place,wheelchair_accessible_place,,yes,,,,,True,-37.8124206,144.9378382
node/12511072918,Orientcare & Massage,wheelchair_accessible_place,,yes,,,,,True,-37.8125411,144.9379656
node/12511080149,Wheelchair Accessible Place,wheelchair_accessible_place,,yes,,,,,True,-37.8126038,144.9384018
node/12511080150,Luxm Aveda,wheelchair_accessible_place,,yes,,,,,True,-37.8125097,144.9380754
node/12511080151,Tailor2Fit,wheelchair_accessible_place,,yes,,,,,True,-37.8125851,144.9381068
node/12511080152,Xgimi,wheelchair_accessible_place,,yes,,,,,True,-37.8123104,144.9382725
node/12511080153,Wheelchair Accessible Place,wheelchair_accessible_place,,yes,,,,,True,-37.8126597,144.9381358
node/12511080154,Wheelchair Accessible Place,wheelchair_accessible_place,,yes,,,,,True,-37.8126823,144.9384503
node/12511080155,Mini Sou,wheelchair_accessible_place,,yes,,,,,True,-37.8123651,144.9380218
node/12511087555,Hype,wheelchair_accessible_place,,yes,,,,,True,-37.8126099,144.9377174
node/12511087557,Ally Fashion,wheelchair_accessible_place,,yes,,,,,True,-37.8126377,144.9374401
node/12511087558,Nails Avenue,wheelchair_accessible_place,,yes,,,,,True,-37.8124303,144.9377654
node/12511087559,Gelateria On The Docks,wheelchair_accessible_place,ice_cream,yes,,,,,True,-37.8124235,144.9377005
node/12511093206,Kathmandu,wheelchair_accessible_place,,yes,,,,,True,-37.8131221,144.9377377
node/12511093207,Bonds,wheelchair_accessible_place,,yes,,,,,True,-37.8126977,144.9377101
node/12511093208,Wheelchair Accessible Place,wheelchair_accessible_place,,yes,,,,,True,-37.8130461,144.937447
node/12511093209,MCR Odacrise,wheelchair_accessible_place,,yes,,,,,True,-37.8130586,144.9377312
node/12511093210,Fila,wheelchair_accessible_place,,yes,,,,,True,-37.8128496,144.9377073
node/12511093211,Valleygirl,wheelchair_accessible_place,,yes,,,,,True,-37.8129668,144.937718
node/12511093212,Peter & Co,wheelchair_accessible_place,,yes,,,,,True,-37.812938,144.9374382
node/12511094925,Royale Docklands,wheelchair_accessible_place,events_venue,yes,,,,,True,-37.8154292,144.94021
node/12511098029,Wheelchair Accessible Place,wheelchair_accessible_place,,yes,,,,,True,-37.8136328,144.9375635
node/12511098030,Underrated.,wheelchair_accessible_place,,yes,,,,,True,-37.8131807,144.9374674
node/12511098031,Soytoy Club,wheelchair_accessible_place,,yes,,,,,True,-37.8137548,144.9376006
node/12511098032,Popclutcha,wheelchair_accessible_place,,yes,,,,,True,-37.8132665,144.9377704
node/12511098033,Creative Iris Photography,wheelchair_accessible_place,,yes,,,,,True,-37.8132795,144.9379127
node/12511098644,City Chic,wheelchair_accessible_place,,yes,,,,,True,-37.8138543,144.9376363
node/12511098645,Kreative Human,wheelchair_accessible_place,,yes,,,,,True,-37.8142828,144.9378663
node/12511098646,Sporting House,wheelchair_accessible_place,,yes,,,,,True,-37.8141912,144.9381514
node/12511098647,Toyworld,wheelchair_accessible_place,,yes,,,,,True,-37.8139047,144.9380055
node/12511098648,Bossini,wheelchair_accessible_place,,yes,,,,,True,-37.8143511,144.9379163
node/12511098649,Hidden Agenda,wheelchair_accessible_place,,yes,,,,,True,-37.8144202,144.9379587
node/12511098650,Dream In Style,wheelchair_accessible_place,,yes,,,,,True,-37.8141188,144.9377722
node/12511098651,Travelite,wheelchair_accessible_place,,yes,,,,,True,-37.8140284,144.9377337
node/12511098652,Kaisercraft,wheelchair_accessible_place,,yes,,,,,True,-37.8139429,144.9376902
node/12511098653,Alpaka,wheelchair_accessible_place,,yes,,,,,True,-37.8142043,144.9378223
node/12511098654,Souvenirs Direct,wheelchair_accessible_place,,yes,,,,,True,-37.8144921,144.937999
node/12511106579,Moore Educational STEM Learning Centre,wheelchair_accessible_place,,yes,,,,,True,-37.8151197,144.9385695
node/12511106580,Wheelchair Accessible Place,wheelchair_accessible_place,,yes,,,,,True,-37.8148184,144.9383813
node/12511106581,Xpress Supermarket,wheelchair_accessible_place,,yes,,,,,True,-37.8147577,144.9383467
node/12511106582,Sky Derma Clinic,wheelchair_accessible_place,,yes,,,,,True,-37.8152675,144.9386674
node/12511106583,Pets Love Me,wheelchair_accessible_place,,yes,,Tu-Su 10:30-18:30; Mo closed; PH closed,,,True,-37.8149047,144.9384301
node/12511106584,Wheelchair Accessible Place,wheelchair_accessible_place,,yes,,,,,True,-37.815355,144.9387219
node/12519658419,Wheelchair Accessible Place,wheelchair_accessible_place,drinking_water,yes,,,,,True,-38.0651666,145.138133
node/12527596800,Wheelchair Accessible Place,wheelchair_accessible_place,,yes,,,,,True,-37.8185002,145.121239
node/12532705859,Icare,wheelchair_accessible_place,,yes,,Mo-Fr 09:00-17:30; Sa-Su 09:00-17:00; PH closed,,,True,-37.8185942,145.1217101
node/12532705860,HolidayXP,wheelchair_accessible_place,,yes,,,,,True,-37.8186073,145.1219239
node/12532705861,Classic Design Hair Studio,wheelchair_accessible_place,,yes,,,,,True,-37.818597,145.1217983
node/12532705863,Ivy Real Estate,wheelchair_accessible_place,,yes,,,,,True,-37.8186576,145.1216819
node/12532705864,Wheelchair Accessible Place,wheelchair_accessible_place,,yes,,,,,True,-37.8186948,145.121616
node/12532705865,Superforex,wheelchair_accessible_place,bureau_de_change,yes,,,,,True,-37.8185981,145.1218559
node/12532705866,Fancylife,wheelchair_accessible_place,,yes,,,,,True,-37.8185808,145.1216283
node/12532705867,Robam,wheelchair_accessible_place,,yes,,,,,True,-37.8186868,145.1215613
node/12532716432,Oceanking,wheelchair_accessible_place,,yes,,,,,True,-37.8185685,145.1215642
node/12532716433,Style Holic,wheelchair_accessible_place,,yes,,,,,True,-37.8186706,145.1215008
node/12532716434,Wheelchair Accessible Place,wheelchair_accessible_place,atm,yes,,,,,True,-37.8186373,145.1215844
node/12532716435,SweetQJ,wheelchair_accessible_place,,yes,,,,,True,-37.8185583,145.1214993
node/12532716436,Body & Balance Massage,wheelchair_accessible_place,,yes,,Mo-Th 09:00-18:00; Fr 09:00-21:00; PH closed; Su 10:00-18:00,,,True,-37.8185434,145.1214365
node/12532716437,Auspacific,wheelchair_accessible_place,,yes,,,,,True,-37.8186614,145.1214388
node/12532725334,Hui-Hui Supermarket,wheelchair_accessible_place,,yes,,,,,True,-37.8185457,145.1204799
node/12532725335,Home Avenue,wheelchair_accessible_place,,yes,,,,,True,-37.818433,145.1208176
node/12532725336,Yuki Beauty Salon,wheelchair_accessible_place,,yes,,,,,True,-37.8183153,145.1206921
node/12532725337,Box Hill Tobacconist,wheelchair_accessible_place,,yes,,,,,True,-37.8183611,145.1201574
node/12532725338,Box Hill Butcher,wheelchair_accessible_place,,yes,,,,,True,-37.8185237,145.1203059
node/12532725339,Melbourne Arts Academy,wheelchair_accessible_place,,yes,,,,,True,-37.8185666,145.1206913
node/12532777311,The Blacksmith,wheelchair_accessible_place,bar,yes,,,,,True,-37.8250089,144.9930701
node/12532911298,Wheelchair Accessible Place,wheelchair_accessible_place,drinking_water,yes,,,,,True,-37.7651118,145.3570501
node/12537260692,Wheelchair Accessible Place,wheelchair_accessible_place,drinking_water,yes,,,,,True,-37.7647319,145.162362
node/12546203858,Wheelchair Accessible Place,wheelchair_accessible_place,public_bookcase,yes,,24/7,,,True,-37.7956571,144.9888118
node/12547652861,Don Don,wheelchair_accessible_place,restaurant,yes,,,,,True,-37.8101843,144.9570587
node/12547672369,Elite Real Estat,wheelchair_accessible_place,,yes,,,,,True,-37.8103049,144.9567315
node/12547672370,Cheveux,wheelchair_accessible_place,,yes,,,,,True,-37.8103791,144.9564624
node/12547672371,Milano,wheelchair_accessible_place,fast_food,yes,,,,,True,-37.8102831,144.9567894
node/12547672372,East Coast Car Rentals,wheelchair_accessible_place,car_rental,yes,,,,,True,-37.8103339,144.9566206
node/12547809155,Wheelchair Accessible Place,wheelchair_accessible_place,shelter,yes,,,,,True,-37.9445457,145.2208832
node/12547809156,Wheelchair Accessible Place,wheelchair_accessible_place,drinking_water,yes,,,,,True,-37.9463142,145.2233317
node/12547809164,Wheelchair Accessible Place,wheelchair_accessible_place,drinking_water,yes,,,,,True,-37.9466269,145.2203919
node/12557818556,Palomino Neighbourhood Bar,wheelchair_accessible_place,bar,yes,,,,,True,-37.7629304,144.9621749
node/12557818558,Brunswick Dental Clinic,wheelchair_accessible_place,dentist,yes,,10:00-18:00,,,True,-37.7629488,144.962341
node/12557825100,Petbarn,wheelchair_accessible_place,,yes,,Mo-Fr 08:30-18:00; Sa 08:30-17:00; Su 09:00-17:00,,,True,-37.7749201,144.9639216
node/12557835522,Wheelchair Accessible Place,wheelchair_accessible_place,,yes,,,,,True,-37.6996367,144.9733579
node/12557854904,Lotus Medical Centre,wheelchair_accessible_place,doctors,yes,,,,,True,-37.773106,144.9615573
node/12557854905,Lotus Dental,wheelchair_accessible_place,dentist,yes,,,,,True,-37.7731231,144.961493
node/12557855803,Clinker,wheelchair_accessible_place,cafe,yes,,,,,True,-37.7737765,144.961477
node/12557855804,Juanita Peaches,wheelchair_accessible_place,restaurant,yes,,,,,True,-37.7740736,144.961712
node/12557882677,Kantin,wheelchair_accessible_place,restaurant,yes,,,,,True,-37.8041858,144.9665399
node/12557883264,Beku Gelato,wheelchair_accessible_place,ice_cream,yes,,Mo-Th 12:30-22:00; Fr 12:30-23:00; Sa 12:00-23:00; Su 12:00-22:00,,,True,-37.8036367,144.9666452
node/12557905515,Lagoon Dining,wheelchair_accessible_place,restaurant,yes,,"Mo off; Tu-Th,Sa-Su 17:30-21:30; Fr 12:00-14:30,15:30-21:30",,,True,-37.7992948,144.9669713
node/12566708644,Wok's N Dumpling,wheelchair_accessible_place,restaurant,yes,,Mo-Sa 11:00-21:00,,,True,-38.3323439,144.9659324
node/12566769614,Belle Property,wheelchair_accessible_place,,yes,,,,,True,-38.3325077,144.9655579
node/12566952058,Ours,wheelchair_accessible_place,bar,yes,,,,,True,-38.3323739,144.9658788
node/12583349397,Lunar By Hikari,wheelchair_accessible_place,restaurant,yes,,"Mo-Fr 10:00-16:00; Sa-Su 10:00-16:00,18:00-21:30",,,True,-37.7672528,144.9622335
node/12588484693,Hi Joopo Hot Pot,wheelchair_accessible_place,restaurant,yes,,,,,True,-37.8127849,144.9655373
node/12594302927,Central Meat & Co,wheelchair_accessible_place,,yes,,,,,True,-37.765738,144.9539814
node/12594302928,Basfoods Direct,wheelchair_accessible_place,,yes,,Mo-Fr 08:00-18:00; Sa 08:00-17:30; Su 09:00-16:00,,,True,-37.7657056,144.9537798
node/12597982862,Wheelchair Accessible Place,wheelchair_accessible_place,,yes,,,,,True,-37.7968071,144.9786369
node/12597982863,Wheelchair Accessible Place,wheelchair_accessible_place,,yes,,,,,True,-37.7968287,144.978818
node/12597982870,Wheelchair Accessible Place,wheelchair_accessible_place,,yes,,,,,True,-37.7966582,144.9786613
node/12597982871,Wheelchair Accessible Place,wheelchair_accessible_place,,yes,,,,,True,-37.7966755,144.9788421
node/12599887253,Wheelchair Accessible Place,wheelchair_accessible_place,,yes,,,,,True,-37.8089372,144.9857678
node/12599887261,Wheelchair Accessible Place,wheelchair_accessible_place,,yes,,,,,True,-37.808934,144.985498
node/12599887271,Wheelchair Accessible Place,wheelchair_accessible_place,,yes,,,,,True,-37.8091352,144.9876814
node/12599887272,Wheelchair Accessible Place,wheelchair_accessible_place,,yes,,,,,True,-37.8091415,144.9877418
node/12605494534,Prorepair Auto Care Centre,wheelchair_accessible_place,,yes,,Mo-Fr 07:00-17:00; Sa-Su off,,,True,-37.8008545,144.9473686
node/12610929368,Wheelchair Accessible Place,wheelchair_accessible_place,,yes,,,,,True,-38.0532526,145.1167243
node/12612608980,Wheelchair Accessible Place,wheelchair_accessible_place,toilets,yes,,Mo-We 09:00-17:30; Th-Fr 09:00-21:00; Sa 09:00-17:00; Su 10:00-17:00,,,True,-37.6803315,144.918531
node/12612624519,The Açaí Company,wheelchair_accessible_place,ice_cream,yes,,"Mo off; Tu-Th,Su 10:00-22:00; Fr-Sa 10:00-23:00",,,True,-37.800445,144.9667592
node/12612638973,Penta Fresh Kebab and Souvlaki,wheelchair_accessible_place,fast_food,yes,no,"Mo-Th,Su 10:00-22:00; Fr-Sa 10:00-24:00",,,True,-38.0673512,145.1439493
node/12612638974,Wheelchair Accessible Place,wheelchair_accessible_place,toilets,yes,,08:00-20:00,,,True,-38.0679577,145.1427942
node/12614258409,F.O.Y Fresh On Young,wheelchair_accessible_place,,yes,,07:00-19:00,,,True,-37.7442971,144.9640726
node/12617861320,Wheelchair Accessible Place,wheelchair_accessible_place,toilets,yes,,,,,True,-37.8137191,144.9372213
node/12617869165,Wheelchair Accessible Place,wheelchair_accessible_place,toilets,yes,,,Melbourne Tulamarine Airport,,True,-37.669341,144.8494575
node/12617872253,Wheelchair Accessible Place,wheelchair_accessible_place,toilets,yes,,,,,True,-37.8201375,144.9669383
node/12631687175,Babines,wheelchair_accessible_place,bar,yes,yes,We-Fr 17:00-23:00; Sa-Su 15:00-23:00,,,True,-37.8052597,144.9833655
node/12642741008,Wheelchair Accessible Place,wheelchair_accessible_place,drinking_water,yes,,,,,True,-37.8292605,145.2090047
node/12658193652,Concorse phone.,wheelchair_accessible_place,telephone,yes,,,Telstra,,True,-37.695689,145.0116726
node/12661203206,Bola Bake,wheelchair_accessible_place,cafe,yes,,Mo-Fr 07:00-14:00; Sa-Su 08:00-14:30,,,True,-37.7244396,144.8890619
node/12671297662,Wheelchair Accessible Place,wheelchair_accessible_place,,yes,,,,,True,-37.8112485,145.0912938
node/12701638527,Wheelchair Accessible Place,wheelchair_accessible_place,toilets,yes,,,,,True,-37.842965,144.8453588
node/12744251302,Foodworks Keilor East,wheelchair_accessible_place,,yes,,Mo-Su 07:00-23:00,,,True,-37.7445002,144.8667875
node/12744282828,Cellarbrations Keilor East,wheelchair_accessible_place,,yes,,Su-We 09:00-18:00; Th-Fr 09:00-21:00; Sa 09:00-20:00,,,True,-37.7445092,144.8668948
node/12744460701,Melbourne Airport Arrivals and Departures,wheelchair_accessible_place,,yes,,,,,True,-37.6725989,144.8510607
node/12747117219,Wheelchair Accessible Place,wheelchair_accessible_place,,yes,,,,,True,-38.0533779,145.1167775
node/12747117220,Wheelchair Accessible Place,wheelchair_accessible_place,,yes,,,,,True,-38.0534308,145.1165949
node/12747128370,Wheelchair Accessible Place,wheelchair_accessible_place,,yes,,,,,True,-38.0533008,145.116533
node/12791158542,Container Deposit Scheme,wheelchair_accessible_place,recycling,yes,,Mo-Su 07:00-20:00,VISY,,True,-37.6514481,145.069138
node/12793745062,Wheelchair Accessible Place,wheelchair_accessible_place,toilets,yes,,,,,True,-37.8266859,145.0590576
node/12794198571,Wheelchair Accessible Place,wheelchair_accessible_place,,yes,,,,,True,-37.7040534,145.1022258
node/12810652960,KFC,wheelchair_accessible_place,fast_food,yes,,,,,True,-37.8190996,145.1217959
node/12815824769,Wheelchair Accessible Place,wheelchair_accessible_place,drinking_water,yes,,,Yarra Ranges Council,,True,-37.7450331,145.3436906
node/12816088051,Constantine Motor Repairs,wheelchair_accessible_place,,yes,,,,,True,-37.7559684,144.9627379
node/12818430736,Lim Kopi,wheelchair_accessible_place,restaurant,yes,,,,,True,-37.8150158,144.9563224
node/12818478993,Container Deposit Scheme,wheelchair_accessible_place,recycling,yes,,Mo-Su 07:00-20:00,VISY,,True,-37.7294754,145.1280139
node/12821428480,Wheelchair Accessible Place,wheelchair_accessible_place,,yes,,,,,True,-37.8096536,144.9627333
node/12822455067,Wood And Co Coffee,wheelchair_accessible_place,cafe,yes,,Mo-Fr 08:00-15:00; Sa 08:00-13:00; Su off,,,True,-37.7678509,144.9552577
node/12822466079,Uniting Op Shop,wheelchair_accessible_place,,yes,,,,,True,-37.7665188,144.9590626
node/12829818468,Melbourne Central Station Customer Service,wheelchair_accessible_place,,yes,,,,,True,-37.8098884,144.9627492
node/12845365577,Williamstown SC,wheelchair_accessible_place,,yes,,,PTV,,True,-37.8576551,144.8977228
node/12846789355,Bulleen Library,wheelchair_accessible_place,library,yes,,Mo-Fr 10:00-18:00; Sa 09:00-17:00; Su closed,Whitehorse Manningham Libraries,,True,-37.7653673,145.0915807
node/12850086061,Yarra River,wheelchair_accessible_place,,yes,,,,,True,-37.8191408,144.9651335
node/12856038234,Inner North Medical Clinic,wheelchair_accessible_place,clinic,yes,,Mo-Fr 08:00-17:00; Sa 09:00-14:00,,,True,-37.7717289,144.9789851
node/12864743728,Inner Melbourne Medicare Urgent Care Clinic,wheelchair_accessible_place,clinic,yes,,Mo-Su 08:00-22:00,Urgent Care Network Australia,,True,-37.8011718,144.9681087
node/12874464834,Degraves Street,wheelchair_accessible_place,,yes,,,,,True,-37.8179942,144.9661174
node/12876914779,Tottenham Street/Waterview Boulevard,wheelchair_accessible_place,,yes,,,,,True,-37.5854487,144.906396
node/12876914780,Highlands Retirement Village/Waterview Boulevard,wheelchair_accessible_place,,yes,,,,,True,-37.5882886,144.9060724
node/12876925007,Highlands Retirement Village/Waterview Boulevard,wheelchair_accessible_place,,yes,,,,,True,-37.5876712,144.9060718
node/12882660738,Antara,wheelchair_accessible_place,restaurant,yes,,,,,True,-37.8126687,144.9710474
node/12882719180,Bakemono Bakers,wheelchair_accessible_place,,yes,,,,,True,-37.81092,144.9639115
node/12882730208,KatsuRetsu,wheelchair_accessible_place,restaurant,yes,,"Mo-Sa 12:00-15:00,17:00-21:30; Su off",,,True,-37.8124528,144.9673085
node/12882730209,Old Street Hunan Restaurant,wheelchair_accessible_place,restaurant,yes,,,,,True,-37.8124161,144.9672848
node/12887777459,Wheelchair Accessible Place,wheelchair_accessible_place,,yes,,,,,True,-37.809725,144.9633214
node/12888149406,Magic Dollar,wheelchair_accessible_place,,yes,,,,,True,-37.770553,144.9616737
node/12891862273,Wheelchair Accessible Place,wheelchair_accessible_place,,yes,,,,,True,-37.8018284,144.9826503
node/12893911867,Daniel's Donuts,wheelchair_accessible_place,fast_food,yes,,Mo-Su 07:30-19:00,,,True,-37.8123145,145.2285505
node/12913975311,Wheelchair Accessible Place,wheelchair_accessible_place,drinking_water,yes,,,,,True,-37.6018751,144.9422832
node/12917481230,Wheelchair Accessible Place,wheelchair_accessible_place,,yes,,Mo-Fr 09:00-17:00,,,True,-37.9039332,145.126789
node/12919500791,Wheelchair Accessible Place,wheelchair_accessible_place,,yes,,,,,True,-37.9269936,145.007977
node/12921121381,Wheelchair Accessible Place,wheelchair_accessible_place,,yes,,,,Accessable swing (handles to push with arms instead of legs),True,-37.7345191,145.0118602
node/12953044232,Small Batch,wheelchair_accessible_place,cafe,yes,,,,,True,-37.804406,144.9543935
node/12965580866,Core Roasters,wheelchair_accessible_place,cafe,yes,,,,,True,-37.7780849,144.9771821
node/12965624193,Wheelchair Accessible Place,wheelchair_accessible_place,,yes,,,,,True,-37.8156123,144.9670692
node/12965624194,Wheelchair Accessible Place,wheelchair_accessible_place,,yes,,,,,True,-37.8156318,144.9670819
node/12965800374,Wheelchair Accessible Place,wheelchair_accessible_place,,yes,,,,,True,-37.8175587,144.9677516
node/12965800375,Wheelchair Accessible Place,wheelchair_accessible_place,,yes,,,,,True,-37.8171292,144.9668445
node/12984677343,Wheelchair Accessible Place,wheelchair_accessible_place,,yes,,,,,True,-37.8168414,144.9672232
node/12996705019,Auna Tools,wheelchair_accessible_place,,yes,,"Mo-Fr 08:00-17:00; Sa,Su 08:00-12:00",,,True,-37.7497252,144.9649777
node/12997286127,Container Deposit Scheme,wheelchair_accessible_place,recycling,yes,,Mo-Su 07:00-20:00,VISY,,True,-37.7674024,145.1842236
node/12997286161,Wheelchair Accessible Place,wheelchair_accessible_place,,yes,,24/7,,,True,-37.7657691,145.1861502
node/13005578022,Wheelchair Accessible Place,wheelchair_accessible_place,toilets,yes,,,,,True,-37.8180735,144.8778731
node/13009991001,99 Bikes,wheelchair_accessible_place,,yes,,,,,True,-37.7503406,144.9648806
node/13011116519,4Cyte Pathology,wheelchair_accessible_place,,yes,,Mo-Fr 09:30-16:30,,,True,-37.8040441,144.9636511
node/13018743532,Tasman Court,wheelchair_accessible_place,,yes,,,Ventura,,True,-37.8062237,145.3396738
node/13031334071,Wheelchair Accessible Place,wheelchair_accessible_place,toilets,yes,,"Mo-Th 09:00-21:00; Fr 09:00-18:00; Sa,Su 10:00-17:00",,,True,-37.7163312,145.1460658
node/13031456391,Wheelchair Accessible Place,wheelchair_accessible_place,,yes,,,,,True,-37.7472412,144.9208023
node/13055173940,Wheelchair Accessible Place,wheelchair_accessible_place,,yes,,,,,True,-37.8728048,145.0999194
node/13055173942,Wheelchair Accessible Place,wheelchair_accessible_place,,yes,,,,,True,-37.8728352,145.1000495
node/13059393683,South Morang,wheelchair_accessible_place,,yes,,,Metro Trains Melbourne,,True,-37.6490166,145.066977
node/13062679967,Wheelchair Accessible Place,wheelchair_accessible_place,toilets,yes,,,,,True,-37.8157661,145.1232533
node/13065057205,Newmarket,wheelchair_accessible_place,,yes,,,Metro Trains Melbourne,,True,-37.7873411,144.9289997
node/13065057206,Camberwell,wheelchair_accessible_place,,yes,,,Metro Trains Melbourne,,True,-37.8265573,145.0586593
node/13067835589,Toby's Estate,wheelchair_accessible_place,cafe,yes,,Mo-Fr 07:00-15:00;Sa-Su 08:00-15:00,,,True,-37.7956342,144.9767379
node/13067872723,Wheelchair Accessible Place,wheelchair_accessible_place,toilets,yes,,,,,True,-37.7204646,145.0482101
node/13081180626,Wheelchair Accessible Place,wheelchair_accessible_place,toilets,yes,,,,,True,-37.8675421,144.9049773
node/13083838911,Wheelchair Accessible Place,wheelchair_accessible_place,,yes,,,,,True,-37.8170196,144.9667426
node/13085579492,Wheelchair Accessible Place,wheelchair_accessible_place,,yes,,,,,True,-37.8077282,144.9421676
node/13088629610,Wheelchair Accessible Place,wheelchair_accessible_place,,yes,,,,,True,-37.8182276,144.9705203
node/13103046457,Wheelchair Accessible Place,wheelchair_accessible_place,,yes,,,,,True,-37.8074571,144.9631142
node/13103046464,Wheelchair Accessible Place,wheelchair_accessible_place,,yes,,,,,True,-37.8074399,144.9628163
node/13115654468,Wheelchair Accessible Place,wheelchair_accessible_place,,yes,,,,,True,-37.7999019,144.9594714
node/13118682983,Wheelchair Accessible Place,wheelchair_accessible_place,,yes,,,,,True,-37.8157276,144.9666643
node/13118776351,Wheelchair Accessible Place,wheelchair_accessible_place,,yes,,,,,True,-37.7996038,144.9571836
node/13118776352,Wheelchair Accessible Place,wheelchair_accessible_place,,yes,,,,,True,-37.7998515,144.9572643
node/13127475045,Wheelchair Accessible Place,wheelchair_accessible_place,,yes,,,,,True,-37.8010408,144.9411516
node/13130167508,Laurens Street,wheelchair_accessible_place,,yes,,,,,True,-37.8010821,144.9415011
node/13130167509,Wheelchair Accessible Place,wheelchair_accessible_place,,yes,,,,,True,-37.8013771,144.9402322
node/13130167510,Wheelchair Accessible Place,wheelchair_accessible_place,,yes,,,,,True,-37.8013918,144.9401169
node/13137585647,Wheelchair Accessible Place,wheelchair_accessible_place,,yes,,,,,True,-37.8333346,144.9727001
node/13137585653,Wheelchair Accessible Place,wheelchair_accessible_place,,yes,,,,,True,-37.8333595,144.9730188
node/13137585658,Wheelchair Accessible Place,wheelchair_accessible_place,,yes,,,,,True,-37.8331869,144.972466
node/13146678570,Wheelchair Accessible Place,wheelchair_accessible_place,,yes,,,,,True,-37.8337061,144.9724613
node/13148583742,Wheelchair Accessible Place,wheelchair_accessible_place,,yes,,,,,True,-37.7844487,144.8920325
node/13148878937,Wheelchair Accessible Place,wheelchair_accessible_place,,yes,,,,,True,-37.8326947,144.9727718
node/13152025603,Wheelchair Accessible Place,wheelchair_accessible_place,toilets,yes,,,,,True,-37.812259,144.9368769
node/13159018671,Good Boys Deli,wheelchair_accessible_place,cafe,yes,,Mo-Fr 07:00-15:00; Sa-Su 08:00-15:30,,,True,-37.7657686,144.9611191
node/13167074781,Wheelchair Accessible Place,wheelchair_accessible_place,,yes,,,,,True,-37.8121744,144.9563228
node/13167074794,Wheelchair Accessible Place,wheelchair_accessible_place,,yes,,,,,True,-37.8118686,144.9560489
node/13179762168,Wheelchair Accessible Place,wheelchair_accessible_place,,yes,,,,,True,-38.0315524,145.3542141
node/13185497288,Wheelchair Accessible Place,wheelchair_accessible_place,,yes,,24/7,,,True,-37.7149593,145.1478841
node/13188187502,Wheelchair Accessible Place,wheelchair_accessible_place,,yes,,,,,True,-37.8096122,144.9725334
node/13189601121,Wheelchair Accessible Place,wheelchair_accessible_place,,yes,,,,,True,-37.8102215,144.9725434
node/13200190571,Wheelchair Accessible Place,wheelchair_accessible_place,telephone,yes,,,Telstra,,True,-37.780149,144.9658743
node/13200351923,Wheelchair Accessible Place,wheelchair_accessible_place,drinking_water,yes,,,,,True,-37.9126637,145.138285
node/13206051406,Shimbashi Soba,wheelchair_accessible_place,restaurant,yes,,,,,True,-37.8045273,144.9834593
node/13207851340,Wheelchair Accessible Place,wheelchair_accessible_place,toilets,yes,,,City of Kingston,,True,-37.9509754,145.0525848
node/13228815078,TSG tobacco station,wheelchair_accessible_place,,yes,,,,,True,-38.2450989,145.0470686
node/13228815079,Flight Centre,wheelchair_accessible_place,,yes,,Mo-Fr 09:30-16:00,,,True,-38.2450024,145.0470873
node/13228815130,Happy Mobile,wheelchair_accessible_place,,yes,,,,,True,-38.2449128,145.0470473
node/13228842062,Oshima,wheelchair_accessible_place,restaurant,yes,,"Su 12:00-15:00, Mo-Th 17:30-22:00, Fr,Sa 17:00-22:30, Su 17:00-22:00",,,True,-38.2463018,145.0469042
node/13228871842,Bubba Pizza,wheelchair_accessible_place,fast_food,yes,,Mo-Su 12:00-22:00,,,True,-38.2461399,145.0470778
node/13228880459,Essential Stuff,wheelchair_accessible_place,,yes,,,,,True,-38.2450127,145.0468502
node/13242209260,Wheelchair Accessible Place,wheelchair_accessible_place,toilets,yes,,,,,True,-37.672013,144.8479785
node/13255703358,Southern Cross Smiles,wheelchair_accessible_place,dentist,yes,,Mo-Fr 08:30-18:00; Sa 09:30-15:00,,,True,-37.8182407,144.9499192
node/13259617261,Wheelchair Accessible Place,wheelchair_accessible_place,,yes,,,,,True,28.1481155,-80.6614342
node/13260197565,Wheelchair Accessible Place,wheelchair_accessible_place,,yes,,,,,True,28.1477305,-80.661883
node/13266417806,Wheelchair Accessible Place,wheelchair_accessible_place,,yes,,,,,True,-37.8080928,144.9578386
node/13266417807,Wheelchair Accessible Place,wheelchair_accessible_place,,yes,,,,,True,-37.8080403,144.9578474
node/13273061854,RMIT Security Office,wheelchair_accessible_place,university,yes,,24/7,RMIT University,,True,-37.8081687,144.9645065
node/13273061855,Wheelchair Accessible Place,wheelchair_accessible_place,recycling,yes,,,,,True,-37.8074469,144.9639663
node/13273061858,College Dropout Burgers Pop-Up,wheelchair_accessible_place,fast_food,yes,yes,,Commercial,"Specialising in American-style burgers with creative twist, the pop-up is for a limited time only. Don’t miss out on classic hamburgers, loaded fries and thick-shakes, plus a changing array of mouth-watering monthly specials",True,-37.8078263,144.9638981
node/13282186878,McDermott Avenue/Manchester Road,wheelchair_accessible_place,,yes,,,Ventura,,True,-37.7802261,145.3121849
node/13282186880,Kalimna Street/Manchester Road,wheelchair_accessible_place,,yes,,,Ventura,,True,-37.7798367,145.3119259
node/13282511519,Wheelchair Accessible Place,wheelchair_accessible_place,,yes,,Mo-Su 09:00-17:00; Dec 25 off,,,True,-38.1305776,145.269505
node/13285050117,Wheelchair Accessible Place,wheelchair_accessible_place,toilets,yes,,24/7,,,True,-38.061589,145.4283589
node/13285050118,Wheelchair Accessible Place,wheelchair_accessible_place,toilets,yes,,24/7,,,True,-38.0616102,145.4284414
node/13286947873,Wheelchair Accessible Place,wheelchair_accessible_place,,yes,,,,,True,-37.8218297,144.9440826
node/13286947874,Wheelchair Accessible Place,wheelchair_accessible_place,,yes,,,,,True,-37.8219169,144.9437833
node/13286947875,Wheelchair Accessible Place,wheelchair_accessible_place,,yes,,,,,True,-37.8216752,144.9443721
node/13289649080,Box Hill South Pharmacy,wheelchair_accessible_place,,yes,,Mo-Fr 09:00-17:30; Sa 09:00-12:30; PH closed; Su closed,,,True,-37.8288339,145.1215716
node/13289649081,Kowloon Cafe 866,wheelchair_accessible_place,cafe,yes,,,,,True,-37.8287805,145.1212377
node/13289683172,Hard Yakka Workwear,wheelchair_accessible_place,,yes,,Mo-Fr 09:30-17:00; Sa 10:00-15:00; PH closed; Su closed,,,True,-37.8281188,145.1221414
node/13289683174,China Zone Tattoo,wheelchair_accessible_place,,yes,,Mo-Su 12:00-18:00; PH closed,,,True,-37.8282859,145.1220879
node/13289683175,Pure Puff Tobacco,wheelchair_accessible_place,,yes,,,,,True,-37.8282465,145.1220811
node/13289687376,Pho 888,wheelchair_accessible_place,restaurant,yes,,Mo-Su 10:00-21:00; PH closed,,,True,-37.8207061,145.1234793
node/13289687378,Chong Dental,wheelchair_accessible_place,dentist,yes,,,,,True,-37.8206491,145.123495
node/13289697219,Happinest Supermarket,wheelchair_accessible_place,,yes,designated,Mo-Sa 08:00-19:00; Su 09:30-19:00; PH closed,,,True,-37.8249579,145.1227918
node/13289723068,Bank of Queensland,wheelchair_accessible_place,bank,yes,,,,,True,-37.8207909,145.1231546
node/13293572005,Rumble Coffee Espresso Bar,wheelchair_accessible_place,cafe,yes,,"Mo-Fr 07:00-14:00; Sa-Su,PH off",,,True,-37.7948056,144.9345231
node/13293687371,Flinders Street,wheelchair_accessible_place,,yes,,,,,True,-37.8177598,144.9671793
node/13293703320,Bakers Delight,wheelchair_accessible_place,,yes,,,,,True,-38.2457499,145.0478026
node/13293717014,TerryWhite Chemmart,wheelchair_accessible_place,pharmacy,yes,,Mo-Fr 09:00-19:00; Sa 09:00-17:00; Su 10:00-16:00,,,True,-38.2458895,145.0478872
node/13293742667,Wheelchair Accessible Place,wheelchair_accessible_place,,yes,,,,,True,-37.7607844,144.9632872
node/13293742668,Wheelchair Accessible Place,wheelchair_accessible_place,,yes,,,,,True,-37.7608017,144.9633039
node/13293742669,Wheelchair Accessible Place,wheelchair_accessible_place,,yes,,,,,True,-37.7608561,144.9630789
node/13293742670,Wheelchair Accessible Place,wheelchair_accessible_place,,yes,,,,,True,-37.7608839,144.9631031
node/13293742671,Wheelchair Accessible Place,wheelchair_accessible_place,,yes,,,,,True,-37.7607831,144.9630998
node/13293742672,Wheelchair Accessible Place,wheelchair_accessible_place,,yes,,,,,True,-37.7607671,144.9631171
node/13293742673,Wheelchair Accessible Place,wheelchair_accessible_place,,yes,,,,,True,-37.7609062,144.9632698
node/13293742674,Wheelchair Accessible Place,wheelchair_accessible_place,,yes,,,,,True,-37.7608963,144.9632878
node/13293755853,Wheelchair Accessible Place,wheelchair_accessible_place,,yes,,,,,True,-37.7604591,144.9596564
node/13293755854,Wheelchair Accessible Place,wheelchair_accessible_place,,yes,,,,,True,-37.7604454,144.9595371
node/13294772450,Wheelchair Accessible Place,wheelchair_accessible_place,,yes,,,,,True,28.1470025,-80.6728837
node/13302667467,Wheelchair Accessible Place,wheelchair_accessible_place,,yes,,Mo-Su 06:00-23:00,,,True,-38.0548477,145.3856261
node/13306187130,Swanston Street,wheelchair_accessible_place,,yes,,,,,True,-37.8184394,144.9675713
node/13306187131,Swanston Street,wheelchair_accessible_place,,yes,,,,,True,-37.8183683,144.967543
node/13313520958,Swanston Street,wheelchair_accessible_place,,yes,,,,,True,-37.8094103,144.9635607
node/13313552697,Grattan Street West,wheelchair_accessible_place,,yes,,,,,True,-37.7998735,144.957266
node/13313552698,Royal Parade East,wheelchair_accessible_place,,yes,,,,,True,-37.7995774,144.9580528
node/13313552699,Royal Parade East,wheelchair_accessible_place,,yes,,,,,True,-37.7995806,144.9580915
node/13313565704,Grattan Street East,wheelchair_accessible_place,,yes,,,,,True,-37.7996881,144.959012
node/13313565705,Grattan Street East,wheelchair_accessible_place,,yes,,,,,True,-37.7997168,144.9590071
node/13313565706,Royal Parade West,wheelchair_accessible_place,,yes,,,,,True,-37.7996008,144.9571616
node/13315573117,Shopping Centre,wheelchair_accessible_place,,yes,,,,,True,-37.8098933,144.9629782
node/13316343402,Flinders Street,wheelchair_accessible_place,,yes,,,,,True,-37.8180051,144.9673833
node/13329694317,Station Lane,wheelchair_accessible_place,,yes,,,,,True,-37.8010349,144.9409988
node/13329694331,Wheelchair Accessible Place,wheelchair_accessible_place,,yes,,,,,True,-37.8010194,144.9411553
node/13332803600,Wheelchair Accessible Place,wheelchair_accessible_place,,yes,,,,,True,-37.8074328,144.9631033
node/13332803605,Wheelchair Accessible Place,wheelchair_accessible_place,,yes,,,,,True,-37.8074221,144.9628806
node/13332917217,Entrance/Exit 4 - Grattan St West,wheelchair_accessible_place,,yes,,,,,True,-37.7998695,144.9572617
node/13332917269,Wheelchair Accessible Place,wheelchair_accessible_place,,yes,,,,,True,-37.7999053,144.9595034
node/13333053377,Wheelchair Accessible Place,wheelchair_accessible_place,,yes,,,,,True,-37.8168169,144.9672127
node/13333060602,Wheelchair Accessible Place,wheelchair_accessible_place,,yes,,,,,True,-37.8171365,144.966813
node/13333060608,Wheelchair Accessible Place,wheelchair_accessible_place,,yes,,,,,True,-37.8170423,144.9667526
node/13333060692,Wheelchair Accessible Place,wheelchair_accessible_place,,yes,,,,,True,-37.8172831,144.9673716
node/13333060789,Wheelchair Accessible Place,wheelchair_accessible_place,,yes,,,,,True,-37.815756,144.9666757
node/13333181199,Wheelchair Accessible Place,wheelchair_accessible_place,,yes,,,,,True,-37.8333306,144.973066
node/13333365477,West Street Fruits,wheelchair_accessible_place,,yes,,,,,True,-37.7075503,144.9385118
node/13337519294,Gate 1,wheelchair_accessible_place,,yes,,,,,True,-37.7966584,144.9642653
node/13346184388,Wheelchair Accessible Place,wheelchair_accessible_place,,yes,,,,,True,28.1462454,-80.6697028
node/13346184389,Wheelchair Accessible Place,wheelchair_accessible_place,,yes,,,,,True,28.1450771,-80.6713216
node/13346184390,Wheelchair Accessible Place,wheelchair_accessible_place,,yes,,,,,True,28.145167,-80.6713228
node/13346184391,Wheelchair Accessible Place,wheelchair_accessible_place,,yes,,,,,True,28.1454001,-80.6712918
node/13346184392,Wheelchair Accessible Place,wheelchair_accessible_place,,yes,,,,,True,28.145401,-80.6711268
node/13346184393,Wheelchair Accessible Place,wheelchair_accessible_place,,yes,,,,,True,28.1454012,-80.6710491
node/13346184394,Wheelchair Accessible Place,wheelchair_accessible_place,,yes,,,,,True,28.1454015,-80.6709659
node/13346184395,Wheelchair Accessible Place,wheelchair_accessible_place,,yes,,,,,True,28.1454018,-80.6708559
node/13346184396,Wheelchair Accessible Place,wheelchair_accessible_place,,yes,,,,,True,28.1454025,-80.6707098
node/13346184397,Wheelchair Accessible Place,wheelchair_accessible_place,,yes,,,,,True,28.1454031,-80.6705515
node/13346184398,Wheelchair Accessible Place,wheelchair_accessible_place,,yes,,,,,True,28.1454031,-80.6704281
node/13346184399,Wheelchair Accessible Place,wheelchair_accessible_place,,yes,,,,,True,28.1454032,-80.6703007
node/13346184400,Wheelchair Accessible Place,wheelchair_accessible_place,,yes,,,,,True,28.1454035,-80.6701988
node/13346205101,Wheelchair Accessible Place,wheelchair_accessible_place,,yes,,,,,True,28.145404,-80.6701196
node/13346205102,Wheelchair Accessible Place,wheelchair_accessible_place,,yes,,,,,True,28.1454045,-80.670054
node/13346205103,Wheelchair Accessible Place,wheelchair_accessible_place,,yes,,,,,True,28.145405,-80.6699748
node/13346205104,Wheelchair Accessible Place,wheelchair_accessible_place,,yes,,,,,True,28.1454048,-80.6699172
node/13346205105,Wheelchair Accessible Place,wheelchair_accessible_place,,yes,,,,,True,28.1454045,-80.6698394
node/13346205106,Wheelchair Accessible Place,wheelchair_accessible_place,,yes,,,,,True,28.1454563,-80.6697423
node/13346205107,Wheelchair Accessible Place,wheelchair_accessible_place,,yes,,,,,True,28.1455288,-80.6696965
node/13346205108,Wheelchair Accessible Place,wheelchair_accessible_place,,yes,,,,,True,28.1455951,-80.6696968
node/13346205109,Wheelchair Accessible Place,wheelchair_accessible_place,,yes,,,,,True,28.1456636,-80.6696971
node/13346205110,Wheelchair Accessible Place,wheelchair_accessible_place,,yes,,,,,True,28.1458859,-80.6696992
node/13348943984,Wheelchair Accessible Place,wheelchair_accessible_place,,yes,,,,,True,-38.1017949,145.1842846
node/13352310127,First Steps Psychology,wheelchair_accessible_place,,yes,,"Mo-Fr 08:30- 17:00; Sa,Su off; PH off",,,True,-38.3523883,145.1624452
node/13352405181,Rosebud Secondary College - Eastbourne Rd PickUp,wheelchair_accessible_place,school,yes,,,,,True,-38.3675235,144.8870426
node/13352440571,Container Deposit Scheme,wheelchair_accessible_place,recycling,yes,,Mo-Su 07:00-20:00,VISY,,True,-37.7678911,145.1059245
node/13356666941,H&R Block,wheelchair_accessible_place,,yes,,,,,True,28.1483523,-80.6739751
node/13356666949,Wagon Wheel,wheelchair_accessible_place,restaurant,yes,yes,"Tu-Th,Sa 11:00-21:00; Fr 11:00-22:00; Su 12:00-21:00",,,True,28.1483731,-80.672892
node/13356666958,Edible Arrangements,wheelchair_accessible_place,,yes,,Mo-Sa 08:00-18:00; Su 09:00-15:00,,,True,28.1483671,-80.6732042
node/13356666959,Biomat USA Plasma Center,wheelchair_accessible_place,,yes,,,,,True,28.1483636,-80.6733833
node/13356666965,The Joint,wheelchair_accessible_place,,yes,,,,,True,28.1485386,-80.6723569
node/13356666969,New Image,wheelchair_accessible_place,dentist,yes,,,,,True,28.1470406,-80.6743283
node/13358570555,Wheelchair Accessible Place,wheelchair_accessible_place,toilets,yes,,,,,True,-38.0060655,145.1567291
node/13358579486,Wheelchair Accessible Place,wheelchair_accessible_place,drinking_water,yes,,,,,True,-38.0011548,145.1540705
node/13360573065,AMOG,wheelchair_accessible_place,,yes,,Mo-Fr 09:00-17:00,,,True,-37.8994358,145.1320531
node/13370762320,Wheelchair Accessible Place,wheelchair_accessible_place,,yes,,,,,True,-37.9161639,145.1281048
node/13370762321,Wheelchair Accessible Place,wheelchair_accessible_place,,yes,,,,,True,-37.9161743,145.1281898
node/13373176795,Wheelchair Accessible Place,wheelchair_accessible_place,toilets,yes,,,,,True,-37.9764943,145.2601952
node/13382396072,Mama Said,wheelchair_accessible_place,cafe,yes,,"""Tue - Sat By Appointment""",,,True,-38.380706,145.0252953
node/13382407353,Amelie & Frank's,wheelchair_accessible_place,,yes,,,,,True,-38.3807552,145.0251924
node/13389949371,Barmah Park,wheelchair_accessible_place,,yes,,,,,True,-38.2501622,145.0821923
node/13396672601,Bendigo Bank,wheelchair_accessible_place,bank,yes,,,,,True,-37.8164134,144.9627084
node/13403803479,Wheelchair Accessible Place,wheelchair_accessible_place,toilets,yes,,,,,True,-37.8713739,144.9760814
node/13408526604,Wheelchair Accessible Place,wheelchair_accessible_place,,yes,,,,,True,-38.0440777,145.3673201
node/13408526633,Wheelchair Accessible Place,wheelchair_accessible_place,,yes,,,,,True,-38.0441108,145.3672352
node/13411869411,Albert Road,wheelchair_accessible_place,,yes,,,,,True,-37.8337217,144.9724571
node/13411869412,Albert Road,wheelchair_accessible_place,,yes,,,,,True,-37.8336911,144.9724659
node/13412668488,St Kilda Road South,wheelchair_accessible_place,,yes,,,,,True,-37.8333241,144.9726834
node/13412668489,St Kilda Road North,wheelchair_accessible_place,,yes,,,,,True,-37.8331972,144.9724822
node/13412856380,Wheelchair Accessible Place,wheelchair_accessible_place,,yes,,,,,True,-37.6914091,144.8698957
node/13412864278,Wheelchair Accessible Place,wheelchair_accessible_place,,yes,,,,,True,-37.691201,144.869342
node/13414683265,Eastland Food Court,wheelchair_accessible_place,food_court,yes,,,,,True,-37.8123608,145.2290987
node/13414695985,yd.,wheelchair_accessible_place,,yes,,,Retail Apparel Group,,True,-37.8124336,145.2297112
node/13414695986,Cotton On,wheelchair_accessible_place,,yes,,,,,True,-37.8125943,145.229725
node/13414702907,Gelatissimo,wheelchair_accessible_place,ice_cream,yes,,,,,True,-37.8123773,145.2300177
node/13414702908,Nando's,wheelchair_accessible_place,restaurant,yes,,,,,True,-37.8123215,145.230427
node/13414702909,General Pants Co.,wheelchair_accessible_place,,yes,,,,,True,-37.8122641,145.2296641
node/13414708934,Dumplings Plus,wheelchair_accessible_place,fast_food,yes,,,,,True,-37.8121397,145.2291775
node/13414708935,Alleyway Kitchen,wheelchair_accessible_place,restaurant,yes,,,,,True,-37.8122495,145.2295066
node/13414708936,Waku Waku,wheelchair_accessible_place,fast_food,yes,,,,,True,-37.8125037,145.2293001
node/13414708937,Spudbar,wheelchair_accessible_place,restaurant,yes,,,,,True,-37.8122226,145.2294436
node/13414708940,Subway,wheelchair_accessible_place,fast_food,yes,,,,,True,-37.8125188,145.2291129
node/13414708942,Omi,wheelchair_accessible_place,fast_food,yes,,,,,True,-37.8125226,145.2292111
node/13414722024,Yoyogi,wheelchair_accessible_place,fast_food,yes,,,,,True,-37.8121299,145.2289703
node/13414722025,Panda Banh Mi House,wheelchair_accessible_place,fast_food,yes,,,,,True,-37.8121244,145.2290741
node/13414740356,Jay Jays,wheelchair_accessible_place,,yes,,,,,True,-37.8127809,145.2294523
node/13414740365,Ozmosis,wheelchair_accessible_place,,yes,,,,,True,-37.8129057,145.2297181
node/13417832768,Wheelchair Accessible Place,wheelchair_accessible_place,,yes,,,,,True,-37.6774243,144.8561633
node/13417832778,Wheelchair Accessible Place,wheelchair_accessible_place,,yes,,,,,True,-37.6773489,144.8559617
node/13421507777,Wheelchair Accessible Place,wheelchair_accessible_place,public_bookcase,yes,,24/7,,,True,-37.802543,144.9993537
node/13429685895,Domain Road,wheelchair_accessible_place,,yes,,,,,True,-37.8327114,144.9727682
node/13438838741,Ramen & Dumpling House,wheelchair_accessible_place,restaurant,yes,,"Mo-Sa 11:30-15:00,17:00-21:30; Su 11:30-15:00,17:00-21:00",,,True,-37.9149586,145.121861
node/13451811723,NCJWA Vic,wheelchair_accessible_place,community_centre,yes,,,National Council of Jewish Women Australia,,True,-37.8747987,145.0244323
node/13451811724,Maccabi,wheelchair_accessible_place,,yes,,,,,True,-37.8741864,145.0245381
node/13451811727,Kantipur,wheelchair_accessible_place,restaurant,yes,,Tu-Su 17:00-22:00,,,True,-37.8739481,145.0245796
node/13451811729,The Pita Man,wheelchair_accessible_place,restaurant,yes,,"Mo-Th,Su 11:00-20:00; Fr 10:00-16:00",,,True,-37.873717,145.024632
node/13451811739,Wheelchair Accessible Place,wheelchair_accessible_place,drinking_water,yes,,,,,True,-37.872622,145.0252784
node/13451811743,Caulfield Junction LPO,wheelchair_accessible_place,post_office,yes,,Mo-Fr 09:00-17:00; Sa 09:00-12:00,Australia Post,,True,-37.8745328,145.0244664
node/13451811754,Magen David Adom Australia,wheelchair_accessible_place,,yes,,Mo-Th 09:00-15:00,,,True,-37.8743814,145.0245115
node/13451965470,Wheelchair Accessible Place,wheelchair_accessible_place,drinking_water,yes,,,,,True,-37.7979594,145.1171279
node/13454350724,Wheelchair Accessible Place,wheelchair_accessible_place,,yes,,,,,True,-37.7844799,144.8304146
node/13455509022,Brunswick Dry Cleaners,wheelchair_accessible_place,,yes,,Mo-Fr 07:30-18:00; Sa 08:00-15:00; Su off,,,True,-37.7610182,144.9637355
node/13456356271,Wheelchair Accessible Place,wheelchair_accessible_place,,yes,,,,,True,28.1727774,-80.6671885
node/13457865172,Main entrance,wheelchair_accessible_place,,yes,,,,,True,-37.7211943,145.1462842
node/13457865179,Wheelchair Accessible Place,wheelchair_accessible_place,,yes,,"Mo-Fr 00:00-01:00,10:00-24:00; Sa,Su 00:00-03:00,10:00-24:00",Eltham Hotel,,True,-37.721187,145.1463196
node/13472999014,Wheelchair Accessible Place,wheelchair_accessible_place,,yes,,,,,True,-37.7589791,145.1288766
node/13472999020,Wheelchair Accessible Place,wheelchair_accessible_place,,yes,,,,,True,-37.759136,145.1289394
node/13482901333,Wheelchair Accessible Place,wheelchair_accessible_place,toilets,yes,,,,,True,-38.0678914,145.3262321
node/13505838543,Wheelchair Accessible Place,wheelchair_accessible_place,toilets,yes,,,,,True,-37.8245733,145.1615108
node/13505854551,Wheelchair Accessible Place,wheelchair_accessible_place,,yes,,,,,True,-37.8095557,144.9633429
node/13505854552,Wheelchair Accessible Place,wheelchair_accessible_place,,yes,,,,,True,-37.8095345,144.9633329
node/13505854558,Wheelchair Accessible Place,wheelchair_accessible_place,,yes,,,,,True,-37.8094732,144.9634179
node/13505854559,Wheelchair Accessible Place,wheelchair_accessible_place,,yes,,,,,True,-37.8094477,144.9634061
node/13505976101,Wheelchair Accessible Place,wheelchair_accessible_place,,yes,,,,,True,-37.7699702,145.1297785
node/13505976104,Wheelchair Accessible Place,wheelchair_accessible_place,,yes,,,,,True,-37.7700576,145.1297306
node/13505976113,Wheelchair Accessible Place,wheelchair_accessible_place,,yes,,,,,True,-37.7700894,145.1295867
node/13505976116,Wheelchair Accessible Place,wheelchair_accessible_place,,yes,,,,,True,-37.7700794,145.1293944
node/13521663423,Main Entrance,wheelchair_accessible_place,,yes,,,,,True,-37.716194,145.1459216
node/13521663424,Wheelchair Accessible Place,wheelchair_accessible_place,,yes,,"Mo-Th 09:00-21:00; Fr 09:00-18:00; Sa,Su 10:00-17:00",Eltham Library,,True,-37.7162029,145.1460386
node/13522862304,Specsavers,wheelchair_accessible_place,,yes,,,,,True,-37.8196904,145.120545
node/13522865966,Merry Seasons,wheelchair_accessible_place,,yes,,,,,True,-37.8197801,145.1208274
node/13522865967,Melbourne Laser Clinic,wheelchair_accessible_place,,yes,,,,,True,-37.819766,145.1207304
node/13522865968,Kot Nails,wheelchair_accessible_place,,yes,,,,,True,-37.8197834,145.1209362
node/13522865969,Daiso Japan,wheelchair_accessible_place,,yes,,,,,True,-37.8197678,145.1206384
node/13522869090,Samurai Rice Burger,wheelchair_accessible_place,fast_food,yes,,,,,True,-37.8194548,145.1222741
node/13522869091,Spicy Heaven,wheelchair_accessible_place,fast_food,yes,,,,,True,-37.819349,145.1225242
node/13522869092,Thinh Vuong,wheelchair_accessible_place,fast_food,yes,,,,,True,-37.8193195,145.1224936
node/13522869093,Home Souv,wheelchair_accessible_place,fast_food,yes,,,,,True,-37.8193752,145.1226155
node/13522906582,Yoghurt Lab Castella Cake,wheelchair_accessible_place,fast_food,yes,,,,,True,-37.8193451,145.1227082
node/13522906583,Pancake Village,wheelchair_accessible_place,fast_food,yes,,,,,True,-37.8194285,145.1225822
node/13522906584,Xu's Bibim,wheelchair_accessible_place,fast_food,yes,,,,,True,-37.819478,145.1224988
node/13522906585,Grain Asian Cafe,wheelchair_accessible_place,restaurant,yes,,,,,True,-37.819478,145.1227071
node/13522912920,Better Value Pharmacy,wheelchair_accessible_place,pharmacy,yes,,,,,True,-37.8193896,145.1229733
node/13522943559,Bendigo Bank,wheelchair_accessible_place,bank,yes,,,,,True,-37.8212135,145.1229289
node/13522943560,Westpac,wheelchair_accessible_place,bank,yes,,,,,True,-37.8215481,145.122825
node/13522943561,NAB,wheelchair_accessible_place,bank,yes,,,,,True,-37.8213887,145.1228669
node/13522943562,Bank of China,wheelchair_accessible_place,bank,yes,,,,,True,-37.8201255,145.1231306
node/13523301370,Omo,wheelchair_accessible_place,cafe,yes,,,,,True,-37.8141843,144.9537523
node/13523334197,Attakai,wheelchair_accessible_place,cafe,yes,,,,,True,-37.8156038,144.9649908
node/13523334560,Sachi,wheelchair_accessible_place,restaurant,yes,,"Mo-Sa 11:30-14:30,17:30-21:00; Su 11:30-14:30",,,True,-37.8145083,144.9602763
node/13523344136,AusPacific,wheelchair_accessible_place,,yes,,,,,True,-37.8137569,144.9659463
node/13523346008,Shanghai Street,wheelchair_accessible_place,restaurant,yes,,"Mo-Th 11:45-15:00,17:00-20:30; Fr-Sa 11:45-15:00,17:00-21:00; Su off",,,True,-37.813232,144.9624002
node/13523346010,Supurb City Cuts & Colours,wheelchair_accessible_place,,yes,,,,,True,-37.8133262,144.9621445
node/13523348331,Time After Time,wheelchair_accessible_place,cafe,yes,,,,,True,-37.8149526,144.9653063
node/13525369880,Better Choice Fresh Meat & Poultry,wheelchair_accessible_place,,yes,,,,,True,-37.7438934,144.9659966
node/13525389648,Fantastic Variety Store,wheelchair_accessible_place,,yes,,,,,True,-37.7440121,144.9659637
node/13525389649,Zumureda Jewellery,wheelchair_accessible_place,,yes,,,,,True,-37.744098,144.9659503
node/13530606951,Wheelchair Accessible Place,wheelchair_accessible_place,,yes,,,,,True,-37.8169856,145.2533898
node/13531473175,Da Bepi,wheelchair_accessible_place,bar,yes,,,,,True,-37.7681802,144.9617964
node/13534293365,Igreja Verbo da Vida,wheelchair_accessible_place,place_of_worship,yes,,,,,True,28.137201,-80.6728828
node/13539094991,Wheelchair Accessible Place,wheelchair_accessible_place,toilets,yes,,,,,True,-37.8774181,145.0425528
node/13544907831,Wheelchair Accessible Place,wheelchair_accessible_place,toilets,yes,,,,,True,-38.084219,145.5062377
node/13544907832,Wheelchair Accessible Place,wheelchair_accessible_place,,yes,,,,,True,-38.0842889,145.5065946
node/13544907833,Wheelchair Accessible Place,wheelchair_accessible_place,,yes,,,,,True,-38.084269,145.5064849
node/13545415486,Tori's,wheelchair_accessible_place,cafe,yes,,,,,True,-37.8127675,144.9710932
node/13551108407,Wheelchair Accessible Place,wheelchair_accessible_place,,yes,,,,,True,-37.793946,144.9304517
node/13551108413,Wheelchair Accessible Place,wheelchair_accessible_place,,yes,,,,,True,-37.793705,144.9304319
node/13551108415,Wheelchair Accessible Place,wheelchair_accessible_place,,yes,,,,,True,-37.7938931,144.9307199
node/13563573705,Wheelchair Accessible Place,wheelchair_accessible_place,,yes,,,,,True,-38.0064629,145.0876522
node/13566060656,Wheelchair Accessible Place,wheelchair_accessible_place,,yes,,,,,True,-38.0051811,145.0867823
node/13566060657,Wheelchair Accessible Place,wheelchair_accessible_place,,yes,,,,,True,-38.0052545,145.0868329
node/13569235448,West Tarneit,wheelchair_accessible_place,,yes,,,V/Line,,True,-37.8272878,144.6627948
node/13571601313,Co Do,wheelchair_accessible_place,restaurant,yes,,,,,True,-37.8103968,144.9978422
node/13574995832,Wheelchair Accessible Place,wheelchair_accessible_place,,yes,,,,,True,-37.7730488,144.8881918
node/13583516174,Wheelchair Accessible Place,wheelchair_accessible_place,drinking_water,yes,,,,,True,-37.8118836,145.2500573
node/13584579923,Wheelchair Accessible Place,wheelchair_accessible_place,drinking_water,yes,,,,,True,-37.6693699,144.849479
node/13585839615,Flatties,wheelchair_accessible_place,fast_food,yes,,,,,True,-38.2616165,145.1901254
node/13585903191,You Bewty,wheelchair_accessible_place,,yes,,,,,True,-38.2618759,145.190118
node/13585918432,tribe six,wheelchair_accessible_place,,yes,,,,,True,-38.2618393,145.1901196
node/13594052153,Sabby,wheelchair_accessible_place,coworking_space,yes,yes,,,,True,-37.8048961,144.9604106
node/13597292061,Northeast China Family,wheelchair_accessible_place,restaurant,yes,,"Mo-We,Sa 11:00-15:00,17:00-21:30; Th-Fr 11:00-15:00,17:00-22:00; Su 17:00-21:30",,,True,-37.8172546,144.9640555
node/13601866081,School of Property,wheelchair_accessible_place,university,yes,,,RMIT University,,True,-37.8084085,144.9638663
node/13601878470,School of Fashion & Textiles,wheelchair_accessible_place,university,yes,,,RMIT University,,True,-37.8085502,144.9637357
node/13601948096,School of Law,wheelchair_accessible_place,university,yes,,,RMIT University,,True,-37.8073903,144.9651666
node/13601960913,School of Accounting,wheelchair_accessible_place,university,yes,,,RMIT University,,True,-37.8080225,144.9625234
node/13601960915,School of Management,wheelchair_accessible_place,university,yes,,,RMIT University,,True,-37.8081793,144.9625288
node/13601968380,School of Architecture & Urban Design,wheelchair_accessible_place,university,yes,,,RMIT University,,True,-37.80643,144.9626133
node/13601971337,School of Design,wheelchair_accessible_place,university,yes,,,RMIT University,,True,-37.8072744,144.9642239
node/13601971338,School of Media & Communication,wheelchair_accessible_place,university,yes,,,RMIT University,,True,-37.8073444,144.9641247
node/13602006212,School of Science,wheelchair_accessible_place,university,yes,,,RMIT University,,True,-37.8084633,144.9646477
node/13602011938,School of Computing Technologies,wheelchair_accessible_place,university,yes,,,RMIT University,,True,-37.8074478,144.9635574
node/13602020417,School of Engineering,wheelchair_accessible_place,university,yes,,,RMIT University,,True,-37.8076845,144.9635208
node/13602026054,School of Fashion & Textiles,wheelchair_accessible_place,university,yes,,,,,True,-37.7713438,144.9578355
node/13602056924,School of Fashion & Textiles,wheelchair_accessible_place,university,yes,,,RMIT University,,True,-37.7717721,144.9585394
node/13602130824,RMIT University Brunswick Library,wheelchair_accessible_place,library,yes,,,RMIT University,,True,-37.7722721,144.957646
node/13602132589,Knit/Weave Studio,wheelchair_accessible_place,university,yes,,,RMIT University,,True,-37.7722059,144.9584384
node/13604396663,Tottenham,wheelchair_accessible_place,,yes,no,,Public Transport Victoria - Metro,,True,-37.799268,144.863206
node/13604405822,Middle Footscray,wheelchair_accessible_place,,yes,no,,Public Transport Victoria - Metro,,True,-37.8025348,144.8914104
node/13604569423,School of Science,wheelchair_accessible_place,university,yes,,,RMIT University,,True,-37.8074959,144.9633788
node/13604633051,Apple Foundation,wheelchair_accessible_place,university,yes,,,RMIT University & Apple,,True,-37.8075496,144.9631668
node/13604634998,Standing Room,wheelchair_accessible_place,cafe,yes,,Mo-Fr 08:00-16:00,,,True,-37.8078582,144.9633611
node/13617338761,Wheelchair Accessible Place,wheelchair_accessible_place,,yes,,,,,True,-37.705774,145.152874
node/13617338762,Wheelchair Accessible Place,wheelchair_accessible_place,,yes,,,,,True,-37.7056583,145.1528929
node/13621696025,Wheelchair Accessible Place,wheelchair_accessible_place,,yes,,,,,True,-37.8642061,144.7719584
node/13621698227,Wheelchair Accessible Place,wheelchair_accessible_place,,yes,,,,,True,-37.8412445,145.2676222
node/13647477971,Jiffy Lube,wheelchair_accessible_place,,yes,yes,Mo-Fr 08:00-18:00; Sa 08:00-17:00; Su 10:00-15:00,,,True,28.1394573,-80.671234
node/13647602696,Extra Space Storage,wheelchair_accessible_place,,yes,,Mo-Fr 09:30-18:00; Sa 09:00-17:30; Su off,,,True,28.1382992,-80.670993
node/13647602697,Popeyes,wheelchair_accessible_place,fast_food,yes,yes,Mo-Su 10:00-22:00,,,True,28.139775,-80.6711946
node/13648814228,Wheelchair Accessible Place,wheelchair_accessible_place,toilets,yes,,,,,True,-37.8389296,144.9923056
node/13648943285,Shell,wheelchair_accessible_place,fuel,yes,,24/7,,,True,28.1651005,-80.6723948
node/13652534401,T-Mobile,wheelchair_accessible_place,,yes,yes,Mo-Sa 10:00-19:00; Su 11:00-18:00,,,True,28.1278079,-80.6738508
node/13652534402,Anytime Fitness,wheelchair_accessible_place,,yes,,24/7,,,True,28.126537,-80.6738504
node/13652871298,Direct Seafood Outlet,wheelchair_accessible_place,,yes,,Mo-Sa 09:00-18:00; Su off,,,True,28.133609,-80.6332833
node/13652984241,Extra Space Storage,wheelchair_accessible_place,,yes,,Mo-Su 06:00-22:00,,,True,28.1981222,-80.6726571
node/13653016222,AutoZone,wheelchair_accessible_place,,yes,yes,Mo-Th 08:00-21:00; Fr-Su 08:00-20:00,,,True,28.1968701,-80.6725423
node/13653398624,Firestone,wheelchair_accessible_place,,yes,yes,Mo-Fr 07:00-19:00; Sa 07:00-18:00; Su 08:00-17:00,,,True,28.1920354,-80.6726105
node/13653655433,Wheelchair Accessible Place,wheelchair_accessible_place,toilets,yes,,,,,True,-37.8013505,144.9407213
node/13653655434,Wheelchair Accessible Place,wheelchair_accessible_place,toilets,yes,,,,,True,-37.8012759,144.940702
node/13653782502,Tochi Deli,wheelchair_accessible_place,restaurant,yes,,Mo-Tu off; We-Su 11:00-15:00,,,True,-37.7428072,144.9656027
node/13660588092,KT Mart,wheelchair_accessible_place,,yes,,10:00-22:30,,,True,-37.8118601,144.9618394
node/13668782743,Wheelchair Accessible Place,wheelchair_accessible_place,,yes,,,,,True,-37.7948227,144.9343998
node/13673344658,Wheelchair Accessible Place,wheelchair_accessible_place,,yes,,,,,True,-37.7597994,145.1339721
node/13673344665,Wheelchair Accessible Place,wheelchair_accessible_place,,yes,,,,,True,-37.7597763,145.1337948
node/13673344669,Wheelchair Accessible Place,wheelchair_accessible_place,,yes,,,,,True,-37.7596569,145.1336652
node/13673344672,Wheelchair Accessible Place,wheelchair_accessible_place,,yes,,,,,True,-37.7595231,145.1336868
node/13673344679,Wheelchair Accessible Place,wheelchair_accessible_place,,yes,,,,,True,-37.7594479,145.1338531
node/13673344682,Wheelchair Accessible Place,wheelchair_accessible_place,,yes,,,,,True,-37.7594656,145.1340504
node/13673344687,Wheelchair Accessible Place,wheelchair_accessible_place,,yes,,,,,True,-37.7595681,145.1341859
node/13673344690,Wheelchair Accessible Place,wheelchair_accessible_place,,yes,,,,,True,-37.7597179,145.1341579
node/13677071956,RMIT Bundoora Library,wheelchair_accessible_place,library,yes,,,RMIT University,,True,-37.681074,145.063008
node/13681064467,STEM College,wheelchair_accessible_place,university,yes,,,RMIT University,,True,-37.8064651,144.9635693
node/13681073109,RMIT UP,wheelchair_accessible_place,university,yes,,,RMIT University,,True,-37.8082198,144.9613511
node/13681098115,CODE,wheelchair_accessible_place,university,yes,,,RMIT University,,True,-37.8063825,144.9640118
node/13681134191,RMIT Activator,wheelchair_accessible_place,university,yes,,,RMIT University,"At Activator, we’re passionate about working with aspiring founders, startups and organisations who are driven to create meaningful change",True,-37.8065626,144.9639984
node/13681161233,J&G Taiwanese Fried Chicken,wheelchair_accessible_place,fast_food,yes,,Mo-Su 10:00-22:00,J&G Chicken,,True,-37.8080884,144.9633923
node/13681204294,Little Bang Espresso,wheelchair_accessible_place,cafe,yes,,Mo-Th 07:00-16:00; Fr 07:00-15:00,,"We’re passionate about making exceptional coffee & creating memorable, everyday moments with our community. We believe a great café can brighten your day,  through a perfectly made flat white, a flaky croissant, or a friendly chat with our team",True,-37.8079337,144.9633413
node/13695105520,Wheelchair Accessible Place,wheelchair_accessible_place,toilets,yes,,,,,True,-37.8203283,144.9642307
node/13696989143,Wheelchair Accessible Place,wheelchair_accessible_place,,yes,,,,,True,-37.8120363,145.2486715
node/13696989144,Wheelchair Accessible Place,wheelchair_accessible_place,,yes,,,,,True,-37.8121758,145.2487424
node/13696989148,Wheelchair Accessible Place,wheelchair_accessible_place,,yes,,,,,True,-37.8116366,145.2500472
node/13696989149,Wheelchair Accessible Place,wheelchair_accessible_place,,yes,,,,,True,-37.8117761,145.250114
node/13700224864,Wheelchair Accessible Place,wheelchair_accessible_place,drinking_water,yes,,,,,True,-37.7860073,145.312581
node/13700224865,Wheelchair Accessible Place,wheelchair_accessible_place,drinking_water,yes,,,Metro Trains Melbourne,,True,-37.7846553,145.3137719
node/13704651693,All Trancio,wheelchair_accessible_place,cafe,yes,,Mo-Tu off; We-Fr 10:00-14:30; Sa-Su 10:00-15:30,,,True,-37.7540527,145.6876214
node/13704680317,Warburton Adventure Co.,wheelchair_accessible_place,,yes,,,,,True,-37.7541147,145.6874212
node/13704988012,Thai Food Truck,wheelchair_accessible_place,restaurant,yes,,,,,True,-37.7527877,145.6954038
node/13707049334,Wheelchair Accessible Place,wheelchair_accessible_place,toilets,yes,,,,,True,-37.8925998,145.3075109
node/13710032827,Wheelchair Accessible Place,wheelchair_accessible_place,drinking_water,yes,,,,,True,-37.7151027,145.1206767
node/13710032828,Wheelchair Accessible Place,wheelchair_accessible_place,drinking_water,yes,,,,,True,-37.7152274,145.1205667
node/13710134662,Red Sparrow Pizza,wheelchair_accessible_place,restaurant,yes,,Mo-Th off; Fr 12:00-22:00; Sa 10:00-22:00; Su 10:00-21:00,,,True,-37.7958703,144.9773377
node/13710180541,Moon,wheelchair_accessible_place,fast_food,yes,,Mo-Fr off; Sa-Su 08:00 until sold out,,,True,-37.7958303,144.9770939
node/13713253253,Wheelchair Accessible Place,wheelchair_accessible_place,drinking_water,yes,,,,,True,-37.7085195,145.1802112
node/13715699598,Wheelchair Accessible Place,wheelchair_accessible_place,toilets,yes,,,,,True,-37.6729954,144.847719
node/13722809778,Wheelchair Accessible Place,wheelchair_accessible_place,drinking_water,yes,,,,,True,-37.9097448,145.0207046
node/13725101383,Wheelchair Accessible Place,wheelchair_accessible_place,drinking_water,yes,,,,,True,-37.7151856,145.1212936
node/13728966199,Croydon,wheelchair_accessible_place,,yes,,,Transport Victoria,,True,-37.7703716,145.2953775
node/13729034805,Yarra Glen,wheelchair_accessible_place,,yes,,,V/Line,,True,-37.658173,145.3746879
node/13729047613,Yarra Glen,wheelchair_accessible_place,,yes,,,V/Line,,True,-37.6575655,145.3744219
node/13729061946,Box Hill,wheelchair_accessible_place,,yes,,,V/Line,,True,-37.8180825,145.125759
node/13729128759,Wheelchair Accessible Place,wheelchair_accessible_place,,yes,,,,,True,-37.7314936,144.8017124
node/13729128760,Wheelchair Accessible Place,wheelchair_accessible_place,,yes,,,,,True,-37.73238,144.8014231
node/13729128761,Wheelchair Accessible Place,wheelchair_accessible_place,,yes,,,,,True,-37.7319236,144.8026857
node/13729128762,Wheelchair Accessible Place,wheelchair_accessible_place,,yes,,,,,True,-37.7323409,144.8026056
node/13731714891,Bundoora RMIT,wheelchair_accessible_place,,yes,,,Transport Victoria,,True,-37.6831193,145.0691813
node/13731748370,Bundoora RMIT,wheelchair_accessible_place,,yes,,,Transport Victoria,,True,-37.680693,145.0689953
node/13731750043,Whittlesea,wheelchair_accessible_place,,yes,,,Transport Victoria,,True,-37.5124016,145.1180406
node/13731753662,Whittlesea,wheelchair_accessible_place,,yes,,,Transport Victoria,,True,-37.5119921,145.1177246
node/13733813658,Lilydale,wheelchair_accessible_place,,yes,,,Transport Victoria,,True,-37.7567347,145.345474
node/13733829716,Box Hill,wheelchair_accessible_place,,yes,,,Transport Victoria,,True,-37.8186061,145.125979
node/13733835857,Croydon,wheelchair_accessible_place,,yes,,,Transport Victoria,,True,-37.7714634,145.2947154
node/13737423983,Scorptec disabled parking and loading bay,wheelchair_accessible_place,,yes,,,,,True,-37.8317266,144.9575338
node/13737484705,Wheelchair Accessible Place,wheelchair_accessible_place,drinking_water,yes,,,,,True,-37.7164998,145.1215251
node/13737484706,Wheelchair Accessible Place,wheelchair_accessible_place,drinking_water,yes,,,,,True,-37.7153876,145.1214311
node/13747584877,Arch & Stone,wheelchair_accessible_place,cafe,yes,yes,Mo-Fr 08:00-16:00,,,True,-37.8088002,144.9651976
node/13747662875,Arch & Stone Outdoor Dining,wheelchair_accessible_place,cafe,yes,,Mo-Fr 08:00-16:00,,,True,-37.8087224,144.9651002
node/13748226714,Wheelchair Accessible Place,wheelchair_accessible_place,,yes,,,,,True,-37.8579846,145.093865
node/13758078692,Wheelchair Accessible Place,wheelchair_accessible_place,,yes,,Mo-Fr 08:30-18:00; Sa 09:00-12:00,Eltham Central Medical Clinic,,True,-37.7123388,145.1502055
node/13758101902,Wheelchair Accessible Place,wheelchair_accessible_place,drinking_water,yes,,,,,True,-37.7122937,145.1468611
node/13784387136,Wheelchair Accessible Place,wheelchair_accessible_place,,yes,,,,,True,-37.7116121,145.1642556
node/13784387137,Wheelchair Accessible Place,wheelchair_accessible_place,,yes,,,,,True,-37.7115896,145.1640463
node/13784387141,Wheelchair Accessible Place,wheelchair_accessible_place,,yes,,,,,True,-37.7113476,145.161694
node/13798314060,Wheelchair Accessible Place,wheelchair_accessible_place,,yes,,,,,True,-37.8583691,145.1993381
node/13798314061,Wheelchair Accessible Place,wheelchair_accessible_place,,yes,,,,,True,-37.8580754,145.1998366
node/13801916471,Wheelchair Accessible Place,wheelchair_accessible_place,,yes,,,,,True,28.1477289,-80.6381672
node/13801916472,Wheelchair Accessible Place,wheelchair_accessible_place,,yes,,,,,True,28.1479076,-80.6378769
node/13801916474,Wheelchair Accessible Place,wheelchair_accessible_place,,yes,,,,,True,28.1479889,-80.6379089
node/13801916475,Wheelchair Accessible Place,wheelchair_accessible_place,,yes,,,,,True,28.1481536,-80.6380309
node/13801916477,Wheelchair Accessible Place,wheelchair_accessible_place,,yes,,,,,True,28.1481941,-80.6380862
node/13801916478,Wheelchair Accessible Place,wheelchair_accessible_place,,yes,,,,,True,28.148034,-80.6384004
node/13801916479,Wheelchair Accessible Place,wheelchair_accessible_place,,yes,,,,,True,28.1479556,-80.6384065
node/13803282190,Wheelchair Accessible Place,wheelchair_accessible_place,,yes,,,,,True,28.148275,-80.6381162
node/13803297303,Wheelchair Accessible Place,wheelchair_accessible_place,,yes,,,,,True,28.1483029,-80.638135
node/13803297348,Wheelchair Accessible Place,wheelchair_accessible_place,,yes,,,,,True,28.1477594,-80.6382668
node/13803309083,Wheelchair Accessible Place,wheelchair_accessible_place,,yes,,,,,True,28.1482857,-80.6379865
node/13803309084,Wheelchair Accessible Place,wheelchair_accessible_place,,yes,,,,,True,28.1483019,-80.6378342
node/13804415196,Wheelchair Accessible Place,wheelchair_accessible_place,,yes,,,,,True,28.1488824,-80.6385603
node/13804417013,Wheelchair Accessible Place,wheelchair_accessible_place,,yes,,,,,True,28.1485051,-80.6382866
node/13804417022,Wheelchair Accessible Place,wheelchair_accessible_place,,yes,,,,,True,28.1489629,-80.6386177
node/13804417032,Wheelchair Accessible Place,wheelchair_accessible_place,,yes,,,,,True,28.1485854,-80.6383402
node/13807289056,Wheelchair Accessible Place,wheelchair_accessible_place,,yes,,,,,True,-37.8117976,144.9675136
node/13807289057,Wheelchair Accessible Place,wheelchair_accessible_place,,yes,,,,,True,-37.811896,144.9675501
node/13807289058,Wheelchair Accessible Place,wheelchair_accessible_place,,yes,,,,,True,-37.8118856,144.967524
node/13807289059,Wheelchair Accessible Place,wheelchair_accessible_place,,yes,,,,,True,-37.8118313,144.967776
node/13807289060,Wheelchair Accessible Place,wheelchair_accessible_place,,yes,,,,,True,-37.8117838,144.9678081
node/13807289061,Wheelchair Accessible Place,wheelchair_accessible_place,,yes,,,,,True,-37.8117355,144.9677859
node/13816797893,Wheelchair Accessible Place,wheelchair_accessible_place,toilets,yes,,,,,True,-37.7876152,145.1988414
node/13821218663,Wheelchair Accessible Place,wheelchair_accessible_place,toilets,yes,,"Mo,We 05:00-15:00; Tu,Th 03:00-16:30; Fr 03:00-16:00; Sa 03:00-17:30; Su 03:00-18:00",,,True,-37.8061459,144.9565791
node/13822985181,Wheelchair Accessible Place,wheelchair_accessible_place,toilets,yes,,,,,True,-37.8772559,145.0426076
