osm_id,name,amenity_type,amenity,wheelchair,toilets:wheelchair,opening_hours,operator,description,is_accessible,latitude,longitude
node/257871047,Bench,bench,bench,,,,,,False,-37.8938618,145.0770964
node/455757336,Bench,bench,bench,,,,,,False,-37.8439243,145.2380766
node/455757389,Bench,bench,bench,,,,,,False,-37.8439497,145.2380793
node/480641702,Bench,bench,bench,,,,,,False,-38.003749,145.125335
node/481586238,Bench,bench,bench,,,,,,False,-37.7396241,145.2144026
node/481586241,Bench,bench,bench,,,,,,False,-37.739325,145.2158789
node/498652056,Bench,bench,bench,,,,,,False,-37.7368062,145.2196035
node/498652079,Bench,bench,bench,,,,,,False,-37.7368374,145.2264198
node/498652080,Bench,bench,bench,,,,,,False,-37.7372544,145.2269182
node/498652081,Bench,bench,bench,,,,,,False,-37.7383993,145.2289119
node/498652082,Bench,bench,bench,,,,,,False,-37.7388763,145.2293232
node/498652085,Bench,bench,bench,,,,,,False,-37.7364662,145.2259348
node/498652086,Bench,bench,bench,,,,,,False,-37.7365297,145.2254508
node/498652113,Bench,bench,bench,,,,,,False,-37.7364792,145.2198287
node/498652114,Bench,bench,bench,,,,,,False,-37.7363707,145.2207592
node/513460491,Bench,bench,bench,,,,,,False,-37.839439,145.0502721
node/513460544,Bench,bench,bench,,,,,,False,-37.8400314,145.049744
node/513460609,Bench,bench,bench,,,,,,False,-37.8393497,145.0494828
node/513460629,Bench,bench,bench,,,,,,False,-37.839265,145.0494338
node/513460713,Bench,bench,bench,,,,,,False,-37.839003,145.0477066
node/513461108,Bench,bench,bench,,,,,,False,-37.8393708,145.0474475
node/513461132,Bench,bench,bench,,,,,,False,-37.8400393,145.0473346
node/541344817,Bench,bench,bench,,,,,,False,-37.74991,145.2167401
node/567246116,Bench,bench,bench,,,,,,False,-38.0616385,145.1449841
node/580429910,Bench,bench,bench,,,,,,False,-37.8523478,145.2135275
node/595484362,Bench,bench,bench,,,,Benc,,False,-37.8134897,144.966034
node/603104084,Bench,bench,bench,,,,,,False,-37.7254688,145.1400749
node/603104085,Bench,bench,bench,,,,,,False,-37.7255525,145.1400839
node/603104086,Bench,bench,bench,,,,,,False,-37.7255512,145.1400586
node/603104087,Bench,bench,bench,,,,,,False,-37.7255792,145.1400541
node/603104088,Bench,bench,bench,,,,,,False,-37.725581,145.14008
node/603104094,Bench,bench,bench,,,,,,False,-37.7247213,145.1403419
node/603104095,Bench,bench,bench,,,,,,False,-37.7247244,145.1403711
node/603104116,Bench,bench,bench,,,,,,False,-37.7258983,145.1410185
node/603104127,Bench,bench,bench,,,,,,False,-37.7258287,145.1410363
node/603104128,Bench,bench,bench,,,,,,False,-37.7257585,145.1410038
node/603104151,Bench,bench,bench,,,,,,False,-37.7257796,145.1410682
node/603104152,Bench,bench,bench,,,,,,False,-37.7257247,145.1410822
node/603104187,Bench,bench,bench,,,,,,False,-37.7258354,145.1420835
node/603104188,Bench,bench,bench,,,,,,False,-37.7259721,145.1419991
node/603104189,Bench,bench,bench,,,,,,False,-37.7259623,145.1419811
node/603104190,Bench,bench,bench,,,,,,False,-37.7259823,145.1419603
node/603104191,Bench,bench,bench,,,,,,False,-37.7259614,145.1419552
node/603104192,Bench,bench,bench,,,,,,False,-37.7259801,145.1419333
node/603104197,Bench,bench,bench,,,,,,False,-37.7263028,145.1429133
node/603104198,Bench,bench,bench,,,,,,False,-37.7263102,145.1429822
node/603104245,Bench,bench,bench,,,,,,False,-37.7250879,145.1410527
node/603104362,Bench,bench,bench,,,,,,False,-37.7252627,145.1413962
node/603104424,Bench,bench,bench,,,,,,False,-37.7250897,145.1414966
node/603104433,Bench,bench,bench,,,,,,False,-37.7247351,145.1404426
node/603104434,Bench,bench,bench,,,,,,False,-37.7247391,145.1404735
node/603104435,Bench,bench,bench,,,,,,False,-37.7247475,145.1405439
node/603104436,Bench,bench,bench,,,,,,False,-37.7247533,145.1405737
node/603104437,Bench,bench,bench,,,,,,False,-37.7247604,145.1406435
node/603104438,Bench,bench,bench,,,,,,False,-37.7247662,145.1406773
node/603104474,Bench,bench,bench,,,,,,False,-37.7249006,145.1414583
node/603104516,Bench,bench,bench,,,,,,False,-37.7255356,145.1421532
node/603104537,Bench,bench,bench,,,,,,False,-37.725167,145.1421858
node/603104538,Bench,bench,bench,,,,,,False,-37.7252026,145.1421788
node/603104540,Bench,bench,bench,,,,,,False,-37.725236,145.1421752
node/603104542,Bench,bench,bench,,,,,,False,-37.7252711,145.1421738
node/603104544,Bench,bench,bench,,,,,,False,-37.72529,145.1421879
node/603104546,Bench,bench,bench,,,,,,False,-37.7253039,145.1421668
node/603104565,Bench,bench,bench,,,,,,False,-37.7249894,145.1423154
node/603104569,Bench,bench,bench,,,,,,False,-37.7248162,145.1423588
node/603104601,Bench,bench,bench,,,,,,False,-37.7259125,145.1431654
node/603104602,Bench,bench,bench,,,,,,False,-37.7259147,145.1431816
node/603104603,Bench,bench,bench,,,,,,False,-37.7257206,145.1431998
node/603104604,Bench,bench,bench,,,,,,False,-37.7255813,145.1432492
node/603104605,Bench,bench,bench,,,,,,False,-37.7255582,145.143252
node/603104606,Bench,bench,bench,,,,,,False,-37.7255562,145.1432358
node/603104607,Bench,bench,bench,,,,,,False,-37.7255796,145.1432304
node/603104608,Bench,bench,bench,,,,,,False,-37.7253319,145.1432722
node/603104609,Bench,bench,bench,,,,,,False,-37.7251356,145.1433302
node/603104610,Bench,bench,bench,,,,,,False,-37.7251365,145.1433139
node/603104611,Bench,bench,bench,,,,,,False,-37.7250946,145.1433398
node/603104612,Bench,bench,bench,,,,,,False,-37.7250928,145.1433251
node/603104613,Bench,bench,bench,,,,,,False,-37.7250381,145.143351
node/603104614,Bench,bench,bench,,,,,,False,-37.7250332,145.1433364
node/603104615,Bench,bench,bench,,,,,,False,-37.7250154,145.1433471
node/603104619,Bench,bench,bench,,,,,,False,-37.7247736,145.1433278
node/606412964,Bench,bench,bench,,,,,,False,-37.8400956,145.2477312
node/607768063,Bench,bench,bench,,,,,,False,-37.833921,145.2169802
node/607812680,Bench,bench,bench,,,,,,False,-37.8682524,145.2107207
node/610245349,Bench,bench,bench,,,,,,False,-37.8728339,145.2377806
node/610245354,Bench,bench,bench,,,,,,False,-37.8728096,145.2377913
node/610682299,Bench,bench,bench,,,,,,False,-37.8690607,145.2624886
node/610682362,Bench,bench,bench,,,,,,False,-37.8690681,145.2625127
node/610682395,Bench,bench,bench,,,,,,False,-37.8691903,145.2626267
node/610684671,Bench,bench,bench,,,,,,False,-37.8678925,145.2675017
node/617905368,Bench,bench,bench,,,,,,False,-37.8318731,144.9075984
node/617905455,Bench,bench,bench,,,,,,False,-37.8295821,144.9071743
node/620437550,Bench,bench,bench,,,,,In memory of Ranger Matt LeDuc (1952-2003) who dedicated 25 years to Australia's National Parks,False,-37.7195572,145.2431966
node/622249560,Bench,bench,bench,,,,,,False,-38.3769056,144.7687399
node/622297704,Bench,bench,bench,,,,,,False,-38.3299154,144.6999733
node/622824281,Bench,bench,bench,,,,,,False,-37.7486501,145.2087341
node/622824291,Bench,bench,bench,,,,,,False,-37.7479249,145.2079997
node/622824292,Bench,bench,bench,,,,,,False,-37.7479183,145.2080394
node/622824294,Bench,bench,bench,,,,,,False,-37.7478928,145.2080403
node/622824296,Bench,bench,bench,,,,,,False,-37.7479003,145.2079856
node/631441795,Bench,bench,bench,,,,,,False,-37.7274578,145.2396079
node/631441796,Bench,bench,bench,,,,,,False,-37.7275202,145.2392832
node/666603083,Bench,bench,bench,,,,,,False,-37.7977606,144.7716699
node/679611713,Bench,bench,bench,,,,,,False,-37.8311073,145.0126333
node/685071701,Bench,bench,bench,,,,,,False,-37.7382764,145.1621606
node/697192237,Bench,bench,bench,,,,,,False,-37.8580778,144.8707591
node/703576058,Bench,bench,bench,,,,,,False,-37.7026928,145.291775
node/703576085,Bench,bench,bench,,,,,,False,-37.7045978,145.2856371
node/703576167,Bench,bench,bench,,,,,,False,-37.7143439,145.2863999
node/703576219,Bench,bench,bench,,,,,,False,-37.7142282,145.2856003
node/703576323,Bench,bench,bench,,,,,,False,-37.703138,145.2881937
node/703576356,Bench,bench,bench,,,,,,False,-37.7062891,145.2852503
node/703576366,Bench,bench,bench,,,,,,False,-37.7113559,145.290329
node/716430028,Bench,bench,bench,,,,,,False,-38.2066955,145.0531798
node/716430032,Bench,bench,bench,,,,,,False,-38.2082256,145.0518119
node/716430035,Bench,bench,bench,,,,,,False,-38.2100339,145.0498592
node/767585574,Bench,bench,bench,,,,,,False,-37.8063042,144.9729618
node/778909432,Bench,bench,bench,,,,,,False,-38.0450639,145.3652885
node/790633695,Bench,bench,bench,,,,,,False,-37.8820248,145.1174381
node/790633699,Bench,bench,bench,,,,,,False,-37.880888,145.1173737
node/790633702,Bench,bench,bench,,,,,,False,-37.8799501,145.1174327
node/820229156,Bench,bench,bench,,,,,,False,-37.6430584,145.0646034
node/852952049,Bench,bench,bench,,,,,,False,-37.710871,145.1509714
node/852952145,Bench,bench,bench,,,,,,False,-37.7109566,145.1514847
node/852952183,Bench,bench,bench,,,,,,False,-37.7108133,145.1500127
node/852952329,Bench,bench,bench,,,,,,False,-37.7109044,145.1506893
node/926612697,Bench,bench,bench,,,,,,False,-37.8219761,145.4072392
way/975576124,Bench,bench,bench,,,,,,False,-37.9030704,144.6574212
way/991043356,Bench,bench,bench,,,,,,False,-37.8232074,144.957096
way/991043357,Bench,bench,bench,,,,,,False,-37.8231711,144.9571706
way/991043358,Bench,bench,bench,,,,,,False,-37.8231138,144.9572177
way/992984850,Bench,bench,bench,,,,,,False,-37.9182196,145.2519901
way/998344429,Bench,bench,bench,,,,,,False,-38.1155667,145.2403071
way/998344430,Bench,bench,bench,,,,,,False,-38.1158188,145.2403119
way/998381478,Bench,bench,bench,,,,,,False,-38.1157731,145.2408974
way/998381491,Bench,bench,bench,,,,,,False,-38.1144879,145.240702
way/998381492,Bench,bench,bench,,,,,,False,-38.1145743,145.2408803
way/998381493,Bench,bench,bench,,,,,,False,-38.1143961,145.2405912
way/998381494,Bench,bench,bench,,,,,,False,-38.1144173,145.240632
way/998381501,Bench,bench,bench,,,,,,False,-38.1144788,145.2401003
way/998381502,Bench,bench,bench,,,,,,False,-38.1145126,145.2402664
way/998381503,Bench,bench,bench,,,,,,False,-38.1145797,145.2403489
way/998381504,Bench,bench,bench,,,,,,False,-38.1146174,145.2403986
way/998381505,Bench,bench,bench,,,,,,False,-38.1145056,145.2402217
way/998381506,Bench,bench,bench,,,,,,False,-38.114637,145.2404407
way/998381507,Bench,bench,bench,,,,,,False,-38.1147237,145.2406024
way/998381508,Bench,bench,bench,,,,,,False,-38.114748,145.2404533
way/998381509,Bench,bench,bench,,,,,,False,-38.114763,145.2405017
way/998381510,Bench,bench,bench,,,,,,False,-38.1147912,145.240559
way/998381511,Bench,bench,bench,,,,,,False,-38.1148303,145.2406712
way/998381512,Bench,bench,bench,,,,,,False,-38.114841,145.2407096
way/1000736057,Bench,bench,bench,,,,,,False,-38.086368,145.2915433
way/1000736058,Bench,bench,bench,,,,,,False,-38.0864882,145.2915362
way/1000736059,Bench,bench,bench,,,,,,False,-38.0864321,145.2915165
way/1002251453,Bench,bench,bench,,,,,,False,-38.1041685,145.3051451
way/1002251457,Bench,bench,bench,,,,,,False,-38.1043393,145.3052678
way/1002251458,Bench,bench,bench,,,,,,False,-38.1043318,145.3053382
way/1018986637,Bench,bench,bench,,,,,,False,-37.9111982,145.1337332
way/1043419176,Bench,bench,bench,,,,,,False,-37.6893843,145.1403614
way/1043419177,Bench,bench,bench,,,,,,False,-37.6894157,145.140366
way/1054110348,Bench,bench,bench,,,,,,False,-37.8846052,144.6900752
node/1074601911,Bench,bench,bench,,,,,,False,-38.3507819,144.7327912
node/1074602135,Bench,bench,bench,,,,,,False,-38.3497284,144.7319699
node/1074602189,Bench,bench,bench,,,,,,False,-38.345704,144.7287882
node/1074602202,Bench,bench,bench,,,,,"Alan & Dorothy: Remembered forever by their Children, Grandchildren, Greatgrandchildren & their Partners",False,-38.3802252,144.7743937
node/1074602299,Bench,bench,bench,,,,,,False,-38.3521397,144.7363804
node/1074602521,Bench,bench,bench,,,,,,False,-38.3803972,144.7747177
node/1076306974,Bench,bench,bench,,,,,,False,-37.794117,144.9302135
node/1076306977,Bench,bench,bench,,,,,,False,-37.7949029,144.9307277
way/1107624053,Bench,bench,bench,,,,,,False,-37.8654821,145.1750742
node/1132074757,Bench,bench,bench,,,,,,False,-37.8964911,145.1528121
node/1132074758,Bench,bench,bench,,,,,,False,-37.8985568,145.1528281
node/1132074759,Bench,bench,bench,,,,,,False,-37.8989801,145.1527638
node/1132074760,Bench,bench,bench,,,,,,False,-37.8993103,145.1529086
node/1132074761,Bench,bench,bench,,,,,,False,-37.8981801,145.1523641
node/1132074762,Bench,bench,bench,,,,,,False,-37.8953947,145.1534075
node/1132074763,Bench,bench,bench,,,,,,False,-37.8957926,145.1528711
way/1136945907,Bench,bench,bench,,,,,,False,-37.9061758,145.063666
way/1136945908,Bench,bench,bench,,,,,,False,-37.9061473,145.0635014
way/1136961552,Bench,bench,bench,,,,,,False,-37.9062212,145.0636306
node/1185811567,Bench,bench,bench,,,,,,False,-37.9070189,145.3573271
way/1200032337,Bench,bench,bench,,,,,,False,-37.7988818,144.963619
way/1250682327,Bench,bench,bench,,,,,,False,-37.848353,144.9925038
way/1250682328,Bench,bench,bench,,,,,,False,-37.8483057,144.9925883
way/1258456945,Bench,bench,bench,,,,,,False,-37.8890829,145.0650384
way/1258907307,Bench,bench,bench,,,,,,False,-37.8811885,145.0480255
way/1258907729,Bench,bench,bench,,,,,,False,-37.8402681,144.9929636
way/1265928575,Bench,bench,bench,,,,,,False,-37.8860142,145.0587361
way/1278434082,Bench,bench,bench,,,,,,False,-37.851377,145.3714653
node/1287453552,Bench,bench,bench,,,,,,False,-37.7693684,144.9649455
node/1287457165,Bench,bench,bench,,,,,,False,-37.7669141,144.9722635
node/1287457166,Bench,bench,bench,,,,,,False,-37.7667277,144.9722135
node/1287457167,Bench,bench,bench,,,,,,False,-37.7668491,144.9719968
node/1288593546,Bench,bench,bench,,,,,,False,-37.7627989,144.9622791
node/1288593606,Bench,bench,bench,,,,,,False,-37.7627837,144.962155
node/1288593623,Bench,bench,bench,,,,,,False,-37.7627897,144.9622152
node/1293254865,Bench,bench,bench,,,,,,False,-37.6502126,145.3746369
node/1293254926,Bench,bench,bench,,,,,,False,-37.6502412,145.3748032
node/1299188305,Bench,bench,bench,,,,,,False,-37.7712306,144.9700375
node/1299188320,Bench,bench,bench,,,,,,False,-37.7714364,144.9730723
node/1299188345,Bench,bench,bench,,,,,,False,-37.7714072,144.9732712
node/1299188365,Bench,bench,bench,,,,,,False,-37.7713286,144.9735163
node/1299188387,Bench,bench,bench,,,,,,False,-37.7713529,144.973707
node/1299188427,Bench,bench,bench,,,,,,False,-37.7711736,144.9700496
way/1301657398,Bench,bench,bench,,,,,,False,-37.9002009,145.0884501
node/1306530070,Bench,bench,bench,,,,,,False,-37.7525922,144.990196
node/1306530082,Bench,bench,bench,,,,,,False,-37.7546069,144.9888877
node/1306530195,Bench,bench,bench,,,,,,False,-37.7556711,144.9884926
node/1306530240,Bench,bench,bench,,,,,,False,-37.7560111,144.9883197
node/1306530293,Bench,bench,bench,,,,,,False,-37.7598065,144.9873776
node/1306530339,Bench,bench,bench,,,,,,False,-37.7598238,144.9875085
node/1306530370,Bench,bench,bench,,,,,,False,-37.7559101,144.988384
node/1306530390,Bench,bench,bench,,,,,,False,-37.7554075,144.9885523
node/1307492134,Bench,bench,bench,,,,,,False,-37.7743266,144.9767217
node/1307606575,Bench,bench,bench,,,,,,False,-37.9126025,145.1336697
node/1307606576,Bench,bench,bench,,,,,,False,-37.9126822,145.13364
node/1307606577,Bench,bench,bench,,,,,,False,-37.9126342,145.133798
way/1308765889,Bench,bench,bench,,,,,,False,-37.8165168,145.1189209
way/1308765890,Bench,bench,bench,,,,,,False,-37.8164287,145.1189702
node/1311397355,Bench,bench,bench,,,,,,False,-37.883601,145.1487705
node/1312683755,Bench,bench,bench,,,,,,False,-37.7744771,144.9772969
node/1313816343,Bench,bench,bench,,,,,,False,-37.7731569,144.9806814
node/1313816357,Bench,bench,bench,,,,,,False,-37.7732274,144.9806709
node/1313816402,Bench,bench,bench,,,,,,False,-37.7735996,144.9810299
node/1317171007,Bench,bench,bench,,,,,,False,-38.1600444,145.1321116
way/1318025350,Bench,bench,bench,,,,,,False,-37.9854605,145.0336964
node/1321208912,Bench,bench,bench,,,,,,False,-38.1148619,145.1900285
node/1321298118,Bench,bench,bench,,,,,,False,-37.7142767,145.2864484
node/1321298141,Bench,bench,bench,,,,,,False,-37.7187257,145.2857113
node/1321298209,Bench,bench,bench,,,,,,False,-37.7132617,145.28577
node/1350265526,Bench,bench,bench,,,,,,False,-37.8300197,144.9650973
node/1350265527,Bench,bench,bench,,,,,,False,-37.8298464,144.9650847
node/1350265528,Bench,bench,bench,,,,,,False,-37.8296591,144.9652011
node/1350265529,Bench,bench,bench,,,,,,False,-37.8296268,144.9650397
node/1350265530,Bench,bench,bench,,,,,,False,-37.8295961,144.9648911
node/1350265531,Bench,bench,bench,,,,,,False,-37.8296905,144.9645761
node/1350265532,Bench,bench,bench,,,,,,False,-37.8300595,144.9652276
node/1381313844,Bench,bench,bench,,,,,,False,-37.7065773,144.9160701
node/1381313854,Bench,bench,bench,,,,,,False,-37.7066494,144.9160849
node/1397866072,Bench,bench,bench,,,,,,False,-37.9642557,144.4990442
way/1448604119,Bench,bench,bench,,,,,,False,-37.8135919,144.9651122
way/1448604121,Bench,bench,bench,,,,,,False,-37.8136007,144.9651639
node/1462208375,Bench,bench,bench,,,,,,False,-37.7382616,145.1478951
node/1462208399,Bench,bench,bench,,,,,,False,-37.7401093,145.137282
node/1462208403,Bench,bench,bench,,,,,,False,-37.7405303,145.1410482
node/1462208412,Bench,bench,bench,,,,,,False,-37.7409312,145.137113
node/1462208416,Bench,bench,bench,,,,,,False,-37.7419988,145.1399926
way/1463489493,Bench,bench,bench,,,,,,False,28.1667495,-80.6607069
way/1463489494,Bench,bench,bench,,,,,,False,28.1667563,-80.660722
way/1463489495,Bench,bench,bench,,,,,,False,28.1667643,-80.6607349
way/1463489496,Bench,bench,bench,,,,,,False,28.1667034,-80.6607011
way/1463489497,Bench,bench,bench,,,,,,False,28.166695,-80.6607157
way/1463489498,Bench,bench,bench,,,,,,False,28.1666882,-80.6607301
way/1463489499,Bench,bench,bench,,,,,,False,28.1666842,-80.6606563
way/1463489500,Bench,bench,bench,,,,,,False,28.1666692,-80.6606558
way/1463489501,Bench,bench,bench,,,,,,False,28.1666532,-80.6606563
way/1463489502,Bench,bench,bench,,,,,,False,28.166774,-80.6606625
way/1463489503,Bench,bench,bench,,,,,,False,28.1667888,-80.660663
way/1463489504,Bench,bench,bench,,,,,,False,28.1668049,-80.660663
way/1463489505,Bench,bench,bench,,,,,,False,28.1667086,-80.6606156
way/1463489506,Bench,bench,bench,,,,,,False,28.1667015,-80.6605987
way/1463489507,Bench,bench,bench,,,,,,False,28.166694,-80.6605847
node/1474866135,Bench,bench,bench,,,,,,False,-37.7500081,145.09853
node/1474866140,Bench,bench,bench,,,,,,False,-37.7510888,145.0962616
node/1474866176,Bench,bench,bench,,,,,,False,-37.7528323,145.0956643
node/1474866220,Bench,bench,bench,,,,,,False,-37.7539314,145.0943634
node/1474866264,Bench,bench,bench,,,,,,False,-37.7543316,145.0966785
node/1474866265,Bench,bench,bench,,,,,,False,-37.7543372,145.0969824
node/1497158572,Bench,bench,bench,,,,,,False,-37.7051111,145.1062004
node/1497158573,Bench,bench,bench,,,,,,False,-37.7051536,145.10659
node/1497158590,Bench,bench,bench,,,,,,False,-37.7066239,145.1099219
node/1502373802,Bench,bench,bench,,,,,,False,-37.7071703,145.1110297
node/1502373842,Bench,bench,bench,,,,,,False,-37.7102419,145.1158351
node/1502373849,Bench,bench,bench,,,,,,False,-37.7103826,145.1157636
node/1502373857,Bench,bench,bench,,,,,,False,-37.7104466,145.1157894
node/1502373922,Bench,bench,bench,,,,,,False,-37.7175599,145.1206404
node/1579219601,Bench,bench,bench,,,,,,False,-37.7271704,145.113046
node/1579219702,Bench,bench,bench,,,,,,False,-37.7305356,145.1438703
node/1618509698,Bench,bench,bench,,,,,,False,-37.8838128,144.6187944
node/1618545124,Bench,bench,bench,,,,,,False,-37.8845279,144.6155603
node/1618953706,Bench,bench,bench,,,,,,False,-37.7093932,145.1196299
node/1618953727,Bench,bench,bench,,,,,,False,-37.7100145,145.1185028
node/1638663081,Bench,bench,bench,,,,,,False,-37.838955,144.94503
node/1638664507,Bench,bench,bench,,,,,,False,-37.839073,144.944932
node/1638665971,Bench,bench,bench,,,,,,False,-37.839214,144.944565
node/1638673523,Bench,bench,bench,,,,,,False,-37.839233,144.944613
node/1638674368,Bench,bench,bench,,,,,,False,-37.839505,144.944768
node/1638674556,Bench,bench,bench,,,,,,False,-37.839469,144.944572
node/1641558806,Bench,bench,bench,,,,,,False,-37.844455,144.940169
node/1641559115,Bench,bench,bench,,,,,,False,-37.8444954,144.9400815
node/1646788124,Bench,bench,bench,,,,,,False,-37.6425787,145.5495978
node/1668416912,Bench,bench,bench,,,,,,False,-37.8530144,144.9779595
node/1668427582,Bench,bench,bench,,,,,,False,-37.8531408,144.9776691
node/1668427604,Bench,bench,bench,,,,,,False,-37.8532102,144.9775552
node/1684399969,Bench,bench,bench,,,,,,False,-37.8456403,144.9436486
node/1685298893,Bench,bench,bench,,,,,,False,-37.6276601,145.0607088
node/1685298966,Bench,bench,bench,,,,,,False,-37.6210192,145.0616825
node/1708039452,Bench,bench,bench,,,,,,False,-37.7422085,145.0440349
node/1708039454,Bench,bench,bench,,,,,,False,-37.7427451,145.0440404
node/1708039472,Bench,bench,bench,,,,,,False,-37.7427642,145.0439358
node/1708039502,Bench,bench,bench,,,,,,False,-37.7427176,145.0441503
node/1709527379,Bench,bench,bench,,,,,,False,-37.8505594,145.0548947
node/1709527893,Bench,bench,bench,,,,,,False,-37.8514468,145.0551254
node/1709528290,Bench,bench,bench,,,,,,False,-37.8517729,145.054428
node/1709528361,Bench,bench,bench,,,,,,False,-37.8506039,145.0538996
node/1715967017,Bench,bench,bench,,,,,,False,-37.8761421,145.3203759
node/1715967020,Bench,bench,bench,,,,,,False,-37.8770161,145.3197883
node/1715967023,Bench,bench,bench,,,,,,False,-37.8772661,145.3195585
node/1725143595,Bench,bench,bench,,,,,,False,-37.9229613,145.3281443
node/1725143636,Bench,bench,bench,,,,,,False,-37.9234394,145.3270973
node/1725143654,Bench,bench,bench,,,,,,False,-37.9236382,145.326051
node/1725143702,Bench,bench,bench,,,,,,False,-37.9252688,145.3251815
node/1734621367,Bench,bench,bench,,,,,,False,-37.9246318,145.327076
node/1735976092,Bench,bench,bench,,,,,,False,-37.7886563,144.993746
node/1736065957,Bench,bench,bench,,,,,,False,-37.9134584,145.3547562
node/1742833182,Bench,bench,bench,,,,,,False,-37.9229849,145.336683
node/1750621189,Bench,bench,bench,,,,,,False,-37.9203562,145.3400132
node/1750621200,Bench,bench,bench,,,,,,False,-37.9211371,145.3387486
node/1750621208,Bench,bench,bench,,,,,,False,-37.9216118,145.337523
node/1758057126,Bench,bench,bench,,,,,,False,-37.7429306,145.2211153
node/1759653788,Bench,bench,bench,,,,,,False,-37.7812252,145.0128689
node/1759653796,Bench,bench,bench,,,,,,False,-37.7812896,145.012835
node/1759653826,Bench,bench,bench,,,,,,False,-37.7816043,145.0124063
node/1759653829,Bench,bench,bench,,,,,,False,-37.7816048,145.0127848
node/1759653850,Bench,bench,bench,,,,,,False,-37.7816545,145.0126884
node/1759653852,Bench,bench,bench,,,,,,False,-37.7816649,145.0127029
node/1793975107,Bench,bench,bench,,,,,,False,-37.7225119,145.1014025
node/1793975111,Bench,bench,bench,,,,,,False,-37.7225416,145.1015616
node/1793975126,Bench,bench,bench,,,,,,False,-37.7261457,145.1043177
node/1793975131,Bench,bench,bench,,,,,,False,-37.7261828,145.104583
node/1812540097,Bench,bench,bench,,,,,,False,-37.6507912,145.2940021
node/1812540100,Bench,bench,bench,,,,,,False,-37.631122,145.3034607
node/1814837079,Bench,bench,bench,,,,,,False,-37.6415887,145.2976655
node/1818323308,Bench,bench,bench,,,,,,False,-37.6194335,145.1025734
node/1818323635,Bench,bench,bench,,,,,,False,-37.6191657,145.1024258
node/1833965011,Bench,bench,bench,,,,,,False,-37.8456286,145.2110616
node/1845026163,Bench,bench,bench,,,,,,False,-37.8569851,144.7339075
node/1845026172,Bench,bench,bench,,,,,,False,-37.85707,144.7347753
node/1845026183,Bench,bench,bench,,,,,,False,-37.8571408,144.7357398
node/1845026185,Bench,bench,bench,,,,,,False,-37.8571608,144.7327821
node/1845026194,Bench,bench,bench,,,,,,False,-37.8573435,144.7349177
node/1845026196,Bench,bench,bench,,,,,,False,-37.8573479,144.7329748
node/1845026197,Bench,bench,bench,,,,,,False,-37.8573663,144.7348638
node/1845026198,Bench,bench,bench,,,,,,False,-37.8573819,144.7329815
node/1845263376,Bench,bench,bench,,,,,,False,-37.7627947,145.0264204
node/1925161932,Bench,bench,bench,,,,,,False,-37.8669769,144.6684848
node/1962466075,Bench,bench,bench,,,,,,False,-37.8822601,144.7492307
node/1962466274,Bench,bench,bench,,,,,,False,-37.8824344,144.7494069
node/1999639831,Bench,bench,bench,,,,,,False,-37.9855765,145.0724766
node/2031365711,Bench,bench,bench,,,,,,False,-37.7802973,144.980047
node/2031365712,Bench,bench,bench,,,,,,False,-37.7802677,144.979827
node/2039261336,Bench,bench,bench,,,,,,False,-37.8699669,145.074875
node/2053403737,Bench,bench,bench,,,,,,False,-37.878877,145.114046
node/2053408219,Bench,bench,bench,,,,,,False,-37.878997,145.113288
node/2053413221,Bench,bench,bench,,,,,,False,-37.879234,145.113918
node/2053450073,Bench,bench,bench,,,,,,False,-37.882965,145.117593
node/2053451404,Bench,bench,bench,,,,,,False,-37.883312,145.1175
node/2053875643,Bench,bench,bench,,,,,,False,-37.8797186,145.1175751
node/2056960269,Bench,bench,bench,,,,,,False,-37.780391,144.9814975
node/2056960271,Bench,bench,bench,,,,,,False,-37.7804418,144.981484
node/2082918102,Bench,bench,bench,,,,,,False,-37.8385025,145.1059552
node/2082918103,Bench,bench,bench,,,,,,False,-37.8383669,145.1057084
node/2082918132,Bench,bench,bench,,,,,,False,-37.8383203,145.1059176
node/2089472912,Bench,bench,bench,,,,,,False,-37.8671274,145.0641366
node/2089475147,Bench,bench,bench,,,,,,False,-37.871068,145.0670896
node/2093038828,Bench,bench,bench,,,,,,False,-37.8201974,144.9694434
node/2097522908,Bench,bench,bench,,,,,,False,-37.77149,144.961674
node/2103415363,Bench,bench,bench,,,,,,False,-37.799211,144.987145
node/2103424350,Bench,bench,bench,,,,,,False,-37.798098,144.9745
node/2103424601,Bench,bench,bench,,,,,,False,-37.7981737,144.9746636
node/2105135979,Bench,bench,bench,,,,,,False,-37.7966151,145.2563638
node/2120443412,Bench,bench,bench,,,,,,False,-37.7809436,144.9864517
node/2120443430,Bench,bench,bench,,,,,,False,-37.7809982,144.9863244
node/2123503871,Bench,bench,bench,,,,,,False,-37.9328961,145.4406032
node/2123503874,Bench,bench,bench,,,,,,False,-37.9333582,145.440666
node/2123503875,Bench,bench,bench,,,,,,False,-37.9332013,145.4406238
node/2125873278,Bench,bench,bench,,,,,,False,-37.786055,145.3123918
node/2133525862,Bench,bench,bench,,,,,,False,-37.9315046,145.0814831
node/2138397471,Bench,bench,bench,,,,,,False,-37.802187,144.983515
node/2139733699,Bench,bench,bench,,,,,,False,-38.013187,145.0997905
node/2148321744,Bench,bench,bench,,,,,,False,-37.8967858,145.3568777
node/2148321745,Bench,bench,bench,,,,,,False,-37.8792369,145.3446261
node/2148321749,Bench,bench,bench,,,,,,False,-37.8809961,145.3439493
node/2155469636,Bench,bench,bench,,,,,,False,-37.7561409,144.9310805
node/2155470697,Bench,bench,bench,,,,,,False,-37.7551315,144.931397
node/2155470700,Bench,bench,bench,,,,,,False,-37.7553987,144.9308754
node/2156870717,Bench,bench,bench,,,,,,False,-37.8021637,144.9709453
node/2158531876,Bench,bench,bench,,,,,,False,-37.7991677,144.9874087
node/2172932665,Bench,bench,bench,,,,,,False,-37.7401932,144.9952323
node/2172932671,Bench,bench,bench,,,,,,False,-37.7402291,144.9956862
node/2172932674,Bench,bench,bench,,,,,,False,-37.7402592,144.9951466
node/2172932675,Bench,bench,bench,,,,,,False,-37.7402695,144.9951529
node/2172932678,Bench,bench,bench,,,,,,False,-37.7403685,144.9952049
node/2172932679,Bench,bench,bench,,,,,,False,-37.7403923,144.995216
node/2172932680,Bench,bench,bench,,,,,,False,-37.7404269,144.9950054
node/2172932681,Bench,bench,bench,,,,,,False,-37.7404767,144.9948578
node/2172941296,Bench,bench,bench,,,,,,False,-37.7411273,144.9954929
node/2172941301,Bench,bench,bench,,,,,,False,-37.7412475,144.9971068
node/2172941305,Bench,bench,bench,,,,,,False,-37.7415631,144.995265
node/2172941324,Bench,bench,bench,,,,,,False,-37.7423342,144.9965817
node/2182980898,Bench,bench,bench,,,,,,False,-37.814113,144.97879
node/2217748975,Bench,bench,bench,,,,,,False,-37.801334,144.983774
node/2247275900,Bench,bench,bench,,,,,,False,-37.8290698,144.9710222
node/2262273115,Bench,bench,bench,,,,,,False,-37.9004511,145.143529
node/2266638020,Bench,bench,bench,,,,,,False,-37.6017507,145.0674457
node/2266638021,Bench,bench,bench,,,,,,False,-37.6016947,145.0676313
node/2270156864,Bench,bench,bench,,,,,,False,-37.8318338,145.0169025
node/2270156878,Bench,bench,bench,,,,,,False,-37.8318211,145.0168355
node/2316625104,Bench,bench,bench,,,,,,False,-37.828168,144.968383
node/2353028387,Bench,bench,bench,,,,,,False,-37.799055,144.960379
node/2353028737,Bench,bench,bench,,,,,,False,-37.798828,144.9596384
node/2353028749,Bench,bench,bench,,,,,,False,-37.798717,144.959569
node/2353032849,Bench,bench,bench,,,,,,False,-37.7982138,144.9598032
node/2353036040,Bench,bench,bench,,,,,,False,-37.7975195,144.9595538
node/2353036048,Bench,bench,bench,,,,,,False,-37.7974413,144.9592665
node/2353038919,Bench,bench,bench,,,,,,False,-37.7977266,144.95881
node/2353039188,Bench,bench,bench,,,,,,False,-37.79741,144.958703
node/2353045700,Bench,bench,bench,,,,,,False,-37.7968505,144.9600073
node/2353046060,Bench,bench,bench,,,,,,False,-37.7966781,144.9600269
node/2355608883,Bench,bench,bench,,,,,,False,-37.788199,144.993205
node/2355608899,Bench,bench,bench,,,,,,False,-37.788271,144.993454
node/2355609594,Bench,bench,bench,,,,,,False,-37.787932,144.993569
node/2355609597,Bench,bench,bench,,,,,,False,-37.788034,144.993269
node/2356827663,Bench,bench,bench,,,,,,False,-37.6011369,145.0769197
node/2356827670,Bench,bench,bench,,,,,,False,-37.6016014,145.0809564
node/2356835495,Bench,bench,bench,,,,,,False,-37.5951822,145.0839629
node/2356853626,Bench,bench,bench,,,,,,False,-37.5938827,145.0870264
node/2358243074,Bench,bench,bench,,,,,,False,-37.799608,144.963444
node/2361184207,Bench,bench,bench,,,,,,False,-37.7980119,144.963214
node/2361220778,Bench,bench,bench,,,,,,False,-37.7989221,144.9620585
node/2361228007,Bench,bench,bench,,,,,,False,-37.7972004,144.9614967
node/2361228495,Bench,bench,bench,,,,,,False,-37.7972566,144.9614863
node/2361231250,Bench,bench,bench,,,,,,False,-37.796669,144.961859
node/2361236633,Bench,bench,bench,,,,,,False,-37.7961414,144.9616671
node/2361240546,Bench,bench,bench,,,,,,False,-37.795888,144.962206
node/2361247559,Bench,bench,bench,,,,,,False,-37.795056,144.961462
node/2361247614,Bench,bench,bench,,,,,,False,-37.7949127,144.9608687
node/2361247713,Bench,bench,bench,,,,,,False,-37.794797,144.960706
node/2362681593,Bench,bench,bench,,,,,,False,-37.856302,145.019594
node/2362722777,Bench,bench,bench,,,,,,False,-37.85559,145.018257
node/2362725586,Bench,bench,bench,,,,,,False,-37.856464,145.019024
node/2362727045,Bench,bench,bench,,,,,,False,-37.855998,145.018967
node/2362728597,Bench,bench,bench,,,,,,False,-37.855959,145.019152
node/2362729444,Bench,bench,bench,,,,,,False,-37.856173,145.0189224
node/2365326516,Bench,bench,bench,,,,,,False,-37.900063,145.088087
node/2365326774,Bench,bench,bench,,,,,,False,-37.9002399,145.0883434
node/2366626728,Bench,bench,bench,,,,,,False,-37.800849,144.987501
node/2366627561,Bench,bench,bench,,,,,,False,-37.800918,144.987499
node/2371870607,Bench,bench,bench,,,,,,False,-37.877391,145.042332
node/2371871686,Bench,bench,bench,,,,,,False,-37.877282,145.0422
node/2371872350,Bench,bench,bench,,,,,,False,-37.877137,145.042026
node/2375810083,Bench,bench,bench,,,,,,False,-37.893665,144.728286
node/2376715034,Bench,bench,bench,,,,,,False,-37.8461287,145.1592301
node/2376755750,Bench,bench,bench,,,,,,False,-37.855156,145.160765
node/2377613936,Bench,bench,bench,,,,,,False,-37.8492417,145.1638699
node/2379716345,Bench,bench,bench,,,,,,False,-37.890203,145.067207
node/2379759587,Bench,bench,bench,,,,,,False,-37.8113004,144.9645077
node/2382120790,Bench,bench,bench,,,,,,False,-37.801626,144.90274
node/2382120797,Bench,bench,bench,,,,,,False,-37.8013744,144.9028021
node/2382981827,Bench,bench,bench,,,,,,False,-37.884977,145.0010104
node/2382981854,Bench,bench,bench,,,,,,False,-37.8852779,145.0012296
node/2404639504,Bench,bench,bench,,,,,,False,-37.793145,144.899138
node/2404663431,Bench,bench,bench,,,,,,False,-37.7928142,144.8994906
node/2410558802,Bench,bench,bench,,,,,,False,-37.799539,144.962093
node/2414419500,Bench,bench,bench,,,,,,False,-37.7630302,145.3551612
node/2414419502,Bench,bench,bench,,,,,,False,-37.7625911,145.3544144
node/2435368038,Bench,bench,bench,,,,,,False,-37.7207798,144.9603978
node/2440446341,Bench,bench,bench,,,,,,False,-37.7196332,144.9604047
node/2440446345,Bench,bench,bench,,,,,,False,-37.7204007,144.9605463
node/2440446352,Bench,bench,bench,,,,,,False,-37.7207884,144.9604796
node/2440446353,Bench,bench,bench,,,,,,False,-37.7207947,144.9603337
node/2440446354,Bench,bench,bench,,,,,,False,-37.7207997,144.9605431
node/2450390966,Bench,bench,bench,,,,,,False,-37.5871184,145.0947927
node/2450390967,Bench,bench,bench,,,,,,False,-37.591216,145.0872659
node/2450390968,Bench,bench,bench,,,,,,False,-37.5868427,145.097225
node/2450390969,Bench,bench,bench,,,,,,False,-37.5873409,145.096792
node/2450390970,Bench,bench,bench,,,,,,False,-37.591104,145.087593
node/2450390972,Bench,bench,bench,,,,,,False,-37.5872205,145.0951479
node/2450390973,Bench,bench,bench,,,,,,False,-37.5866787,145.0973253
node/2450390977,Bench,bench,bench,,,,,,False,-37.5874051,145.0965711
node/2450390978,Bench,bench,bench,,,,,,False,-37.5872613,145.0967036
node/2450390979,Bench,bench,bench,,,,,,False,-37.5874491,145.0966987
node/2450390982,Bench,bench,bench,,,,,,False,-37.5885765,145.0922645
node/2450390983,Bench,bench,bench,,,,,,False,-37.5879325,145.0873856
node/2450390985,Bench,bench,bench,,,,,,False,-37.5882499,145.0927074
node/2450390987,Bench,bench,bench,,,,,,False,-37.5905701,145.0952016
node/2450390989,Bench,bench,bench,,,,,,False,-37.5881938,145.0887373
node/2450390993,Bench,bench,bench,,,,,,False,-37.5882982,145.0925373
node/2450390995,Bench,bench,bench,,,,,,False,-37.5898635,145.0942356
node/2450390998,Bench,bench,bench,,,,,,False,-37.5904809,145.0951989
node/2450391000,Bench,bench,bench,,,,,,False,-37.5885527,145.0913053
node/2450391004,Bench,bench,bench,,,,,,False,-37.590534,145.0952606
node/2450391005,Bench,bench,bench,,,,,,False,-37.5883365,145.0900314
node/2450391006,Bench,bench,bench,,,,,,False,-37.5887593,145.0919668
node/2450391007,Bench,bench,bench,,,,,,False,-37.58972,145.093442
node/2450391012,Bench,bench,bench,,,,,,False,-37.5854319,145.086434
node/2450391014,Bench,bench,bench,,,,,,False,-37.5860438,145.0864811
node/2450401167,Bench,bench,bench,,,,,,False,-37.5917368,145.1002226
node/2450401168,Bench,bench,bench,,,,,,False,-37.5909166,145.0946303
node/2450401169,Bench,bench,bench,,,,,,False,-37.5889158,145.0954366
node/2450401170,Bench,bench,bench,,,,,,False,-37.5932055,145.1013411
node/2450401171,Bench,bench,bench,,,,,,False,-37.5908773,145.0945847
node/2450401172,Bench,bench,bench,,,,,,False,-37.5914409,145.0952263
node/2450401173,Bench,bench,bench,,,,,,False,-37.590924,145.0945189
node/2450401176,Bench,bench,bench,,,,,,False,-37.590833,145.0996769
node/2450401178,Bench,bench,bench,,,,,,False,-37.5917975,145.1003729
node/2450401179,Bench,bench,bench,,,,,,False,-37.591808,145.1002486
node/2450401180,Bench,bench,bench,,,,,,False,-37.5909886,145.0995255
node/2450401184,Bench,bench,bench,,,,,,False,-37.5912736,145.1003132
node/2450401190,Bench,bench,bench,,,,,,False,-37.5914288,145.0963415
node/2450401191,Bench,bench,bench,,,,,,False,-37.5914353,145.0951247
node/2450408354,Bench,bench,bench,,,,,,False,-37.5926423,145.0926427
node/2450408355,Bench,bench,bench,,,,,,False,-37.5924107,145.0926749
node/2458040381,Bench,bench,bench,,,,,,False,-37.7431156,144.9653315
node/2458040383,Bench,bench,bench,,,,,,False,-37.7431231,144.9654724
node/2458040384,Bench,bench,bench,,,,,,False,-37.7431334,144.9661572
node/2458040385,Bench,bench,bench,,,,,,False,-37.7431834,144.9661572
node/2467254131,Bench,bench,bench,,,,,,False,-37.8552843,145.0354025
node/2467254133,Bench,bench,bench,,,,,,False,-37.8555327,145.0354546
node/2470694466,Bench,bench,bench,,,,,,False,-37.800126,144.901043
node/2475095176,Bench,bench,bench,,,,,,False,-37.9106344,145.0807229
node/2475095178,Bench,bench,bench,,,,,,False,-37.9106575,145.0808835
node/2475095181,Bench,bench,bench,,,,,,False,-37.9108076,145.080721
node/2475095183,Bench,bench,bench,,,,,,False,-37.9108118,145.0808613
node/2475151622,Bench,bench,bench,,,,,,False,-37.911933,145.0758268
node/2475151626,Bench,bench,bench,,,,,,False,-37.9121321,145.0756744
node/2479040111,Bench,bench,bench,,,,,,False,-37.7380567,144.9794725
node/2491901843,Bench,bench,bench,,,,,,False,-37.791956,144.929733
node/2494597058,Bench,bench,bench,,,,,,False,-37.7030677,144.9692831
node/2494597070,Bench,bench,bench,,,,,,False,-37.7029221,144.9692928
node/2494597078,Bench,bench,bench,,,,,,False,-37.7027555,144.9693055
node/2496922341,Bench,bench,bench,,,,,,False,-37.861967,144.840116
node/2517024742,Bench,bench,bench,,,,,,False,-37.788223,144.9287
node/2517024797,Bench,bench,bench,,,,,,False,-37.788018,144.92928
node/2517025457,Bench,bench,bench,,,,,,False,-37.787709,144.928746
node/2517025473,Bench,bench,bench,,,,,,False,-37.787502,144.928728
node/2517027215,Bench,bench,bench,,,,,,False,-37.787338,144.929066
node/2527513673,Bench,bench,bench,,,,,,False,-37.7164955,145.1137697
node/2527513679,Bench,bench,bench,,,,,,False,-37.7165266,145.1139365
node/2527513685,Bench,bench,bench,,,,,,False,-37.7165944,145.1137359
node/2527513693,Bench,bench,bench,,,,,,False,-37.7166636,145.1135858
node/2527513701,Bench,bench,bench,,,,,,False,-37.7167336,145.1137833
node/2531903526,Bench,bench,bench,,,,,,False,-38.2132203,145.0420679
node/2534588371,Bench,bench,bench,,,,,,False,-37.8024717,144.9808249
node/2534588878,Bench,bench,bench,,,,,,False,-37.8023908,144.9803358
node/2534589010,Bench,bench,bench,,,,,,False,-37.8023418,144.9808561
node/2534589705,Bench,bench,bench,,,,,,False,-37.8023271,144.9808327
node/2553066455,Bench,bench,bench,,,,,,False,-37.793882,144.930414
node/2553067898,Bench,bench,bench,,,,,,False,-37.793784,144.930624
node/2586508359,Bench,bench,bench,,,,,,False,-37.753071,145.1097079
node/2631808044,Bench,bench,bench,,,,,,False,-37.7939392,144.9008967
node/2631808046,Bench,bench,bench,,,,,,False,-37.7944076,144.9012883
node/2631808047,Bench,bench,bench,,,,,,False,-37.7941045,144.9010858
node/2631808049,Bench,bench,bench,,,,,,False,-37.7940176,144.9007358
node/2631808055,Bench,bench,bench,,,,,,False,-37.7944108,144.901763
node/2631808062,Bench,bench,bench,,,,,,False,-37.7939689,144.9019722
node/2631808067,Bench,bench,bench,,,,,,False,-37.7940187,144.9020688
node/2631959400,Bench,bench,bench,,,,,,False,-37.7948729,144.905887
node/2631959406,Bench,bench,bench,,,,,,False,-37.7948766,144.9068236
node/2631959407,Bench,bench,bench,,,,,,False,-37.7936573,144.9041998
node/2631959409,Bench,bench,bench,,,,,,False,-37.7932705,144.9050286
node/2631959411,Bench,bench,bench,,,,,,False,-37.7933341,144.9050528
node/2631959413,Bench,bench,bench,,,,,,False,-37.7938651,144.9034625
node/2631959416,Bench,bench,bench,,,,,,False,-37.7947913,144.9050782
node/2631967428,Bench,bench,bench,,,,,,False,-37.7943409,144.9039599
node/2631967429,Bench,bench,bench,,,,,,False,-37.7943006,144.9038042
node/2632092285,Bench,bench,bench,,,,,,False,-37.7483638,144.9098035
node/2634898423,Bench,bench,bench,,,,,,False,-37.756578,144.934355
node/2634898428,Bench,bench,bench,,,,,,False,-37.7487907,144.9264693
node/2639421958,Bench,bench,bench,,,,,,False,-37.6947386,144.9034238
node/2639441351,Bench,bench,bench,,,,,,False,-37.758529,144.9300018
node/2640295318,Bench,bench,bench,,,,,,False,-37.748557,144.9323062
node/2640295320,Bench,bench,bench,,,,,,False,-37.7495792,144.932797
node/2640295322,Bench,bench,bench,,,,,,False,-37.7496238,144.9333549
node/2640295323,Bench,bench,bench,,,,,,False,-37.7488348,144.9338645
node/2646455002,Bench,bench,bench,,,,,,False,-37.7474111,144.8725639
node/2646455006,Bench,bench,bench,,,,,,False,-37.7473284,144.8725331
node/2646455011,Bench,bench,bench,,,,,,False,-37.7473718,144.8725519
node/2646455041,Bench,bench,bench,,,,,,False,-37.7482891,144.8743047
node/2646455187,Bench,bench,bench,,,,,,False,-37.7484174,144.8720315
node/2646510968,Bench,bench,bench,,,,,,False,-37.7467707,144.8764818
node/2646511008,Bench,bench,bench,,,,,,False,-37.7431459,144.8728321
node/2646549647,Bench,bench,bench,,,,,,False,-37.737979,144.8752408
node/2646549653,Bench,bench,bench,,,,,,False,-37.7377775,144.875112
node/2646549662,Bench,bench,bench,,,,,,False,-37.7378591,144.8752193
node/2646549672,Bench,bench,bench,,,,,,False,-37.7367434,144.8738876
node/2646549675,Bench,bench,bench,,,,,,False,-37.737682,144.8752166
node/2646549684,Bench,bench,bench,,,,,,False,-37.7386683,144.8734786
node/2646549692,Bench,bench,bench,,,,,,False,-37.7423696,144.8749337
node/2646549730,Bench,bench,bench,,,,,,False,-37.7392781,144.8751335
node/2646549732,Bench,bench,bench,,,,,,False,-37.7395295,144.8752461
node/2646549738,Bench,bench,bench,,,,,,False,-37.740221,144.875057
node/2646549739,Bench,bench,bench,,,,,,False,-37.7403314,144.8746415
node/2646549744,Bench,bench,bench,,,,,,False,-37.7402984,144.8748773
node/2646549752,Bench,bench,bench,,,,,,False,-37.7375908,144.8752341
node/2646549761,Bench,bench,bench,,,,,,False,-37.7375675,144.875163
node/2646549766,Bench,bench,bench,,,,,,False,-37.7397437,144.8752864
node/2646580070,Bench,bench,bench,,,,,,False,-37.7509253,144.8799778
node/2646580074,Bench,bench,bench,,,,,,False,-37.7489444,144.880809
node/2646580084,Bench,bench,bench,,,,,,False,-37.7410673,144.8815466
node/2646580086,Bench,bench,bench,,,,,,False,-37.7377456,144.879889
node/2646580088,Bench,bench,bench,,,,,,False,-37.7412497,144.8812543
node/2646580089,Bench,bench,bench,,,,,,False,-37.7392559,144.8809726
node/2646580092,Bench,bench,bench,,,,,,False,-37.7453718,144.8826544
node/2646580093,Bench,bench,bench,,,,,,False,-37.745235,144.8826423
node/2646580094,Bench,bench,bench,,,,,,False,-37.7453156,144.8826785
node/2646580099,Bench,bench,bench,,,,,,False,-37.7435107,144.8826316
node/2646580105,Bench,bench,bench,,,,,,False,-37.7433007,144.8826316
node/2646580112,Bench,bench,bench,,,,,,False,-37.7425647,144.8823057
node/2646580119,Bench,bench,bench,,,,,,False,-37.754136,144.8800768
node/2646581694,Bench,bench,bench,,,,,,False,-37.7552918,144.9014272
node/2648674846,Bench,bench,bench,,,,,,False,-37.7439817,144.9101498
node/2648737543,Bench,bench,bench,,,,,,False,-37.7268025,144.8847668
node/2648737566,Bench,bench,bench,,,,,,False,-37.726845,144.8851825
node/2651168764,Bench,bench,bench,,,,,,False,-37.7286486,144.880908
node/2651168766,Bench,bench,bench,,,,,,False,-37.7284555,144.8811199
node/2651168784,Bench,bench,bench,,,,,,False,-37.7284317,144.8807745
node/2651168815,Bench,bench,bench,,,,,,False,-37.7292914,144.8795843
node/2651168817,Bench,bench,bench,,,,,,False,-37.729267,144.8796822
node/2651168850,Bench,bench,bench,,,,,,False,-37.736719,144.8899551
node/2651176375,Bench,bench,bench,,,,,,False,-37.7356638,144.8997304
node/2651176389,Bench,bench,bench,,,,,,False,-37.7383513,144.9039629
node/2651176390,Bench,bench,bench,,,,,,False,-37.738311,144.9040246
node/2651176392,Bench,bench,bench,,,,,,False,-37.7383279,144.9041748
node/2651176393,Bench,bench,bench,,,,,,False,-37.7383916,144.9042097
node/2651176394,Bench,bench,bench,,,,,,False,-37.7384531,144.9042794
node/2651176395,Bench,bench,bench,,,,,,False,-37.7387755,144.9044323
node/2653268004,Bench,bench,bench,,,,,,False,-37.7590808,144.9088579
node/2653268034,Bench,bench,bench,,,,,,False,-37.760669,144.9084615
node/2655250048,Bench,bench,bench,,,,,,False,-37.7331186,144.860101
node/2655250115,Bench,bench,bench,,,,,,False,-37.7360512,144.8621435
node/2655250117,Bench,bench,bench,,,,,,False,-37.7362305,144.8620201
node/2655250118,Bench,bench,bench,,,,,,False,-37.7359887,144.8624358
node/2655250122,Bench,bench,bench,,,,,,False,-37.7385054,144.8595618
node/2655250123,Bench,bench,bench,,,,,,False,-37.7362888,144.862519
node/2655250127,Bench,bench,bench,,,,,,False,-37.7330624,144.8600245
node/2655250143,Bench,bench,bench,,,,,,False,-37.7382371,144.8597536
node/2655250145,Bench,bench,bench,,,,,,False,-37.7382498,144.8596624
node/2655250165,Bench,bench,bench,,,,,,False,-37.7337158,144.859358
node/2655250166,Bench,bench,bench,,,,,,False,-37.7388087,144.8597965
node/2655268188,Bench,bench,bench,,,,,,False,-37.7456374,144.8653273
node/2655268200,Bench,bench,bench,,,,,,False,-37.7456395,144.8649625
node/2657126143,Bench,bench,bench,,,,,,False,-37.749352,144.851424
node/2657126146,Bench,bench,bench,,,,,,False,-37.750966,144.851137
node/2657126147,Bench,bench,bench,,,,,,False,-37.751002,144.8511719
node/2657126149,Bench,bench,bench,,,,,,False,-37.7485908,144.8490672
node/2657126150,Bench,bench,bench,,,,,,False,-37.7484827,144.8489569
node/2657126151,Bench,bench,bench,,,,,,False,-37.7494263,144.8516574
node/2657126171,Bench,bench,bench,,,,,,False,-37.7472341,144.8478706
node/2657126175,Bench,bench,bench,,,,,,False,-37.7494242,144.8503055
node/2657143076,Bench,bench,bench,,,,,,False,-37.7413752,144.8539212
node/2657143077,Bench,bench,bench,,,,,,False,-37.7413307,144.8542859
node/2657158273,Bench,bench,bench,,,,,,False,-37.744825,144.8495799
node/2657170361,Bench,bench,bench,,,,,,False,-37.7487243,144.8546198
node/2657170363,Bench,bench,bench,,,,,,False,-37.7486076,144.8544207
node/2657170368,Bench,bench,bench,,,,,,False,-37.7486204,144.8545696
node/2657962768,Bench,bench,bench,,,,,,False,-37.7546794,144.8829839
node/2657962770,Bench,bench,bench,,,,,,False,-37.7547834,144.8864806
node/2657962779,Bench,bench,bench,,,,,,False,-37.754776,144.8833988
node/2657962781,Bench,bench,bench,,,,,,False,-37.7547471,144.8835763
node/2657962786,Bench,bench,bench,,,,,,False,-37.7546869,144.8827577
node/2657973851,Bench,bench,bench,,,,,,False,-37.754916,144.8864558
node/2662216063,Bench,bench,bench,,,,,,False,-37.7472943,144.8559973
node/2662216067,Bench,bench,bench,,,,,,False,-37.7466813,144.8567537
node/2662216070,Bench,bench,bench,,,,,,False,-37.7463653,144.8558605
node/2662216084,Bench,bench,bench,,,,,,False,-37.7468786,144.8555333
node/2662216125,Bench,bench,bench,,,,,,False,-37.7465307,144.855544
node/2666330075,Bench,bench,bench,,,,,,False,-37.7284158,144.8729194
node/2666330077,Bench,bench,bench,,,,,,False,-37.727196,144.8709508
node/2666339563,Bench,bench,bench,,,,,,False,-37.7259209,144.8707253
node/2666339564,Bench,bench,bench,,,,,,False,-37.7258467,144.8706878
node/2666378133,Bench,bench,bench,,,,,,False,-37.7649472,144.9204647
node/2667970208,Bench,bench,bench,,,,,,False,-37.7084458,144.8893502
node/2669491472,Bench,bench,bench,,,,,,False,-37.7062898,144.8911312
node/2669560703,Bench,bench,bench,,,,,,False,-37.6991934,144.8973969
node/2669599317,Bench,bench,bench,,,,,,False,-37.7076723,144.8987621
node/2669782448,Bench,bench,bench,,,,,,False,-37.7058612,144.8924616
node/2669865838,Bench,bench,bench,,,,,,False,-37.7085174,144.8965828
node/2669865841,Bench,bench,bench,,,,,,False,-37.7085418,144.8965855
node/2669906221,Bench,bench,bench,,,,,,False,-37.7029705,144.8996932
node/2669906225,Bench,bench,bench,,,,,,False,-37.7035668,144.8998905
node/2669906246,Bench,bench,bench,,,,,,False,-37.7031,144.899889
node/2669906247,Bench,bench,bench,,,,,,False,-37.7030607,144.9000848
node/2669906249,Bench,bench,bench,,,,,,False,-37.7031223,144.9002699
node/2669906251,Bench,bench,bench,,,,,,False,-37.7032422,144.8999078
node/2669906252,Bench,bench,bench,,,,,,False,-37.7031212,144.900223
node/2669906261,Bench,bench,bench,,,,,,False,-37.7065569,144.8968112
node/2671136576,Bench,bench,bench,,,,,,False,-37.7411638,144.9300139
node/2671136586,Bench,bench,bench,,,,,,False,-37.7425489,144.9318056
node/2671136590,Bench,bench,bench,,,,,,False,-37.7424025,144.9315186
node/2671136596,Bench,bench,bench,,,,,,False,-37.741166,144.9301372
node/2671136598,Bench,bench,bench,,,,,,False,-37.7451704,144.9287881
node/2671167920,Bench,bench,bench,,,,,,False,-37.7140264,144.9019516
node/2671167934,Bench,bench,bench,,,,,,False,-37.7167848,144.9019167
node/2671167936,Bench,bench,bench,,,,,,False,-37.7160231,144.9018872
node/2671167937,Bench,bench,bench,,,,,,False,-37.7160443,144.9019623
node/2671167955,Bench,bench,bench,,,,,,False,-37.7316461,144.9261881
node/2671167964,Bench,bench,bench,,,,,,False,-37.7170712,144.9036119
node/2671167965,Bench,bench,bench,,,,,,False,-37.7173449,144.9050254
node/2672051452,Bench,bench,bench,,,,,,False,-37.7241999,144.9150193
node/2672080642,Bench,bench,bench,,,,,,False,-37.704414,144.8997898
node/2672080643,Bench,bench,bench,,,,,,False,-37.7043735,144.8994653
node/2672674936,Bench,bench,bench,,,,,,False,-37.72185,144.911098
node/2672674940,Bench,bench,bench,,,,,,False,-37.7175451,144.9061599
node/2673780109,Bench,bench,bench,,,,,,False,-37.75899,144.9079787
node/2673961388,Bench,bench,bench,,,,,,False,-37.7529114,144.8856362
node/2673993085,Bench,bench,bench,,,,,,False,-37.7394224,144.866901
node/2673996695,Bench,bench,bench,,,,,,False,-37.7527085,144.8939467
node/2673996698,Bench,bench,bench,,,,,,False,-37.7519133,144.8931474
node/2673996714,Bench,bench,bench,,,,,,False,-37.7524392,144.8941505
node/2673996716,Bench,bench,bench,,,,,,False,-37.7519175,144.8934746
node/2673996718,Bench,bench,bench,,,,,,False,-37.7526928,144.8937701
node/2674416300,Bench,bench,bench,,,,,,False,-37.7403376,144.8783634
node/2674416301,Bench,bench,bench,,,,,,False,-37.7405126,144.8778283
node/2674416304,Bench,bench,bench,,,,,,False,-37.7407205,144.8777819
node/2674416309,Bench,bench,bench,,,,,,False,-37.7403495,144.8779677
node/2674525939,Bench,bench,bench,,,,,,False,-37.7398233,144.8738095
node/2674596330,Bench,bench,bench,,,,,,False,-37.7346647,144.867391
node/2674596361,Bench,bench,bench,,,,,,False,-37.734531,144.8653418
node/2674596364,Bench,bench,bench,,,,,,False,-37.7346328,144.8649073
node/2674596449,Bench,bench,bench,,,,,,False,-37.7349319,144.8677129
node/2674596459,Bench,bench,bench,,,,,,False,-37.7348662,144.8676753
node/2674596470,Bench,bench,bench,,,,,,False,-37.7347071,144.8672944
node/2674646678,Bench,bench,bench,,,,,,False,-37.7328531,144.8667419
node/2674646683,Bench,bench,bench,,,,,,False,-37.7327651,144.8666373
node/2674646686,Bench,bench,bench,,,,,,False,-37.7326102,144.8665354
node/2674646689,Bench,bench,bench,,,,,,False,-37.7327566,144.866758
node/2674646692,Bench,bench,bench,,,,,,False,-37.7327386,144.8667835
node/2674646694,Bench,bench,bench,,,,,,False,-37.7327248,144.8667969
node/2674646697,Bench,bench,bench,,,,,,False,-37.732868,144.866766
node/2674646700,Bench,bench,bench,,,,,,False,-37.7328839,144.8667848
node/2676253975,Bench,bench,bench,,,,,,False,-37.7539489,144.8738367
node/2676312404,Bench,bench,bench,,,,,,False,-37.7539774,144.851663
node/2676312407,Bench,bench,bench,,,,,,False,-37.7533751,144.8512874
node/2676312409,Bench,bench,bench,,,,,,False,-37.7527729,144.8517917
node/2676312410,Bench,bench,bench,,,,,,False,-37.7530401,144.8522101
node/2676334918,Bench,bench,bench,,,,,,False,-37.7570342,144.8505618
node/2676351303,Bench,bench,bench,,,,,,False,-37.7512676,144.8596687
node/2681654192,Bench,bench,bench,,,,,,False,-37.7574581,144.8548919
node/2681792436,Bench,bench,bench,,,,,,False,-37.7713211,144.8539236
node/2681792439,Bench,bench,bench,,,,,,False,-37.7712723,144.8538244
node/2681815482,Bench,bench,bench,,,,,,False,-37.7658805,144.8619676
node/2682486928,Bench,bench,bench,,,,,,False,-37.77165,144.8559013
node/2682486967,Bench,bench,bench,,,,,,False,-37.7714597,144.8560366
node/2684558862,Bench,bench,bench,,,,,,False,-37.7703532,144.8594691
node/2684824760,Bench,bench,bench,,,,,,False,-38.0400779,145.3397508
node/2684824761,Bench,bench,bench,,,,,,False,-38.0400948,145.3398393
node/2684824765,Bench,bench,bench,,,,,,False,-38.0401117,145.3399305
node/2684828027,Bench,bench,bench,,,,,,False,-38.0403082,145.3408022
node/2684828028,Bench,bench,bench,,,,,,False,-38.0402828,145.3407244
node/2686224689,Bench,bench,bench,,,,,,False,-37.8163652,144.9637863
node/2687913399,Bench,bench,bench,,,,,,False,-37.8240935,145.0788919
node/2688005574,Bench,bench,bench,,,,,,False,-37.7999193,144.992754
node/2692538948,Bench,bench,bench,,,,,,False,-37.8102661,144.9731756
node/2692538951,Bench,bench,bench,,,,,,False,-37.8100347,144.9736026
node/2692539078,Bench,bench,bench,,,,,,False,-37.8098998,144.9736646
node/2692539225,Bench,bench,bench,,,,,,False,-37.8096331,144.9740782
node/2692539833,Bench,bench,bench,,,,,,False,-37.8093675,144.9749867
node/2692540319,Bench,bench,bench,,,,,,False,-37.8097788,144.9754737
node/2692540517,Bench,bench,bench,,,,,,False,-37.8087917,144.9756107
node/2692540590,Bench,bench,bench,,,,,,False,-37.8087771,144.9759711
node/2692540592,Bench,bench,bench,,,,,,False,-37.8086821,144.9761183
node/2692540642,Bench,bench,bench,,,,,,False,-37.8085592,144.9762855
node/2692540797,Bench,bench,bench,,,,,,False,-37.8085582,144.9764869
node/2692540899,Bench,bench,bench,,,,,,False,-37.8086576,144.976646
node/2692567503,Bench,bench,bench,,,,,,False,-37.8083578,144.9795616
node/2692567990,Bench,bench,bench,,,,,,False,-37.8085301,144.9812919
node/2692568015,Bench,bench,bench,,,,,,False,-37.8086554,144.9823218
node/2692568023,Bench,bench,bench,,,,,,False,-37.8086008,144.9827058
node/2692614047,Bench,bench,bench,,,,,,False,-37.8037033,144.9930589
node/2692614049,Bench,bench,bench,,,,,,False,-37.8034849,144.9928063
node/2694320613,Bench,bench,bench,,,,,,False,-37.8027571,144.9943297
node/2694320614,Bench,bench,bench,,,,,,False,-37.8027788,144.9945504
node/2694320615,Bench,bench,bench,,,,,,False,-37.8028011,144.9947533
node/2694320618,Bench,bench,bench,,,,,,False,-37.8029252,144.9945822
node/2694320619,Bench,bench,bench,,,,,,False,-37.8029341,144.9944836
node/2694320620,Bench,bench,bench,,,,,,False,-37.8029489,144.9942648
node/2694320621,Bench,bench,bench,,,,,,False,-37.8029915,144.9948809
node/2694320622,Bench,bench,bench,,,,,,False,-37.8032536,144.9948371
node/2694320624,Bench,bench,bench,,,,,,False,-37.8032906,144.9943264
node/2694320625,Bench,bench,bench,,,,,,False,-37.804143,144.9942774
node/2694320626,Bench,bench,bench,,,,,,False,-37.8042073,144.994622
node/2694390099,Bench,bench,bench,,,,,,False,-37.8040223,144.9971437
node/2695720682,Bench,bench,bench,,,,,,False,-37.8038564,145.0059106
node/2695742980,Bench,bench,bench,,,,,,False,-38.0398917,145.3393484
node/2696065818,Bench,bench,bench,,,,,,False,-37.8218567,144.9572666
node/2696065820,Bench,bench,bench,,,,,,False,-37.821701,144.9573585
node/2696414256,Bench,bench,bench,,,,,,False,-37.8132489,144.9806942
node/2696446372,Bench,bench,bench,,,,,,False,-37.8117913,144.9841621
node/2696446377,Bench,bench,bench,,,,,,False,-37.8115278,144.9862543
node/2696446443,Bench,bench,bench,,,,,,False,-37.8112574,144.9863119
node/2696446447,Bench,bench,bench,,,,,,False,-37.8109949,144.9866485
node/2696446448,Bench,bench,bench,,,,,,False,-37.8110506,144.9870375
node/2696446449,Bench,bench,bench,,,,,,False,-37.810987,144.9872318
node/2696446503,Bench,bench,bench,,,,,,False,-37.8111374,144.987553
node/2697521060,Bench,bench,bench,,,,,,False,-37.8020823,145.0033781
node/2697548169,Bench,bench,bench,,,,,,False,-37.8017647,145.0025468
node/2699195636,Bench,bench,bench,,,,,,False,-37.828828,145.0105927
node/2699195638,Bench,bench,bench,,,,,,False,-37.8284648,145.0104141
node/2699195639,Bench,bench,bench,,,,,,False,-37.8284938,145.0098587
node/2699195641,Bench,bench,bench,,,,,,False,-37.8286956,145.0098707
node/2699195743,Bench,bench,bench,,,,,,False,-37.8283284,145.0097287
node/2699248382,Bench,bench,bench,,,,,,False,-37.8262507,145.0025538
node/2699248402,Bench,bench,bench,,,,,,False,-37.8259775,145.001169
node/2699248619,Bench,bench,bench,,,,,,False,-37.8255791,144.9980188
node/2699248826,Bench,bench,bench,,,,,,False,-37.8255481,144.9959962
node/2700936561,Bench,bench,bench,,,,,,False,-37.8025564,144.9632287
node/2700936617,Bench,bench,bench,,,,,,False,-37.8038131,144.9632909
node/2702203018,Bench,bench,bench,,,,,,False,-37.7972421,144.9605362
node/2706600461,Bench,bench,bench,,,,,,False,-37.7832428,144.9035762
node/2706600462,Bench,bench,bench,,,,,,False,-37.7836816,144.9041073
node/2707924872,Bench,bench,bench,,,,,,False,-37.7820324,144.9149032
node/2707924904,Bench,bench,bench,,,,,,False,-37.7821638,144.9150078
node/2707944744,Bench,bench,bench,,,,,,False,-37.7798044,144.9116926
node/2707944755,Bench,bench,bench,,,,,,False,-37.7797026,144.911883
node/2707944756,Bench,bench,bench,,,,,,False,-37.7793507,144.9124007
node/2707944757,Bench,bench,bench,,,,,,False,-37.7790115,144.9124329
node/2707944758,Bench,bench,bench,,,,,,False,-37.7788949,144.912693
node/2707944759,Bench,bench,bench,,,,,,False,-37.7792447,144.9129934
node/2707962816,Bench,bench,bench,,,,,,False,-37.7835873,144.9034515
node/2707962828,Bench,bench,bench,,,,,,False,-37.7834633,144.9032476
node/2707983897,Bench,bench,bench,,,,,,False,-37.7709997,144.8973347
node/2707983898,Bench,bench,bench,,,,,,False,-37.7715022,144.8966588
node/2707983899,Bench,bench,bench,,,,,,False,-37.7713665,144.89686
node/2707983901,Bench,bench,bench,,,,,,False,-37.7820981,144.8996951
node/2707983902,Bench,bench,bench,,,,,,False,-37.7820727,144.899636
node/2710029820,Bench,bench,bench,,,,,,False,-37.7583642,144.9161022
node/2710029823,Bench,bench,bench,,,,,,False,-37.7761324,144.9153915
node/2712339188,Bench,bench,bench,,,,,,False,-37.815166,145.2677913
node/2713476592,Bench,bench,bench,,,,,,False,-37.8022153,144.9087785
node/2713476595,Bench,bench,bench,,,,,,False,-37.780962,144.897642
node/2713476600,Bench,bench,bench,,,,,,False,-37.8021856,144.9088295
node/2713476603,Bench,bench,bench,,,,,,False,-37.7995809,144.9139766
node/2713476604,Bench,bench,bench,,,,,,False,-37.7991952,144.9129681
node/2713476606,Bench,bench,bench,,,,,,False,-37.8001828,144.9101947
node/2713476607,Bench,bench,bench,,,,,,False,-37.7992757,144.9117289
node/2713476613,Bench,bench,bench,,,,,,False,-37.7810044,144.8977171
node/2713476615,Bench,bench,bench,,,,,,False,-37.7880082,144.902875
node/2713476633,Bench,bench,bench,,,,,,False,-37.799636,144.914851
node/2713476634,Bench,bench,bench,,,,,,False,-37.7813945,144.8972075
node/2713476635,Bench,bench,bench,,,,,,False,-37.7879743,144.9028964
node/2713490213,Bench,bench,bench,,,,,,False,-37.8400922,144.8929696
node/2713490222,Bench,bench,bench,,,,,,False,-37.8394991,144.8879592
node/2713490223,Bench,bench,bench,,,,,,False,-37.8396241,144.8879565
node/2713490224,Bench,bench,bench,,,,,,False,-37.8394419,144.8879726
node/2713490241,Bench,bench,bench,,,,,,False,-37.8401664,144.8929535
node/2713511792,Bench,bench,bench,,,,,,False,-37.8403168,144.8915534
node/2713511833,Bench,bench,bench,,,,,,False,-37.8394102,144.8909686
node/2713556820,Bench,bench,bench,,,,,,False,-37.952272,145.002996
node/2713695463,Bench,bench,bench,,,,,,False,-37.8549201,144.8824632
node/2713745771,Bench,bench,bench,,,,,,False,-37.8554546,144.8753132
node/2713745832,Bench,bench,bench,,,,,,False,-37.8554092,144.875056
node/2718753361,Bench,bench,bench,,,,,,False,-37.7588114,144.9164244
node/2720130586,Bench,bench,bench,,,,,,False,-37.8030685,144.908346
node/2724430940,Bench,bench,bench,,,,,,False,-37.7981398,144.9605149
node/2726372668,Bench,bench,bench,,,,,,False,-37.7527957,144.981384
node/2726372671,Bench,bench,bench,,,,,,False,-37.7520958,144.9819955
node/2726480293,Bench,bench,bench,,,,,,False,-37.7333143,144.9696815
node/2733419260,Bench,bench,bench,,,,,,False,-37.7757335,144.9079188
node/2754974427,Bench,bench,bench,,,,,,False,-37.815899,144.975769
node/2763283862,Bench,bench,bench,,,,,,False,-37.8214814,145.037832
node/2763399129,Bench,bench,bench,,,,,,False,-37.827711,145.008096
node/2766192317,Bench,bench,bench,,,,,,False,-37.832484,145.0576286
node/2766197650,Bench,bench,bench,,,,,,False,-37.8329316,145.0574886
node/2778453385,Bench,bench,bench,,,,,,False,-37.7626549,144.8862401
node/2784722833,Bench,bench,bench,,,,,,False,-37.747223,144.9734309
node/2812642875,Bench,bench,bench,,,,,,False,-37.7413449,145.0977783
node/2813221958,Bench,bench,bench,,,,,,False,-37.7049657,145.1757233
node/2841384150,Bench,bench,bench,,,,,,False,-37.7197203,145.1538252
node/2871823049,Bench,bench,bench,,,,,,False,-37.7484733,145.0979023
node/2885409189,Bench,bench,bench,,,,,,False,-37.6660578,144.99127
node/2890244103,Bench,bench,bench,,,,,,False,-37.8405896,145.1480098
node/2890244107,Bench,bench,bench,,,,,,False,-37.8409221,145.1451434
node/2890244110,Bench,bench,bench,,,,,,False,-37.8408266,145.1458471
node/2890244114,Bench,bench,bench,,,,,,False,-37.840896,145.1455
node/2890244118,Bench,bench,bench,,,,,,False,-37.8407778,145.1439233
node/2912069402,Bench,bench,bench,,,,,,False,-37.722155,145.048696
node/2912074101,Bench,bench,bench,,,,,,False,-37.722168,145.048076
node/2915391056,Bench,bench,bench,,,,,,False,-37.7695773,144.9297975
node/2915391059,Bench,bench,bench,,,,,,False,-37.76952,144.9297895
node/2915520101,Bench,bench,bench,,,,,,False,-37.784129,144.98809
node/2926008961,Bench,bench,bench,,,,,,False,-37.7355841,145.07293
node/2960450934,Bench,bench,bench,,,,,,False,-37.798831,144.992858
node/2960451334,Bench,bench,bench,,,,,,False,-37.798944,144.992844
node/2960528656,Bench,bench,bench,,,,,,False,-37.787484,145.125971
node/2962231244,Bench,bench,bench,,,,,,False,-37.8138117,144.9969174
node/2962231245,Bench,bench,bench,,,,,,False,-37.8139325,144.9968847
node/2962233495,Bench,bench,bench,,,,,,False,-37.8127778,144.997691
node/2973912741,Bench,bench,bench,,,,,,False,-37.8058073,144.9590275
node/2975190808,Bench,bench,bench,,,,,,False,-37.8014146,144.959852
node/2975190809,Bench,bench,bench,,,,,,False,-37.801436,144.9598479
node/2975190810,Bench,bench,bench,,,,,,False,-37.8011326,144.9606562
node/2975190812,Bench,bench,bench,,,,,,False,-37.8016532,144.9607722
node/2987198333,Bench,bench,bench,,,,,,False,-37.787539,144.984791
node/2987203933,Bench,bench,bench,,,,,,False,-37.786843,144.984148
node/2987212134,Bench,bench,bench,,,,,,False,-37.788658,144.983718
node/2987213533,Bench,bench,bench,,,,,,False,-37.7879917,144.984096
node/2987213733,Bench,bench,bench,,,,,,False,-37.7878983,144.9842501
node/2987213933,Bench,bench,bench,,,,,,False,-37.787742,144.98419
node/2987216533,Bench,bench,bench,,,,,,False,-37.7878268,144.9830139
node/2987216933,Bench,bench,bench,,,,,,False,-37.7878527,144.9832314
node/2987217133,Bench,bench,bench,,,,,,False,-37.7879801,144.9835468
node/2987217134,Bench,bench,bench,,,,,,False,-37.7880358,144.9835392
node/2987234633,Bench,bench,bench,,,,,,False,-37.788743,144.983697
node/2987235733,Bench,bench,bench,,,,,,False,-37.788709,144.984598
node/2987257233,Bench,bench,bench,,,,,,False,-37.787556,144.985564
node/2987259433,Bench,bench,bench,,,,,,False,-37.788149,144.985328
node/2987259733,Bench,bench,bench,,,,,,False,-37.788505,144.984899
node/2987260233,Bench,bench,bench,,,,,,False,-37.788658,144.984727
node/2987262033,Bench,bench,bench,,,,,,False,-37.788709,144.983718
node/2987263533,Bench,bench,bench,,,,,,False,-37.788607,144.983654
node/2987265133,Bench,bench,bench,,,,,,False,-37.788658,144.983611
node/2987266133,Bench,bench,bench,,,,,,False,-37.788912,144.983504
node/2987266933,Bench,bench,bench,,,,,,False,-37.78898,144.983504
node/2987266934,Bench,bench,bench,,,,,,False,-37.78915,144.983439
node/2993310834,Bench,bench,bench,,,,,,False,-37.772417,145.07201
node/2993313633,Bench,bench,bench,,,,,,False,-37.772417,145.071891
node/2993319533,Bench,bench,bench,,,,,,False,-37.773751,145.075021
node/2993402838,Bench,bench,bench,,,,,,False,-37.923228,145.336268
node/2993425233,Bench,bench,bench,,,,,,False,-37.923262,145.336375
node/2993426833,Table With Chessboard,bench,bench,,,,,,False,-37.923212,145.336483
node/3002051442,Bench,bench,bench,,,,,,False,-37.7186285,144.9453852
node/3002051446,Bench,bench,bench,,,,,,False,-37.7146805,144.945742
node/3002051447,Bench,bench,bench,,,,,,False,-37.7176893,144.9451541
node/3003930222,Bench,bench,bench,,,,,,False,-37.7217526,145.0515256
node/3003930229,Bench,bench,bench,,,,,,False,-37.7217239,145.0518905
node/3003930241,Bench,bench,bench,,,,,,False,-37.7217025,145.0508852
node/3004056533,Bench,bench,bench,,,,,,False,-37.723565,145.051132
node/3019274541,Bench,bench,bench,,,,,,False,-37.7214572,145.0509189
node/3036972133,Bench,bench,bench,,,,,,False,-37.8168316,144.8921467
node/3043178301,Bench,bench,bench,,,,,,False,-38.1477474,145.1174541
node/3060282222,Bench,bench,bench,,,,,,False,-37.7969727,144.9624823
node/3060282223,Bench,bench,bench,,,,,,False,-37.7969234,144.9624957
node/3066350334,Bench,bench,bench,,,,,,False,-37.8320276,144.9915207
node/3110478529,Bench,bench,bench,,,,,,False,-37.796543,145.006981
node/3132391472,Bench,bench,bench,,,,,,False,-37.8072181,144.9592024
node/3132392643,Bench,bench,bench,,,,,,False,-37.807177,144.9593503
node/3132397295,Bench,bench,bench,,,,,,False,-37.8072751,144.9594509
node/3150264629,Bench,bench,bench,,,,,,False,-37.8856218,145.0578802
node/3155625173,Bench,bench,bench,,,,,,False,-37.7975871,144.9624741
node/3155625182,Bench,bench,bench,,,,,,False,-37.7976468,144.9629449
node/3175850280,Bench,bench,bench,,,,,,False,-37.788229,145.0156916
node/3175850288,Bench,bench,bench,,,,,,False,-37.7876381,145.014539
node/3175850293,Bench,bench,bench,,,,,,False,-37.7865654,145.0134324
node/3194806122,Bench,bench,bench,,,,,,False,-37.7780582,144.9403781
node/3194806128,Bench,bench,bench,,,,,,False,-37.7793533,144.9394588
node/3194806131,Bench,bench,bench,,,,,,False,-37.7783868,144.9406952
node/3194806135,Bench,bench,bench,,,,,,False,-37.7774579,144.9399331
node/3194806139,Bench,bench,bench,,,,,,False,-37.7802604,144.9403299
node/3194806143,Bench,bench,bench,,,,,,False,-37.7787446,144.9403735
node/3194806148,Bench,bench,bench,,,,,,False,-37.7777303,144.9402725
node/3194806155,Bench,bench,bench,,,,,,False,-37.7791389,144.940117
node/3198344887,Bench,bench,bench,,,,,,False,-37.9086016,145.3537774
node/3212178653,Bench,bench,bench,,,,,,False,-37.9524777,145.0035061
node/3212178654,Bench,bench,bench,,,,,,False,-37.9532126,145.0039594
node/3222989231,Bench,bench,bench,,,,,,False,-37.7663294,145.1273621
node/3223129106,Bench,bench,bench,,,,,,False,-37.7757976,145.1093077
node/3224342920,Bench,bench,bench,,,,,,False,-37.8002,145.0834891
node/3224342921,Bench,bench,bench,,,,,,False,-37.8000813,145.0830482
node/3238968998,Bench,bench,bench,,,,,,False,-37.8059823,145.0768977
node/3238968999,Bench,bench,bench,,,,,,False,-37.8056599,145.0761452
node/3238969007,Bench,bench,bench,,,,,,False,-37.7992926,145.0793582
node/3266614263,Bench,bench,bench,,,,,,False,-37.8174158,145.0837567
node/3287021785,Bench,bench,bench,,,,,,False,-37.7420942,144.8009523
node/3287021794,Bench,bench,bench,,,,,,False,-37.7419373,144.8009828
node/3287021805,Bench,bench,bench,,,,,,False,-37.7423865,144.8008495
node/3304925163,Bench,bench,bench,,,,,,False,-37.7272213,145.0373032
node/3317844987,Bench,bench,bench,,,,,,False,-37.801959,144.9627119
node/3317844989,Bench,bench,bench,,,,,,False,-37.802248,144.9623848
node/3317844999,Bench,bench,bench,,,,,,False,-37.8023578,144.9627926
node/3317845006,Bench,bench,bench,,,,,,False,-37.8018577,144.9626784
node/3317846708,Bench,bench,bench,,,,,,False,-37.8023394,144.9632575
node/3317849599,Bench,bench,bench,,,,,,False,-37.8029518,144.9624626
node/3317849601,Bench,bench,bench,,,,,,False,-37.803,144.9628265
node/3377434993,Bench,bench,bench,,,,,,False,-37.9340972,145.460817
node/3416936874,Bench,bench,bench,,,,,,False,-37.8317785,144.9601732
node/3416936875,Bench,bench,bench,,,,,,False,-37.8318716,144.9603087
node/3416936879,Bench,bench,bench,,,,,,False,-37.8318944,144.9602393
node/3416936880,Bench,bench,bench,,,,,,False,-37.8320466,144.9598625
node/3426177026,Bench,bench,bench,,,,,,False,-37.899626,145.3461839
node/3426177028,Bench,bench,bench,,,,,,False,-37.8996371,145.3463591
node/3426177029,Bench,bench,bench,,,,,,False,-37.8996648,145.3463412
node/3426177030,Bench,bench,bench,,,,,,False,-37.8996653,145.3462905
node/3442409121,Bench,bench,bench,,,,,,False,-37.8129756,144.9540401
node/3481124156,Bench,bench,bench,,,,,Two benches with four seats each,False,-37.8031837,144.9498394
node/3481124159,Bench,bench,bench,,,,,,False,-37.8032354,144.9500789
node/3481124164,Bench,bench,bench,,,,,,False,-37.8040979,144.9495334
node/3481124167,Bench,bench,bench,,,,,,False,-37.8050941,144.9484704
node/3481124168,Bench,bench,bench,,,,,,False,-37.805375,144.9503463
node/3481124172,Bench,bench,bench,,,,,,False,-37.8060751,144.9477607
node/3518913595,Bench,bench,bench,,,,,,False,-37.5070915,145.2530241
node/3524453625,Bench,bench,bench,,,,,,False,-38.1461462,145.1174002
node/3524453642,Bench,bench,bench,,,,,,False,-38.1467095,145.1161003
node/3524453644,Bench,bench,bench,,,,,,False,-38.1460655,145.1169536
node/3564630657,Bench,bench,bench,,,,,,False,53.8872077,-0.8564689
node/3565547529,Bench,bench,bench,,,,,,False,-37.8157929,145.2074868
node/3593574693,Bench,bench,bench,,,,,,False,-37.7774827,145.0484852
node/3594055554,Bench,bench,bench,,,,,,False,-37.8066242,144.9610554
node/3594055555,Bench,bench,bench,,,,,,False,-37.8065827,144.9610409
node/3632266218,Bench,bench,bench,,,,,,False,-37.6994017,145.0185617
node/3632266226,Bench,bench,bench,,,,,,False,-37.6992691,145.0174335
node/3641506566,Bench,bench,bench,,,,,,False,-37.8599593,145.3822613
node/3641506568,Bench,bench,bench,,,,,,False,-37.8599499,145.3827028
node/3653940894,Bench,bench,bench,,,,,,False,-37.7084926,145.0372991
node/3661118349,Bench,bench,bench,,,,,,False,-37.6996752,145.0393536
node/3661118374,Bench,bench,bench,,,,,,False,-37.7018981,145.0407819
node/3662137566,Bench,bench,bench,,,,,,False,-37.8415054,144.9336921
node/3662190575,Bench,bench,bench,,,,,,False,-37.834702,144.9461376
node/3663137059,Bench,bench,bench,,,,,,False,-37.8369455,144.9354657
node/3663191660,Bench,bench,bench,,,,,,False,-37.8368587,144.9354201
node/3663191912,Bench,bench,bench,,,,,,False,-37.8369604,144.9355193
node/3667861470,Bench,bench,bench,,,,,,False,-37.830173,144.9549544
node/3669738469,Bench,bench,bench,,,,,,False,-37.8370509,144.9435681
node/3669948656,Bench,bench,bench,,,,,,False,-37.8400492,144.9408535
node/3676159941,Bench,bench,bench,,,,,,False,-37.8158606,145.0147096
node/3696406696,Bench,bench,bench,,,,,,False,-37.8382132,144.9371174
node/3698164734,Bench,bench,bench,,,,,,False,-37.870682,144.8305395
node/3698170234,Bench,bench,bench,,,,,,False,-37.8706719,144.8303175
node/3698393622,Bench,bench,bench,,,,,,False,-37.837284,144.9373903
node/3701327737,Bench,bench,bench,,,,,,False,-37.839925,144.9251174
node/3701327738,Bench,bench,bench,,,,,,False,-37.8399725,144.9249753
node/3708887065,Bench,bench,bench,,,,,,False,-37.7156458,145.1128894
node/3719744811,Bench,bench,bench,,,,,,False,-37.7938329,144.8565466
node/3761097459,Bench,bench,bench,,,,,,False,-37.767577,145.0044056
node/3761136957,Bench,bench,bench,,,,,,False,-37.7675,145.004363
node/3761136958,Bench,bench,bench,,,,,,False,-37.7674245,145.0041292
node/3761136959,Bench,bench,bench,,,,,,False,-37.7672128,145.0041853
node/3782877340,Bench,bench,bench,,,,,,False,-37.8349092,144.9136457
node/3782877342,Bench,bench,bench,,,,,,False,-37.8365207,144.9144312
node/3782877344,Bench,bench,bench,,,,,,False,-37.8372147,144.9146702
node/3782877345,Bench,bench,bench,,,,,,False,-37.8380342,144.9149049
node/3783234585,Bench,bench,bench,,,,,,False,-37.7685622,144.9854802
node/3801660339,Bench,bench,bench,,,,,,False,-37.8084059,145.2082034
node/3812209779,Bench,bench,bench,,,,,,False,-37.796961,144.9592307
node/3822204968,Bench,bench,bench,,,,,,False,-38.4818727,145.0178742
node/3822518511,Bench,bench,bench,,,,,,False,-37.7920481,145.0980074
node/3823624212,Bench,bench,bench,,,,,,False,-37.7976591,145.0948168
node/3823624213,Bench,bench,bench,,,,,,False,-37.7978725,145.0943009
node/3823624216,Bench,bench,bench,,,,,,False,-37.7982169,145.0939615
node/3823624217,Bench,bench,bench,,,,,,False,-37.798221,145.0949954
node/3823624218,Bench,bench,bench,,,,,,False,-37.7983985,145.0922501
node/3823624219,Bench,bench,bench,,,,,,False,-37.7984449,145.0948675
node/3823638040,Bench,bench,bench,,,,,,False,-37.7970632,145.0927603
node/3823638041,Bench,bench,bench,,,,,,False,-37.7970649,145.0926541
node/3838185638,Bench,bench,bench,,,,,,False,-37.8985344,145.2772555
node/3838383839,Bench,bench,bench,,,,,,False,-37.8370986,145.1066879
node/3842075386,Bench,bench,bench,,,,,,False,-37.8307885,145.0576124
node/3842075388,Bench,bench,bench,,,,,,False,-37.8308104,145.0578284
node/3842075389,Bench,bench,bench,,,,,,False,-37.8308318,145.0580337
node/3842075392,Bench,bench,bench,,,,,,False,-37.8314879,145.0571919
node/3844062100,Bench,bench,bench,,,,,,False,-37.7864682,144.8319498
node/3881388073,Bench,bench,bench,,,,,,False,-37.7868383,144.8323472
node/3881388103,Bench,bench,bench,,,,,,False,-37.7866314,144.8327312
node/3881420158,Bench,bench,bench,,,,,,False,-37.823429,144.960901
node/3911922482,Bench,bench,bench,,,,,,False,-37.9701461,145.0904375
node/3975547939,Bench,bench,bench,,,,,,False,-37.7339759,145.0224962
node/3975547958,Bench,bench,bench,,,,,,False,-37.7341466,145.0224594
node/3984925957,Bench,bench,bench,,,,,,False,-37.8205762,145.1507818
node/3991852064,Bench,bench,bench,,,,,,False,-37.7105505,145.7093446
node/4010457750,Bench,bench,bench,,,,,,False,-37.7004601,144.7742264
node/4013811995,Bench,bench,bench,,,,,,False,-37.7981287,144.965464
node/4013811996,Bench,bench,bench,,,,,,False,-37.7981174,144.9653716
node/4013811997,Bench,bench,bench,,,,,,False,-37.7981055,144.9652847
node/4013812000,Bench,bench,bench,,,,,,False,-37.7979726,144.9653944
node/4013812007,Bench,bench,bench,,,,,,False,-37.7972746,144.9647571
node/4013812008,Bench,bench,bench,,,,,,False,-37.7973122,144.9647524
node/4013812009,Bench,bench,bench,,,,,,False,-37.7973477,144.9647477
node/4013812010,Bench,bench,bench,,,,,,False,-37.7973848,144.9647423
node/4032609077,Bench,bench,bench,,,,,,False,-37.9436508,145.0808036
node/4032609083,Bench,bench,bench,,,,,,False,-37.9439441,145.0801702
node/4034601278,Bench,bench,bench,,,,,,False,-37.8202638,145.0337525
node/4034601280,Bench,bench,bench,,,,,,False,-37.8211591,145.0334724
node/4034648325,Bench,bench,bench,,,,,,False,-37.8094008,145.0912839
node/4034648326,Bench,bench,bench,,,,,,False,-37.8099477,145.0917005
node/4034648328,Bench,bench,bench,,,,,,False,-37.8105917,145.0915866
node/4063309069,Bench,bench,bench,,,,,,False,-37.8118752,144.981618
node/4063310120,Bench,bench,bench,,,,,,False,-37.8133101,144.9811302
node/4064857402,Bench,bench,bench,,,,,,False,-37.7789801,145.0179972
node/4065921177,Bench,bench,bench,,,,,,False,-37.9670998,145.0559752
node/4067827520,Bench,bench,bench,,,,,,False,-37.790167,144.987887
node/4067828576,Bench,bench,bench,,,,,,False,-37.789769,144.988718
node/4067828767,Bench,bench,bench,,,,,,False,-37.789786,144.988761
node/4069517789,Bench,bench,bench,,,,,,False,-37.791115,144.985432
node/4084183119,Bench,bench,bench,,,,,,False,-37.8263453,145.0579541
node/4110786011,Bench,bench,bench,,,,,,False,-37.9697136,145.3908991
node/4110786037,Bench,bench,bench,,,,,,False,-37.9688826,145.3915885
node/4152609298,Bench,bench,bench,,,,,,False,-37.7784189,145.0104391
node/4180862644,Bench,bench,bench,,,,,,False,-37.9848454,145.1819992
node/4186008530,Bench,bench,bench,,,,,,False,-37.9000924,144.9846756
node/4186008532,Bench,bench,bench,,,,,,False,-37.8993036,144.9842269
node/4186008535,Bench,bench,bench,,,,,,False,-37.8994474,144.9844086
node/4186008539,Bench,bench,bench,,,,,,False,-37.8993889,144.9842302
node/4186008542,Bench,bench,bench,,,,,,False,-37.8994775,144.9850272
node/4186008545,Bench,bench,bench,,,,,,False,-37.9015797,144.9839124
node/4186008548,Bench,bench,bench,,,,,,False,-37.899823,144.9848478
node/4194708419,Bench,bench,bench,,,,,,False,-37.884056,144.7356455
node/4194708420,Bench,bench,bench,,,,,,False,-37.8837196,144.7356246
node/4299968220,Bench,bench,bench,,,,,,False,-37.8158586,145.0130629
node/4299968696,Bench,bench,bench,,,,,,False,-37.8150237,145.0139856
node/4299968697,Bench,bench,bench,,,,,,False,-37.8150873,145.0139776
node/4334833180,Bench,bench,bench,,,,,,False,-37.7991472,144.9591544
node/4334833181,Bench,bench,bench,,,,,,False,-37.799185,144.9590825
node/4353912811,Bench,bench,bench,,,,,,False,-37.824231,145.0144228
node/4354864528,Bench,bench,bench,,,,,,False,-37.7996139,144.9611685
node/4354864529,Bench,bench,bench,,,,,,False,-37.7995411,144.9611189
node/4357505655,Bench,bench,bench,,,,,,False,-38.1473927,145.1443049
node/4363838088,Bench,bench,bench,,,,,,False,-37.797645,144.9633543
node/4376496717,Bench,bench,bench,,,,,,False,-37.8603161,145.2855481
node/4378755912,Bench,bench,bench,,,,,,False,-37.9030728,145.3296141
node/4378755914,Bench,bench,bench,,,,,,False,-37.9031016,145.329658
node/4378755922,Bench,bench,bench,,,,,,False,-37.9034153,145.3302703
node/4378755923,Bench,bench,bench,,,,,,False,-37.9034435,145.3303273
node/4378755925,Bench,bench,bench,,,,,,False,-37.9035131,145.3301482
node/4378755926,Bench,bench,bench,,,,,,False,-37.9036498,145.3312032
node/4378755929,Bench,bench,bench,,,,,,False,-37.9037027,145.330824
node/4378755931,Bench,bench,bench,,,,,,False,-37.9039417,145.3315106
node/4378755932,Bench,bench,bench,,,,,,False,-37.9039012,145.3315119
node/4378755933,Bench,bench,bench,,,,,,False,-37.9039115,145.3315247
node/4378755935,Bench,bench,bench,,,,,,False,-37.9040834,145.3313892
node/4378755937,Bench,bench,bench,,,,,,False,-37.904158,145.3314028
node/4380159212,Bench,bench,bench,,,,,,False,-37.8453413,144.9154925
node/4380159214,Bench,bench,bench,,,,,,False,-37.8437015,144.9142376
node/4380159223,Bench,bench,bench,,,,,,False,-37.8444305,144.9148023
node/4380159225,Bench,bench,bench,,,,,,False,-37.8422547,144.9131837
node/4380159226,Bench,bench,bench,,,,,,False,-37.8460072,144.9159139
node/4380159229,Bench,bench,bench,,,,,,False,-37.8410132,144.913685
node/4380159231,Bench,bench,bench,,,,,,False,-37.8452186,144.9154015
node/4380159233,Bench,bench,bench,,,,,,False,-37.8428497,144.913657
node/4380159237,Bench,bench,bench,,,,,,False,-37.8413446,144.9132067
node/4380159239,Bench,bench,bench,,,,,,False,-37.8406541,144.9143044
node/4385196076,Bench,bench,bench,,,,,,False,-37.7891844,145.0198202
node/4405488192,Bench,bench,bench,,,,,,False,-37.8196748,144.96952
node/4405488193,Bench,bench,bench,,,,,,False,-37.8188013,144.9693792
node/4405500090,Bench,bench,bench,,,,,,False,-37.8188184,144.9687504
node/4405526489,Bench,bench,bench,,,,,,False,-37.8196593,144.9691907
node/4411404329,Bench,bench,bench,,,,,,False,-37.8054834,144.9732455
node/4411406522,Bench,bench,bench,,,,,,False,-37.8055194,144.9733441
node/4411406611,Bench,bench,bench,,,,,,False,-37.8054856,144.9733124
node/4411406696,Bench,bench,bench,,,,,,False,-37.8054881,144.9733782
node/4411409093,Bench,bench,bench,,,,,,False,-37.8054637,144.9733513
node/4423334728,Bench,bench,bench,,,,,,False,-37.7095012,145.0718772
node/4423334781,Bench,bench,bench,,,,,,False,-37.7114882,145.0714087
node/4423334787,Bench,bench,bench,,,,,,False,-37.7115438,145.0727738
node/4423335118,Bench,bench,bench,,,,,,False,-37.7125474,145.0711446
node/4460241055,Bench,bench,bench,,,,,,False,-38.3554977,144.9033814
node/4466017023,Bench,bench,bench,,,,,,False,-37.7993698,145.0797337
node/4466017025,Bench,bench,bench,,,,,,False,-37.7999826,145.0798048
node/4466017026,Bench,bench,bench,,,,,,False,-37.7996372,145.0799607
node/4466017028,Bench,bench,bench,,,,,,False,-37.8002613,145.0797651
node/4466017029,Bench,bench,bench,,,,,,False,-37.8001426,145.0797839
node/4466017030,Bench,bench,bench,,,,,,False,-37.7995048,145.0783859
node/4466017031,Bench,bench,bench,,,,,,False,-37.7995283,145.0786702
node/4466017033,Bench,bench,bench,,,,,,False,-37.8004373,145.0797396
node/4466017034,Bench,bench,bench,,,,,,False,-37.799452,145.0777834
node/4466017035,Bench,bench,bench,,,,,,False,-37.7994649,145.0780147
node/4466017038,Bench,bench,bench,,,,,,False,-37.7995085,145.0743568
node/4466017039,Bench,bench,bench,,,,,,False,-37.7993548,145.0745026
node/4466017040,Bench,bench,bench,,,,,,False,-37.8000352,145.0754819
node/4466017041,Bench,bench,bench,,,,,,False,-37.7997794,145.0736286
node/4466017043,Bench,bench,bench,,,,,,False,-37.800056,145.0736376
node/4466017044,Bench,bench,bench,,,,,,False,-37.7999734,145.0736449
node/4466017046,Bench,bench,bench,,,,,,False,-37.7998745,145.0736381
node/4466017048,Bench,bench,bench,,,,,,False,-37.8001652,145.0736095
node/4466017054,Bench,bench,bench,,,,,,False,-37.8007426,145.0752726
node/4469652291,Bench,bench,bench,,,,,,False,-37.7867086,145.0862197
node/4469652294,Bench,bench,bench,,,,,,False,-37.7809325,145.0942064
node/4469652295,Bench,bench,bench,,,,,,False,-37.7815845,145.0958659
node/4469652297,Bench,bench,bench,,,,,,False,-37.7904866,145.0835108
node/4469652299,Bench,bench,bench,,,,,,False,-37.7906577,145.0855761
node/4469652302,Bench,bench,bench,,,,,,False,-37.7867864,145.0865055
node/4469652308,Bench,bench,bench,,,,,,False,-37.7906469,145.0837582
node/4469652309,Bench,bench,bench,,,,,,False,-37.7874818,145.0861478
node/4469652310,Bench,bench,bench,,,,,,False,-37.7871591,145.0864111
node/4469652315,Bench,bench,bench,,,,,,False,-37.7811661,145.0949365
node/4469652316,Bench,bench,bench,,,,,,False,-37.7811191,145.0913066
node/4469652317,Bench,bench,bench,,,,,,False,-37.7898138,145.0835979
node/4481676231,Bench,bench,bench,,,,,,False,-37.8346025,145.0769777
node/4483652745,Bench,bench,bench,,,,,,False,-37.8129115,145.2486579
node/4505314406,Bench,bench,bench,,,,,,False,-37.8002587,145.0855959
node/4505314408,Bench,bench,bench,,,,,,False,-37.8002117,145.0855231
node/4505314411,Bench,bench,bench,,,,,,False,-37.8002208,145.0855664
node/4505314417,Bench,bench,bench,,,,,,False,-37.8019225,145.0901012
node/4540694290,Bench,bench,bench,,,,,,False,-37.8422064,144.9354036
node/4548871062,Bench,bench,bench,,,,,,False,-37.8346415,144.9656015
node/4548871071,Bench,bench,bench,,,,,,False,-37.8345652,144.9659931
node/4561248554,Bench,bench,bench,,,,,,False,-37.832192,145.000712
node/4561248555,Bench,bench,bench,,,,,,False,-37.8327941,145.0002105
node/4568796586,Bench,bench,bench,,,,,,False,-37.6222593,145.1034759
node/4571487834,Bench,bench,bench,,,,,,False,-37.7209222,144.966999
node/4571487836,Bench,bench,bench,,,,,,False,-37.7210119,144.9671859
node/4586327366,Bench,bench,bench,,,,,,False,-37.9022459,144.620219
node/4588751832,Bench,bench,bench,,,,,,False,-37.6858197,145.0796156
node/4588751837,Bench,bench,bench,,,,,,False,-37.6815106,145.076231
node/4590408755,Bench,bench,bench,,,,,,False,-37.9018165,144.6211044
node/4590408756,Bench,bench,bench,,,,,,False,-37.901817,144.6210434
node/4590408757,Bench,bench,bench,,,,,,False,-37.9018186,144.6209864
node/4630859827,Bench,bench,bench,,,,,,False,-37.7963021,144.8693233
node/4630869954,Bench,bench,bench,,,,,,False,-37.7871348,144.8739903
node/4643244489,Bench,bench,bench,,,,,,False,-37.7948959,144.8795362
node/4646167673,Bench,bench,bench,,,,,,False,-37.7735401,145.0769473
node/4654781702,Bench,bench,bench,,,,,,False,-37.7398239,144.8760674
node/4654781776,Bench,bench,bench,,,,,,False,-37.7389563,144.8758676
node/4654985807,Bench,bench,bench,,,,,,False,-37.7438744,144.8782842
node/4658384820,Bench,bench,bench,,,,,,False,-37.7441805,144.8668637
node/4662470320,Bench,bench,bench,,,,,,False,-37.7350047,144.8739752
node/4662844429,Bench,bench,bench,,,,,,False,-37.7363541,144.8761057
node/4662853429,Bench,bench,bench,,,,,,False,-37.7355544,144.8739867
node/4662853430,Bench,bench,bench,,,,,,False,-37.7358217,144.8740431
node/4670477469,Bench,bench,bench,,,,,,False,-37.7600056,144.8609856
node/4673705412,Bench,bench,bench,,,,,,False,-37.7465472,144.9151186
node/4673705415,Bench,bench,bench,,,,,,False,-37.748825,144.8937146
node/4678136295,Bench,bench,bench,,,,,,False,-37.7213239,144.8752435
node/4678136296,Bench,bench,bench,,,,,,False,-37.7213154,144.8751147
node/4678270382,Bench,bench,bench,,,,,,False,-37.7600703,144.9241041
node/4679496977,Bench,bench,bench,,,,,,False,-37.804117,145.0482866
node/4679496978,Bench,bench,bench,,,,,,False,-37.8031329,145.0484004
node/4686568735,Bench,bench,bench,,,,,,False,-37.7750238,144.9155537
node/4687698351,Bench,bench,bench,,,,,,False,-37.7769132,144.9497262
node/4687698357,Bench,bench,bench,,,,,,False,-37.7779663,144.9510822
node/4687698358,Bench,bench,bench,,,,,,False,-37.7799475,144.9511691
node/4687698360,Bench,bench,bench,,,,,,False,-37.7798927,144.9511437
node/4687698363,Bench,bench,bench,,,,,,False,-37.7772829,144.9506016
node/4687698365,Bench,bench,bench,,,,,,False,-37.7772469,144.9503189
node/4687698366,Bench,bench,bench,,,,,,False,-37.7769846,144.9500001
node/4688021740,Bench,bench,bench,,,,,,False,-37.7770667,145.1038751
node/4688044800,Bench,bench,bench,,,,,,False,-37.7837475,145.1025508
node/4688417135,Bench,bench,bench,,,,,,False,-37.7727279,144.9154242
node/4688417137,Bench,bench,bench,,,,,,False,-37.7597398,144.9222733
node/4688417139,Bench,bench,bench,,,,,,False,-37.7727385,144.9154859
node/4688417141,Bench,bench,bench,,,,,,False,-37.7726844,144.9161002
node/4688417143,Bench,bench,bench,,,,,,False,-37.7727184,144.9160968
node/4688417144,Bench,bench,bench,,,,,,False,-37.7729855,144.9180461
node/4688417147,Bench,bench,bench,,,,,,False,-37.772818,144.9158775
node/4688417148,Bench,bench,bench,,,,,,False,-37.7729457,144.9160559
node/4688417149,Bench,bench,bench,,,,,,False,-37.7728774,144.9159406
node/4688417152,Bench,bench,bench,,,,,,False,-37.7599137,144.9224449
node/4688417154,Bench,bench,bench,,,,,,False,-37.7599201,144.9223671
node/4688417156,Bench,bench,bench,,,,,,False,-37.7597334,144.9223403
node/4688457712,Bench,bench,bench,,,,,,False,-37.7756982,144.9078211
node/4688457714,Bench,bench,bench,,,,,,False,-37.7757334,144.9078902
node/4688457716,Bench,bench,bench,,,,,,False,-37.775699,144.9077907
node/4688457719,Bench,bench,bench,,,,,,False,-37.7757154,144.9078691
node/4688457723,Bench,bench,bench,,,,,,False,-37.7757507,144.9079402
node/4688457743,Bench,bench,bench,,,,,,False,-37.775716,144.9078413
node/4688457765,Bench,bench,bench,,,,,,False,-37.777041,144.907711
node/4689715970,Bench,bench,bench,,,,,,False,-37.7990496,145.0509307
node/4689715971,Bench,bench,bench,,,,,,False,-37.7985263,145.0521658
node/4689715972,Bench,bench,bench,,,,,,False,-37.798481,145.0522706
node/4689715973,Bench,bench,bench,,,,,,False,-37.7980826,145.053878
node/4689715982,Bench,bench,bench,,,,,,False,-37.7986973,145.0522355
node/4689715985,Bench,bench,bench,,,,,,False,-37.7991041,145.0512656
node/4689715986,Bench,bench,bench,,,,,,False,-37.7990472,145.0511036
node/4689716091,Bench,bench,bench,,,,,,False,-37.7991108,145.0508035
node/4689716094,Bench,bench,bench,,,,,,False,-37.7990785,145.0500413
node/4689987266,Bench,bench,bench,,,,,,False,-37.7766638,144.9049623
node/4689988412,Bench,bench,bench,,,,,,False,-37.7766829,144.9050481
node/4690037540,Bench,bench,bench,,,,,,False,-37.7768483,144.904847
node/4690037542,Bench,bench,bench,,,,,,False,-37.7768504,144.9050186
node/4690037547,Bench,bench,bench,,,,,,False,-37.7761063,144.9043588
node/4690053347,Bench,bench,bench,,,,,,False,-37.7772564,144.9050548
node/4690053348,Bench,bench,bench,,,,,,False,-37.7773912,144.9037607
node/4696746422,Bench,bench,bench,,,,,,False,-37.7605442,144.8542822
node/4696746426,Bench,bench,bench,,,,,,False,-37.7603598,144.8541943
node/4696766962,Bench,bench,bench,,,,,,False,-37.7631723,144.8584916
node/4696766970,Bench,bench,bench,,,,,,False,-37.7632168,144.8583226
node/4696766971,Bench,bench,bench,,,,,,False,-37.7632645,144.8581174
node/4696766973,Bench,bench,bench,,,,,,False,-37.762411,144.8577861
node/4696767289,Bench,bench,bench,,,,,,False,-37.759234,144.8606594
node/4696822420,Bench,bench,bench,,,,,,False,-37.7618979,144.8621166
node/4696822423,Bench,bench,bench,,,,,,False,-37.7619536,144.8674271
node/4696830490,Bench,bench,bench,,,,,,False,-37.7563683,144.8728933
node/4696830495,Bench,bench,bench,,,,,,False,-37.7567892,144.8730998
node/4697119362,Bench,bench,bench,,,,,,False,-37.7558478,144.9156604
node/4697119363,Bench,bench,bench,,,,,,False,-37.755763,144.9158415
node/4697222048,Bench,bench,bench,,,,,,False,-37.7117031,144.8948382
node/4698361506,Bench,bench,bench,,,,,,False,-37.8775588,145.3193436
node/4698375268,Bench,bench,bench,,,,,,False,-37.7116861,144.9009901
node/4698381140,Bench,bench,bench,,,,,,False,-37.7105806,144.9021137
node/4698381144,Bench,bench,bench,,,,,,False,-37.7102591,144.9021767
node/4698381145,Bench,bench,bench,,,,,,False,-37.7103801,144.9020829
node/4698381147,Bench,bench,bench,,,,,,False,-37.7108204,144.9022465
node/4698387846,Bench,bench,bench,,,,,,False,-37.7104777,144.9020842
node/4698479276,Bench,bench,bench,,,,,,False,-37.7750534,144.9205301
node/4698479277,Bench,bench,bench,,,,,,False,-37.7750757,144.9210679
node/4698479278,Bench,bench,bench,,,,,,False,-37.7758168,144.9197772
node/4698479280,Bench,bench,bench,,,,,,False,-37.7758961,144.9151965
node/4698479281,Bench,bench,bench,,,,,,False,-37.7753375,144.9214823
node/4698479282,Bench,bench,bench,,,,,,False,-37.775311,144.9207018
node/4698479286,Bench,bench,bench,,,,,,False,-37.7761357,144.915505
node/4698479390,Bench,bench,bench,,,,,,False,-37.7754381,144.9156217
node/4698479391,Bench,bench,bench,,,,,,False,-37.7755431,144.9155077
node/4698496290,Bench,bench,bench,,,,,,False,-37.7744927,144.9099649
node/4698496293,Bench,bench,bench,,,,,,False,-37.7744343,144.9099783
node/4700430971,Bench,bench,bench,,,,,,False,-37.7742579,144.9226349
node/4700446686,Bench,bench,bench,,,,,,False,-37.767513,144.9245588
node/4700446687,Bench,bench,bench,,,,,,False,-37.7662885,144.9238118
node/4700446689,Bench,bench,bench,,,,,,False,-37.7666065,144.9244783
node/4700446690,Bench,bench,bench,,,,,,False,-37.7668334,144.9245869
node/4719447354,Bench,bench,bench,,,,,,False,-37.7975173,145.0611776
node/4719447360,Bench,bench,bench,,,,,,False,-37.7896849,145.0579899
node/4719447365,Bench,bench,bench,,,,,,False,-37.7875785,145.0587639
node/4719447367,Bench,bench,bench,,,,,,False,-37.7886808,145.0588553
node/4719447369,Bench,bench,bench,,,,,,False,-37.7876554,145.0581273
node/4719447371,Bench,bench,bench,,,,,,False,-37.7886265,145.0596041
node/4719447378,Bench,bench,bench,,,,,,False,-37.7889439,145.0597624
node/4719447383,Bench,bench,bench,,,,,,False,-37.7887297,145.0593738
node/4719447384,Bench,bench,bench,,,,,,False,-37.7871093,145.0585986
node/4719449189,Bench,bench,bench,,,,,,False,-37.7909358,145.0601802
node/4719449190,Bench,bench,bench,,,,,,False,-37.7975689,145.0613862
node/4719449191,Bench,bench,bench,,,,,,False,-37.7894917,145.0576487
node/4719449193,Bench,bench,bench,,,,,,False,-37.7895061,145.0597336
node/4723516146,Bench,bench,bench,,,,,,False,-37.772339,144.9340473
node/4725019531,Bench,bench,bench,,,,,,False,-37.7448259,144.9101814
node/4725096906,Bench,bench,bench,,,,,,False,-37.728982,144.8849152
node/4725096907,Bench,bench,bench,,,,,,False,-37.7288006,144.8849152
node/4725096908,Bench,bench,bench,,,,,,False,-37.7289115,144.8848012
node/4727768775,Bench,bench,bench,,,,,,False,-37.7770316,144.9239943
node/4727768776,Bench,bench,bench,,,,,,False,-37.7771053,144.9239804
node/4727768777,Bench,bench,bench,,,,,,False,-37.7770425,144.9241801
node/4727768778,Bench,bench,bench,,,,,,False,-37.7771773,144.9240037
node/4730421711,Bench,bench,bench,,,,,,False,-37.8032934,144.9497129
node/4735475844,Bench,bench,bench,,,,,,False,-37.7533432,144.871877
node/4735493918,Bench,bench,bench,,,,,,False,-37.748896,144.8739128
node/4735493933,Bench,bench,bench,,,,,,False,-37.7481409,144.8728212
node/4742309333,Bench,bench,bench,,,,,,False,-37.8051599,144.9504543
node/4746044890,Bench,bench,bench,,,,,,False,-37.7552401,144.9176402
node/4746044892,Bench,bench,bench,,,,,,False,-37.7552316,144.9175141
node/4789290544,Bench,bench,bench,,,,,,False,-37.8026192,144.9657951
node/4789290545,Bench,bench,bench,,,,,,False,-37.8022336,144.9660234
node/4789290549,Bench,bench,bench,,,,,,False,-37.802628,144.9659346
node/4789290550,Bench,bench,bench,,,,,,False,-37.802212,144.9657592
node/4789290551,Bench,bench,bench,,,,,,False,-37.8022457,144.9661292
node/4789290556,Bench,bench,bench,,,,,,False,-37.8026069,144.9656719
node/4789290557,Bench,bench,bench,,,,,,False,-37.8022113,144.9658569
node/4789290561,Bench,bench,bench,,,,,,False,-37.8026402,144.9660618
node/4790928444,Bench,bench,bench,,,,,,False,-37.8244819,145.0201122
node/4804794183,Bench,bench,bench,,,,,,False,-37.839082,144.9670053
node/4804794185,Bench,bench,bench,,,,,,False,-37.8390874,144.9672712
node/4804794186,Bench,bench,bench,,,,,,False,-37.8390996,144.9671916
node/4804794187,Bench,bench,bench,,,,,,False,-37.839031,144.967217
node/4804794188,Bench,bench,bench,,,,,,False,-37.8388613,144.9672176
node/4804799073,Bench,bench,bench,,,,,,False,-37.8394304,144.9671606
node/4804799075,Bench,bench,bench,,,,,,False,-37.8396064,144.9671694
node/4804799077,Bench,bench,bench,,,,,,False,-37.839866,144.9672047
node/4804799078,Bench,bench,bench,,,,,,False,-37.8400653,144.9672284
node/4804799080,Bench,bench,bench,,,,,,False,-37.8402509,144.9672487
node/4805272742,Bench,bench,bench,,,,,,False,-37.7950896,144.9541233
node/4813291400,Bench,bench,bench,,,,,,False,-37.8116828,145.0085844
node/4813291401,Bench,bench,bench,,,,,,False,-37.8116523,145.0093684
node/4815115653,Bench,bench,bench,,,,,,False,-37.7992146,145.0693481
node/4815115656,Bench,bench,bench,,,,,,False,-37.7996394,145.0710718
node/4815115657,Bench,bench,bench,,,,,,False,-37.7968554,145.0610795
node/4815115659,Bench,bench,bench,,,,,,False,-37.7889066,145.0734466
node/4815115660,Bench,bench,bench,,,,,,False,-37.7997935,145.0694009
node/4815115670,Bench,bench,bench,,,,,,False,-37.7988224,145.0705402
node/4815115673,Bench,bench,bench,,,,,,False,-37.7995022,145.0692678
node/4815115676,Bench,bench,bench,,,,,,False,-37.7991167,145.0723369
node/4815115677,Bench,bench,bench,,,,,,False,-37.7991134,145.0693875
node/4815115679,Bench,bench,bench,,,,,,False,-37.7884197,145.0741498
node/4815115685,Bench,bench,bench,,,,,,False,-37.7999391,145.0703854
node/4815115690,Bench,bench,bench,,,,,,False,-37.7991325,145.071013
node/4815115697,Bench,bench,bench,,,,,,False,-37.7993382,145.0727872
node/4815115698,Bench,bench,bench,,,,,,False,-37.7998314,145.0696811
node/4815115701,Bench,bench,bench,,,,,,False,-37.7999228,145.0702831
node/4815115703,Bench,bench,bench,,,,,,False,-37.7987621,145.0699728
node/4815115704,Bench,bench,bench,,,,,,False,-37.7932448,145.0641848
node/4821591337,Bench,bench,bench,,,,,,False,-38.1836772,145.0887892
node/4824434083,Bench,bench,bench,,,,,,False,-37.8327099,144.841646
node/4824434084,Bench,bench,bench,,,,,,False,-37.8326694,144.8416513
node/4824434085,Bench,bench,bench,,,,,,False,-37.8326711,144.84169
node/4824434086,Bench,bench,bench,,,,,,False,-37.8326942,144.8417412
node/4824434087,Bench,bench,bench,,,,,,False,-37.832638,144.8417862
node/4824434088,Bench,bench,bench,,,,,,False,-37.8326471,144.841827
node/4824434089,Bench,bench,bench,,,,,,False,-37.8327322,144.8417004
node/4824434090,Bench,bench,bench,,,,,,False,-37.8327331,144.8417663
node/4824434091,Bench,bench,bench,,,,,,False,-37.8327405,144.8418228
node/4824434092,Bench,bench,bench,,,,,,False,-37.8327471,144.8418804
node/4824434093,Bench,bench,bench,,,,,,False,-37.8327281,144.8419212
node/4824434094,Bench,bench,bench,,,,,,False,-37.8327066,144.8418867
node/4837938850,Bench,bench,bench,,,,,,False,-37.8579265,144.9788292
node/4854743242,Bench,bench,bench,,,,,,False,-37.8001504,145.0636109
node/4867867589,Bench,bench,bench,,,,,,False,-37.8112421,144.9863229
node/4893103181,Bench,bench,bench,,,,,,False,-37.8343493,144.8462485
node/4893103182,Bench,bench,bench,,,,,,False,-37.8343929,144.8464409
node/4898650022,Bench,bench,bench,,,,,,False,-37.652387,145.516901
node/4908494226,Bench,bench,bench,,,,,,False,-37.7944277,145.0852523
node/4921628009,Bench,bench,bench,,,,,,False,-38.1871408,145.0920857
node/4947841528,Bench,bench,bench,,,,,,False,-37.7890188,145.1218299
node/4947841529,Bench,bench,bench,,,,,Memorial to a girl who was killed here.,False,-37.7943604,145.1127911
node/4947841530,Bench,bench,bench,,,,,,False,-37.7963649,145.0986212
node/4947841536,Bench,bench,bench,,,,,,False,-37.7890188,145.1217745
node/4948021230,Bench,bench,bench,,,,,,False,-37.7963288,145.1143425
node/4948021232,Bench,bench,bench,,,,,,False,-37.7963808,145.114743
node/4948021233,Bench,bench,bench,,,,,,False,-37.7953684,145.1093543
node/4948021238,Bench,bench,bench,,,,,,False,-37.7954124,145.1094003
node/4948021241,Bench,bench,bench,,,,,,False,-37.7962962,145.1143108
node/4948021242,Bench,bench,bench,,,,,,False,-37.7943963,145.108285
node/4951971589,Bench,bench,bench,,,,,,False,-37.7821578,145.0638997
node/4951971590,Bench,bench,bench,,,,,,False,-37.7811665,145.0592487
node/4951971591,Bench,bench,bench,,,,,,False,-37.782744,145.0639332
node/4951971592,Bench,bench,bench,,,,,,False,-37.7837946,145.0636763
node/4957706284,Bench,bench,bench,,,,,,False,-37.8102808,144.9544713
node/4957706285,Bench,bench,bench,,,,,,False,-37.8119883,144.9551998
node/4957706287,Bench,bench,bench,,,,,,False,-37.8105997,144.9548681
node/4957706288,Bench,bench,bench,,,,,,False,-37.80994,144.955422
node/4957706289,Bench,bench,bench,,,,,,False,-37.8115324,144.9545627
node/4957706290,Bench,bench,bench,,,,,,False,-37.810982,144.9558535
node/4957706291,Bench,bench,bench,,,,,,False,-37.8098934,144.9535925
node/4957706292,Bench,bench,bench,,,,,,False,-37.8114494,144.9550196
node/4957706293,Bench,bench,bench,,,,,,False,-37.8103984,144.9534735
node/4957706294,Bench,bench,bench,,,,,,False,-37.8089871,144.9546881
node/4957706295,Bench,bench,bench,,,,,,False,-37.811203,144.9559653
node/4957706296,Bench,bench,bench,,,,,,False,-37.8107662,144.954464
node/4957706297,Bench,bench,bench,,,,,,False,-37.810522,144.9535149
node/4957706298,Bench,bench,bench,,,,,,False,-37.8115099,144.955786
node/4957706299,Bench,bench,bench,,,,,,False,-37.8123139,144.9540461
node/4957706300,Bench,bench,bench,,,,,,False,-37.8113856,144.9545446
node/4957706302,Bench,bench,bench,,,,,,False,-37.8110851,144.9542992
node/4957706303,Bench,bench,bench,,,,,,False,-37.8095915,144.9544639
node/4957706304,Bench,bench,bench,,,,,,False,-37.8103081,144.9542943
node/4957706305,Bench,bench,bench,,,,,,False,-37.8119019,144.9551855
node/4957706306,Bench,bench,bench,,,,,,False,-37.8115412,144.9552067
node/4957706307,Bench,bench,bench,,,,,,False,-37.810392,144.9539141
node/4957706308,Bench,bench,bench,,,,,,False,-37.811918,144.954308
node/4957706309,Bench,bench,bench,,,,,,False,-37.8103691,144.9546997
node/4957706311,Bench,bench,bench,,,,,,False,-37.8105519,144.9539697
node/4957706313,Bench,bench,bench,,,,,,False,-37.8097001,144.9548121
node/4957706314,Bench,bench,bench,,,,,,False,-37.810504,144.9547709
node/4957706315,Bench,bench,bench,,,,,,False,-37.8087619,144.9548604
node/4957706316,Bench,bench,bench,,,,,,False,-37.811112,144.954617
node/4957706317,Bench,bench,bench,,,,,,False,-37.811287,144.9542566
node/4957734652,Bench,bench,bench,,,,,,False,-37.8059247,144.9446028
node/4957734653,Bench,bench,bench,,,,,,False,-37.8068318,144.9466565
node/4960830203,Bench,bench,bench,,,,,,False,-37.7914753,145.0339291
node/4960830207,Bench,bench,bench,,,,,,False,-37.7910466,145.0352125
node/4960830209,Bench,bench,bench,,,,,,False,-37.7911194,145.03536
node/4996764387,Bench,bench,bench,,,,,,False,-37.8117436,144.9524715
node/4999809766,Bench,bench,bench,,,,,,False,-37.8158816,144.8815873
node/5001533627,Bench,bench,bench,,,,,,False,-37.8159548,144.8813312
node/5010806167,Bench,bench,bench,,,,,,False,-37.8177661,145.1146519
node/5015933772,Bench,bench,bench,,,,,,False,-37.8031474,145.1024424
node/5015933773,Bench,bench,bench,,,,,,False,-37.8022161,145.1038553
node/5021242837,Bench,bench,bench,,,,,,False,-37.7979921,144.9613738
node/5021242838,Bench,bench,bench,,,,,,False,-37.7980057,144.9614493
node/5025565084,Bench,bench,bench,,,,,,False,-37.8838534,144.6728844
node/5035621375,Bench,bench,bench,,,,,,False,-37.8868051,145.3516529
node/5045932982,Bench,bench,bench,,,,,,False,-37.8133229,145.0674367
node/5045932983,Bench,bench,bench,,,,,,False,-37.8134638,145.0675829
node/5045932984,Bench,bench,bench,,,,,,False,-37.813468,145.0675949
node/5045932986,Bench,bench,bench,,,,,,False,-37.8135496,145.0680992
node/5045933125,Bench,bench,bench,,,,,,False,-37.8135925,145.0678497
node/5045933133,Bench,bench,bench,,,,,,False,-37.8118393,145.0686665
node/5045968662,Bench,bench,bench,,,,,,False,-37.8124752,145.0676179
node/5099310505,Bench,bench,bench,,,,,,False,-37.8037091,145.0840573
node/5099310507,Bench,bench,bench,,,,,,False,-37.8037081,145.0842914
node/5099310508,Bench,bench,bench,,,,,,False,-37.8033757,145.0828673
node/5099310514,Bench,bench,bench,,,,,,False,-37.8036325,145.0836002
node/5128460477,Bench,bench,bench,,,,,,False,-37.756948,145.0010244
node/5128460483,Bench,bench,bench,,,,,,False,-37.7567408,145.0008129
node/5136661316,Bench,bench,bench,,,,,,False,-37.8103085,145.091198
node/5136662623,Bench,bench,bench,,,,,,False,-37.8102131,145.0902121
node/5136662653,Bench,bench,bench,,,,,,False,-37.8109715,145.0904698
node/5136662666,Bench,bench,bench,,,,,,False,-37.8100091,145.0903331
node/5136662736,Bench,bench,bench,,,,,,False,-37.8102317,145.0913699
node/5136662745,Bench,bench,bench,,,,,,False,-37.8096917,145.0904925
node/5136662752,Bench,bench,bench,,,,,,False,-37.8102363,145.0913841
node/5136662773,Bench,bench,bench,,,,,,False,-37.810479,145.0906061
node/5136662787,Bench,bench,bench,,,,,,False,-37.8099669,145.0910116
node/5136662841,Bench,bench,bench,,,,,,False,-37.8099565,145.0900366
node/5136662890,Bench,bench,bench,,,,,,False,-37.8101867,145.0904102
node/5136662907,Bench,bench,bench,,,,,,False,-37.8102616,145.0903378
node/5138632125,Bench,bench,bench,,,,,,False,-37.9615027,145.3022153
node/5138632132,Bench,bench,bench,,,,,,False,-37.9539269,145.2977514
node/5143164880,Bench,bench,bench,,,,,,False,-37.877205,145.0444348
node/5150707631,Bench,bench,bench,,,,,,False,-37.7920016,145.098401
node/5151352324,Bench,bench,bench,,,,,,False,-37.7919948,145.098441
node/5166792221,Bench,bench,bench,,,,,,False,-37.8409618,144.955066
node/5189668634,Bench,bench,bench,,,,,,False,-37.9125492,145.1347402
node/5189668635,Bench,bench,bench,,,,,,False,-37.9125206,145.1346248
node/5189668636,Bench,bench,bench,,,,,,False,-37.9124592,145.1343741
node/5189668640,Bench,bench,bench,,,,,,False,-37.9127125,145.1337698
node/5195471035,Bench,bench,bench,,,,,,False,-37.95028,145.1527923
node/5195526334,Bench,bench,bench,,,,,,False,-37.9514789,145.1525482
node/5195563395,Bench,bench,bench,,,,,,False,-37.9509388,145.1526755
node/5195563402,Bench,bench,bench,,,,,,False,-37.9502921,145.1525107
node/5195563406,Bench,bench,bench,,,,,,False,-37.9505461,145.1524682
node/5203746953,Bench,bench,bench,,,,,,False,-37.9485212,145.1514934
node/5213706401,Bench,bench,bench,,,,,,False,-37.9519179,145.1512697
node/5213706420,Bench,bench,bench,,,,,,False,-37.9541993,145.1517673
node/5213866034,Bench,bench,bench,,,,,,False,-37.9538635,145.1518244
node/5213866035,Bench,bench,bench,,,,,,False,-37.9558104,145.1522128
node/5213866037,Bench,bench,bench,,,,,,False,-37.9557521,145.1519275
node/5213866040,Bench,bench,bench,,,,,,False,-37.9544029,145.1520317
node/5213866042,Bench,bench,bench,,,,,,False,-37.9542888,145.1520657
node/5213983301,Bench,bench,bench,,,,,,False,-37.9534378,145.1522342
node/5213985138,Bench,bench,bench,,,,,,False,-37.7930287,145.0716397
node/5213985139,Bench,bench,bench,,,,,,False,-37.7931335,145.0716263
node/5215342582,Bench,bench,bench,,,,,,False,-37.9681566,145.1771194
node/5215342592,Bench,bench,bench,,,,,,False,-37.9666234,145.1752108
node/5215342609,Bench,bench,bench,,,,,,False,-37.9660478,145.1744543
node/5215344478,Bench,bench,bench,,,,,,False,-37.9670271,145.1757345
node/5216136813,Bench,bench,bench,,,,,,False,-37.9667123,145.1756529
node/5216136973,Bench,bench,bench,,,,,,False,-37.9681484,145.1770882
node/5222790807,Bench,bench,bench,,,,,,False,-37.6734289,145.0171126
node/5222790809,Bench,bench,bench,,,,,,False,-37.6730242,145.0160306
node/5222790810,Bench,bench,bench,,,,,,False,-37.6726186,145.0176765
node/5222791632,Bench,bench,bench,,,,,,False,-37.6731431,145.0165444
node/5222791634,Bench,bench,bench,,,,,,False,-37.6724906,145.0172998
node/5222791636,Bench,bench,bench,,,,,,False,-37.6741702,145.0158987
node/5222791640,Bench,bench,bench,,,,,,False,-37.6739452,145.0170223
node/5222791644,Bench,bench,bench,,,,,,False,-37.6732823,145.0171424
node/5222791653,Bench,bench,bench,,,,,,False,-37.6731552,145.0168201
node/5222791662,Bench,bench,bench,,,,,,False,-37.6738147,145.0170488
node/5222791676,Bench,bench,bench,,,,,,False,-37.6730036,145.0172028
node/5222791689,Bench,bench,bench,,,,,,False,-37.673177,145.0169723
node/5222791703,Bench,bench,bench,,,,,,False,-37.6743449,145.0169515
node/5222791710,Bench,bench,bench,,,,,,False,-37.6721512,145.0177585
node/5222791715,Bench,bench,bench,,,,,,False,-37.6720067,145.0173053
node/5222791718,Bench,bench,bench,,,,,,False,-37.6731263,145.0160428
node/5225652585,Bench,bench,bench,,,,,,False,-37.6979909,145.1139747
node/5226088353,Bench,bench,bench,,,,,,False,-37.8015265,145.0739906
node/5226088354,Bench,bench,bench,,,,,,False,-37.8016587,145.073954
node/5226088355,Bench,bench,bench,,,,,,False,-37.8017286,145.0745867
node/5226088379,Bench,bench,bench,,,,,,False,-37.8012104,145.0747656
node/5229563123,Bench,bench,bench,,,,,,False,-37.7916142,144.9565474
node/5240504723,Bench,bench,bench,,,,,,False,-37.6823133,144.9189282
node/5240504725,Bench,bench,bench,,,,,,False,-37.6823116,144.918853
node/5240504728,Bench,bench,bench,,,,,,False,-37.6823109,144.918774
node/5242014084,Bench,bench,bench,,,,,,False,-37.9269619,145.1194951
node/5242014087,Bench,bench,bench,,,,,,False,-37.9275519,145.119356
node/5242024749,Bench,bench,bench,,,,,,False,-37.92551,145.1197879
node/5242024788,Bench,bench,bench,,,,,,False,-37.9281146,145.119251
node/5242024808,Bench,bench,bench,,,,,,False,-37.9255069,145.1197738
node/5242024812,Bench,bench,bench,,,,,,False,-37.926457,145.119591
node/5242064713,Bench,bench,bench,,,,,,False,-37.9261656,145.1194134
node/5242064716,Bench,bench,bench,,,,,,False,-37.9256344,145.1195134
node/5242067322,Bench,bench,bench,,,,,,False,-37.9249818,145.1196174
node/5243876618,Bench,bench,bench,,,,,,False,-37.9847284,145.212243
node/5243876825,Bench,bench,bench,,,,,,False,-37.9850153,145.2122784
node/5243876869,Bench,bench,bench,,,,,,False,-37.9860582,145.2124218
node/5243876881,Bench,bench,bench,,,,,,False,-37.9848797,145.2125193
node/5243876886,Bench,bench,bench,,,,,,False,-37.9856488,145.2123335
node/5245261732,Bench,bench,bench,,,,,,False,-37.9659667,145.1767602
node/5248293330,Bench,bench,bench,,,,,,False,-37.8987827,145.0897439
node/5248299869,Bench,bench,bench,,,,,,False,-37.8994548,145.0900289
node/5248299873,Bench,bench,bench,,,,,,False,-37.8994658,145.0899382
node/5248299874,Bench,bench,bench,,,,,,False,-37.8995146,145.089926
node/5248321302,Bench,bench,bench,,,,,,False,-37.9003096,145.0917211
node/5248333542,Bench,bench,bench,,,,,,False,-37.900136,145.0890284
node/5248333543,Bench,bench,bench,,,,,,False,-37.9001138,145.0889205
node/5251235711,Bench,bench,bench,,,,,,False,-37.7396812,144.881319
node/5251235712,Bench,bench,bench,,,,,,False,-37.7395909,144.8815005
node/5251235713,Bench,bench,bench,,,,,,False,-37.7394963,144.8816905
node/5251551354,Bench,bench,bench,,,,,,False,-37.9825961,145.2014066
node/5258726621,Bench,bench,bench,,,,,,False,-37.7195956,145.0986059
node/5258760278,Bench,bench,bench,,,,,,False,-37.7203162,145.0983927
node/5258763321,Bench,bench,bench,,,,,,False,-37.7187646,145.0984385
node/5258763322,Bench,bench,bench,,,,,,False,-37.7188716,145.098516
node/5263027314,Robyn Coote - Memorial Bench,bench,bench,,,,,,False,-37.7900575,144.9922499
node/5263269554,Bench,bench,bench,,,,,,False,-37.8898178,145.0675766
node/5263269566,Bench,bench,bench,,,,,,False,-37.8894831,145.066856
node/5263269573,Bench,bench,bench,,,,,,False,-37.8902017,145.0684763
node/5263269580,Bench,bench,bench,,,,,,False,-37.8905794,145.0664305
node/5263274132,Bench,bench,bench,,,,,,False,-37.8898941,145.0677561
node/5263274133,Bench,bench,bench,,,,,,False,-37.8894583,145.066802
node/5263274141,Bench,bench,bench,,,,,,False,-37.8900161,145.066346
node/5271795132,Bench,bench,bench,,,,,,False,28.1241579,-80.6244326
node/5273314902,Bench,bench,bench,,,,,,False,-37.8583479,145.0441685
node/5274549408,Bench,bench,bench,,,,,,False,-37.8475112,145.0405891
node/5274784235,Bench,bench,bench,,,,,,False,-37.8860725,145.0575615
node/5274784240,Bench,bench,bench,,,,,,False,-37.8847044,145.0578337
node/5274784274,Bench,bench,bench,,,,,,False,-37.8870037,145.0574136
node/5274784282,Bench,bench,bench,,,,,,False,-37.8856523,145.057669
node/5274784288,Bench,bench,bench,,,,,,False,-37.8874274,145.0573534
node/5282956565,Bench,bench,bench,,,,,,False,-37.801107,145.0625589
node/5283411536,Bench,bench,bench,,,,,,False,-37.8889183,145.0572055
node/5283411547,Bench,bench,bench,,,,,,False,-37.8873595,145.0575015
node/5283411577,Bench,bench,bench,,,,,,False,-37.8872265,145.0575168
node/5283411583,Bench,bench,bench,,,,,,False,-37.8886524,145.0572437
node/5283411590,Bench,bench,bench,,,,,,False,-37.8883479,145.0572919
node/5283411606,Bench,bench,bench,,,,,,False,-37.8868972,145.0575729
node/5283420294,Bench,bench,bench,,,,,,False,-37.887555,145.0573411
node/5285524957,Bench,bench,bench,,,,,,False,-37.9817684,145.2087357
node/5285524967,Bench,bench,bench,,,,,,False,-37.9901946,145.2162104
node/5285524977,Bench,bench,bench,,,,,,False,-37.9887044,145.2164384
node/5285525017,Bench,bench,bench,,,,,,False,-37.9852531,145.2147432
node/5285526933,Bench,bench,bench,,,,,,False,-37.9810211,145.2074196
node/5288820452,Bench,bench,bench,,,,,,False,-37.7046009,145.0864363
node/5289328487,Bench,bench,bench,,,,,,False,-37.7853248,145.0654437
node/5289328511,Bench,bench,bench,,,,,,False,-37.7834282,145.0728704
node/5289328512,Bench,bench,bench,,,,,,False,-37.7829397,145.0741326
node/5289328513,Bench,bench,bench,,,,,,False,-37.7824231,145.0752756
node/5289328514,Bench,bench,bench,,,,,,False,-37.7821768,145.0756272
node/5289328520,Bench,bench,bench,,,,,,False,-37.7816968,145.0774806
node/5289331821,Bench,bench,bench,,,,,,False,-37.7841474,145.0987444
node/5290694930,Bench,bench,bench,,,,,,False,-37.8087437,144.96357
node/5290694931,Bench,bench,bench,,,,,,False,-37.8086949,144.9635505
node/5290694937,Bench,bench,bench,,,,,,False,-37.8099674,144.9621444
node/5298771629,Bench,bench,bench,,,,,,False,-37.9504403,145.1512063
node/5298771632,Bench,bench,bench,,,,,,False,-37.9509615,145.1510916
node/5298771633,Bench,bench,bench,,,,,,False,-37.9510986,145.1510717
node/5298771636,Bench,bench,bench,,,,,,False,-37.9496988,145.1512971
node/5306169361,Bench,bench,bench,,,,,,False,-37.7961747,145.0354199
node/5306169362,Bench,bench,bench,,,,,,False,-37.7962478,145.0353469
node/5314357318,Bench,bench,bench,,,,,,False,-37.7899989,145.0372293
node/5314412102,Bench,bench,bench,,,,,,False,-37.7982506,145.0505648
node/5314412108,Bench,bench,bench,,,,,,False,-37.7980985,145.0499614
node/5315895523,Bench,bench,bench,,,,,,False,-37.8020633,145.057803
node/5315895524,Bench,bench,bench,,,,,,False,-37.8016185,145.0568782
node/5315895525,Bench,bench,bench,,,,,,False,-37.8017638,145.0567805
node/5315895527,Bench,bench,bench,,,,,,False,-37.8015298,145.0565796
node/5315895601,Bench,bench,bench,,,,,,False,-37.8010379,145.0544292
node/5315904729,Bench,bench,bench,,,,,,False,-37.7982825,145.0466933
node/5315913038,Bench,bench,bench,,,,,,False,-37.7960156,145.0396726
node/5315913053,Bench,bench,bench,,,,,,False,-37.7951841,145.0374315
node/5315913487,Bench,bench,bench,,,,,,False,-37.7935112,145.0332121
node/5315945815,Bench,bench,bench,,,,,,False,-37.795381,145.0284912
node/5315945816,Bench,bench,bench,,,,,,False,-37.7952644,145.029218
node/5315945817,Bench,bench,bench,,,,,,False,-37.7957816,145.0274451
node/5316205557,Bench,bench,bench,,,,,,False,-37.7946771,145.0263069
node/5316205558,Bench,bench,bench,,,,,,False,-37.7949946,145.0260663
node/5328424705,Bench,bench,bench,,,,,,False,-38.1120673,145.1857464
node/5328424706,Bench,bench,bench,,,,,,False,-38.1119608,145.186073
node/5328424707,Bench,bench,bench,,,,,,False,-38.1119448,145.1861371
node/5328440102,Bench,bench,bench,,,,,,False,-38.09104,145.2003273
node/5330880943,Bench,bench,bench,,,,,,False,-37.6476409,145.5273636
node/5335881457,Bench,bench,bench,,,,,,False,-37.6964368,145.1044395
node/5343611051,Bench,bench,bench,,,,,,False,-37.8356894,144.9141526
node/5343611052,Bench,bench,bench,,,,,,False,-37.8358695,144.9142197
node/5352025212,Bench,bench,bench,,,,,,False,-37.8634128,145.0100273
node/5364567978,Bench,bench,bench,,,,,,False,-37.7751903,145.5278246
node/5364567979,Bench,bench,bench,,,,,,False,-37.7749953,145.527142
node/5364567984,Bench,bench,bench,,,,,,False,-37.775166,145.5272231
node/5364639555,Bench,bench,bench,,,,,,False,-37.7755084,145.5314872
node/5364639556,Bench,bench,bench,,,,,,False,-37.7752274,145.5336396
node/5364639557,Bench,bench,bench,,,,,,False,-37.7701115,145.540195
node/5364639567,Bench,bench,bench,,,,,,False,-37.7686263,145.5548251
node/5364639568,Bench,bench,bench,,,,,,False,-37.765784,145.5508701
node/5364671120,Bench,bench,bench,,,,,,False,-37.7774645,145.4261861
node/5364671238,Bench,bench,bench,,,,,,False,-37.7638598,145.506658
node/5364671239,Dismount platform,bench,bench,,,,,,False,-37.7642266,145.5074117
node/5364671240,Dismount platform,bench,bench,,,,,,False,-37.764973,145.5140313
node/5364671241,Bench,bench,bench,,,,,,False,-37.7726854,145.5228893
node/5365398802,Bench,bench,bench,,,,,,False,-37.7908709,144.9925063
node/5365398803,Bench,bench,bench,,,,,,False,-37.7905476,144.9925988
node/5365398804,Bench,bench,bench,,,,,,False,-37.790866,144.9923192
node/5365398805,Bench,bench,bench,,,,,,False,-37.7903755,144.9915032
node/5365398806,Bench,bench,bench,,,,,,False,-37.7911746,144.9922206
node/5369179194,Bench,bench,bench,,,,,,False,-37.8355383,145.373345
node/5369179195,Bench,bench,bench,,,,,,False,-37.835771,145.3736248
node/5396922433,Bench,bench,bench,,,,,,False,-37.7989309,145.050836
node/5404423536,Bench,bench,bench,,,,,,False,-37.9059879,145.0079119
node/5406332993,Bench,bench,bench,,,,,,False,-37.7003067,144.5747462
node/5419065776,Bench,bench,bench,,,,,,False,-37.7888347,144.5657669
node/5432557726,Bench,bench,bench,,,,,,False,-38.0382334,145.1102088
node/5438684196,Bench,bench,bench,,,,,,False,-37.9007875,144.6642251
node/5455542950,Bench,bench,bench,,,,,,False,-37.9773942,145.055865
node/5455542951,Bench,bench,bench,,,,,,False,-37.9771512,145.0558767
node/5455542952,Bench,bench,bench,,,,,,False,-37.9770665,145.0555638
node/5455542953,Bench,bench,bench,,,,,,False,-37.9773693,145.0557039
node/5455552856,Bench,bench,bench,,,,,,False,-37.9856323,145.0645063
node/5455552857,Bench,bench,bench,,,,,,False,-37.9856043,145.0643997
node/5455552858,Bench,bench,bench,,,,,,False,-37.9855388,145.0644741
node/5455552859,Bench,bench,bench,,,,,,False,-37.9852804,145.0640577
node/5455552860,Bench,bench,bench,,,,,,False,-37.9851593,145.0640993
node/5455552861,Bench,bench,bench,,,,,,False,-37.9852449,145.0643762
node/5455552862,Bench,bench,bench,,,,,,False,-37.9850816,145.0645318
node/5455552863,Bench,bench,bench,,,,,,False,-37.9850885,145.0646236
node/5455561249,Bench,bench,bench,,,,,,False,-37.9818148,145.0649046
node/5455561253,Bench,bench,bench,,,,,,False,-37.9815928,145.0648132
node/5460727642,Bench,bench,bench,,,,,,False,-37.9763536,145.0618507
node/5460727649,Bench,bench,bench,,,,,,False,-37.9765938,145.0618558
node/5468473416,Bench,bench,bench,,,,,,False,-37.9879094,145.2148697
node/5468473420,Bench,bench,bench,,,,,,False,-37.9879329,145.2148289
node/5468474923,Bench,bench,bench,,,,,,False,-37.9887932,145.2126231
node/5468474932,Bench,bench,bench,,,,,,False,-37.9883054,145.2142842
node/5502554942,Bench,bench,bench,,,,,,False,-37.859983,145.0574894
node/5502554945,Bench,bench,bench,,,,,,False,-37.8599596,145.058245
node/5508666860,Bench,bench,bench,,,,,,False,-37.9882955,145.2122302
node/5508666863,Bench,bench,bench,,,,,,False,-37.9882972,145.2121795
node/5517711052,Bench,bench,bench,,,,,,False,-37.8618444,145.0654246
node/5517711083,Bench,bench,bench,,,,,,False,-37.8617241,145.0655884
node/5519550260,Bench,bench,bench,,,,,,False,-37.8620811,145.0646273
node/5519973638,Bench,bench,bench,,,,,,False,-37.8783381,145.0670871
node/5519973644,Bench,bench,bench,,,,,,False,-37.8771569,145.0584955
node/5519973679,Bench,bench,bench,,,,,,False,-37.8775942,145.0609756
node/5519973693,Bench,bench,bench,,,,,,False,-37.8773308,145.0684529
node/5519973696,Bench,bench,bench,,,,,,False,-37.8772296,145.0590277
node/5519973700,Bench,bench,bench,,,,,,False,-37.8772048,145.0588146
node/5519973711,Bench,bench,bench,,,,,,False,-37.8770601,145.057683
node/5519973714,Bench,bench,bench,,,,,,False,-37.8778614,145.062991
node/5519973738,Bench,bench,bench,,,,,,False,-37.8771179,145.0569389
node/5529853331,Bench,bench,bench,,,,,,False,-37.9863702,145.0678419
node/5529853332,Bench,bench,bench,,,,,,False,-37.9863586,145.0677855
node/5546710091,Bench,bench,bench,,,,,,False,-37.75597,145.0033313
node/5548276454,Bench,bench,bench,,,,,,False,-37.7835202,144.9378628
node/5551522123,Bench,bench,bench,,,,,,False,-37.7800766,144.9370673
node/5551522125,Bench,bench,bench,,,,,,False,-37.7806338,144.936968
node/5551522222,Bench,bench,bench,,,,,,False,-37.7810731,144.9379719
node/5551530222,Bench,bench,bench,,,,,,False,-37.7795118,144.937573
node/5551530223,Bench,bench,bench,,,,,,False,-37.7799479,144.9374473
node/5551530224,Bench,bench,bench,,,,,,False,-37.7804515,144.9380224
node/5551530321,Bench,bench,bench,,,,,,False,-37.7794102,144.9376044
node/5556874590,Bench,bench,bench,,,,,,False,-37.7367058,145.2201227
node/5558171606,Bench,bench,bench,,,,,,False,-37.8024483,144.9623409
node/5578311284,Bench,bench,bench,,,,,,False,-37.7449893,145.0176368
node/5579904827,Bench,bench,bench,,,,,,False,-37.7757157,145.0185893
node/5579904836,Bench,bench,bench,,,,,,False,-37.7767312,145.0184287
node/5579904841,Bench,bench,bench,,,,,,False,-37.7770607,145.0184048
node/5579904853,Bench,bench,bench,,,,,,False,-37.778212,145.0181447
node/5579904856,Bench,bench,bench,,,,,,False,-37.7783265,145.0181285
node/5579904862,Bench,bench,bench,,,,,,False,-37.7786999,145.0180813
node/5585948897,Bench,bench,bench,,,,,,False,-37.8399381,144.8561621
node/5587821700,Bench,bench,bench,,,,,,False,-37.7977503,144.906336
node/5590261668,Bench,bench,bench,,,,,,False,-38.0868114,145.2018201
node/5591683709,Bench,bench,bench,,,,,,False,-38.1765175,145.1608619
node/5610560817,Bench,bench,bench,,,,,,False,-37.7397307,145.003929
node/5615049572,Bench,bench,bench,,,,,,False,-37.7145781,144.9693769
node/5615049574,Bench,bench,bench,,,,,,False,-37.7144917,144.9696488
node/5615171555,Bench,bench,bench,,,,,,False,-38.1598746,145.1658304
node/5624228188,Bench,bench,bench,,,,,,False,-37.8308889,144.9820924
node/5624228190,Bench,bench,bench,,,,,,False,-37.8307168,144.9815445
node/5624228203,Bench,bench,bench,,,,,,False,-37.8316763,144.9806881
node/5624228210,Bench,bench,bench,,,,,,False,-37.830983,144.9822547
node/5624228212,Bench,bench,bench,,,,,,False,-37.8307588,144.9812949
node/5639060760,Bench,bench,bench,,,,,,False,-37.7920015,144.9501909
node/5646976877,Bench,bench,bench,,,,,,False,-37.7899509,144.9451261
node/5646976884,Bench,bench,bench,,,,,,False,-37.79269,144.9479344
node/5657301128,Bench,bench,bench,,,,,,False,-37.7752186,144.9603839
node/5657302599,Bench,bench,bench,,,,,,False,-37.7752278,144.9605731
node/5665150169,Bench,bench,bench,,,,,,False,-37.7114195,145.0230569
node/5665163262,Bench,bench,bench,,,,,,False,-37.7051149,145.0287036
node/5665178482,Bench,bench,bench,,,,,,False,-37.6992668,145.0330832
node/5668882711,Bench,bench,bench,,,,,,False,-37.7925051,144.9539472
node/5689096303,Bench,bench,bench,,,,,,False,-37.704985,144.9897754
node/5689096308,Bench,bench,bench,,,,,,False,-37.7046006,144.9897438
node/5689096309,Bench,bench,bench,,,,,,False,-37.7046095,144.9894623
node/5695732918,Bench,bench,bench,,,,,,False,-38.1088669,145.2836838
node/5695733935,Bench,bench,bench,,,,,,False,-38.1083867,145.2836195
node/5695784414,Bench,bench,bench,,,,,,False,-38.110876,145.2834235
node/5695784417,Bench,bench,bench,,,,,,False,-38.1113386,145.283294
node/5695786030,Bench,bench,bench,,,,,,False,-38.1095697,145.2837262
node/5695786038,Bench,bench,bench,,,,,,False,-38.1099404,145.2835487
node/5695786062,Bench,bench,bench,,,,,,False,-38.1096022,145.2837911
node/5695786079,Bench,bench,bench,,,,,,False,-38.1126772,145.2830473
node/5695786085,Bench,bench,bench,,,,,,False,-38.1111729,145.2833306
node/5695786086,Bench,bench,bench,,,,,,False,-38.1101861,145.2835526
node/5695786094,Bench,bench,bench,,,,,,False,-38.1096721,145.2836356
node/5695786096,Bench,bench,bench,,,,,,False,-38.1120904,145.2831617
node/5695786118,Bench,bench,bench,,,,,,False,-38.1129702,145.2833871
node/5695791025,Bench,bench,bench,,,,,,False,-38.1105465,145.2824298
node/5699985811,Bench,bench,bench,,,,,,False,-37.6608567,145.0639455
node/5699985812,Bench,bench,bench,,,,,,False,-37.6604299,145.0634179
node/5699985813,Bench,bench,bench,,,,,,False,-37.6604283,145.0636486
node/5710382264,Bench,bench,bench,,,,,,False,-37.7209571,145.0501441
node/5710382265,Bench,bench,bench,,,,,,False,-37.7209571,145.0502268
node/5710382266,Bench,bench,bench,,,,,,False,-37.720959,145.0503072
node/5710382267,Bench,bench,bench,,,,,,False,-37.720959,145.0503791
node/5710382268,Bench,bench,bench,,,,,,False,-37.7211202,145.0501897
node/5710382269,Bench,bench,bench,,,,,,False,-37.7210699,145.050107
node/5710382270,Bench,bench,bench,,,,,,False,-37.7205037,145.0502867
node/5710382271,Bench,bench,bench,,,,,,False,-37.7205058,145.0501957
node/5710382272,Bench,bench,bench,,,,,,False,-37.7205086,145.0501046
node/5710382273,Bench,bench,bench,,,,,,False,-37.7205086,145.0500099
node/5737887084,Bench,bench,bench,,,,,,False,-37.7976388,144.9597448
node/5737887085,Bench,bench,bench,,,,,,False,-37.7978809,144.9597134
node/5754908913,Bench,bench,bench,,,,,,False,-37.7815163,144.9623825
node/5754908916,Bench,bench,bench,,,,,,False,-37.7801508,144.9611228
node/5754908919,Bench,bench,bench,,,,,,False,-37.781092,144.9624925
node/5754909621,Bench,bench,bench,,,,,,False,-37.7818774,144.9621248
node/5754909624,Bench,bench,bench,,,,,,False,-37.7812704,144.9620474
node/5754909625,Bench,bench,bench,,,,,,False,-37.7807473,144.9624222
node/5754909627,Bench,bench,bench,,,,,,False,-37.7819809,144.9625803
node/5754913017,Bench,bench,bench,,,,,,False,-37.7848212,144.9631241
node/5754913018,Bench,bench,bench,,,,,,False,-37.7853757,144.962931
node/5754913019,Bench,bench,bench,,,,,,False,-37.7833026,144.9634511
node/5754913020,Bench,bench,bench,,,,,,False,-37.7877616,144.9626046
node/5754913123,Bench,bench,bench,,,,,,False,-37.7873235,144.9626839
node/5754915557,Bench,bench,bench,,,,,,False,-37.7893309,144.9615425
node/5754915559,Bench,bench,bench,,,,,,False,-37.7895131,144.9618858
node/5754915563,Bench,bench,bench,,,,,,False,-37.7897693,144.9616916
node/5754915565,Bench,bench,bench,,,,,,False,-37.7912436,144.9614233
node/5754925021,Bench,bench,bench,,,,,,False,-37.7937393,144.9621859
node/5758452674,Bench,bench,bench,,,,,,False,-37.8726627,145.2702173
node/5759615437,Bench,bench,bench,,,,,,False,-37.8736979,145.2255158
node/5759615439,Bench,bench,bench,,,,,,False,-37.8737466,145.2255293
node/5759925201,Bench,bench,bench,,,,,,False,-37.7531614,145.6879053
node/5759925208,Bench,bench,bench,,,,,,False,-37.7528929,145.6877474
node/5759925214,Bench,bench,bench,,,,,,False,-37.7527048,145.6878855
node/5759927131,Bench,bench,bench,,,,,,False,-37.7526391,145.6902139
node/5769212929,Bench,bench,bench,,,,,,False,-37.7879652,144.9594766
node/5769212930,Bench,bench,bench,,,,,,False,-37.7862023,144.9596897
node/5769212933,Bench,bench,bench,,,,,,False,-37.7899397,144.959878
node/5769212939,Bench,bench,bench,,,,,,False,-37.7890489,144.9593347
node/5769212940,Bench,bench,bench,,,,,,False,-37.7867639,144.9596196
node/5776641636,Bench,bench,bench,,,,,,False,-37.9343979,145.4402147
node/5776641637,Bench,bench,bench,,,,,,False,-37.9344469,145.4402614
node/5776641638,Bench,bench,bench,,,,,,False,-37.9343319,145.4401336
node/5776822685,Bench,bench,bench,,,,,,False,-37.8674231,145.2469616
node/5785219828,Bench,bench,bench,,,,,,False,-37.7683948,144.9493181
node/5785219842,Bench,bench,bench,,,,,,False,-37.7685657,144.9514682
node/5785219846,Bench,bench,bench,,,,,,False,-37.7685829,144.9492189
node/5800196359,Bench,bench,bench,,,,,,False,-37.8740182,145.1664162
node/5806706866,Bench,bench,bench,,,,,,False,-37.7691095,144.9991588
node/5806706867,Bench,bench,bench,,,,,,False,-37.7128923,145.0480579
node/5806706868,Bench,bench,bench,,,,,,False,-37.7130805,145.047795
node/5806706884,Bench,bench,bench,,,,,,False,-37.713037,145.0478435
node/5824617956,Bench,bench,bench,,,,,,False,-37.7877347,144.8329906
node/5824617957,Bench,bench,bench,,,,,,False,-37.787824,144.8331113
node/5824617958,Bench,bench,bench,,,,,,False,-37.7877683,144.8330463
node/5824617970,Bench,bench,bench,,,,,,False,-37.7867627,144.8322438
node/5824617971,Bench,bench,bench,,,,,,False,-37.786759,144.8323573
node/5824617972,Bench,bench,bench,,,,,,False,-37.7867466,144.8321927
node/5824763747,Bench,bench,bench,,,,,,False,-37.7855796,144.8319779
node/5824764005,Bench,bench,bench,,,,,,False,-37.7859357,144.8317968
node/5824764072,Bench,bench,bench,,,,,,False,-37.7855936,144.8318956
node/5824764089,Bench,bench,bench,,,,,,False,-37.7860599,144.8317823
node/5824764109,Bench,bench,bench,,,,,,False,-37.7853429,144.8319062
node/5824764121,Bench,bench,bench,,,,,,False,-37.785355,144.8320936
node/5824764140,Bench,bench,bench,,,,,,False,-37.7848942,144.8319004
node/5824859936,Bench,bench,bench,,,,,,False,-37.7851508,144.8330062
node/5824861154,Bench,bench,bench,,,,,,False,-37.785826,144.8328631
node/5824861158,Bench,bench,bench,,,,,,False,-37.7859063,144.8328663
node/5824861166,Bench,bench,bench,,,,,,False,-37.7860726,144.8328079
node/5831874917,Bench,bench,bench,,,,,,False,-37.9831557,145.2052207
node/5837362241,Bench,bench,bench,,,,,,False,-37.7676178,144.9547298
node/5837862685,Bench,bench,bench,,,,,,False,-37.7997348,144.642558
node/5856680719,Bench,bench,bench,,,,,,False,-37.81817,144.9665318
node/5856680725,Bench,bench,bench,,,,,,False,-37.8188013,144.9667803
node/5856680728,Bench,bench,bench,,,,,,False,-37.8183053,144.9665986
node/5856680737,Bench,bench,bench,,,,,,False,-37.8184739,144.9666656
node/5856680746,Bench,bench,bench,,,,,,False,-37.8186119,144.9667214
node/5860020473,Bench,bench,bench,,,,,,False,-37.9334019,145.1102212
node/5860020474,Bench,bench,bench,,,,,,False,-37.9336797,145.1100743
node/5860764485,Bench,bench,bench,,,,,,False,-37.7599884,144.9762598
node/5872679545,Bench,bench,bench,,,,,,False,-37.6028205,145.1011845
node/5872679549,Bench,bench,bench,,,,,,False,-37.6021167,145.1013156
node/5872880599,Bench,bench,bench,,,,,,False,-37.5934095,145.0899313
node/5872880603,Bench,bench,bench,,,,,,False,-37.5933109,145.0906042
node/5872880606,Bench,bench,bench,,,,,,False,-37.5936372,145.0912081
node/5872880609,Bench,bench,bench,,,,,,False,-37.5934273,145.0902682
node/5873323254,Bench,bench,bench,,,,,,False,-37.8077715,144.8658713
node/5887704544,Bench,bench,bench,,,,,,False,-37.8758488,145.259753
node/5891949948,Bench,bench,bench,,,,,,False,-37.8522567,145.3710078
node/5892410889,Bench,bench,bench,,,,,,False,-38.3056331,144.6808204
node/5892410891,Bench,bench,bench,,,,,,False,-38.3295018,144.6952706
node/5892410897,Bench,bench,bench,,,,,,False,-38.3299852,144.6953224
node/5892410913,Bench,bench,bench,,,,,,False,-38.3073622,144.680726
node/5892410925,Bench,bench,bench,,,,,,False,-38.3083987,144.6789987
node/5915009436,Bench,bench,bench,,,,,,False,-37.6980762,145.0215107
node/5915232920,Bench,bench,bench,,,,,,False,-37.7808695,144.9968206
node/5917441883,Bench,bench,bench,,,,,,False,-37.7496335,145.0176268
node/5917442985,Bench,bench,bench,,,,,,False,-37.7489777,145.0176857
node/5917595167,Bench,bench,bench,,,,,,False,-37.7568138,145.0191131
node/5922126185,Bench,bench,bench,,,,,,False,-37.8186249,144.9712026
node/5922126190,Bench,bench,bench,,,,,,False,-37.8186143,144.9712564
node/5922126194,Bench,bench,bench,,,,,,False,-37.8186202,144.9713092
node/5922126198,Bench,bench,bench,,,,,,False,-37.818662,144.9712825
node/5922126201,Bench,bench,bench,,,,,,False,-37.8186735,144.970983
node/5922126202,Bench,bench,bench,,,,,,False,-37.8186203,144.9713441
node/5922126206,Bench,bench,bench,,,,,,False,-37.8186178,144.971385
node/5922126219,Bench,bench,bench,,,,,,False,-37.8186271,144.9711695
node/5926573408,Bench,bench,bench,,,,,,False,-37.7350117,144.9630288
node/5938036770,Bench,bench,bench,,,,,,False,-37.8098656,144.9701068
node/5938092449,Bench,bench,bench,,,,,,False,-37.8941784,145.3084404
node/5938092454,Bench,bench,bench,,,,,,False,-37.8944948,145.3085073
node/5938092473,Bench,bench,bench,,,,,,False,-37.8944043,145.3084125
node/5938094010,Bench,bench,bench,,,,,,False,-37.8929904,145.3085623
node/5938282886,Bench,bench,bench,,,,,,False,-37.8622512,145.3540264
node/5938282887,Bench,bench,bench,,,,,,False,-37.8626414,145.3537816
node/5938282893,Bench,bench,bench,,,,,,False,-37.8625302,145.3538478
node/5938282898,Bench,bench,bench,,,,,,False,-37.8630405,145.3533938
node/5938282899,Bench,bench,bench,,,,,,False,-37.8553776,145.3644003
node/5938282912,Bench,bench,bench,,,,,,False,-37.8503882,145.3724982
node/5938282915,Bench,bench,bench,,,,,,False,-37.8554852,145.3641767
node/5938282919,Bench,bench,bench,,,,,,False,-37.8554332,145.3641735
node/5945931000,Bench,bench,bench,,,,,,False,-37.7092432,144.7386429
node/5946151482,Bench,bench,bench,,,,,,False,-37.7097676,144.7403555
node/5952906615,Bench,bench,bench,,,,,,False,-37.7092082,144.7381301
node/5952906617,Bench,bench,bench,,,,,,False,-37.7093291,144.7367434
node/5952906618,Bench,bench,bench,,,,,,False,-37.7094161,144.7361721
node/5952908862,Bench,bench,bench,,,,,,False,-37.7084008,144.7349026
node/5952927675,Bench,bench,bench,,,,,,False,-37.7022755,144.7333561
node/5960549385,Bench,bench,bench,,,,,,False,-38.0323319,145.2663307
node/5960549442,Bench,bench,bench,,,,,,False,-38.0341491,145.2640246
node/5963317145,Bench,bench,bench,,,,,,False,-37.9453815,145.1533185
node/5963317146,Bench,bench,bench,,,,,,False,-37.9426133,145.1563824
node/5963317150,Bench,bench,bench,,,,,,False,-37.9422655,145.1562387
node/5963317157,Bench,bench,bench,,,,,,False,-37.9424984,145.1561107
node/5964168357,Bench,bench,bench,,,,,,False,-37.8873666,145.0578479
node/5964168359,Bench,bench,bench,,,,,,False,-37.8873529,145.0576582
node/5964168360,Bench,bench,bench,,,,,,False,-37.8873471,145.0576086
node/5964168361,Bench,bench,bench,,,,,,False,-37.8873423,145.0575623
node/5968554372,Bench,bench,bench,,,,,,False,-37.9537807,145.1521836
node/5968554379,Bench,bench,bench,,,,,,False,-37.9535538,145.15189
node/5980542867,Bench,bench,bench,,,,,,False,-37.7823943,145.2996517
node/5980632040,Bench,bench,bench,,,,,,False,-37.742933,144.8006031
node/5980632042,Bench,bench,bench,,,,,,False,-37.7416942,144.8008757
node/5980632043,Bench,bench,bench,,,,,,False,-37.7444794,144.8026693
node/5980632046,Bench,bench,bench,,,,,,False,-37.7428684,144.8006162
node/5980632056,Bench,bench,bench,,,,,,False,-37.7444136,144.800581
node/5980632068,Bench,bench,bench,,,,,,False,-37.7442715,144.8017779
node/5980632193,Bench,bench,bench,,,,,,False,-37.7443846,144.8004351
node/5980632211,Bench,bench,bench,,,,,,False,-37.7444848,144.8013576
node/5980632212,Bench,bench,bench,,,,,,False,-37.74365,144.8004741
node/5980632226,Bench,bench,bench,,,,,,False,-37.742801,144.8006152
node/5980632235,Bench,bench,bench,,,,,,False,-37.7441963,144.8005481
node/5980632269,Bench,bench,bench,,,,,,False,-37.7444022,144.8005052
node/5980632281,Bench,bench,bench,,,,,,False,-37.7441782,144.8017161
node/5980632282,Bench,bench,bench,,,,,,False,-37.7437367,144.8004593
node/5980632397,Bench,bench,bench,,,,,,False,-37.7416792,144.8008813
node/5980632399,Bench,bench,bench,,,,,,False,-37.7444535,144.8011166
node/5980632402,Bench,bench,bench,,,,,,False,-37.74275,144.8006167
node/5982185659,Bench,bench,bench,,,,,,False,-37.8082992,144.9631417
node/5982185660,Bench,bench,bench,,,,,,False,-37.8081354,144.9630711
node/5999504264,Bench,bench,bench,,,,,,False,-37.7448542,144.8006335
node/5999528618,Bench,bench,bench,,,,,,False,-37.7886131,144.8324956
node/5999588256,Bench,bench,bench,,,,,,False,-37.8009444,144.8996996
node/5999588267,Bench,bench,bench,,,,,,False,-37.8014043,144.901679
node/5999588279,Bench,bench,bench,,,,,,False,-37.8013419,144.9017786
node/5999588283,Bench,bench,bench,,,,,,False,-37.7999143,144.8995168
node/5999588606,Bench,bench,bench,,,,,,False,-37.800207,144.8994735
node/5999588628,Bench,bench,bench,,,,,,False,-37.8006646,144.899429
node/5999588639,Bench,bench,bench,,,,,,False,-37.8016915,144.901027
node/5999588651,Bench,bench,bench,,,,,,False,-37.8016618,144.9010972
node/5999588659,Bench,bench,bench,,,,,,False,-37.8000537,144.9014591
node/5999659698,Bench,bench,bench,,,,,,False,-37.8008957,144.9004809
node/5999659702,Bench,bench,bench,,,,,,False,-37.8010745,144.9006897
node/5999659735,Bench,bench,bench,,,,,,False,-37.8010066,144.9001549
node/6004368484,Bench,bench,bench,,,,,,False,-37.9458386,145.160077
node/6004986653,Bench,bench,bench,,,,,,False,-37.7994003,144.9011613
node/6004986655,Bench,bench,bench,,,,,,False,-37.7991867,144.9009065
node/6016770179,Bench,bench,bench,,,,,,False,-37.934728,145.16837
node/6016770183,Bench,bench,bench,,,,,,False,-37.9347887,145.1691043
node/6016770203,Bench,bench,bench,,,,,,False,-37.9347627,145.1687379
node/6016847195,Bench,bench,bench,,,,,,False,-37.9006292,145.0874164
node/6017199988,Bench,bench,bench,,,,,,False,-37.7437544,145.0029505
node/6017200002,Bench,bench,bench,,,,,,False,-37.7404261,145.0055745
node/6017200013,Bench,bench,bench,,,,,,False,-37.7375486,145.0039887
node/6017200025,Bench,bench,bench,,,,,,False,-37.7408899,145.0034246
node/6017200032,Bench,bench,bench,,,,,,False,-37.7398392,145.0038696
node/6017200051,Bench,bench,bench,,,,,,False,-37.7414379,145.00334
node/6017200054,Bench,bench,bench,,,,,,False,-37.7407282,145.0036488
node/6017200062,Bench,bench,bench,,,,,,False,-37.7383827,145.0041045
node/6017200076,Bench,bench,bench,,,,,,False,-37.7422583,145.0032028
node/6017200089,Bench,bench,bench,,,,,,False,-37.7391924,145.0039084
node/6017200090,Bench,bench,bench,,,,,,False,-37.7383828,145.0040292
node/6017200102,Bench,bench,bench,,,,,,False,-37.7432589,145.0030386
node/6017200117,Bench,bench,bench,,,,,,False,-37.7396126,145.0038955
node/6017200119,Bench,bench,bench,,,,,,False,-37.7383986,145.0040236
node/6017200143,Bench,bench,bench,,,,,,False,-37.7404843,145.0039938
node/6017200157,Bench,bench,bench,,,,,,False,-37.7443011,145.0028575
node/6017200165,Bench,bench,bench,,,,,,False,-37.7415106,145.003547
node/6017200170,Bench,bench,bench,,,,,,False,-37.7399155,145.0021034
node/6017200184,Bench,bench,bench,,,,,,False,-37.7382714,145.0038793
node/6017200187,Bench,bench,bench,,,,,,False,-37.7435243,145.0029884
node/6017200189,Bench,bench,bench,,,,,,False,-37.7428419,145.003128
node/6017200198,Bench,bench,bench,,,,,,False,-37.7399564,145.002096
node/6017200202,Bench,bench,bench,,,,,,False,-37.7399005,145.0038741
node/6017200220,Bench,bench,bench,,,,,,False,-37.7419326,145.003254
node/6017200230,Bench,bench,bench,,,,,,False,-37.7397653,145.0039078
node/6017200243,Bench,bench,bench,,,,,,False,-37.7434483,145.003003
node/6017236234,Bench,bench,bench,,,,,,False,-37.747968,145.0022727
node/6017236243,Bench,bench,bench,,,,,,False,-37.7473924,145.0023474
node/6017236251,Bench,bench,bench,,,,,,False,-37.7481336,145.0022455
node/6017236269,Bench,bench,bench,,,,,,False,-37.745771,145.0026239
node/6017236272,Bench,bench,bench,,,,,,False,-37.7494074,145.0020209
node/6017236275,Bench,bench,bench,,,,,,False,-37.7472234,145.0025633
node/6017238586,Bench,bench,bench,,,,,,False,-37.750961,145.0017502
node/6017394241,Bench,bench,bench,,,,,,False,-37.7513629,145.0031796
node/6017435288,Bench,bench,bench,,,,,,False,-37.7636598,144.9998805
node/6018879575,Bench,bench,bench,,,,,,False,-37.9101748,145.1038098
node/6018879991,Bench,bench,bench,,,,,,False,-37.9092515,145.1039712
node/6018879997,Bench,bench,bench,,,,,,False,-37.9096142,145.1039046
node/6018880002,Bench,bench,bench,,,,,,False,-37.9099271,145.1036285
node/6018880005,Bench,bench,bench,,,,,,False,-37.90949,145.1039324
node/6018880006,Bench,bench,bench,,,,,,False,-37.948572,145.1514703
node/6018880018,Bench,bench,bench,,,,,,False,-37.9102464,145.1035857
node/6018880035,Bench,bench,bench,,,,,,False,-37.910702,145.1037162
node/6018880052,Bench,bench,bench,,,,,,False,-37.9098081,145.1038704
node/6018880059,Bench,bench,bench,,,,,,False,-37.9103751,145.1035483
node/6018880061,Bench,bench,bench,,,,,,False,-37.9094965,145.1037211
node/6018880064,Bench,bench,bench,,,,,,False,-37.9105016,145.1037562
node/6018880079,Bench,bench,bench,,,,,,False,-37.9087097,145.1040794
node/6018880090,Bench,bench,bench,,,,,,False,-37.9094539,145.103933
node/6018880092,Bench,bench,bench,,,,,,False,-37.9090593,145.1040501
node/6018946113,Bench,bench,bench,,,,,,False,-37.8934236,145.0768962
node/6018946122,Bench,bench,bench,,,,,,False,-37.8966768,145.0762902
node/6018946133,Bench,bench,bench,,,,,,False,-37.8936003,145.0770263
node/6018946135,Bench,bench,bench,,,,,,False,-37.8953896,145.0766818
node/6018946141,Bench,bench,bench,,,,,,False,-37.893369,145.0770779
node/6018946157,Bench,bench,bench,,,,,,False,-37.8956384,145.0766382
node/6018946173,Bench,bench,bench,,,,,,False,-37.8940547,145.0767675
node/6018946176,Bench,bench,bench,,,,,,False,-37.89494,145.0767597
node/6018983756,Bench,bench,bench,,,,,,False,-37.8762497,145.0419355
node/6018983766,Bench,bench,bench,,,,,,False,-37.8764663,145.0418909
node/6018983772,Bench,bench,bench,,,,,,False,-37.876395,145.0419175
node/6019014674,Bench,bench,bench,,,,,,False,-37.8764898,145.042661
node/6019014677,Bench,bench,bench,,,,,,False,-37.8763805,145.0416468
node/6019203750,Bench,bench,bench,,,,,,False,-37.8777074,145.0464345
node/6020681843,Bench,bench,bench,,,,,,False,-37.9881818,145.2110972
node/6020681845,Bench,bench,bench,,,,,,False,-37.9867108,145.2109523
node/6021148738,Bench,bench,bench,,,,,,False,-37.9678771,145.2028718
node/6021535393,Bench,bench,bench,,,,,,False,-37.9826757,145.2020743
node/6030947592,Bench,bench,bench,,,,,,False,-37.773401,145.0334835
node/6030947593,Bench,bench,bench,,,,,,False,-37.7737103,145.0339826
node/6031436386,Bench,bench,bench,,,,,,False,-37.8195688,144.9418079
node/6031460885,Bench,bench,bench,,,,,,False,-37.8153931,144.9406005
node/6033425575,Bench,bench,bench,,,,,,False,-37.802044,144.9024895
node/6033469811,Bench,bench,bench,,,,,,False,-37.7988012,144.9012894
node/6033469821,Bench,bench,bench,,,,,,False,-37.7992134,144.9005539
node/6033561750,Bench,bench,bench,,,,,,False,-37.7995803,144.8996327
node/6033561754,Bench,bench,bench,,,,,,False,-37.7991249,144.9001896
node/6033562197,Bench,bench,bench,,,,,,False,-37.7994388,144.8996964
node/6033562201,Bench,bench,bench,,,,,,False,-37.7991254,144.9001591
node/6033562219,Bench,bench,bench,,,,,,False,-37.7993969,144.8995635
node/6033562241,Bench,bench,bench,,,,,,False,-37.7991576,144.8996439
node/6033569517,Bench,bench,bench,,,,,,False,-37.8007527,144.8987366
node/6035939959,Bench,bench,bench,,,,,,False,-37.9311652,145.1557012
node/6035939966,Bench,bench,bench,,,,,,False,-37.9313535,145.1555465
node/6035939970,Bench,bench,bench,,,,,,False,-37.9308965,145.1560155
node/6035939971,Bench,bench,bench,,,,,,False,-37.9311305,145.1557651
node/6036003840,Bench,bench,bench,,,,,,False,-37.9345898,145.1565191
node/6036003844,Bench,bench,bench,,,,,,False,-37.9346441,145.1570867
node/6036003857,Bench,bench,bench,,,,,,False,-37.9346067,145.1568218
node/6036003860,Bench,bench,bench,,,,,,False,-37.9344796,145.1572859
node/6037971521,Bench,bench,bench,,,,,,False,-37.7781361,145.0305618
node/6038030090,Bench,bench,bench,,,,,,False,-37.7700151,144.9955027
node/6040706700,Bench,bench,bench,,,,,,False,-37.9245905,145.1197234
node/6040706702,Bench,bench,bench,,,,,,False,-37.9245547,145.1200249
node/6040815725,Bench,bench,bench,,,,,,False,-37.920774,145.0568003
node/6040815742,Bench,bench,bench,,,,,,False,-37.9208939,145.0565637
node/6040815762,Bench,bench,bench,,,,,,False,-37.9204572,145.0590378
node/6040815777,Bench,bench,bench,,,,,,False,-37.921095,145.0581765
node/6040816099,Bench,bench,bench,,,,,,False,-37.9210564,145.0578999
node/6040816106,Bench,bench,bench,,,,,,False,-37.9209973,145.0584415
node/6040816142,Bench,bench,bench,,,,,,False,-37.9203652,145.0546064
node/6040816146,Bench,bench,bench,,,,,,False,-37.9208544,145.0574209
node/6040816157,Bench,bench,bench,,,,,,False,-37.9205341,145.0547655
node/6040816173,Bench,bench,bench,,,,,,False,-37.9204533,145.0542341
node/6040816185,Bench,bench,bench,,,,,,False,-37.9209038,145.0577183
node/6040867141,Bench,bench,bench,,,,,,False,-37.9275152,145.1173979
node/6040867143,Bench,bench,bench,,,,,,False,-37.9270255,145.1180589
node/6040867149,Bench,bench,bench,,,,,,False,-37.927701,145.1177903
node/6040867152,Bench,bench,bench,,,,,,False,-37.9275142,145.1175411
node/6040867154,Bench,bench,bench,,,,,,False,-37.92749,145.1173454
node/6040867156,Bench,bench,bench,,,,,,False,-37.926954,145.1185069
node/6040867160,Bench,bench,bench,,,,,,False,-37.9273836,145.1191508
node/6040867165,Bench,bench,bench,,,,,,False,-37.9275106,145.1174703
node/6040867169,Bench,bench,bench,,,,,,False,-37.9268871,145.1186351
node/6040867173,Bench,bench,bench,,,,,,False,-37.9277496,145.1177733
node/6040867174,Bench,bench,bench,,,,,,False,-37.9275103,145.1178179
node/6040888109,Bench,bench,bench,,,,,,False,-37.9270946,145.1192409
node/6040949036,Bench,bench,bench,,,,,,False,-37.9244772,145.1201951
node/6041031004,Bench,bench,bench,,,,,,False,-37.9516581,145.1525365
node/6041031005,Bench,bench,bench,,,,,,False,-37.9510039,145.1512397
node/6043586418,Bench,bench,bench,,,,,,False,-37.94931,145.1530746
node/6043586420,Bench,bench,bench,,,,,,False,-37.9492972,145.1531185
node/6044094886,Bench,bench,bench,,,,,,False,-37.8854083,144.9805715
node/6052186454,Bench,bench,bench,,,,,,False,-38.0524036,145.1157828
node/6052186461,Bench,bench,bench,,,,,,False,-38.0551479,145.1171599
node/6052186468,Bench,bench,bench,,,,,,False,-38.0499354,145.1142204
node/6052186469,Bench,bench,bench,,,,,,False,-38.0545047,145.1168658
node/6052186471,Bench,bench,bench,,,,,,False,-38.0555785,145.1173468
node/6052186475,Bench,bench,bench,,,,,,False,-38.0539843,145.1154605
node/6052186491,Bench,bench,bench,,,,,,False,-38.0519817,145.1156825
node/6052186492,Bench,bench,bench,,,,,,False,-38.0539075,145.1182411
node/6052186493,Bench,bench,bench,,,,,,False,-38.0524718,145.1156245
node/6052186498,Bench,bench,bench,,,,,,False,-38.0512276,145.1153215
node/6052186501,Bench,bench,bench,,,,,,False,-38.0527686,145.1167394
node/6052186526,Bench,bench,bench,,,,,,False,-38.0507651,145.1151034
node/6052186531,Bench,bench,bench,,,,,,False,-38.0533728,145.1163477
node/6052186542,Bench,bench,bench,,,,,,False,-38.0537019,145.1163752
node/6052186543,Bench,bench,bench,,,,,,False,-38.0513302,145.11267
node/6052186549,Bench,bench,bench,,,,,,False,-38.0524795,145.1152245
node/6052186559,Bench,bench,bench,,,,,,False,-38.0523664,145.1157665
node/6052186577,Bench,bench,bench,,,,,,False,-38.0526815,145.1149294
node/6052186581,Bench,bench,bench,,,,,,False,-38.0537577,145.1162007
node/6052186584,Bench,bench,bench,,,,,,False,-38.0504746,145.1149662
node/6052186585,Bench,bench,bench,,,,,,False,-38.0546761,145.1169533
node/6052186606,Bench,bench,bench,,,,,,False,-38.0528393,145.1168033
node/6052186607,Bench,bench,bench,,,,,,False,-38.0527058,145.1160246
node/6052186626,Bench,bench,bench,,,,,,False,-38.0523962,145.1158086
node/6052186638,Bench,bench,bench,,,,,,False,-38.0540334,145.1166465
node/6052186648,Bench,bench,bench,,,,,,False,-38.0513023,145.1126533
node/6052186664,Bench,bench,bench,,,,,,False,-38.052483,145.1155888
node/6052186668,Bench,bench,bench,,,,,,False,-38.0499922,145.1140243
node/6052186678,Bench,bench,bench,,,,,,False,-38.0502087,145.1148375
node/6052186680,Bench,bench,bench,,,,,,False,-38.0516023,145.1155012
node/6052186713,Bench,bench,bench,,,,,,False,-38.0538979,145.1158366
node/6052242316,Bench,bench,bench,,,,,,False,-38.0382524,145.1080023
node/6052242333,Bench,bench,bench,,,,,,False,-38.0383762,145.1078369
node/6052242342,Bench,bench,bench,,,,,,False,-38.0368355,145.107412
node/6052242343,Bench,bench,bench,,,,,,False,-38.038311,145.1080332
node/6052242345,Bench,bench,bench,,,,,,False,-38.0375289,145.1078094
node/6052242364,Bench,bench,bench,,,,,,False,-38.0365202,145.1072498
node/6052242372,Bench,bench,bench,,,,,,False,-38.0380126,145.1080946
node/6052242375,Bench,bench,bench,,,,,,False,-38.0383092,145.1078081
node/6052255276,Bench,bench,bench,,,,,,False,-38.0384586,145.1073358
node/6052299808,Bench,bench,bench,,,,,,False,-38.035334,145.1190343
node/6052299809,Bench,bench,bench,,,,,,False,-38.0340234,145.1229082
node/6059973150,Bench,bench,bench,,,,,,False,-38.1431529,145.1194428
node/6059973169,Bench,bench,bench,,,,,,False,-38.1427256,145.1187958
node/6059974395,Bench,bench,bench,,,,,,False,-38.1434484,145.1182766
node/6060217808,Bench,bench,bench,,,,,,False,-37.8171073,144.9646804
node/6060217811,Bench,bench,bench,,,,,,False,-37.8170093,144.9649595
node/6065622226,Bench,bench,bench,,,,,,False,-37.8982594,145.0891503
node/6065622257,Bench,bench,bench,,,,,,False,-37.8976036,145.0888716
node/6065622265,Bench,bench,bench,,,,,,False,-37.8990281,145.0919906
node/6065622268,Bench,bench,bench,,,,,,False,-37.8984286,145.0888085
node/6065622273,Bench,bench,bench,,,,,,False,-37.8987514,145.0908584
node/6065622281,Bench,bench,bench,,,,,,False,-37.8980643,145.0896052
node/6065622282,Bench,bench,bench,,,,,,False,-37.8981156,145.0888799
node/6065623686,Bench,bench,bench,,,,,,False,-37.8982539,145.0895881
node/6065623692,Bench,bench,bench,,,,,,False,-37.898534,145.0893127
node/6065623700,Bench,bench,bench,,,,,,False,-37.8986832,145.090295
node/6065623705,Bench,bench,bench,,,,,,False,-37.8987421,145.0910108
node/6065623714,Bench,bench,bench,,,,,,False,-37.8972388,145.0897647
node/6065623716,Bench,bench,bench,,,,,,False,-37.8989039,145.0919505
node/6065623718,Bench,bench,bench,,,,,,False,-37.8981959,145.0892039
node/6065623734,Bench,bench,bench,,,,,,False,-37.8987266,145.0906341
node/6065623735,Bench,bench,bench,,,,,,False,-37.8985135,145.0891796
node/6067498353,Bench,bench,bench,,,,,,False,-37.87121,144.9850355
node/6089154673,Bench,bench,bench,,,,,,False,-37.8152287,144.9606681
node/6089182148,Bench,bench,bench,,,,,,False,-37.7780615,144.8513001
node/6089226535,Bench,bench,bench,,,,,,False,-37.7734841,144.8513315
node/6089226546,Bench,bench,bench,,,,,,False,-37.7735533,144.8513593
node/6110271640,Bench,bench,bench,,,,,,False,-37.7705112,144.7745072
node/6110271646,Bench,bench,bench,,,,,,False,-37.7699981,144.7717861
node/6110271647,Bench,bench,bench,,,,,,False,-37.770321,144.7734787
node/6110271648,Bench,bench,bench,,,,,,False,-37.7701499,144.7722887
node/6110271661,Bench,bench,bench,,,,,,False,-37.7704352,144.7741099
node/6110271667,Bench,bench,bench,,,,,,False,-37.7704017,144.7739584
node/6110271669,Bench,bench,bench,,,,,,False,-37.7702507,144.7732229
node/6110271672,Bench,bench,bench,,,,,,False,-37.7700612,144.7721116
node/6110271675,Bench,bench,bench,,,,,,False,-37.7701478,144.772449
node/6110271677,Bench,bench,bench,,,,,,False,-37.7700488,144.7720427
node/6110271683,Bench,bench,bench,,,,,,False,-37.7703541,144.7736923
node/6110272003,Bench,bench,bench,,,,,,False,-37.7699577,144.7715712
node/6110272010,Bench,bench,bench,,,,,,False,-37.7702483,144.7731984
node/6110272011,Bench,bench,bench,,,,,,False,-37.7701364,144.7725647
node/6110272013,Bench,bench,bench,,,,,,False,-37.7700732,144.7721755
node/6110272019,Bench,bench,bench,,,,,,False,-37.7700678,144.7721452
node/6126071662,Bench,bench,bench,,,,,,False,-37.8257923,145.0231444
node/6127343689,Bench,bench,bench,,,,,,False,-37.8030532,144.965659
node/6127343690,Bench,bench,bench,,,,,,False,-37.8027539,144.9654451
node/6127343692,Bench,bench,bench,,,,,,False,-37.8032173,144.9653922
node/6138708867,Bench,bench,bench,,,,,,False,-37.8014841,144.9798783
node/6138708868,Bench,bench,bench,,,,,,False,-37.8014992,144.9800217
node/6143778895,Bench,bench,bench,,,,,,False,-37.9971652,145.1553847
node/6155172194,Bench,bench,bench,,,,,,False,-37.6634144,144.8606762
node/6160937421,Bench,bench,bench,,,,,,False,-38.144709,145.1190167
node/6160937454,Bench,bench,bench,,,,,,False,-38.1461853,145.1176027
node/6163160892,Bench,bench,bench,,,,,,False,-37.8100823,144.9613825
node/6163160893,Bench,bench,bench,,,,,,False,-37.810045,144.9613658
node/6165316310,Bench,bench,bench,,,,,,False,-37.8894004,145.0427736
node/6165387297,Bench,bench,bench,,,,,,False,-37.8867845,145.0205975
node/6165387332,Bench,bench,bench,,,,,,False,-37.8865885,145.0200311
node/6165387336,Bench,bench,bench,,,,,,False,-37.8867271,145.0200879
node/6165387339,Bench,bench,bench,,,,,,False,-37.8864979,145.0182489
node/6165387345,Bench,bench,bench,,,,,,False,-37.8867455,145.0213413
node/6165387346,Bench,bench,bench,,,,,,False,-37.8870076,145.0222592
node/6165387354,Bench,bench,bench,,,,,,False,-37.8868576,145.0222278
node/6165387367,Bench,bench,bench,,,,,,False,-37.8866681,145.0196433
node/6165387373,Bench,bench,bench,,,,,,False,-37.8895137,145.0424187
node/6165387375,Bench,bench,bench,,,,,,False,-37.8867148,145.0211222
node/6165387380,Bench,bench,bench,,,,,,False,-37.8870239,145.021856
node/6165387595,Bench,bench,bench,,,,,,False,-37.8868268,145.0209655
node/6165387596,Bench,bench,bench,,,,,,False,-37.8868053,145.0217497
node/6165387598,Bench,bench,bench,,,,,,False,-37.8866016,145.0191268
node/6165387612,Bench,bench,bench,,,,,,False,-37.8869502,145.0217482
node/6165387615,Bench,bench,bench,,,,,,False,-37.8866747,145.0207679
node/6165387618,Bench,bench,bench,,,,,,False,-37.8865412,145.0186762
node/6172428624,Bench,bench,bench,,,,,,False,-37.8867608,145.3174157
node/6172428629,Bench,bench,bench,,,,,,False,-37.8867338,145.3173987
node/6172428634,Bench,bench,bench,,,,,,False,-37.8748513,145.3201388
node/6172428636,Bench,bench,bench,,,,,,False,-37.8761976,145.320323
node/6172428638,Bench,bench,bench,,,,,,False,-37.8868935,145.3174351
node/6172428640,Bench,bench,bench,,,,,,False,-37.8760846,145.3204511
node/6172428641,Bench,bench,bench,,,,,,False,-37.8808347,145.3187752
node/6172428649,Bench,bench,bench,,,,,,False,-37.8761027,145.3203532
node/6172428651,Bench,bench,bench,,,,,,False,-37.8867917,145.3172657
node/6172428664,Bench,bench,bench,,,,,,False,-37.8867857,145.3174246
node/6174465050,Bench,bench,bench,,,,,,False,-37.8129785,144.9421843
node/6174465052,Bench,bench,bench,,,,,,False,-37.8131225,144.9424844
node/6175973801,Bench,bench,bench,,,,,,False,-37.763097,144.9246024
node/6175973805,Bench,bench,bench,,,,,,False,-37.7632651,144.9244969
node/6175973806,Bench,bench,bench,,,,,,False,-37.7634137,144.9244255
node/6175973810,Bench,bench,bench,,,,,,False,-37.7640113,144.9240568
node/6175973816,Bench,bench,bench,,,,,,False,-37.7631554,144.9244797
node/6175973821,Bench,bench,bench,,,,,,False,-37.7634519,144.9242995
node/6175973826,Bench,bench,bench,,,,,,False,-37.7633177,144.9243848
node/6190904756,Bench,bench,bench,,,,,,False,-38.3069175,144.6754112
node/6196618966,Bench,bench,bench,,,,,,False,-37.7808151,144.9615125
node/6196618970,Bench,bench,bench,,,,,,False,-37.7805431,144.9606652
node/6196618972,Bench,bench,bench,,,,,,False,-37.7816225,144.9606698
node/6199963846,Bench,bench,bench,,,,,,False,-37.9551516,145.0267185
node/6199963906,Bench,bench,bench,,,,,,False,-37.9550369,145.0267662
node/6199963956,Bench,bench,bench,,,,,,False,-37.9551219,145.0267936
node/6222367551,Bench,bench,bench,,,,,,False,-37.9608979,145.0186858
node/6222367563,Bench,bench,bench,,,,,,False,-37.9621136,145.0188784
node/6222368590,Bench,bench,bench,,,,,,False,-37.9600332,145.0162578
node/6222368593,Bench,bench,bench,,,,,,False,-37.9602919,145.0156933
node/6222417193,Bench,bench,bench,,,,,,False,-37.9611778,145.0188395
node/6223959424,Bench,bench,bench,,,,,,False,-38.1211335,145.1245213
node/6223973901,Bench,bench,bench,,,,,,False,-38.1438224,145.1195565
node/6228578729,Bench,bench,bench,,,,,,False,-37.9535937,145.0155793
node/6228578731,Bench,bench,bench,,,,,,False,-37.9537503,145.0156812
node/6228578739,Bench,bench,bench,,,,,,False,-37.9536254,145.0158744
node/6228957736,Bench,bench,bench,,,,,,False,-37.942909,145.005654
node/6228957758,Bench,bench,bench,,,,,,False,-37.9475223,145.0114158
node/6228959897,Bench,bench,bench,,,,,,False,-37.9414894,145.005057
node/6228959918,Bench,bench,bench,,,,,,False,-37.9467822,145.005767
node/6228959919,Bench,bench,bench,,,,,,False,-37.9468203,145.0059977
node/6228959926,Bench,bench,bench,,,,,,False,-37.9476746,145.0113836
node/6228959947,Bench,bench,bench,,,,,,False,-37.9421328,145.0012796
node/6239120353,Bench,bench,bench,,,,,,False,-37.9549893,145.0299291
node/6239147801,Bench,bench,bench,,,,,,False,-37.955052,145.0326044
node/6239229698,Bench,bench,bench,,,,,,False,-37.9565385,145.0436629
node/6239254955,Bench,bench,bench,,,,,,False,-37.9591454,145.0500661
node/6239254956,Bench,bench,bench,,,,,,False,-37.9591198,145.0508247
node/6257008939,Bench,bench,bench,,,,,,False,-37.8007968,144.9592056
node/6258728209,Bench,bench,bench,,,,,,False,-37.7807941,144.9516697
node/6258739625,Bench,bench,bench,,,,,,False,-37.7861466,144.9557476
node/6258739633,Bench,bench,bench,,,,,,False,-37.78668,144.9561536
node/6258739634,Bench,bench,bench,,,,,,False,-37.7861898,144.9557432
node/6262906348,Bench,bench,bench,,,,,,False,-37.7440393,144.9666038
node/6270511785,Bench,bench,bench,,,,,,False,-37.9530161,145.0209722
node/6270573495,Bench,bench,bench,,,,,,False,-38.3477431,144.9817986
node/6270573496,Bench,bench,bench,,,,,,False,-38.345604,144.9805802
node/6273107873,Bench,bench,bench,,,,,,False,-37.793835,144.9620016
node/6273114203,Bench,bench,bench,,,,,,False,-37.7976768,144.9640926
node/6273114204,Bench,bench,bench,,,,,,False,-37.7978662,144.9640566
node/6273114205,Bench,bench,bench,,,,,,False,-37.7978349,144.9638695
node/6273358847,Bench,bench,bench,,,,,,False,-37.7997229,144.9621009
node/6273358848,Bench,bench,bench,,,,,,False,-37.7996594,144.9621111
node/6275677633,Bench,bench,bench,,,,,,False,-37.7559114,144.9502752
node/6280110895,Bench,bench,bench,,,,,,False,-37.7845697,144.9854692
node/6280110899,Bench,bench,bench,,,,,,False,-37.787309,144.9835426
node/6280110903,Bench,bench,bench,,,,,,False,-37.7855599,144.984836
node/6280110910,Bench,bench,bench,,,,,,False,-37.7843362,144.9853877
node/6280110911,Bench,bench,bench,,,,,,False,-37.7810851,144.9847241
node/6285245877,Bench,bench,bench,,,,,,False,-37.9756121,145.0153236
node/6285246987,Bench,bench,bench,,,,,,False,-37.9756353,145.0153907
node/6285255964,Bench,bench,bench,,,,,,False,-37.9749292,145.0148783
node/6290893188,Bench,bench,bench,,,,,,False,-37.7424683,145.7216451
node/6294562456,Bench,bench,bench,,,,,,False,-37.9648649,145.0489283
node/6294562458,Bench,bench,bench,,,,,,False,-37.9650827,145.0480405
node/6294563436,Bench,bench,bench,,,,,,False,-37.9648418,145.048384
node/6326718227,Bench,bench,bench,,,,,,False,-37.8768882,145.3203508
node/6336772741,Bench,bench,bench,,,,,,False,-37.950346,145.0043069
node/6336773988,Bench,bench,bench,,,,,,False,-37.9518949,145.006219
node/6336774000,Bench,bench,bench,,,,,,False,-37.9516284,145.0060715
node/6336774008,Bench,bench,bench,,,,,,False,-37.9521966,145.0079734
node/6345974390,Bench,bench,bench,,,,,,False,-37.7820145,144.9401484
node/6345974392,Bench,bench,bench,,,,,,False,-37.7818056,144.9406194
node/6345974393,Bench,bench,bench,,,,,,False,-37.7827635,144.9402729
node/6345974394,Bench,bench,bench,,,,,,False,-37.7811899,144.9404809
node/6345981489,Bench,bench,bench,,,,,,False,-37.7848699,144.9419201
node/6345981490,Bench,bench,bench,,,,,,False,-37.7851123,144.9418976
node/6345981492,Bench,bench,bench,,,,,,False,-37.7841722,144.9418365
node/6345981493,Bench,bench,bench,,,,,,False,-37.7851307,144.9423186
node/6345981494,Bench,bench,bench,,,,,,False,-37.7852022,144.9419884
node/6345981495,Bench,bench,bench,,,,,,False,-37.7839664,144.9418298
node/6345984906,Bench,bench,bench,,,,,,False,-37.788799,144.9431252
node/6354040261,Bench,bench,bench,,,,,,False,-37.840762,145.0723552
node/6354040263,Bench,bench,bench,,,,,,False,-37.8407499,145.0722571
node/6354040268,Bench,bench,bench,,,,,,False,-37.840911,145.0725332
node/6355897833,Bench,bench,bench,,,,,,False,-37.781887,145.612856
node/6355897846,Bench,bench,bench,,,,,,False,-37.7818102,145.6128317
node/6357385572,Bench,bench,bench,,,,,,False,-37.7994028,144.862388
node/6357408373,Bench,bench,bench,,,,,,False,-37.7598393,144.8107998
node/6357410605,Bench,bench,bench,,,,,,False,-37.759903,144.8108439
node/6357536473,Bench,bench,bench,,,,,,False,-37.8132823,144.9662518
node/6357536476,Bench,bench,bench,,,,,,False,-37.8134016,144.9663428
node/6359355655,Bench,bench,bench,,,,,,False,-37.8719128,145.0600184
node/6359355656,Bench,bench,bench,,,,,,False,-37.8718456,145.0597146
node/6359403743,Bench,bench,bench,,,,,,False,-37.8664811,145.048031
node/6359403744,Bench,bench,bench,,,,,,False,-37.8677451,145.0485126
node/6359403779,Bench,bench,bench,,,,,,False,-37.8658808,145.0479224
node/6359403780,Bench,bench,bench,,,,,,False,-37.8668686,145.0485527
node/6359458430,Bench,bench,bench,,,,,,False,-38.0042815,145.266892
node/6359458431,Bench,bench,bench,,,,,,False,-38.0043344,145.2668826
node/6359458432,Bench,bench,bench,,,,,,False,-38.0044052,145.2668746
node/6359458433,Bench,bench,bench,,,,,,False,-38.0044527,145.2668625
node/6359479279,Bench,bench,bench,,,,,,False,-38.2135681,145.1101434
node/6359479420,Bench,bench,bench,,,,,,False,-38.2106442,145.1262467
node/6359479428,Bench,bench,bench,,,,,,False,-38.208001,145.1313325
node/6359734498,Bench,bench,bench,,,,,,False,-38.1590736,145.1235395
node/6359734512,Bench,bench,bench,,,,,,False,-38.158734,145.1236093
node/6364010677,Bench,bench,bench,,,,,,False,-37.8655173,145.0498628
node/6364010678,Bench,bench,bench,,,,,,False,-37.8654484,145.0498789
node/6364183807,Bench,bench,bench,,,,,,False,-37.9515047,145.0195896
node/6364183813,Bench,bench,bench,,,,,,False,-37.9518385,145.0194954
node/6366289116,Bench,bench,bench,,,,,,False,-38.0045326,145.2668514
node/6366289117,Bench,bench,bench,,,,,,False,-38.0045706,145.2668434
node/6366289142,Bench,bench,bench,,,,,,False,-38.0044657,145.2658419
node/6366289143,Bench,bench,bench,,,,,,False,-38.0043854,145.2658553
node/6366289144,Bench,bench,bench,,,,,,False,-38.0042237,145.2658701
node/6366289146,Bench,bench,bench,,,,,,False,-38.0041434,145.2658164
node/6369131622,Bench,bench,bench,,,,,,False,-37.9510004,145.0042575
node/6369131623,Bench,bench,bench,,,,,,False,-37.9504767,145.0043645
node/6369131629,Bench,bench,bench,,,,,,False,-37.9512002,145.0042224
node/6369274162,Bench,bench,bench,,,,,,False,-37.8717135,145.0600077
node/6369274163,Bench,bench,bench,,,,,,False,-37.8716448,145.0597599
node/6384801790,Bench,bench,bench,,,,,,False,-37.8168403,144.9673836
node/6384801791,Bench,bench,bench,,,,,,False,-37.8170925,144.9675179
node/6384801792,Bench,bench,bench,,,,,,False,-37.8169506,144.9674479
node/6403296330,Bench,bench,bench,,,,,,False,-37.7850278,144.8920038
node/6403296332,Bench,bench,bench,,,,,,False,-37.7832973,144.892113
node/6403296351,Bench,bench,bench,,,,,,False,-37.7850193,144.8914446
node/6403296356,Bench,bench,bench,,,,,,False,-37.784637,144.8920948
node/6403296359,Bench,bench,bench,,,,,,False,-37.7833366,144.8916121
node/6405290129,Bench,bench,bench,,,,,,False,-37.9546301,145.0055705
node/6405290151,Bench,bench,bench,,,,,,False,-37.9567859,145.0073574
node/6405290153,Bench,bench,bench,,,,,,False,-37.9533082,145.004052
node/6405290154,Bench,bench,bench,,,,,,False,-37.949392,145.0012341
node/6405290158,Bench,bench,bench,,,,,,False,-37.9495812,145.001788
node/6405290174,Bench,bench,bench,,,,,,False,-37.9498615,145.0017612
node/6405290179,Bench,bench,bench,,,,,,False,-37.9589496,145.009371
node/6405291509,Bench,bench,bench,,,,,,False,-37.9566104,145.0072504
node/6415593487,Bench,bench,bench,,,,,,False,-37.8221133,144.9699619
node/6415593497,Bench,bench,bench,,,,,,False,-37.8224158,144.9713731
node/6415593498,Bench,bench,bench,,,,,,False,-37.8224061,144.9714111
node/6417163682,Bench,bench,bench,,,,,,False,-37.8287659,145.0479636
node/6417167134,Bench,bench,bench,,,,,,False,-37.8282678,145.0478523
node/6417167137,Bench,bench,bench,,,,,,False,-37.8280822,145.0487848
node/6422133605,Bench,bench,bench,,,,,,False,-37.8031593,145.0034638
node/6422133632,Bench,bench,bench,,,,,,False,-37.8030856,145.0034918
node/6429772002,Bench,bench,bench,,,,,,False,-37.8261275,145.0134175
node/6429911225,Bench,bench,bench,,,,,,False,-37.8254218,145.0144185
node/6429911226,Bench,bench,bench,,,,,,False,-37.8268993,145.0096318
node/6429911227,Bench,bench,bench,,,,,,False,-37.8267138,145.0068044
node/6429918943,Bench,bench,bench,,,,,,False,-37.8180144,144.983944
node/6429918944,Bench,bench,bench,,,,,,False,-37.8181594,144.9839004
node/6429918945,Bench,bench,bench,,,,,,False,-37.8179858,144.9837942
node/6431897534,Bench,bench,bench,,,,,,False,-37.8000804,144.9627684
node/6431897535,Bench,bench,bench,,,,,,False,-37.800108,144.9630943
node/6467447942,Bench,bench,bench,,,,,,False,-37.738838,144.9260546
node/6484706743,Bench,bench,bench,,,,,,False,-37.8017613,144.9607513
node/6484706756,Bench,bench,bench,,,,,,False,-37.8015962,144.9607803
node/6484706757,Bench,bench,bench,,,,,,False,-37.8013604,144.9608199
node/6484706758,Bench,bench,bench,,,,,,False,-37.8013064,144.96083
node/6484706759,Bench,bench,bench,,,,,,False,-37.8012004,144.9608534
node/6486790459,Bench,bench,bench,,,,,,False,-37.7813445,144.9408109
node/6486790460,Bench,bench,bench,,,,,,False,-37.7794509,144.9395915
node/6486790462,Bench,bench,bench,,,,,,False,-37.7811322,144.9408819
node/6486792159,Bench,bench,bench,,,,,,False,-37.7830947,144.9419679
node/6486792160,Bench,bench,bench,,,,,,False,-37.7834477,144.941725
node/6486792161,Bench,bench,bench,,,,,,False,-37.7830031,144.942252
node/6486792162,Bench,bench,bench,,,,,,False,-37.7830421,144.9420759
node/6486792163,Bench,bench,bench,,,,,,False,-37.7830199,144.9423726
node/6486975484,Bench,bench,bench,,,,,,False,-37.8304854,144.9567518
node/6487266611,Bench,bench,bench,,,,,,False,-37.7834844,144.9831872
node/6499604125,Bench,bench,bench,,,,,,False,53.8971336,-0.8805586
node/6500469757,Bench,bench,bench,,,,,,False,53.8941006,-0.8698405
node/6500733646,Bench,bench,bench,,,,,,False,53.8905868,-0.855008
node/6500733661,Bench,bench,bench,,,,,,False,53.890601,-0.855818
node/6501834662,Bench,bench,bench,,,,,,False,-37.6393348,145.1932719
node/6538450199,Bench,bench,bench,,,,,,False,-37.7789812,144.960899
node/6538450200,Bench,bench,bench,,,,,,False,-37.778602,144.9611919
node/6538450203,Bench,bench,bench,,,,,,False,-37.7787262,144.960874
node/6538450204,Bench,bench,bench,,,,,,False,-37.7789682,144.9615109
node/6556982818,Bench,bench,bench,,,,,,False,-37.7941584,144.930896
node/6556982819,Bench,bench,bench,,,,,,False,-37.7940932,144.9308625
node/6566146983,Bench,bench,bench,,,,,,False,-37.6969039,145.1384207
node/6573708856,Bench,bench,bench,,,,,,False,-37.8309192,144.9567127
node/6585735157,Bench,bench,bench,,,,,,False,-37.7930931,144.9324018
node/6604476847,Bench,bench,bench,,,,,,False,-37.5449184,144.738925
node/6616211019,Bench,bench,bench,,,,,,False,-37.7945057,144.9301354
node/6619076132,Bench,bench,bench,,,,,,False,-37.913488,145.3696307
node/6639660345,Bench,bench,bench,,,,,,False,-37.7784484,144.9366474
node/6642345021,Bench,bench,bench,,,,,,False,-37.8323434,144.9573684
node/6665268673,Bench,bench,bench,,,,,,False,-37.7693165,144.9834488
node/6678524927,Bench,bench,bench,,,,,,False,-37.8205345,144.9438567
node/6678524929,Bench,bench,bench,,,,,,False,-37.821119,144.9437709
node/6678524959,Bench,bench,bench,,,,,,False,-37.8204046,144.943929
node/6678524962,Bench,bench,bench,,,,,,False,-37.8212062,144.9441529
node/6678524976,Bench,bench,bench,,,,,,False,-37.820553,144.9412967
node/6678524984,Bench,bench,bench,,,,,,False,-37.8208122,144.9424998
node/6678532313,Bench,bench,bench,,,,,,False,-37.8204059,144.9414525
node/6678532314,Bench,bench,bench,,,,,,False,-37.8201286,144.9438232
node/6678532320,Bench,bench,bench,,,,,,False,-37.8205333,144.9438678
node/6678532334,Bench,bench,bench,,,,,,False,-37.8206983,144.9420253
node/6678532347,Bench,bench,bench,,,,,,False,-37.8208498,144.9441327
node/6678532353,Bench,bench,bench,,,,,,False,-37.8200451,144.9439074
node/6678532360,Bench,bench,bench,,,,,,False,-37.8205582,144.9439993
node/6678532373,Bench,bench,bench,,,,,,False,-37.8205196,144.9413109
node/6678532382,Bench,bench,bench,,,,,,False,-37.8211183,144.9442523
node/6678532413,Bench,bench,bench,,,,,,False,-37.820421,144.9414002
node/6678532417,Bench,bench,bench,,,,,,False,-37.8210184,144.9433541
node/6678532427,Bench,bench,bench,,,,,,False,-37.8201578,144.9438354
node/6680132347,Bench,bench,bench,,,,,,False,-37.8202672,144.9429131
node/6680787291,Bench,bench,bench,,,,,,False,-37.8216054,144.9421202
node/6680787293,Bench,bench,bench,,,,,,False,-37.8215014,144.9424278
node/6680787299,Bench,bench,bench,,,,,,False,-37.8204776,144.9404369
node/6680787305,Bench,bench,bench,,,,,,False,-37.8215309,144.9418503
node/6680787310,Bench,bench,bench,,,,,,False,-37.8208432,144.9417376
node/6680787320,Bench,bench,bench,,,,,,False,-37.8204458,144.9410441
node/6680787321,Bench,bench,bench,,,,,,False,-37.8213718,144.9424008
node/6680787327,Bench,bench,bench,,,,,,False,-37.8203221,144.940997
node/6680787328,Bench,bench,bench,,,,,,False,-37.8213769,144.9423882
node/6680787334,Bench,bench,bench,,,,,,False,-37.8202554,144.9409684
node/6680787341,Bench,bench,bench,,,,,,False,-37.8201384,144.9408956
node/6680787344,Bench,bench,bench,,,,,,False,-37.8210656,144.9426687
node/6680787349,Bench,bench,bench,,,,,,False,-37.8215522,144.9424469
node/6680787352,Bench,bench,bench,,,,,,False,-37.8208053,144.9414113
node/6680787368,Bench,bench,bench,,,,,,False,-37.821404,144.9413869
node/6680787370,Bench,bench,bench,,,,,,False,-37.8215885,144.9426042
node/6680787375,Bench,bench,bench,,,,,,False,-37.8213888,144.9413377
node/6680787377,Bench,bench,bench,,,,,,False,-37.8215934,144.9425882
node/6680797586,Bench,bench,bench,,,,,,False,-37.8210817,144.942453
node/6680797590,Bench,bench,bench,,,,,,False,-37.8212934,144.9433827
node/6680797594,Bench,bench,bench,,,,,,False,-37.8210744,144.9424728
node/6680797614,Bench,bench,bench,,,,,,False,-37.8215409,144.9434965
node/6680797618,Stone,bench,bench,,,,,,False,-37.8211183,144.9424272
node/6680797626,Stone,bench,bench,,,,,,False,-37.8212811,144.942493
node/6680797645,Bench,bench,bench,,,,,,False,-37.8209898,144.9421819
node/6680797662,Bench,bench,bench,,,,,,False,-37.8217988,144.9428248
node/6680797667,Bench,bench,bench,,,,,,False,-37.8209187,144.9420566
node/6680797669,Bench,bench,bench,,,,,,False,-37.8218302,144.9429345
node/6680797675,Bench,bench,bench,,,,,,False,-37.8219333,144.9433161
node/6680797678,Bench,bench,bench,,,,,,False,-37.8206044,144.9404972
node/6680797686,Bench,bench,bench,,,,,,False,-37.8204915,144.9404439
node/6680797694,Bench,bench,bench,,,,,,False,-37.8204418,144.9404241
node/6680797702,Bench,bench,bench,,,,,,False,-37.8203884,144.9404024
node/6680797707,Bench,bench,bench,,,,,,False,-37.8218749,144.9430948
node/6680797709,Bench,bench,bench,,,,,,False,-37.8216648,144.942337
node/6680797710,Bench,bench,bench,,,,,,False,-37.8202901,144.9403599
node/6680797711,Bench,bench,bench,,,,,,False,-37.8214483,144.9425505
node/6680797716,Bench,bench,bench,,,,,,False,-37.8216514,144.9422854
node/6680797717,Bench,bench,bench,,,,,,False,-37.8203168,144.9403695
node/6680797731,Bench,bench,bench,,,,,,False,-37.8204044,144.9404107
node/6680797734,Bench,bench,bench,,,,,,False,-37.8211141,144.94287
node/6680866091,Bench,bench,bench,,,,,,False,-37.8198442,144.9406067
node/6680866094,Bench,bench,bench,,,,,,False,-37.820001,144.9396264
node/6680866095,Bench,bench,bench,,,,,,False,-37.8200311,144.9400617
node/6680866098,Bench,bench,bench,,,,,,False,-37.8202321,144.9396577
node/6680866100,Bench,bench,bench,,,,,,False,-37.8199925,144.9401174
node/6680866104,Bench,bench,bench,,,,,,False,-37.820024,144.9400331
node/6680866110,Bench,bench,bench,,,,,,False,-37.8206752,144.9403513
node/6680961954,Bench,bench,bench,,,,,,False,-37.820567,144.9423372
node/6680961955,Bench,bench,bench,,,,,,False,-37.8204727,144.9424127
node/6680961960,Bench,bench,bench,,,,,,False,-37.820661,144.9424804
node/6680961963,Bench,bench,bench,,,,,,False,-37.8205341,144.9423253
node/6680961970,Bench,bench,bench,,,,,,False,-37.8205533,144.9424288
node/6680999960,Bench,bench,bench,,,,,,False,-37.8206397,144.9423751
node/6680999970,Bench,bench,bench,,,,,,False,-37.8206327,144.9423996
node/6680999977,Bench,bench,bench,,,,,,False,-37.8206287,144.9424203
node/6684334368,Bench,bench,bench,,,,,,False,-37.8198628,144.9409747
node/6693554730,Bench,bench,bench,,,,,,False,-37.8000995,144.9728699
node/6693554731,Bench,bench,bench,,,,,,False,-37.800242,144.9729284
node/6693554732,Bench,bench,bench,,,,,,False,-37.8003357,144.972816
node/6693554733,Bench,bench,bench,,,,,,False,-37.8003783,144.9732735
node/6693554775,Bench,bench,bench,,,,,,False,-37.8030974,144.9657109
node/6693554776,Bench,bench,bench,,,,,,False,-37.8031043,144.9657392
node/6693554777,Bench,bench,bench,,,,,,False,-37.8031183,144.9658065
node/6693554778,Bench,bench,bench,,,,,,False,-37.8031085,144.965833
node/6693554779,Bench,bench,bench,,,,,,False,-37.8029757,144.9658312
node/6693554780,Bench,bench,bench,,,,,,False,-37.8029883,144.9658542
node/6693554781,Bench,bench,bench,,,,,,False,-37.8029673,144.965764
node/6693554782,Bench,bench,bench,,,,,,False,-37.8029715,144.9657357
node/6699781910,Bench,bench,bench,,,,,,False,-37.8202473,144.9446174
node/6699781913,Bench,bench,bench,,,,,,False,-37.8198635,144.943325
node/6699781914,Bench,bench,bench,,,,,,False,-37.8212198,144.9444502
node/6699781928,Bench,bench,bench,,,,,,False,-37.8193955,144.9434012
node/6699781930,Bench,bench,bench,,,,,,False,-37.8202131,144.9451591
node/6699781935,Bench,bench,bench,,,,,,False,-37.8199105,144.9431687
node/6699781952,Bench,bench,bench,,,,,,False,-37.8196611,144.9435332
node/6699781979,Bench,bench,bench,,,,,,False,-37.8205826,144.9453229
node/6699781984,Bench,bench,bench,,,,,,False,-37.8196439,144.9440856
node/6699795685,Bench,bench,bench,,,,,,False,-37.8201727,144.94496
node/6699795720,Bench,bench,bench,,,,,,False,-37.8197843,144.9451975
node/6699795744,Bench,bench,bench,,,,,,False,-37.8202023,144.9453619
node/6699795746,Bench,bench,bench,,,,,,False,-37.8203062,144.9447119
node/6699795759,Bench,bench,bench,,,,,,False,-37.8196177,144.9441854
node/6699795761,Bench,bench,bench,,,,,,False,-37.8206026,144.9452846
node/6699795767,Bench,bench,bench,,,,,,False,-37.8201814,144.9450815
node/6699795773,Bench,bench,bench,,,,,,False,-37.8207492,144.9442304
node/6699795789,Bench,bench,bench,,,,,,False,-37.8196753,144.9435419
node/6699795800,Bench,bench,bench,,,,,,False,-37.8201404,144.9419757
node/6699795802,Bench,bench,bench,,,,,,False,-37.8196436,144.9424794
node/6699795815,Bench,bench,bench,,,,,,False,-37.8206083,144.9453497
node/6699795822,Bench,bench,bench,,,,,,False,-37.8202019,144.9448407
node/6699795824,Bench,bench,bench,,,,,,False,-37.8200897,144.9425532
node/6699795828,Bench,bench,bench,,,,,,False,-37.8191604,144.943473
node/6708903320,Bench,bench,bench,,,,,,False,-37.8147301,144.9824006
node/6709018847,Bench,bench,bench,,,,,,False,-37.8112162,144.9824343
node/6709018848,Bench,bench,bench,,,,,,False,-37.8109464,144.9827564
node/6720432749,Bench,bench,bench,,,,,,False,-37.8191623,144.9428276
node/6720432752,Bench,bench,bench,,,,,,False,-37.8188971,144.9435465
node/6720432754,Bench,bench,bench,,,,,,False,-37.8189516,144.9435685
node/6720432755,Bench,bench,bench,,,,,,False,-37.8191505,144.9428627
node/6720432756,Bench,bench,bench,,,,,,False,-37.8188578,144.9436465
node/6720432765,Bench,bench,bench,,,,,,False,-37.8189165,144.9427105
node/6720432767,Bench,bench,bench,,,,,,False,-37.8188239,144.9426841
node/6720432768,Bench,bench,bench,,,,,,False,-37.8187716,144.9438707
node/6720432769,Bench,bench,bench,,,,,,False,-37.818869,144.9426939
node/6720432770,Bench,bench,bench,,,,,,False,-37.8188121,144.9437613
node/6720432772,Bench,bench,bench,,,,,,False,-37.818844,144.9438418
node/6720432774,Bench,bench,bench,,,,,,False,-37.8187281,144.9439836
node/6720432776,Bench,bench,bench,,,,,,False,-37.8187917,144.9439886
node/6720432784,Bench,bench,bench,,,,,,False,-37.8185206,144.9441783
node/6720446191,Bench,bench,bench,,,,,,False,-37.8189722,144.9428856
node/6720446193,Bench,bench,bench,,,,,,False,-37.8189961,144.9428449
node/6720446195,Bench,bench,bench,,,,,,False,-37.8189467,144.9427915
node/6720446197,Bench,bench,bench,,,,,,False,-37.8189462,144.9427518
node/6720446198,Bench,bench,bench,,,,,,False,-37.819258,144.9425833
node/6720446199,Bench,bench,bench,,,,,,False,-37.8189316,144.9427883
node/6720446200,Bench,bench,bench,,,,,,False,-37.8192397,144.9426346
node/6720446211,Bench,bench,bench,,,,,,False,-37.8191899,144.9427576
node/6726666635,Bench,bench,bench,,,,,,False,-37.7965023,144.9991006
node/6726666636,Bench,bench,bench,,,,,,False,-37.7965138,144.9990609
node/6741632364,Bench,bench,bench,,,,,,False,-37.821886,144.944315
node/6741632371,Bench,bench,bench,,,,,,False,-37.8218568,144.9444117
node/6741632376,Bench,bench,bench,,,,,,False,-37.8221025,144.9445742
node/6741632381,Bench,bench,bench,,,,,,False,-37.8225905,144.9462316
node/6741639501,Bench,bench,bench,,,,,,False,-37.8219709,144.9441896
node/6741639513,Bench,bench,bench,,,,,,False,-37.8219923,144.9445233
node/6741639524,Bench,bench,bench,,,,,,False,-37.8225527,144.9459896
node/6741639538,Bench,bench,bench,,,,,,False,-37.822462,144.9455974
node/6741639539,Bench,bench,bench,,,,,,False,-37.8219599,144.9440595
node/6741639541,Bench,bench,bench,,,,,,False,-37.821741,144.9448151
node/6741639543,Bench,bench,bench,,,,,,False,-37.8213625,144.9439045
node/6741639546,Bench,bench,bench,,,,,,False,-37.8219312,144.9443206
node/6741639550,Bench,bench,bench,,,,,,False,-37.821302,144.9436629
node/6741639562,Bench,bench,bench,,,,,,False,-37.8215899,144.9448474
node/6741639584,Bench,bench,bench,,,,,,False,-37.8219044,144.9442521
node/6741639586,Bench,bench,bench,,,,,,False,-37.8217068,144.9449288
node/6741639596,Bench,bench,bench,,,,,,False,-37.8226692,144.9466103
node/6741639598,Bench,bench,bench,,,,,,False,-37.8218931,144.9444786
node/6741639623,Bench,bench,bench,,,,,,False,-37.8219326,144.9441569
node/6741639631,Bench,bench,bench,,,,,,False,-37.8215774,144.9455832
node/6741639633,Bench,bench,bench,,,,,,False,-37.8212724,144.9468952
node/6741639646,Bench,bench,bench,,,,,,False,-37.8214855,144.9461338
node/6741639653,Bench,bench,bench,,,,,,False,-37.8215165,144.9445264
node/6741639656,Bench,bench,bench,,,,,,False,-37.8213951,144.9451872
node/6741639664,Bench,bench,bench,,,,,,False,-37.8217797,144.9446777
node/6741658217,Bench,bench,bench,,,,,,False,-37.8186255,144.9685862
node/6741658220,Bench,bench,bench,,,,,,False,-37.8186191,144.9687682
node/6741658223,Bench,bench,bench,,,,,,False,-37.8186124,144.9689413
node/6741658226,Bench,bench,bench,,,,,,False,-37.8186043,144.9691192
node/6741658229,Bench,bench,bench,,,,,,False,-37.8185941,144.9692971
node/6741658230,Bench,bench,bench,,,,,,False,-37.8208809,144.9757822
node/6741658232,Bench,bench,bench,,,,,,False,-37.8185859,144.9694741
node/6741658235,Bench,bench,bench,,,,,,False,-37.8185811,144.9696466
node/6743435100,Bench,bench,bench,,,,,,False,-37.8196963,144.9474192
node/6743435107,Bench,bench,bench,,,,,,False,-37.8194985,144.9466744
node/6743435113,Bench,bench,bench,,,,,,False,-37.8201096,144.9459698
node/6743435115,Bench,bench,bench,,,,,,False,-37.8210024,144.9468904
node/6743435122,Bench,bench,bench,,,,,,False,-37.8196443,144.9474237
node/6743435130,Bench,bench,bench,,,,,,False,-37.819448,144.9461659
node/6743435136,Bench,bench,bench,,,,,,False,-37.8202516,144.9461656
node/6743435137,Bench,bench,bench,,,,,,False,-37.8201359,144.9464648
node/6743435139,Bench,bench,bench,,,,,,False,-37.8201994,144.948067
node/6743435140,Bench,bench,bench,,,,,,False,-37.8212889,144.9453806
node/6743435145,Bench,bench,bench,,,,,,False,-37.82136,144.9456775
node/6743435153,Bench,bench,bench,,,,,,False,-37.8197172,144.9474237
node/6743435156,Bench,bench,bench,,,,,,False,-37.8194864,144.9461171
node/6743435158,Bench,bench,bench,,,,,,False,-37.8198132,144.9477004
node/6743435159,Bench,bench,bench,,,,,,False,-37.8207891,144.9461682
node/6743435170,Bench,bench,bench,,,,,,False,-37.8209941,144.9469203
node/6743435179,Bench,bench,bench,,,,,,False,-37.8196788,144.9474158
node/6743435181,Bench,bench,bench,,,,,,False,-37.8212844,144.9460657
node/6743436186,Bench,bench,bench,,,,,,False,-37.8193834,144.9463505
node/6743436194,Bench,bench,bench,,,,,,False,-37.8210812,144.9467999
node/6743436197,Bench,bench,bench,,,,,,False,-37.8199396,144.9459282
node/6743436210,Bench,bench,bench,,,,,,False,-37.819408,144.9462653
node/6743436216,Bench,bench,bench,,,,,,False,-37.8199072,144.947796
node/6743436218,Bench,bench,bench,,,,,,False,-37.8201287,144.9464879
node/6743436221,Bench,bench,bench,,,,,,False,-37.8209217,144.9454177
node/6744747168,Bench,bench,bench,,,,,,False,-37.770718,144.9988224
node/6744765510,Bench,bench,bench,,,,,,False,-37.7695141,144.9988825
node/6744765513,Bench,bench,bench,,,,,,False,-37.7695647,144.9988694
node/6744765527,Bench,bench,bench,,,,,,False,-37.770178,144.9987382
node/6745191187,Bench,bench,bench,,,,,,False,-37.7997486,144.9925294
node/6760874953,Bench,bench,bench,,,,,,False,-37.8188619,144.9441559
node/6760874959,Bench,bench,bench,,,,,,False,-37.818807,144.9461646
node/6760874966,Bench,bench,bench,,,,,,False,-37.8183739,144.9447645
node/6760874976,Bench,bench,bench,,,,,,False,-37.8182143,144.9449882
node/6760874977,Bench,bench,bench,,,,,,False,-37.8185115,144.944826
node/6760877786,Bench,bench,bench,,,,,,False,-37.8181397,144.9451736
node/6760877805,Bench,bench,bench,,,,,,False,-37.8184752,144.9443004
node/6760877814,Bench,bench,bench,,,,,,False,-37.8184009,144.9444862
node/6760877818,Bench,bench,bench,,,,,,False,-37.8190321,144.9462063
node/6760877825,Bench,bench,bench,,,,,,False,-37.8183281,144.9446823
node/6760877827,Bench,bench,bench,,,,,,False,-37.8193117,144.9452351
node/6760877834,Bench,bench,bench,,,,,,False,-37.8188327,144.9442316
node/6760877836,Bench,bench,bench,,,,,,False,-37.8185089,144.9447882
node/6760877841,Bench,bench,bench,,,,,,False,-37.8187592,144.946139
node/6760877850,Bench,bench,bench,,,,,,False,-37.8194192,144.9448719
node/6760877857,Bench,bench,bench,,,,,,False,-37.8181876,144.9450554
node/6760877867,Bench,bench,bench,,,,,,False,-37.8181198,144.9452394
node/6760877886,Bench,bench,bench,,,,,,False,-37.8184482,144.9443657
node/6760877890,Bench,bench,bench,,,,,,False,-37.8192192,144.9455665
node/6760877896,Bench,bench,bench,,,,,,False,-37.8183792,144.9445505
node/6760877901,Bench,bench,bench,,,,,,False,-37.8190402,144.9461773
node/6760877903,Bench,bench,bench,,,,,,False,-37.8193136,144.9465173
node/6760877913,Bench,bench,bench,,,,,,False,-37.818833,144.946173
node/6760877924,Bench,bench,bench,,,,,,False,-37.8189032,144.9460323
node/6760877932,Bench,bench,bench,,,,,,False,-37.81851,144.9448078
node/6760877934,Bench,bench,bench,,,,,,False,-37.8194143,144.9448917
node/6760877942,Bench,bench,bench,,,,,,False,-37.8181634,144.9451176
node/6760877943,Bench,bench,bench,,,,,,False,-37.8194774,144.9446694
node/6760877944,Bench,bench,bench,,,,,,False,-37.8194615,144.9458004
node/6760877960,Bench,bench,bench,,,,,,False,-37.8184962,144.9442435
node/6760877963,Bench,bench,bench,,,,,,False,-37.8195861,144.9453219
node/6760877969,Bench,bench,bench,,,,,,False,-37.8184245,144.9444292
node/6760877977,Bench,bench,bench,,,,,,False,-37.8183527,144.9446247
node/6760877980,Bench,bench,bench,,,,,,False,-37.8192921,144.9453119
node/6760877984,Bench,bench,bench,,,,,,False,-37.819295,144.9465452
node/6761080517,Bench,bench,bench,,,,,,False,-37.813262,144.9782609
node/6761080524,Bench,bench,bench,,,,,,False,-37.8138397,144.9788868
node/6761080539,Bench,bench,bench,,,,,,False,-37.8135884,144.9784494
node/6761080554,Bench,bench,bench,,,,,,False,-37.813395,144.9787557
node/6761086841,Bench,bench,bench,,,,,,False,-37.8139581,144.9762605
node/6761086845,Bench,bench,bench,,,,,,False,-37.8135155,144.9781044
node/6761086849,Bench,bench,bench,,,,,,False,-37.8139638,144.9762307
node/6761086856,Bench,bench,bench,,,,,,False,-37.8136564,144.977133
node/6761103620,Bench,bench,bench,,,,,,False,-37.8123724,144.9748896
node/6761103622,Bench,bench,bench,,,,,,False,-37.81232,144.9748653
node/6761103624,Bench,bench,bench,,,,,,False,-37.812243,144.9745947
node/6761103625,Bench,bench,bench,,,,,,False,-37.8123362,144.9748129
node/6761103627,Bench,bench,bench,,,,,,False,-37.8123879,144.9748312
node/6761103628,Bench,bench,bench,,,,,,False,-37.812357,144.9742623
node/6761103629,Bench,bench,bench,,,,,,False,-37.8123523,144.9745284
node/6761103632,Bench,bench,bench,,,,,,False,-37.8120795,144.9747563
node/6761103634,Bench,bench,bench,,,,,,False,-37.8120985,144.9747055
node/6763450625,Bench,bench,bench,,,,,,False,-37.8153252,144.9769999
node/6763450626,Bench,bench,bench,,,,,,False,-37.81427,144.975499
node/6763450631,Bench,bench,bench,,,,,,False,-37.8149324,144.9752398
node/6763450640,Bench,bench,bench,,,,,,False,-37.8148596,144.9765892
node/6763450648,Bench,bench,bench,,,,,,False,-37.8145882,144.9769349
node/6763450649,Bench,bench,bench,,,,,,False,-37.8138593,144.9754131
node/6763450651,Bench,bench,bench,,,,,,False,-37.8143337,144.9772144
node/6763450655,Bench,bench,bench,,,,,,False,-37.814386,144.9768865
node/6763450659,Bench,bench,bench,,,,,,False,-37.8143651,144.9760144
node/6763450661,Bench,bench,bench,,,,,,False,-37.8147488,144.974903
node/6763450665,Bench,bench,bench,,,,,,False,-37.8146517,144.974856
node/6763450673,Bench,bench,bench,,,,,,False,-37.8145168,144.9748121
node/6763450674,Bench,bench,bench,,,,,,False,-37.8139944,144.9758403
node/6763450677,Bench,bench,bench,,,,,,False,-37.8139647,144.9757916
node/6763450680,Bench,bench,bench,,,,,,False,-37.8143343,144.9752409
node/6763458487,Bench,bench,bench,,,,,,False,-37.8134333,144.9755404
node/6763458493,Bench,bench,bench,,,,,,False,-37.8136202,144.9749077
node/6763458496,Bench,bench,bench,,,,,,False,-37.8139894,144.9749221
node/6763458508,Bench,bench,bench,,,,,,False,-37.8135277,144.9747741
node/6763458516,Bench,bench,bench,,,,,,False,-37.8150343,144.9756112
node/6763458519,Bench,bench,bench,,,,,,False,-37.8151088,144.975697
node/6778625066,Bench,bench,bench,,,,,,False,-37.8100941,144.9643822
node/6778625067,Bench,bench,bench,,,,,,False,-37.810087,144.9644355
node/6778625068,Bench,bench,bench,,,,,,False,-37.8099798,144.9643832
node/6778625069,Bench,bench,bench,,,,,,False,-37.8099937,144.964336
node/6778625071,Bench,bench,bench,,,,,,False,-37.8103798,144.9640807
node/6778625072,Bench,bench,bench,,,,,,False,-37.8103507,144.9640712
node/6778625074,Bench,bench,bench,,,,,,False,-37.8104897,144.9641267
node/6778625077,Bench,bench,bench,,,,,,False,-37.8105163,144.964134
node/6778625078,Bench,bench,bench,,,,,,False,-37.8105367,144.9641463
node/6799028498,Bench,bench,bench,,,,,,False,-37.831358,145.0574393
node/6799028501,Bench,bench,bench,,,,,,False,-37.830792,145.0576527
node/6799028502,Bench,bench,bench,,,,,,False,-37.8307967,145.0576924
node/6799028503,Bench,bench,bench,,,,,,False,-37.8308007,145.0577381
node/6799028504,Bench,bench,bench,,,,,,False,-37.8308046,145.0577837
node/6799028505,Bench,bench,bench,,,,,,False,-37.8308367,145.0580736
node/6799028506,Bench,bench,bench,,,,,,False,-37.830825,145.0579842
node/6799028507,Bench,bench,bench,,,,,,False,-37.8308203,145.0579435
node/6799028508,Bench,bench,bench,,,,,,False,-37.830872,145.0574969
node/6799028509,Bench,bench,bench,,,,,,False,-37.8309371,145.057482
node/6799234638,Bench,bench,bench,,,,,,False,-37.8298892,145.0579199
node/6799234639,Bench,bench,bench,,,,,,False,-37.829907,145.0580739
node/6799234640,Bench,bench,bench,,,,,,False,-37.829946,145.0579098
node/6799234641,Bench,bench,bench,,,,,,False,-37.8299664,145.0580638
node/6810298873,Bench,bench,bench,,,,,,False,-37.8039481,144.971635
node/6810298874,Bench,bench,bench,,,,,,False,-37.803972,144.9716314
node/6810298875,Bench,bench,bench,,,,,,False,-37.8039969,144.9716264
node/6810298876,Bench,bench,bench,,,,,,False,-37.8040229,144.9716226
node/6810298877,Bench,bench,bench,,,,,,False,-37.8040493,144.9716184
node/6813556940,Bench,bench,bench,,,,,,False,-37.7984823,145.0074087
node/6813556943,Bench,bench,bench,,,,,,False,-37.7993575,145.0067987
node/6813556944,Bench,bench,bench,,,,,,False,-37.7968787,145.0099562
node/6813556946,Bench,bench,bench,,,,,,False,-37.8002657,145.0068266
node/6813556947,Bench,bench,bench,,,,,,False,-37.7959843,145.0042217
node/6813556949,Bench,bench,bench,,,,,,False,-37.7967473,145.0102047
node/6813556953,Bench,bench,bench,,,,,,False,-37.7956597,145.0086066
node/6822003749,Bench,bench,bench,,,,,,False,-37.8150482,144.9692713
node/6822003754,Bench,bench,bench,,,,,,False,-37.8144764,144.9703877
node/6822003762,Bench,bench,bench,,,,,,False,-37.8138911,144.9717293
node/6822003769,Bench,bench,bench,,,,,,False,-37.8139059,144.9723015
node/6822003771,Bench,bench,bench,,,,,,False,-37.8140322,144.9718385
node/6822003781,Bench,bench,bench,,,,,,False,-37.8144154,144.9705939
node/6822003784,Bench,bench,bench,,,,,,False,-37.8143074,144.9709533
node/6822023385,Bench,bench,bench,,,,,,False,-37.8146984,144.9695234
node/6825148913,Bench,bench,bench,,,,,,False,-37.8229935,144.9788116
node/6825148914,Bench,bench,bench,,,,,,False,-37.8229681,144.9788671
node/6846364559,Bench,bench,bench,,,,,,False,-37.9916554,145.2169644
node/6846372037,Bench,bench,bench,,,,,,False,-37.8279148,144.9836545
node/6846372050,Bench,bench,bench,,,,,,False,-37.8286273,144.9855115
node/6846372051,Bench,bench,bench,,,,,,False,-37.8286145,144.9854861
node/6848765192,Bench,bench,bench,,,,,,False,-37.8164998,144.9844325
node/6848775218,Bench,bench,bench,,,,,,False,-37.8196921,144.9523773
node/6856161495,Bench,bench,bench,,,,,,False,-37.6896007,144.9263709
node/6856323538,Bench,bench,bench,,,,,,False,-37.8217866,144.9508305
node/6856323539,Bench,bench,bench,,,,,,False,-37.8217892,144.9508193
node/6856328472,Bench,bench,bench,,,,,,False,-37.8215555,144.9512021
node/6856328474,Bench,bench,bench,,,,,,False,-37.8215764,144.9512063
node/6856328477,Bench,bench,bench,yes,,,,,True,-37.8209985,144.9507846
node/6861370320,Bench,bench,bench,,,,,,False,-37.8200163,144.9500404
node/6861370321,Bench,bench,bench,,,,,,False,-37.8188555,144.9491252
node/6861370323,Bench,bench,bench,,,,,,False,-37.8189881,144.9492317
node/6861370324,Bench,bench,bench,,,,,,False,-37.8186221,144.9490062
node/6861370325,Bench,bench,bench,,,,,,False,-37.8199286,144.9499613
node/6861370326,Bench,bench,bench,,,,,,False,-37.818736,144.9490335
node/6868608271,Bench,bench,bench,,,,,,False,-37.8193095,144.9470465
node/6868608272,Bench,bench,bench,,,,,,False,-37.8193121,144.9471557
node/6868608273,Bench,bench,bench,,,,,,False,-37.8194214,144.9470821
node/6868608274,Bench,bench,bench,,,,,,False,-37.8192954,144.9470669
node/6868608275,Bench,bench,bench,,,,,,False,-37.819347,144.9472218
node/6868608276,Bench,bench,bench,,,,,,False,-37.8193576,144.9470595
node/6868608277,Bench,bench,bench,,,,,,False,-37.8193644,144.9471546
node/6876237851,Bench,bench,bench,,,,,,False,-37.7228444,145.0067563
node/6876562382,Bench,bench,bench,,,,,,False,-37.7736321,144.9982042
node/6876562383,Bench,bench,bench,,,,,,False,-37.7740305,144.998127
node/6893902405,Bench,bench,bench,,,,,,False,-37.8070596,145.0303501
node/6941131891,Bench,bench,bench,,,,,,False,-37.9117469,145.0144998
node/6942398526,Bench,bench,bench,,,,,,False,-37.9272313,145.0291951
node/6956097335,Bench,bench,bench,,,,,,False,-37.7988913,144.9677537
node/6956097336,Bench,bench,bench,,,,,,False,-37.7989279,144.9677477
node/6956097337,Bench,bench,bench,,,,,,False,-37.7989634,144.9677436
node/6961062090,Bench,bench,bench,,,,,,False,-37.8933659,145.2703537
node/6978106934,Bench,bench,bench,,,,,,False,-37.7562371,145.0380338
node/6978751646,Bench,bench,bench,,,,,,False,-37.905573,145.0032039
node/6978805819,Bench,bench,bench,,,,,,False,-37.9058947,145.0045826
node/6978808714,Bench,bench,bench,,,,,,False,-37.9056895,145.0040462
node/6978839292,Bench,bench,bench,,,,,,False,-37.9057656,145.004647
node/6981773147,Bench,bench,bench,,,,,,False,-37.9057166,145.0036367
node/6981773148,Bench,bench,bench,,,,,,False,-37.9056574,145.0031137
node/6991289732,Bench,bench,bench,,,,,,False,-37.8016964,144.962461
node/7005942713,Bench,bench,bench,,,,,,False,-37.8086708,145.2118781
node/7007819959,Bench,bench,bench,,,,,,False,-37.7884233,144.9310664
node/7007829824,Bench,bench,bench,,,,,,False,-37.7883897,144.9306563
node/7012409609,Bench,bench,bench,,,,,,False,-37.7933115,145.0008411
node/7012420566,Bench,bench,bench,,,,,,False,-37.7928773,145.0030616
node/7012433038,Bench,bench,bench,,,,,,False,-37.7930759,145.0029007
node/7012543967,Bench,bench,bench,,,,,,False,-37.8034475,144.9835986
node/7012598403,Bench,bench,bench,,,,,,False,-37.7999727,144.9935239
node/7013338595,Bench,bench,bench,,,,,,False,-37.7914454,145.0033878
node/7013338596,Bench,bench,bench,,,,,,False,-37.7923285,145.0039302
node/7013338597,Bench,bench,bench,,,,,,False,-37.7914053,145.0028006
node/7017857698,Bench,bench,bench,,,,,,False,-37.7945094,144.9880604
node/7017910620,Bench,bench,bench,,,,,,False,-37.7984616,144.9789717
node/7018237214,Bench,bench,bench,,,,,,False,-37.8039279,144.9601276
node/7019146112,Bench,bench,bench,,,,,,False,-37.8079441,145.0286464
node/7022921696,Bench,bench,bench,,,,,,False,-37.7891588,144.9939439
node/7046258400,Bench,bench,bench,,,,,,False,-37.7583902,145.0584314
node/7046258401,Bench,bench,bench,,,,,,False,-37.7583086,145.0585804
node/7046258402,Bench,bench,bench,,,,,,False,-37.7577496,145.0573381
node/7046258403,Bench,bench,bench,,,,,,False,-37.7576878,145.0565074
node/7046258404,Bench,bench,bench,,,,,,False,-37.7580662,145.0561402
node/7054232201,Bench,bench,bench,,,,,,False,-37.8918584,145.2902836
node/7057853000,Bench,bench,bench,,,,,,False,-37.8184345,144.9989482
node/7057853001,Bench,bench,bench,,,,,,False,-37.8184345,144.9990112
node/7057853002,Bench,bench,bench,,,,,,False,-37.8184509,144.9985278
node/7057853003,Bench,bench,bench,,,,,,False,-37.8184165,144.9985358
node/7058783461,Bench,bench,bench,,,,,,False,-37.7982439,144.9687279
node/7058956806,Bench,bench,bench,,,,,,False,-37.8001544,144.963397
node/7058965376,Bench,bench,bench,,,,,,False,-37.8001092,144.9629096
node/7061734583,Bench,bench,bench,,,,,,False,-37.8182753,144.9969062
node/7076726946,Bench,bench,bench,,,,,,False,-37.8170557,145.0014931
node/7076830671,Bench,bench,bench,,,,,,False,-37.8175234,145.0038968
node/7076843286,Bench,bench,bench,,,,,,False,-37.8162681,145.0021127
node/7083761142,Bench,bench,bench,,,,,,False,-37.6996397,144.9964505
node/7085395551,Bench,bench,bench,,,,,,False,-37.6749881,144.8751514
node/7085395554,Bench,bench,bench,,,,,,False,-37.6663226,144.8688371
node/7088278016,Bench,bench,bench,,,,,,False,-37.7160774,145.0044009
node/7089882837,Bench,bench,bench,,,,,,False,-37.7160274,145.0039331
node/7089882839,Bench,bench,bench,,,,,,False,-37.7159962,145.003615
node/7089882840,Bench,bench,bench,,,,,,False,-37.715987,145.0035339
node/7089882853,Bench,bench,bench,,,,,,False,-37.7159256,145.0028855
node/7099603266,Bench,bench,bench,,,,,,False,-37.9292084,145.2504149
node/7099603267,Bench,bench,bench,,,,,,False,-37.92924,145.2504109
node/7099603268,Bench,bench,bench,,,,,,False,-37.9293273,145.2498066
node/7099651870,Bench,bench,bench,,,,,,False,-37.9311404,145.2434061
node/7099651937,Bench,bench,bench,,,,,,False,-37.9320426,145.2444266
node/7100668959,Bench,bench,bench,,,,,,False,-37.8546369,145.0943205
node/7100722006,Bench,bench,bench,,,,,,False,-37.8542789,145.0944073
node/7100722701,Bench,bench,bench,,,,,,False,-37.8545281,145.0943604
node/7100724021,Bench,bench,bench,,,,,,False,-37.854361,145.0944254
node/7100725193,Bench,bench,bench,,,,,,False,-37.8547288,145.0944488
node/7100726054,Bench,bench,bench,,,,,,False,-37.8546058,145.0943952
node/7125183724,Bench,bench,bench,,,,,,False,-37.6770683,144.8796071
node/7125183725,Bench,bench,bench,,,,,,False,-37.6771999,144.8793362
node/7125183726,Bench,bench,bench,,,,,,False,-37.6750218,144.8763509
node/7125183727,Bench,bench,bench,,,,,,False,-37.673282,144.8741502
node/7125183728,Bench,bench,bench,,,,,,False,-37.675358,144.8783921
node/7144566160,Bench,bench,bench,,,,,,False,-37.6708711,144.8730432
node/7146297025,Bench,bench,bench,,,,,,False,-37.7717052,144.9604906
node/7147692503,Bench,bench,bench,,,,,,False,-37.8023141,144.9629705
node/7147692506,Bench,bench,bench,,,,,,False,-37.8025178,144.9629327
node/7185349785,Bench,bench,bench,,,,,,False,-37.7881219,144.9316046
node/7198871348,Bench,bench,bench,,,,,,False,-37.6230658,144.8868746
node/7198871349,Bench,bench,bench,,,,,,False,-37.6233972,144.8893798
node/7246270876,Bench,bench,bench,,,,,Waiting room.,False,-37.8153993,144.9522487
node/7248742906,Bench,bench,bench,,,,,,False,-37.9475025,144.9987388
node/7249123856,Bench,bench,bench,,,,,,False,-37.8356403,144.9401786
node/7249123857,Bench,bench,bench,,,,,,False,-37.8360681,144.9394876
node/7249123858,Bench,bench,bench,,,,,,False,-37.8364956,144.9387806
node/7249296257,Bench,bench,bench,,,,,,False,-37.8370076,144.9378334
node/7366278120,Bench,bench,bench,,,,,,False,-37.8070157,145.0279285
node/7370913382,Bench,bench,bench,,,,,,False,-37.756116,144.9347118
node/7370913383,Bench,bench,bench,,,,,,False,-37.7565686,144.9347994
node/7374958339,Bench,bench,bench,,,,,,False,-37.8014813,145.1971325
node/7393888114,Bench,bench,bench,,,,,,False,-37.7470085,144.959548
node/7394084540,Bench,bench,bench,,,,,,False,-37.8257057,145.1608375
node/7394084541,Bench,bench,bench,,,,,,False,-37.8254343,145.1608627
node/7394084542,Bench,bench,bench,,,,,,False,-37.8256246,145.1621814
node/7394084545,Bench,bench,bench,,,,,,False,-37.8260601,145.1611903
node/7394311662,Bench,bench,bench,,,,,,False,-37.8362416,145.0711169
node/7394677586,Bench,bench,bench,,,,,,False,-37.9087959,145.3558159
node/7394677587,Bench,bench,bench,,,,,,False,-37.9089574,145.3557549
node/7394677588,Bench,bench,bench,,,,,,False,-37.9092012,145.3560499
node/7394677598,Bench,bench,bench,,,,,,False,-37.9087169,145.3458538
node/7496686962,Bench,bench,bench,,,,,,False,-37.7607173,144.938421
node/7500495527,Bench,bench,bench,,,,,,False,-37.7718644,144.9781825
node/7513166354,Bench,bench,bench,,,,,,False,-37.832919,145.069863
node/7527593943,Bench,bench,bench,,,,,,False,28.066771,-80.6230732
node/7527594065,Bench,bench,bench,,,,,,False,28.0664434,-80.6231508
node/7527594066,Bench,bench,bench,,,,,,False,28.0668369,-80.6229897
node/7527594067,Bench,bench,bench,,,,,,False,28.0665676,-80.6225802
node/7527594068,Bench,bench,bench,,,,,,False,28.066928,-80.6225813
node/7527594069,Bench,bench,bench,,,,,,False,28.066992,-80.6227016
node/7527594070,Bench,bench,bench,,,,,,False,28.0671002,-80.6229217
node/7527594072,Bench,bench,bench,,,,,,False,28.0672784,-80.6225904
node/7527594236,Bench,bench,bench,,,,,,False,28.0673778,-80.6223543
node/7527594314,Bench,bench,bench,,,,,,False,28.0681062,-80.6224202
node/7528569363,Bench,bench,bench,,,,,,False,-37.6387799,145.1086488
node/7576348156,Bench,bench,bench,,,,,,False,-37.7088269,145.0092837
node/7576348157,Bench,bench,bench,,,,,,False,-37.7082571,145.009402
node/7597571889,Bench,bench,bench,,,,,,False,-37.8836673,144.7976678
node/7611773550,Bench,bench,bench,,,,,,False,-37.8311215,145.1633636
node/7618618032,Bench,bench,bench,,,,,,False,-37.8308711,144.9799329
node/7618698386,Bench,bench,bench,,,,,,False,-37.8327563,144.980866
node/7618698387,Bench,bench,bench,,,,,,False,-37.8325105,144.9803385
node/7618698388,Bench,bench,bench,,,,,,False,-37.8317738,144.9820879
node/7618698389,Bench,bench,bench,,,,,,False,-37.8319404,144.9822302
node/7618698390,Bench,bench,bench,,,,,,False,-37.83159,144.9830968
node/7618698391,Bench,bench,bench,,,,,,False,-37.8315424,144.9837327
node/7618698439,Bench,bench,bench,,,,,,False,-37.8313651,144.9826988
node/7618698440,Bench,bench,bench,,,,,,False,-37.8319183,144.9839992
node/7618698441,Bench,bench,bench,,,,,,False,-37.8303114,144.9811995
node/7618698442,Bench,bench,bench,,,,,,False,-37.8303779,144.9812463
node/7618698443,Bench,bench,bench,,,,,,False,-37.8293504,144.9822178
node/7618698444,Bench,bench,bench,,,,,,False,-37.8296114,144.981372
node/7618698445,Bench,bench,bench,,,,,,False,-37.8296253,144.9813429
node/7637569071,Bench,bench,bench,,,,,,False,-38.1830178,145.0900898
node/7637569072,Bench,bench,bench,,,,,,False,-38.1835273,145.0896153
node/7682066313,Bench,bench,bench,,,,,,False,-37.7997902,144.8742722
node/7682216972,Bench,bench,bench,,,,,,False,-37.8124311,144.9738128
node/7682216973,Bench,bench,bench,,,,,,False,-37.8124975,144.9738381
node/7682216974,Bench,bench,bench,,,,,,False,-37.8123513,144.9738535
node/7701977673,Bench,bench,bench,,,,,,False,-37.7531904,145.1166372
node/7702013325,Bench,bench,bench,,,,,,False,-37.7597006,145.0777877
node/7709573634,Bench,bench,bench,,,,,,False,-37.7331176,145.1017909
node/7709636922,Bench,bench,bench,,,,,,False,-37.7964688,144.9526403
node/7709636923,Bench,bench,bench,,,,,,False,-37.7964241,144.9527211
node/7709636924,Bench,bench,bench,,,,,,False,-37.7964262,144.9529246
node/7712602627,Bench,bench,bench,,,,,,False,-37.764566,145.0688353
node/7712602649,Bench,bench,bench,,,,,,False,-37.7584151,145.0813538
node/7725817082,Bench,bench,bench,,,,,,False,-37.8375036,145.1110969
node/7725817084,Bench,bench,bench,,,,,,False,-37.8418558,145.1180493
node/7738959743,Bench,bench,bench,,,,,,False,-37.7242962,144.8814778
node/7738959744,Bench,bench,bench,,,,,,False,-37.7242091,144.8814688
node/7738959745,Bench,bench,bench,,,,,,False,-37.724222,144.8815193
node/7738959750,Bench,bench,bench,,,,,,False,-37.7228858,144.8858147
node/7738959751,Bench,bench,bench,,,,,,False,-37.7219854,144.8864046
node/7738959752,Bench,bench,bench,,,,,,False,-37.7217297,144.8866097
node/7745862796,Bench,bench,bench,,,,,,False,-38.2128163,145.0475426
node/7786781461,Bench,bench,bench,,,,,Nice view of local area,False,-37.9967298,145.3272832
node/7786844952,Bench,bench,bench,,,,,,False,-37.998626,145.3282443
node/7786844953,Bench,bench,bench,,,,,,False,-37.9986984,145.3285718
node/7790860631,Bench,bench,bench,,,,,,False,-37.9974122,145.3188573
node/7790860632,Bench,bench,bench,,,,,,False,-37.9973542,145.3188264
node/7792996110,Bench,bench,bench,,,,,,False,-37.7481788,144.9958708
node/7797761183,Bench,bench,bench,,,,,,False,-37.86058,145.0628228
node/7797773386,Bench,bench,bench,,,,,,False,-37.8616008,145.0634935
node/7797773402,Bench,bench,bench,,,,,,False,-37.8613572,145.063606
node/7805228972,Bench,bench,bench,,,,,,False,-37.7904077,145.2433777
node/7816455819,Bench,bench,bench,,,,City of Melbourne,,False,-37.8069933,144.9515065
node/7816455820,Bench,bench,bench,,,,City of Melbourne,,False,-37.8069528,144.9511947
node/7816455821,Bench,bench,bench,,,,City of Melbourne,,False,-37.8075938,144.9516217
node/7816455822,Bench,bench,bench,,,,City of Melbourne,,False,-37.8075583,144.9514685
node/7821301077,Bench,bench,bench,,,,,,False,-37.8121584,144.9352682
node/7821301078,Bench,bench,bench,,,,,,False,-37.8121983,144.9352108
node/7824618361,Bench,bench,bench,,,,,,False,-37.822833,145.0689832
node/7838610649,Bench,bench,bench,,,,,,False,-37.708679,144.7245082
node/7838610661,Bench,bench,bench,,,,,,False,-37.709274,144.7251934
node/7838610662,Bench,bench,bench,,,,,,False,-37.709537,144.7261167
node/7838610673,Bench,bench,bench,,,,,,False,-37.7080479,144.724541
node/7838610674,Bench,bench,bench,,,,,,False,-37.7092065,144.7258483
node/7838610675,Bench,bench,bench,,,,,,False,-37.7087303,144.7250536
node/7838618210,Bench,bench,bench,,,,,,False,-37.7105159,144.7287819
node/7838618211,Bench,bench,bench,,,,,,False,-37.7098916,144.7280842
node/7838618212,Bench,bench,bench,,,,,,False,-37.7113289,144.7294094
node/7839222959,Bench,bench,bench,yes,,,,,True,-37.8299958,145.0289341
node/7839222960,Bench,bench,bench,yes,,,,,True,-37.8309458,145.0288825
node/7839222961,Bench,bench,bench,yes,,,,,True,-37.8304252,145.0279847
node/7839222962,Bench,bench,bench,yes,,,,,True,-37.8304423,145.0280151
node/7839222963,Bench,bench,bench,,,,,,False,-37.8289591,145.025378
node/7839222964,Bench,bench,bench,yes,,,,,True,-37.8285165,145.0247212
node/7846554442,Bench,bench,bench,,,,,,False,-38.182591,145.0909739
node/7856477565,Bench,bench,bench,,,,,,False,-37.7788378,144.9398531
node/7863055921,Bench,bench,bench,,,,,"Location: -38.0025446,145.3420973",False,-38.0025095,145.3421338
node/7863055925,Bench,bench,bench,,,,,"location: -38.0007067,145.3418601",False,-38.000676,145.3417904
node/7863055926,Bench,bench,bench,,,,,,False,-38.0009372,145.3417256
node/7867478364,Bench,bench,bench,,,,,,False,-38.1847367,145.0899353
node/7867768554,Bench,bench,bench,,,,,,False,-37.6705062,145.0642165
node/7867768555,Bench,bench,bench,,,,,,False,-37.6706141,145.0640111
node/7867815336,Bench,bench,bench,,,,,,False,-37.9936314,145.3320016
node/7875233271,Bench,bench,bench,,,,City of Melbourne,,False,-37.8052809,144.9516182
node/7875233272,Bench,bench,bench,,,,City of Melbourne,,False,-37.8052588,144.9514034
node/7875233273,Bench,bench,bench,,,,City of Melbourne,,False,-37.8034674,144.9523445
node/7876892766,Bench,bench,bench,,,,,,False,-37.9918078,145.3153081
node/7892198524,Bench,bench,bench,,,,,,False,-38.1834222,145.0892775
node/7892198525,Bench,bench,bench,,,,,,False,-38.1833823,145.0893527
node/7893388816,Bench,bench,bench,,,,,,False,-37.6541882,145.5153085
node/7899330303,Bench,bench,bench,,,,,,False,-37.8696188,145.0673123
node/7917277234,Bench,bench,bench,,,,,,False,-37.8259172,145.063783
node/7917277235,Bench,bench,bench,,,,,,False,-37.8259829,145.0638546
node/7918453472,Bench,bench,bench,,,,,,False,-38.0087517,145.3495408
node/7918453473,Bench,bench,bench,,,,,,False,-38.0049396,145.354238
node/7918588944,Bench,bench,bench,,,,,,False,-37.8491737,145.079673
node/7926863338,Bench,bench,bench,,,,,,False,-38.1879874,145.0899291
node/7944329266,Bench,bench,bench,,,,,,False,-37.9638743,145.2942206
node/7944329267,Bench,bench,bench,,,,,,False,-37.9638153,145.2942532
node/7944329270,Bench,bench,bench,,,,,,False,-37.9557592,145.2893019
node/7958088870,Bench,bench,bench,,,,,,False,-37.7885146,144.9311843
node/7958088871,Bench,bench,bench,,,,,,False,-37.7885061,144.9311085
node/7965176052,Bench,bench,bench,,,,,,False,-37.8204356,145.0207201
node/7965176056,Bench,bench,bench,,,,,,False,-37.8199766,145.0219337
node/7965176058,Bench,bench,bench,,,,,,False,-37.8196822,145.0201566
node/7965176067,Bench,bench,bench,,,,,,False,-37.8197691,145.0219176
node/7965176069,Bench,bench,bench,,,,,,False,-37.8196979,145.0196901
node/7965176079,Bench,bench,bench,,,,,,False,-37.8193218,145.0208837
node/7965247983,Bench,bench,bench,,,,,,False,-37.8680268,145.2940669
node/7965248053,Bench,bench,bench,,,,,,False,-37.8692214,145.2954476
node/7965248054,Bench,bench,bench,,,,,,False,-37.8692869,145.2947723
node/7965248055,Bench,bench,bench,,,,,,False,-37.8693216,145.2943265
node/7965248056,Bench,bench,bench,,,,,,False,-37.869177,145.2942154
node/7965248057,Bench,bench,bench,,,,,,False,-37.8691423,145.2942081
node/7965248058,Bench,bench,bench,,,,,,False,-37.8686926,145.2942446
node/7965248059,Bench,bench,bench,,,,,,False,-37.8689553,145.2935328
node/7965248060,Bench,bench,bench,,,,,,False,-37.8691038,145.2939468
node/7965248066,Bench,bench,bench,,,,,,False,-37.8700233,145.2950558
node/7965248067,Bench,bench,bench,,,,,,False,-37.8702122,145.2946809
node/7965248090,Bench,bench,bench,,,,,,False,-37.8696617,145.296661
node/7965248119,Bench,bench,bench,,,,,,False,-37.8702885,145.2967243
node/7965248124,Bench,bench,bench,,,,,,False,-37.8699528,145.2960157
node/7965248125,Bench,bench,bench,,,,,,False,-37.8699397,145.2959807
node/7965259262,Bench,bench,bench,,,,,,False,-37.8698014,145.2948241
node/7965259264,Bench,bench,bench,,,,,,False,-37.8697645,145.2964358
node/7965259265,Bench,bench,bench,,,,,,False,-37.8697423,145.2963969
node/7976237632,Bench,bench,bench,,,,,,False,-37.8541953,145.0688001
node/7983298661,Bench,bench,bench,,,,,,False,-37.8200252,145.0204316
node/7983298667,Bench,bench,bench,,,,,,False,-37.8197917,145.020426
node/7983298671,Bench,bench,bench,,,,,,False,-37.8202459,145.0190028
node/7983298672,Bench,bench,bench,,,,,,False,-37.8199184,145.0204125
node/7983298675,Bench,bench,bench,,,,,,False,-37.8201129,145.0204515
node/7983298676,Bench,bench,bench,,,,,,False,-37.8198462,145.0204173
node/7983298680,Bench,bench,bench,,,,,,False,-37.8200652,145.0190552
node/7983298681,Bench,bench,bench,,,,,,False,-37.8197025,145.0204426
node/7987136573,Bench,bench,bench,,,,,,False,-37.9329196,144.9948813
node/7991433681,Bench,bench,bench,,,,,,False,-37.7729075,145.0287581
node/7991453312,Bench,bench,bench,,,,,,False,-37.7729188,145.0288143
node/7996502485,Bench,bench,bench,,,,,,False,-37.7620228,144.8853581
node/7998265644,Bench,bench,bench,,,,,,False,-37.8688247,144.8302823
node/8008191521,Bench,bench,bench,,,,,,False,-37.8639744,145.0624332
node/8011859091,Bench,bench,bench,,,,,,False,-37.8953896,145.0989407
node/8011859095,Bench,bench,bench,,,,,,False,-37.894753,145.099221
node/8011859112,Bench,bench,bench,,,,,,False,-37.8946287,145.1002751
node/8011859113,Bench,bench,bench,,,,,,False,-37.8951642,145.099567
node/8011859122,Bench,bench,bench,,,,,,False,-37.8947419,145.0987436
node/8011859123,Bench,bench,bench,,,,,,False,-37.8946213,145.098867
node/8011913019,Bench,bench,bench,,,,,,False,-37.8946318,145.1035206
node/8011913020,Bench,bench,bench,,,,,,False,-37.8939154,145.1037017
node/8014805129,Bench,bench,bench,,,,,,False,-37.841824,145.1186899
node/8014805130,Bench,bench,bench,,,,,,False,-37.8416608,145.1192515
node/8023697781,Bench,bench,bench,,,,,,False,-38.1076437,145.3015091
node/8023697782,Bench,bench,bench,,,,,,False,-38.1079162,145.3013854
node/8023697783,Bench,bench,bench,,,,,,False,-38.1082075,145.3013794
node/8035656156,Bench,bench,bench,,,,,,False,-37.8800531,145.0408119
node/8035656157,Bench,bench,bench,,,,,,False,-37.880612,145.0407904
node/8035656158,Bench,bench,bench,,,,,,False,-37.8806363,145.0399013
node/8041556826,Bench,bench,bench,,,,,,False,-37.7729026,145.0330254
node/8041556830,Bench,bench,bench,,,,,,False,-37.7752776,145.0321533
node/8041556834,Bench,bench,bench,,,,,,False,-37.775327,145.032156
node/8043379714,Bench,bench,bench,,,,,,False,-37.8229266,145.0366493
node/8043379715,Bench,bench,bench,,,,,,False,-37.8231829,145.0366017
node/8043379716,Bench,bench,bench,,,,,,False,-37.8229638,145.0366007
node/8043379717,Bench,bench,bench,,,,,,False,-37.8231391,145.0365722
node/8043416148,Bench,bench,bench,,,,,,False,-37.7764095,145.0099733
node/8043416152,Bench,bench,bench,,,,,,False,-37.775599,145.0099228
node/8043416154,Bench,bench,bench,,,,,,False,-37.7765127,145.0090285
node/8043416155,Bench,bench,bench,,,,,,False,-37.7761148,145.0098867
node/8043416157,Bench,bench,bench,,,,,,False,-37.7785447,145.0104196
node/8045069368,Bench,bench,bench,,,,,,False,-37.9714276,145.3960053
node/8045069369,Bench,bench,bench,,,,,,False,-37.9717733,145.3960422
node/8045464679,Bench,bench,bench,,,,,,False,-37.8894849,145.0741592
node/8045464680,Bench,bench,bench,,,,,,False,-37.8893213,145.0740767
node/8045464681,Bench,bench,bench,,,,,,False,-37.8889087,145.0740303
node/8045464683,Bench,bench,bench,,,,,,False,-37.8874155,145.0733499
node/8045464684,Bench,bench,bench,,,,,,False,-37.8865273,145.0730452
node/8045588308,Bench,bench,bench,,,,,,False,-37.8777571,145.0995012
node/8058105886,Bench,bench,bench,,,,,,False,-37.8791335,145.0742015
node/8058131979,Bench,bench,bench,,,,,,False,-37.8817762,145.0745897
node/8060527267,Bench,bench,bench,,,,,,False,-37.8763598,145.0995811
node/8060527268,Bench,bench,bench,,,,,,False,-37.8763497,145.099557
node/8060527269,Bench,bench,bench,,,,,,False,-37.8763386,145.0995342
node/8060527270,Bench,bench,bench,,,,,,False,-37.8763534,145.099504
node/8060638706,Bench,bench,bench,,,,,,False,-37.9045258,144.6583584
node/8064196765,Bench,bench,bench,,,,,,False,-37.881715,145.0719329
node/8064196766,Bench,bench,bench,,,,,,False,-37.8812153,145.072063
node/8064196767,Bench,bench,bench,,,,,,False,-37.8809047,145.0720549
node/8064196768,Bench,bench,bench,,,,,,False,-37.8814646,145.0719926
node/8064196770,Bench,bench,bench,,,,,,False,-37.8834345,145.0723594
node/8064226211,Bench,bench,bench,,,,,,False,-37.8824726,145.0724754
node/8069741682,Bench,bench,bench,,,,,,False,-37.8839219,145.0734886
node/8086478230,Bench,bench,bench,,,,,,False,-37.8777098,145.0681377
node/8163706742,Bench,bench,bench,,,,,,False,-37.7983571,145.0529745
node/8208016205,Bench,bench,bench,,,,,,False,-37.7630481,145.0272701
node/8218382669,Bench,bench,bench,,,,,,False,-37.8799483,145.0470082
node/8218391280,Bench,bench,bench,,,,,,False,-37.8800013,145.0471273
node/8223514291,Bench,bench,bench,,,,,,False,-37.7717431,145.0461406
node/8223619580,Bench,bench,bench,,,,,,False,-37.7685292,145.0432786
node/8250495945,Bench,bench,bench,,,,,,False,-37.8034445,145.0421358
node/8250498460,Bench,bench,bench,,,,,,False,-37.786612,144.9189136
node/8250498461,Bench,bench,bench,,,,,,False,-37.7863706,144.9179697
node/8253658789,Bench,bench,bench,,,,,,False,-37.8100125,144.9639329
node/8253658790,Bench,bench,bench,,,,,,False,-37.8098169,144.9638272
node/8253658791,Bench,bench,bench,,,,,,False,-37.8100082,144.9639413
node/8260877569,Bench,bench,bench,,,,,,False,-37.7388075,144.8804157
node/8268284482,Bench,bench,bench,,,,,,False,-37.853956,144.9607568
node/8268284483,Bench,bench,bench,,,,,,False,-37.8541159,144.9610281
node/8268286193,Bench,bench,bench,,,,,,False,-37.8540213,144.9608293
node/8268288374,Bench,bench,bench,,,,,,False,-37.8540852,144.9611325
node/8268298609,Bench,bench,bench,,,,,,False,-37.8539849,144.9609243
node/8268300333,Bench,bench,bench,,,,,,False,-37.8539823,144.9608116
node/8268305423,Bench,bench,bench,,,,,,False,-37.8539538,144.9608634
node/8283307121,Bench,bench,bench,,,,,,False,-38.190623,145.0890365
node/8317270229,Bench,bench,bench,,,,,,False,-37.8189293,145.1213895
node/8359544359,Bench,bench,bench,,,,,,False,-37.7826349,145.0205319
node/8359544361,Bench,bench,bench,,,,,,False,-37.7825027,145.0206514
node/8359544363,Bench,bench,bench,,,,,,False,-37.7825236,145.0206949
node/8379130060,Bench,bench,bench,,,,,,False,-37.8413321,144.9132406
node/8383668148,Bench,bench,bench,,,,,,False,-38.1826574,145.0917801
node/8383668149,Bench,bench,bench,,,,,,False,-38.1825455,145.0917352
node/8383668152,Bench,bench,bench,,,,,,False,-38.1825577,145.0915781
node/8383668153,Bench,bench,bench,,,,,,False,-38.1825303,145.0915448
node/8383668154,Bench,bench,bench,,,,,,False,-38.1827175,145.0917086
node/8383668157,Bench,bench,bench,,,,,,False,-38.1827613,145.0919093
node/8428430836,Bench,bench,bench,,,,,,False,-37.8172867,145.0155848
node/8428430837,Bench,bench,bench,,,,,,False,-37.8160594,145.0150098
node/8428430839,Bench,bench,bench,,,,,,False,-37.8161967,145.014954
node/8428430844,Bench,bench,bench,,,,,,False,-37.8155977,145.0146886
node/8428430849,Bench,bench,bench,,,,,,False,-37.8144897,145.0149625
node/8428430850,Bench,bench,bench,,,,,,False,-37.8140897,145.0151406
node/8431172669,Bench,bench,bench,,,,,,False,-37.7852689,145.3751497
node/8431172670,Bench,bench,bench,,,,,,False,-37.7853883,145.3724251
node/8481582382,Bench,bench,bench,,,,,,False,-38.3711886,144.8298441
node/8484538117,Bench,bench,bench,,,,,,False,-38.3815094,145.0243629
node/8493717900,Bench,bench,bench,,,,,"Arthurs ""Seat"" The Third",False,-38.3535265,144.9510008
node/8494016592,Bench,bench,bench,,,,,,False,-37.6979025,144.9205207
node/8494016593,Bench,bench,bench,,,,,,False,-37.6971564,144.9204024
node/8494016595,Bench,bench,bench,,,,,,False,-37.6968592,144.9207581
node/8494016597,Bench,bench,bench,,,,,,False,-37.6971689,144.9220879
node/8503356631,Bench,bench,bench,,,,,,False,-37.8026304,144.9737613
node/8505345775,Bench,bench,bench,,,,,,False,-37.9006908,144.6641585
node/8505347474,Bench,bench,bench,,,,,,False,-37.9006628,144.6641577
node/8505356307,Bench,bench,bench,,,,,,False,-37.9007961,144.6643556
node/8505357404,Bench,bench,bench,,,,,,False,-37.900662,144.6641786
node/8505359214,Bench,bench,bench,,,,,,False,-37.9007195,144.6643444
node/8505368557,Bench,bench,bench,,,,,,False,-37.9007245,144.664369
node/8505368894,Bench,bench,bench,,,,,,False,-37.9008096,144.6643458
node/8526868559,Bench,bench,bench,,,,,,False,-37.7904685,145.0477777
node/8528364880,Bench,bench,bench,,,,,,False,-38.4739467,145.0163662
node/8528364887,Bench,bench,bench,,,,,,False,-38.474058,145.0157882
node/8528364889,Bench,bench,bench,,,,,,False,-38.4741252,145.0158486
node/8552288731,Bench,bench,bench,,,,,,False,-37.8189558,144.95485
node/8552288739,Bench,bench,bench,,,,,,False,-37.8173063,144.959961
node/8552288744,Bench,bench,bench,,,,,,False,-37.8167358,144.961921
node/8552288745,Bench,bench,bench,,,,,,False,-37.8166973,144.9620602
node/8552288746,Bench,bench,bench,,,,,,False,-37.8166817,144.9621209
node/8566318114,Bench,bench,bench,,,,,,False,-37.7072946,145.0145363
node/8592018084,Bench,bench,bench,,,,,,False,-37.8944304,145.1971635
node/8594084865,Bench,bench,bench,,,,,,False,-37.8980931,145.2010141
node/8594084866,Bench,bench,bench,,,,,,False,-37.8962242,145.2011321
node/8594084867,Bench,bench,bench,,,,,,False,-37.8979703,145.2026529
node/8610446414,Bench,bench,bench,,,,,,False,-37.6881045,145.5477348
node/8617299248,Bench,bench,bench,,,,,,False,-38.1321136,145.1738336
node/8628077350,Bench,bench,bench,,,,,,False,-37.7696831,144.9751264
node/8636973724,Bench,bench,bench,,,,,,False,-37.8467798,145.1928987
node/8649705996,Bench,bench,bench,,,,,,False,-37.8994908,144.6609075
node/8649705997,Bench,bench,bench,,,,,,False,-37.8995193,144.6608402
node/8649705998,Bench,bench,bench,,,,,,False,-37.8996708,144.6609226
node/8649705999,Bench,bench,bench,,,,,,False,-37.8995328,144.6609241
node/8649718729,Bench,bench,bench,,,,,,False,-37.8996943,144.6604781
node/8654606951,Bench,bench,bench,,,,,,False,-38.1290747,145.1237599
node/8654620532,Bench,bench,bench,,,,,,False,-38.1295431,145.1231187
node/8661034768,Bench,bench,bench,,,,,,False,-38.0186755,145.3193443
node/8661034769,Bench,bench,bench,,,,,,False,-38.0187323,145.3193209
node/8699746259,Bench,bench,bench,,,,,,False,-37.87935,145.1344918
node/8700827896,Bench,bench,bench,,,,,,False,-37.8670105,145.1246256
node/8700934434,Bench,bench,bench,,,,,,False,-37.8784162,145.1331269
node/8700934435,Bench,bench,bench,,,,,,False,-37.8788589,145.1329594
node/8700934436,Bench,bench,bench,,,,,,False,-37.8816644,145.1361172
node/8714181397,Bench,bench,bench,,,,,,False,-37.8495082,145.3730422
node/8714181398,Bench,bench,bench,,,,,,False,-37.842444,145.3725569
node/8720475141,Bench,bench,bench,,,,,,False,-37.8082609,145.0082059
node/8720475145,Bench,bench,bench,,,,,,False,-37.8079651,145.0079728
node/8720475148,Bench,bench,bench,,,,,,False,-37.8081124,145.0084008
node/8720475150,Bench,bench,bench,,,,,,False,-37.8075196,145.0074711
node/8726787932,Bench,bench,bench,,,,,,False,-37.7240789,145.0155294
node/8744317376,Bench,bench,bench,,,,,,False,-37.7550707,144.9617578
node/8756902550,Bench,bench,bench,,,,,,False,-37.9148867,145.0506015
node/8778202759,Bench,bench,bench,,,,Bayside City Council,,False,-37.9605151,145.0283851
node/8778202764,Bench,bench,bench,,,,,,False,-37.9601926,145.0271488
node/8803234798,Bench,bench,bench,,,,,,False,-37.8563613,145.299024
node/8827358403,Bench,bench,bench,,,,,,False,-37.7834134,144.9460409
node/8872097271,Bench,bench,bench,,,,,,False,-37.7689833,144.9617124
node/8873137119,Bench,bench,bench,,,,,,False,-37.5795272,144.7293235
node/8873137120,Bench,bench,bench,,,,,,False,-37.5796011,144.7294896
node/8873137121,Bench,bench,bench,,,,,,False,-37.5795802,144.7295058
node/8873137122,Bench,bench,bench,,,,,,False,-37.5795798,144.7295201
node/8873137123,Bench,bench,bench,,,,,,False,-37.5795919,144.7295211
node/8873137124,Bench,bench,bench,,,,,,False,-37.5796044,144.7295079
node/8873137139,Bench,bench,bench,,,,,,False,-37.5793686,144.7283949
node/8873701522,Bench,bench,bench,,,,,,False,-37.5797896,144.7291572
node/8873701532,Bench,bench,bench,,,,,,False,-37.5797206,144.7291196
node/8873701534,Bench,bench,bench,,,,,,False,-37.5798538,144.7293152
node/8873701537,Bench,bench,bench,,,,,,False,-37.5801687,144.7291469
node/8873701540,Bench,bench,bench,,,,,,False,-37.5802851,144.7290935
node/8873701541,Bench,bench,bench,,,,,,False,-37.5803675,144.7290203
node/8873701546,Bench,bench,bench,,,,,,False,-37.5805844,144.7288531
node/8873701547,Bench,bench,bench,,,,,,False,-37.5806123,144.7288329
node/8873701549,Bench,bench,bench,,,,,,False,-37.580701,144.7287686
node/8873701554,Bench,bench,bench,,,,,,False,-37.581042,144.7285254
node/8873701558,Bench,bench,bench,,,,,,False,-37.5812686,144.7283594
node/8873701560,Bench,bench,bench,,,,,,False,-37.581383,144.728263
node/8873701563,Bench,bench,bench,,,,,,False,-37.5814736,144.7281887
node/8873701565,Bench,bench,bench,,,,,,False,-37.58173,144.7280304
node/8875028270,Bench,bench,bench,,,,,,False,-37.5797543,144.7295566
node/8875028271,Bench,bench,bench,,,,,,False,-37.5797506,144.7295741
node/8875028281,Bench,bench,bench,,,,,,False,-37.580071,144.7302931
node/8875028282,Bench,bench,bench,,,,,,False,-37.5801454,144.7304554
node/8875028284,Bench,bench,bench,,,,,,False,-37.5801795,144.7305451
node/8875028285,Bench,bench,bench,,,,,,False,-37.5801669,144.7305787
node/8875028290,Bench,bench,bench,,,,,,False,-37.5803597,144.7304522
node/8875028291,Bench,bench,bench,,,,,,False,-37.5803422,144.7304451
node/8875028293,Bench,bench,bench,,,,,,False,-37.5802539,144.7303601
node/8875028296,Bench,bench,bench,,,,,,False,-37.5802525,144.7302531
node/8875028299,Bench,bench,bench,,,,,,False,-37.5801157,144.7299514
node/8875028305,Bench,bench,bench,,,,,,False,-37.579864,144.729509
node/8875028307,Bench,bench,bench,,,,,,False,-37.5798717,144.7294417
node/8887723812,Bench,bench,bench,,,,,,False,-37.5795112,144.7293615
node/8887723813,Bench,bench,bench,,,,,,False,-37.5790778,144.7299134
node/8887723814,Bench,bench,bench,,,,,,False,-37.5789699,144.7300018
node/8887768019,Bench,bench,bench,,,,,,False,-37.5785937,144.7300241
node/8887768024,Bench,bench,bench,,,,,,False,-37.5787153,144.7298341
node/8887768032,Bench,bench,bench,,,,,,False,-37.5787516,144.7301044
node/8891789065,Bench,bench,bench,,,,,,False,-37.5731545,144.7229801
node/8891789066,Bench,bench,bench,,,,,,False,-37.5730579,144.7228927
node/8891789067,Bench,bench,bench,,,,,,False,-37.5730289,144.7228592
node/8891789068,Bench,bench,bench,,,,,,False,-37.5729974,144.7228216
node/8891789069,Bench,bench,bench,,,,,,False,-37.5729668,144.7227789
node/8891789070,Bench,bench,bench,,,,,,False,-37.5729306,144.7227332
node/8891789071,Bench,bench,bench,,,,,,False,-37.5728387,144.722601
node/8891789072,Bench,bench,bench,,,,,,False,-37.5727952,144.7225157
node/8891789073,Bench,bench,bench,,,,,,False,-37.5727687,144.7224415
node/8891789074,Bench,bench,bench,,,,,,False,-37.5727509,144.7223652
node/8891789075,Bench,bench,bench,,,,,,False,-37.57273,144.7222473
node/8891789076,Bench,bench,bench,,,,,,False,-37.5727227,144.7221721
node/8891789077,Bench,bench,bench,,,,,,False,-37.5727171,144.722105
node/8891789078,Bench,bench,bench,,,,,,False,-37.572709,144.722041
node/8891789082,Bench,bench,bench,,,,,,False,-37.573281,144.7213065
node/8891789083,Bench,bench,bench,,,,,,False,-37.5734318,144.7213224
node/8891789084,Bench,bench,bench,,,,,,False,-37.5735503,144.7213569
node/8891789085,Bench,bench,bench,,,,,,False,-37.5736456,144.7213985
node/8891789086,Bench,bench,bench,,,,,,False,-37.5736919,144.7214259
node/8891789087,Bench,bench,bench,,,,,,False,-37.5737684,144.7214675
node/8891789088,Bench,bench,bench,,,,,,False,-37.5738406,144.7214914
node/8891789089,Bench,bench,bench,,,,,,False,-37.5739184,144.7215427
node/8891789090,Bench,bench,bench,,,,,,False,-37.5739893,144.721594
node/8891789091,Bench,bench,bench,,,,,,False,-37.5741059,144.7216988
node/8891789092,Bench,bench,bench,,,,,,False,-37.5740676,144.7216465
node/8891789093,Bench,bench,bench,,,,,,False,-37.5744631,144.7223588
node/8891789094,Bench,bench,bench,,,,,,False,-37.57448,144.7224313
node/8891789095,Bench,bench,bench,,,,,,False,-37.574487,144.7225216
node/8891789096,Bench,bench,bench,,,,,,False,-37.5744786,144.7226083
node/8891789097,Bench,bench,bench,,,,,,False,-37.5744701,144.7226897
node/8891789098,Bench,bench,bench,,,,,,False,-37.5744575,144.7227534
node/8891789099,Bench,bench,bench,,,,,,False,-37.5744421,144.7228259
node/8891789100,Bench,bench,bench,,,,,,False,-37.574414,144.7228932
node/8891789101,Bench,bench,bench,,,,,,False,-37.5743916,144.7229587
node/8891789102,Bench,bench,bench,,,,,,False,-37.5743621,144.7230171
node/8891789103,Bench,bench,bench,,,,,,False,-37.5743341,144.7230701
node/8891789104,Bench,bench,bench,,,,,,False,-37.5733825,144.7231308
node/8891789105,Bench,bench,bench,,,,,,False,-37.5734414,144.7231556
node/8891789106,Bench,bench,bench,,,,,,False,-37.5734863,144.7231795
node/8891789107,Bench,bench,bench,,,,,,False,-37.5735445,144.7232096
node/8891789108,Bench,bench,bench,,,,,,False,-37.5736104,144.7232317
node/8891789109,Bench,bench,bench,,,,,,False,-37.5736532,144.7232485
node/8891789110,Bench,bench,bench,,,,,,False,-37.5737135,144.7232706
node/8891789111,Bench,bench,bench,,,,,,False,-37.5737766,144.7232857
node/8891789112,Bench,bench,bench,,,,,,False,-37.573872,144.7233043
node/8891789113,Bench,bench,bench,,,,,,False,-37.5739267,144.7233078
node/8891789114,Bench,bench,bench,,,,,,False,-37.5740059,144.7232927
node/8891789115,Bench,bench,bench,,,,,,False,-37.5740725,144.7232751
node/8891789116,Bench,bench,bench,,,,,,False,-37.5741335,144.723252
node/8891807517,Bench,bench,bench,,,,,,False,-37.5741924,144.7232131
node/8891807518,Bench,bench,bench,,,,,,False,-37.5742612,144.7231538
node/8896995202,Bench,bench,bench,,,,,,False,-37.9643357,145.0114826
node/8896995203,Bench,bench,bench,,,,,,False,-37.9646188,145.0112867
node/8896995210,Bench,bench,bench,,,,,,False,-37.9655397,145.0116824
node/8896995213,Bench,bench,bench,,,,,,False,-37.9645339,145.011293
node/8930029888,Bench,bench,bench,,,,,,False,-37.798042,144.9689086
node/8932878689,Bench,bench,bench,,,,,,False,-37.7403182,144.9692034
node/8935109078,Bench,bench,bench,,,,,,False,-37.8851501,144.6665414
node/8935109079,Bench,bench,bench,,,,,,False,-37.8852188,144.6661092
node/8935109080,Bench,bench,bench,,,,,,False,-37.8852009,144.6660842
node/8938838497,Bench,bench,bench,,,,,,False,-37.7751366,144.9604164
node/8940002483,Bench,bench,bench,,,,,,False,-37.8231013,145.0139621
node/8941747561,Bench,bench,bench,,,,,,False,-37.9028314,144.6562721
node/8941747564,Bench,bench,bench,,,,,,False,-37.9030476,144.6557186
node/8950340647,Bench,bench,bench,,,,,,False,-37.8444424,144.6841072
node/8950340648,Bench,bench,bench,,,,,,False,-37.8444542,144.6841561
node/8954137630,Bench,bench,bench,,,,,,False,-37.8877427,144.6578676
node/8958483839,Bench,bench,bench,,,,,,False,-37.8404478,144.9148906
node/8958634144,Bench,bench,bench,,,,,,False,-37.8691203,144.6538839
node/8958634146,Bench,bench,bench,,,,,,False,-37.8716962,144.6515158
node/8958634160,Bench,bench,bench,,,,,,False,-37.8660302,144.652811
node/8958634171,Bench,bench,bench,,,,,,False,-37.8626039,144.6558175
node/8958634172,Bench,bench,bench,,,,,,False,-37.8614116,144.6563505
node/8958634193,Bench,bench,bench,,,,,,False,-37.8665077,144.6538812
node/8958634199,Bench,bench,bench,,,,,,False,-37.8750188,144.6527602
node/8958634207,Bench,bench,bench,,,,,,False,-37.8774642,144.6524603
node/8971339367,Bench,bench,bench,,,,,,False,-37.5819076,144.7409787
node/8972336140,Bench,bench,bench,,,,,,False,-37.8216889,144.9712488
node/8972382965,Bench,bench,bench,,,,,,False,-37.8204465,144.9727889
node/8973125458,Bench,bench,bench,,,,,,False,-37.7999313,144.9432006
node/8973125459,Bench,bench,bench,,,,,,False,-37.7999101,144.9432255
node/8973125460,Bench,bench,bench,,,,,,False,-37.7998728,144.9432804
node/8973125461,Bench,bench,bench,,,,,,False,-37.7998561,144.9433046
node/8991362603,Bench,bench,bench,,,,,,False,-37.7301554,144.8786628
node/8991362604,Bench,bench,bench,,,,,,False,-37.7301581,144.8787089
node/8991362605,Bench,bench,bench,,,,,,False,-37.7301895,144.8787603
node/8991362606,Bench,bench,bench,,,,,,False,-37.7302195,144.878612
node/8991362607,Bench,bench,bench,,,,,,False,-37.7301526,144.8784988
node/8991362608,Bench,bench,bench,,,,,,False,-37.7301517,144.8784451
node/8991362609,Bench,bench,bench,,,,,,False,-37.7299748,144.8781636
node/8991362610,Bench,bench,bench,,,,,,False,-37.7299541,144.8780865
node/8991603184,Bench,bench,bench,,,,,,False,-37.6679683,144.5576363
node/8991603185,Bench,bench,bench,,,,,,False,-37.6679047,144.5573009
node/8991632827,Bench,bench,bench,,,,,,False,-37.8672237,144.7145775
node/8991632828,Bench,bench,bench,,,,,,False,-37.8694736,144.6995258
node/8991632829,Bench,bench,bench,,,,,,False,-37.8694952,144.6980377
node/8997303467,Bench,bench,bench,,,,,,False,-37.8578403,144.9789952
node/8997303468,Bench,bench,bench,,,,,,False,-37.8579603,144.9791044
node/8997303469,Bench,bench,bench,,,,,,False,-37.8576609,144.9793427
node/8997303470,Bench,bench,bench,,,,,,False,-37.8582824,144.9789265
node/8997303504,Bench,bench,bench,,,,,,False,-37.8573272,144.9770013
node/8997303505,Bench,bench,bench,,,,,,False,-37.8572779,144.9772955
node/8998978427,Bench,bench,bench,,,,,,False,-37.8179365,144.9831727
node/8998978657,Bench,bench,bench,,,,,,False,-37.8125437,144.973929
node/8998978658,Bench,bench,bench,,,,,,False,-37.8125442,144.9739635
node/8998978687,Bench,bench,bench,,,,,,False,-37.8123339,144.9738823
node/8998978688,Bench,bench,bench,,,,,,False,-37.8123182,144.9739477
node/8998978689,Bench,bench,bench,,,,,,False,-37.8123187,144.9739752
node/8998978690,Bench,bench,bench,,,,,,False,-37.8123588,144.9740604
node/8998978691,Bench,bench,bench,,,,,,False,-37.812386,144.9740849
node/8998978692,Bench,bench,bench,,,,,,False,-37.8124875,144.9740761
node/8998978693,Bench,bench,bench,,,,,,False,-37.8125073,144.9740616
node/9012682029,Bench,bench,bench,,,,,,False,-37.6689344,144.5669594
node/9012682030,Bench,bench,bench,,,,,,False,-37.6702453,144.5676859
node/9012682031,Bench,bench,bench,,,,,,False,-37.6697461,144.566667
node/9012682033,Bench,bench,bench,,,,,,False,-37.6693962,144.5661778
node/9012682034,Bench,bench,bench,,,,,,False,-37.6709605,144.5696733
node/9012682035,Bench,bench,bench,,,,,,False,-37.6697274,144.5691132
node/9012682036,Bench,bench,bench,,,,,,False,-37.6690582,144.5673129
node/9012682037,Bench,bench,bench,,,,,,False,-37.6684637,144.5653753
node/9012682038,Bench,bench,bench,,,,,,False,-37.6673087,144.564341
node/9013057376,Bench,bench,bench,,,,,,False,-37.8235054,145.0139763
node/9013057379,Bench,bench,bench,,,,,,False,-37.8241792,145.0139018
node/9013057380,Bench,bench,bench,,,,,,False,-37.8241368,145.0139032
node/9013062525,Bench,bench,bench,,,,,,False,-37.8265541,145.0133612
node/9013218488,Bench,bench,bench,,,,,,False,-37.826201,145.0149747
node/9013218489,Bench,bench,bench,,,,,,False,-37.8257243,145.0150082
node/9015766941,Bench,bench,bench,,,,,,False,-37.6028444,144.9987043
node/9015766942,Bench,bench,bench,,,,,,False,-37.6028603,144.9987341
node/9016150352,Bench,bench,bench,,,,,,False,-37.7933013,144.7516293
node/9016150369,Bench,bench,bench,,,,,,False,-37.7843707,144.7485034
node/9016150381,Bench,bench,bench,,,,,,False,-37.7669685,144.7440646
node/9018649045,Bench,bench,bench,,,,,,False,-37.7433147,144.9061694
node/9019044606,Bench,bench,bench,,,,,,False,-37.7648712,144.8614924
node/9019316615,Bench,bench,bench,,,,,,False,-37.6780753,145.124673
node/9021385943,Bench,bench,bench,,,,,,False,-37.8614812,144.768924
node/9021385944,Bench,bench,bench,,,,,,False,-37.8614232,144.7692061
node/9025899553,Bench,bench,bench,,,,,,False,-37.8311867,145.0278332
node/9026321354,Bench,bench,bench,,,,,,False,-37.8221406,144.9365301
node/9026321618,Bench,bench,bench,,,,,,False,-37.8232568,144.9417355
node/9027936724,Bench,bench,bench,,,,,,False,-37.903202,144.6575097
node/9027936725,Bench,bench,bench,,,,,,False,-37.9032244,144.6575192
node/9027936726,Bench,bench,bench,,,,,,False,-37.9032161,144.6574956
node/9027936727,Bench,bench,bench,,,,,,False,-37.9032018,144.6575336
node/9029466712,Bench,bench,bench,,,,,,False,-37.8637415,144.7531895
node/9029466713,Bench,bench,bench,,,,,,False,-37.8638197,144.7530462
node/9030241964,Bench,bench,bench,,,,,,False,-37.7867645,145.0254147
node/9030241965,Bench,bench,bench,,,,,,False,-37.7873613,145.0254248
node/9031973251,Bench,bench,bench,,,,,,False,-37.8421707,144.6922636
node/9031973252,Bench,bench,bench,,,,,,False,-37.8421652,144.6922843
node/9038727821,Bench,bench,bench,,,,,,False,-37.6236271,144.8763883
node/9038727883,Bench,bench,bench,,,,,,False,-37.622388,144.8777376
node/9039296728,Bench,bench,bench,,,,,,False,-37.7504606,144.8270759
node/9039757626,Bench,bench,bench,,,,,,False,-37.879658,144.6454085
node/9041499777,Bench,bench,bench,,,,,,False,-37.6868412,144.75501
node/9043890279,Bench,bench,bench,,,,,,False,-37.6945317,144.7969344
node/9043890280,Bench,bench,bench,,,,,,False,-37.6946566,144.7966748
node/9045383290,Bench,bench,bench,,,,,,False,-37.7057991,144.8919616
node/9045383291,Bench,bench,bench,,,,,,False,-37.7058657,144.8919835
node/9045383308,Bench,bench,bench,,,,,,False,-37.705968,144.8921532
node/9045383322,Bench,bench,bench,,,,,,False,-37.705812,144.8921399
node/9045383323,Bench,bench,bench,,,,,,False,-37.7057438,144.892023
node/9046854886,Bench,bench,bench,,,,,,False,-37.8517753,144.6557918
node/9046854887,Bench,bench,bench,,,,,,False,-37.8519286,144.6560895
node/9046854890,Bench,bench,bench,,,,,,False,-37.8517946,144.6545353
node/9046854891,Bench,bench,bench,,,,,,False,-37.851949,144.6544824
node/9046927971,Bench,bench,bench,,,,,,False,-37.8114848,145.2197553
node/9047000991,Bench,bench,bench,,,,,,False,-37.8973088,144.6530979
node/9047353578,Bench,bench,bench,,,,,,False,-37.8660268,144.7402549
node/9047353579,Bench,bench,bench,,,,,,False,-37.8658231,144.7395457
node/9049431602,Bench,bench,bench,,,,,,False,-37.8011099,145.2262197
node/9049451899,Bench,bench,bench,,,,,,False,-37.7913814,145.2432426
node/9051971182,Bench,bench,bench,,,,,,False,-37.8050482,145.2159491
node/9053842256,Bench,bench,bench,,,,,,False,-37.680586,144.8798479
node/9053842318,Bench,bench,bench,,,,,,False,-37.6796744,144.8740793
node/9053842319,Bench,bench,bench,,,,,,False,-37.6797409,144.8742395
node/9053842320,Bench,bench,bench,,,,,,False,-37.6798417,144.8742899
node/9055950850,Bench,bench,bench,,,,,,False,-37.7956464,145.2377135
node/9056086654,Bench,bench,bench,,,,,,False,-37.6717104,144.8824053
node/9056086682,Bench,bench,bench,,,,,,False,-37.6726807,144.882243
node/9056086683,Bench,bench,bench,,,,,,False,-37.6726921,144.882468
node/9060366704,Bench,bench,bench,,,,,,False,-37.8646645,144.8817208
node/9060366712,Bench,bench,bench,,,,,,False,-37.8643112,144.8803382
node/9060366721,Bench,bench,bench,,,,,,False,-37.8642583,144.8782662
node/9060366734,Bench,bench,bench,,,,,,False,-37.8623282,144.876033
node/9060366747,Bench,bench,bench,,,,,,False,-37.8598647,144.8752647
node/9060366748,Bench,bench,bench,,,,,,False,-37.859819,144.8751813
node/9060675204,Bench,bench,bench,,,,,,False,-37.7523601,144.8940189
node/9060675205,Bench,bench,bench,,,,,,False,-37.7523368,144.893842
node/9061411605,Bench,bench,bench,,,,,,False,-37.8104726,145.2148603
node/9063365552,Bench,bench,bench,,,,,,False,-37.8160248,145.2276377
node/9063440990,Bench,bench,bench,,,,,,False,-37.7685006,144.87276
node/9063440991,Bench,bench,bench,,,,,,False,-37.7684239,144.8726444
node/9064753582,Bench,bench,bench,,,,,,False,-37.7664297,144.954355
node/9064753592,Bench,bench,bench,,,,,,False,-37.7670844,144.950729
node/9064753593,Bench,bench,bench,,,,,,False,-37.7671002,144.9507606
node/9064753594,Bench,bench,bench,,,,,,False,-37.7671462,144.951075
node/9064753595,Bench,bench,bench,,,,,,False,-37.7671405,144.9511071
node/9070355588,Bench,bench,bench,,,,,,False,-37.7970491,145.0262741
node/9070355589,Bench,bench,bench,,,,,,False,-37.7970124,145.0262213
node/9071174049,Bench,bench,bench,,,,,,False,-38.2447877,145.0707778
node/9071174050,Bench,bench,bench,,,,,,False,-38.2444661,145.0697819
node/9071174051,Bench,bench,bench,,,,,,False,-38.2444647,145.0698431
node/9071174052,Bench,bench,bench,,,,,,False,-38.244692,145.0693186
node/9071174055,Bench,bench,bench,,,,,,False,-38.2451004,145.0685715
node/9071174056,Bench,bench,bench,,,,,,False,-38.2451294,145.0686297
node/9072395714,Bench,bench,bench,,,,,,False,-38.2380227,145.0517616
node/9072395715,Bench,bench,bench,,,,,,False,-38.2380575,145.0510975
node/9072421815,Bench,bench,bench,,,,,,False,-38.2323335,145.0347672
node/9072635905,Bench,bench,bench,,,,,,False,-37.6886901,144.7436436
node/9072635906,Bench,bench,bench,,,,,,False,-37.6886377,144.7437222
node/9072635907,Bench,bench,bench,,,,,,False,-37.6887974,144.7437599
node/9072635908,Bench,bench,bench,,,,,,False,-37.6887443,144.7438362
node/9072635909,Bench,bench,bench,,,,,,False,-37.6886371,144.7438955
node/9072635910,Bench,bench,bench,,,,,,False,-37.6885566,144.7439286
node/9075082378,Bench,bench,bench,,,,,,False,-37.7335445,145.2423699
node/9075292391,Bench,bench,bench,,,,,,False,-37.76976,144.9839127
node/9075292392,Bench,bench,bench,,,,,,False,-37.7697037,144.9839054
node/9075292393,Bench,bench,bench,,,,,,False,-37.7701693,144.9836908
node/9076512505,Bench,bench,bench,,,,,,False,-37.6712274,145.1569584
node/9076512506,Bench,bench,bench,,,,,,False,-37.671293,145.1574553
node/9078922844,Bench,bench,bench,,,,,,False,-37.9081533,144.6734163
node/9079048431,Bench,bench,bench,,,,,,False,-37.9124833,144.6534955
node/9079370415,Bench,bench,bench,,,,,,False,-37.8942459,144.6502311
node/9079370416,Bench,bench,bench,,,,,,False,-37.8942299,144.6502591
node/9081368158,Bench,bench,bench,,,,,,False,-37.8301412,144.6783808
node/9081368250,Bench,bench,bench,,,,,,False,-37.8322422,144.6815062
node/9081368252,Bench,bench,bench,,,,,,False,-37.8303669,144.6799144
node/9081368253,Bench,bench,bench,,,,,,False,-37.829733,144.6759512
node/9081368254,Bench,bench,bench,,,,,,False,-37.8295898,144.6750564
node/9083813493,Bench,bench,bench,,,,,,False,-38.2298866,145.0299382
node/9083903528,Bench,bench,bench,,,,,,False,-37.8612699,144.8132958
node/9083903529,Bench,bench,bench,,,,,,False,-37.8612888,144.8136532
node/9083903530,Bench,bench,bench,,,,,,False,-37.8602156,144.8137284
node/9083903531,Bench,bench,bench,,,,,,False,-37.8602956,144.8131584
node/9085576380,Bench,bench,bench,,,,,,False,-37.7529505,145.6958439
node/9087840823,Bench,bench,bench,,,,,,False,-37.798397,144.9980468
node/9087840824,Bench,bench,bench,,,,,,False,-37.7983742,144.9979831
node/9087840825,Bench,bench,bench,,,,,,False,-37.7983699,144.9979381
node/9093034666,Bench,bench,bench,,,,,,False,-37.8114425,145.212715
node/9093034667,Bench,bench,bench,,,,,,False,-37.8125378,145.217965
node/9094646780,Bench,bench,bench,,,,,,False,-37.6863082,145.1244621
node/9094646781,Bench,bench,bench,,,,,,False,-37.6864813,145.124385
node/9100902148,Bench,bench,bench,,,,,,False,-37.7778502,144.9892287
node/9101143921,Bench,bench,bench,,,,,,False,-37.7755482,144.9875382
node/9101143922,Bench,bench,bench,,,,,,False,-37.775446,144.9877365
node/9102753874,Bench,bench,bench,,,,,,False,-37.851721,144.6546264
node/9102753876,Bench,bench,bench,,,,,,False,-37.8559646,144.6557624
node/9102753877,Bench,bench,bench,,,,,,False,-37.8560093,144.6557885
node/9102753878,Bench,bench,bench,,,,,,False,-37.8568218,144.6564033
node/9102753880,Bench,bench,bench,,,,,,False,-37.8471683,144.6540559
node/9103525301,Bench,bench,bench,,,,,,False,-37.8319644,144.9831464
node/9103525302,Bench,bench,bench,,,,,,False,-37.8319876,144.9830166
node/9103525303,Bench,bench,bench,,,,,,False,-37.8320788,144.9829886
node/9104822756,Bench,bench,bench,,,,,,False,-37.8061905,145.2379409
node/9106594154,Bench,bench,bench,,,,,,False,-37.8097052,145.2115139
node/9106708349,Bench,bench,bench,,,,,,False,-37.8554472,144.6715076
node/9106708350,Bench,bench,bench,,,,,,False,-37.8555064,144.6715168
node/9107756463,Bench,bench,bench,,,,,,False,-37.7578078,145.0422089
node/9110130616,Bench,bench,bench,,,,,,False,-37.7685319,145.0430444
node/9110868569,Bench,bench,bench,,,,,,False,-37.7696533,145.0415177
node/9110868572,Bench,bench,bench,,,,,,False,-37.7692002,145.0419891
node/9110926210,Bench,bench,bench,,,,,,False,-37.6775993,145.1409942
node/9115648838,Bench,bench,bench,,,,,,False,-37.7636604,145.0575183
node/9115648839,Bench,bench,bench,,,,,,False,-37.7638204,145.0574069
node/9115648915,Bench,bench,bench,,,,,,False,-37.7538539,145.0614684
node/9118883391,Bench,bench,bench,,,,,,False,-37.7838731,145.2673955
node/9119265299,Bench,bench,bench,,,,,,False,-37.7755124,145.1410715
node/9119306470,Bench,bench,bench,,,,,,False,-37.7752705,145.1424861
node/9119335989,Bench,bench,bench,,,,,,False,-37.7759062,145.1394916
node/9119407462,Bench,bench,bench,,,,,,False,-37.772696,145.136797
node/9119407481,Bench,bench,bench,,,,,,False,-37.7756149,145.1346862
node/9119492661,Bench,bench,bench,,,,,,False,-37.7773036,145.1322481
node/9121765713,Bench,bench,bench,,,,,,False,-37.7753547,145.0492475
node/9121781517,Bench,bench,bench,,,,,,False,-37.7754837,145.0491212
node/9121781520,Bench,bench,bench,,,,,,False,-37.7756399,145.0489692
node/9123589724,Bench,bench,bench,,,,,,False,-37.7774468,145.0836695
node/9128388781,Bench,bench,bench,,,,,,False,-37.8073812,145.2286024
node/9130939023,Bench,bench,bench,,,,,,False,-37.7425139,145.7367669
node/9130940521,Bench,bench,bench,,,,,,False,-37.7424601,145.7365815
node/9136652843,Bench,bench,bench,,,,,,False,-37.8469149,145.2735139
node/9136800279,Bench,bench,bench,,,,,,False,-37.7482578,144.9625913
node/9137373895,Bench,bench,bench,,,,,,False,-37.8507578,145.2822641
node/9137373896,Bench,bench,bench,,,,,,False,-37.8511583,145.2818696
node/9139396351,Bench,bench,bench,,,,,,False,-37.8425526,145.1954935
node/9140901646,Bench,bench,bench,,,,,,False,-37.9025813,145.1303168
node/9140968963,Bench,bench,bench,,,,,,False,-37.8985196,145.1348365
node/9140968964,Bench,bench,bench,,,,,,False,-37.8986598,145.1346785
node/9140968965,Bench,bench,bench,,,,,,False,-37.8989753,145.1347526
node/9140968966,Bench,bench,bench,,,,,,False,-37.8987893,145.1346835
node/9141341061,Bench,bench,bench,,,,,,False,-37.8105927,144.9825277
node/9141341062,Bench,bench,bench,,,,,,False,-37.810492,144.9795309
node/9141341063,Bench,bench,bench,,,,,,False,-37.8102376,144.9788947
node/9141341068,Bench,bench,bench,,,,,,False,-37.8107341,144.9820587
node/9141341115,Bench,bench,bench,,,,,,False,-37.8109268,144.9830846
node/9141341119,Bench,bench,bench,,,,,,False,-37.8112717,144.983079
node/9141341143,Bench,bench,bench,,,,,,False,-37.8115243,144.9831199
node/9141341144,Bench,bench,bench,,,,,,False,-37.8115951,144.9831065
node/9141341156,Bench,bench,bench,,,,,,False,-37.8125931,144.9827621
node/9141341159,Bench,bench,bench,,,,,,False,-37.8147887,144.9809984
node/9141341450,Bench,bench,bench,,,,,,False,-37.811968,144.982692
node/9141341519,Bench,bench,bench,,,,,,False,-37.8076065,144.968589
node/9141341521,Bench,bench,bench,,,,,,False,-37.8074904,144.9684996
node/9141341694,Bench,bench,bench,,,,,,False,-37.8160409,144.9343689
node/9141341695,Bench,bench,bench,,,,,,False,-37.8160229,144.9344165
node/9141341696,Bench,bench,bench,,,,,,False,-37.8159535,144.9345989
node/9141341697,Bench,bench,bench,,,,,,False,-37.815935,144.9346432
node/9143189778,Bench,bench,bench,,,,,,False,-37.7564032,144.9300307
node/9143229133,Bench,bench,bench,,,,,,False,-37.7627876,144.9254728
node/9144234528,Bench,bench,bench,,,,,,False,-37.7657729,144.9243376
node/9144246321,Bench,bench,bench,,,,,,False,-37.7649341,144.9244873
node/9144247324,Bench,bench,bench,,,,,,False,-37.7543022,144.9343863
node/9147194319,Bench,bench,bench,,,,,,False,-37.9802713,145.1690398
node/9147194320,Bench,bench,bench,,,,,,False,-37.9803804,145.1690391
node/9147477519,Bench,bench,bench,,,,,,False,-37.7584955,144.9303552
node/9147477520,Bench,bench,bench,,,,,,False,-37.7586739,144.9301051
node/9150335193,Bench,bench,bench,,,,,,False,-37.7554933,144.9323478
node/9150335194,Bench,bench,bench,,,,,,False,-37.7555466,144.9323504
node/9150335195,Bench,bench,bench,,,,,,False,-37.7555453,144.9323068
node/9150335197,Bench,bench,bench,,,,,,False,-37.7554915,144.9323139
node/9156215061,Bench,bench,bench,,,,,,False,-38.1151796,145.332993
node/9156215062,Bench,bench,bench,,,,,,False,-38.1150884,145.3327273
node/9156215063,Bench,bench,bench,,,,,,False,-38.1150366,145.3327372
node/9156215064,Bench,bench,bench,,,,,,False,-38.1150269,145.3322486
node/9156215065,Bench,bench,bench,,,,,,False,-38.114974,145.3322605
node/9156215066,Bench,bench,bench,,,,,,False,-38.1146207,145.3327491
node/9156215074,Bench,bench,bench,,,,,,False,-38.1147391,145.3338662
node/9156215075,Bench,bench,bench,,,,,,False,-38.1152635,145.3337349
node/9156215076,Bench,bench,bench,,,,,,False,-38.1145624,145.3332614
node/9156283380,Bench,bench,bench,,,,,,False,-38.1174575,145.3309505
node/9156283381,Bench,bench,bench,,,,,,False,-38.1169012,145.3311757
node/9156283382,Bench,bench,bench,,,,,,False,-38.1171698,145.3314473
node/9156283501,Bench,bench,bench,,,,,,False,-38.1179268,145.3346079
node/9156283502,Bench,bench,bench,,,,,,False,-38.117969,145.3349282
node/9156283503,Bench,bench,bench,,,,,,False,-38.1174154,145.334998
node/9156283504,Bench,bench,bench,,,,,,False,-38.1173852,145.3347539
node/9156588503,Bench,bench,bench,,,,,,False,-37.8338407,145.0033144
node/9156588512,Bench,bench,bench,,,,,,False,-37.8332465,145.003676
node/9156603039,Bench,bench,bench,,,,,,False,-37.8332979,145.0015179
node/9156625044,Bench,bench,bench,,,,,,False,-37.8325494,145.0051034
node/9156625054,Bench,bench,bench,,,,,,False,-37.8324139,145.005362
node/9156657164,Bench,bench,bench,,,,,,False,-37.8323253,145.0093986
node/9156657167,Bench,bench,bench,,,,,,False,-37.8316221,145.0084809
node/9156859405,Bench,bench,bench,,,,,,False,-37.8362556,145.0036216
node/9156859406,Bench,bench,bench,,,,,,False,-37.8362644,145.0036525
node/9156859407,Bench,bench,bench,,,,,,False,-37.8362745,145.0036811
node/9156859562,Bench,bench,bench,,,,,,False,-37.8436571,144.9823452
node/9156859563,Bench,bench,bench,,,,,,False,-37.843878,144.9824301
node/9156859564,Bench,bench,bench,,,,,,False,-37.8443969,144.9824953
node/9156859565,Bench,bench,bench,,,,,,False,-37.8446435,144.9824696
node/9156859566,Bench,bench,bench,,,,,,False,-37.8448659,144.9825517
node/9156859741,Bench,bench,bench,,,,,,False,-37.8378399,144.9780082
node/9156859743,Bench,bench,bench,,,,,,False,-37.8382256,144.9789659
node/9158195071,Bench,bench,bench,,,,,,False,-38.1066763,145.3382517
node/9158195072,Bench,bench,bench,,,,,,False,-38.1065514,145.3385883
node/9158195073,Bench,bench,bench,,,,,,False,-38.106525,145.3388261
node/9158195074,Bench,bench,bench,,,,,,False,-38.106757,145.3386884
node/9158195075,Bench,bench,bench,,,,,,False,-38.1063399,145.3386822
node/9158605317,Bench,bench,bench,,,,,,False,-38.0863702,145.4885661
node/9158605318,Bench,bench,bench,,,,,,False,-38.0864851,145.4885439
node/9158605319,Bench,bench,bench,,,,,,False,-38.0864009,145.4887899
node/9158605320,Bench,bench,bench,,,,,,False,-38.0865137,145.488766
node/9158605321,Bench,bench,bench,,,,,,False,-38.0864273,145.4889695
node/9158605322,Bench,bench,bench,,,,,,False,-38.0865394,145.4889456
node/9158605323,Bench,bench,bench,,,,,,False,-38.0863465,145.48839
node/9158605324,Bench,bench,bench,,,,,,False,-38.0864614,145.488367
node/9158605325,Bench,bench,bench,,,,,,False,-38.0866613,145.4886253
node/9158605326,Bench,bench,bench,,,,,,False,-38.0866947,145.488605
node/9158605327,Bench,bench,bench,,,,,,False,-38.08624,145.4887041
node/9158605328,Bench,bench,bench,,,,,,False,-38.0862052,145.4887262
node/9158605329,Bench,bench,bench,,,,,,False,-38.0861536,145.4883236
node/9158605330,Bench,bench,bench,,,,,,False,-38.086185,145.4883024
node/9158605331,Bench,bench,bench,,,,,,False,-38.0863194,145.4881661
node/9158605332,Bench,bench,bench,,,,,,False,-38.0864315,145.4881413
node/9158605333,Bench,bench,bench,,,,,,False,-38.0864071,145.4879626
node/9158605334,Bench,bench,bench,,,,,,False,-38.0862922,145.4879892
node/9158605335,Bench,bench,bench,,,,,,False,-38.0862637,145.487768
node/9158605336,Bench,bench,bench,,,,,,False,-38.0862407,145.4875866
node/9158605337,Bench,bench,bench,,,,,,False,-38.0863382,145.4875636
node/9158605338,Bench,bench,bench,,,,,,False,-38.0863632,145.4877414
node/9158605339,Bench,bench,bench,,,,,,False,-38.0862184,145.4874079
node/9158605340,Bench,bench,bench,,,,,,False,-38.086194,145.4872282
node/9158605341,Bench,bench,bench,,,,,,False,-38.0862797,145.4874645
node/9158605342,Bench,bench,bench,,,,,,False,-38.0860993,145.4879228
node/9158605343,Bench,bench,bench,,,,,,False,-38.0861334,145.4878998
node/9158605344,Bench,bench,bench,,,,,,False,-38.0865875,145.4878175
node/9158605345,Bench,bench,bench,,,,,,False,-38.0865394,145.4877954
node/9158605346,Bench,bench,bench,,,,,,False,-38.0866049,145.4882254
node/9158605347,Bench,bench,bench,,,,,,False,-38.0866418,145.4882033
node/9160769392,Bench,bench,bench,,,,,,False,-38.1090271,145.1294185
node/9160769393,Bench,bench,bench,,,,,,False,-38.1089987,145.129426
node/9161532113,Bench,bench,bench,,,,,,False,-37.7630477,144.9300507
node/9161701503,Bench,bench,bench,,,,,,False,-37.7770751,145.2250214
node/9161701504,Bench,bench,bench,,,,,,False,-37.7770375,145.2251085
node/9161793557,Bench,bench,bench,,,,,,False,-37.7783166,145.2252459
node/9161793558,Bench,bench,bench,,,,,,False,-37.7782893,145.2251477
node/9161793564,Bench,bench,bench,,,,,,False,-37.7732932,145.2264394
node/9161912857,Bench,bench,bench,,,,,,False,-37.8197842,144.9745973
node/9161912932,Bench,bench,bench,,,,,,False,-37.8188406,144.9677154
node/9161912958,Bench,bench,bench,,,,,,False,-37.8206493,144.9631122
node/9161912959,Bench,bench,bench,,,,,,False,-37.8206119,144.9632494
node/9161912960,Bench,bench,bench,,,,,,False,-37.8205714,144.9633941
node/9161912961,Bench,bench,bench,,,,,,False,-37.8205335,144.9635465
node/9161912962,Bench,bench,bench,,,,,,False,-37.8204941,144.9636824
node/9161912963,Bench,bench,bench,,,,,,False,-37.8204131,144.9637221
node/9161912964,Bench,bench,bench,,,,,,False,-37.8204427,144.9635956
node/9161912965,Bench,bench,bench,,,,,,False,-37.8204739,144.9634574
node/9161913378,Bench,bench,bench,,,,,,False,-37.8300498,144.9574131
node/9162271754,Bench,bench,bench,,,,,,False,-37.8286562,145.0009791
node/9162271755,Bench,bench,bench,,,,,,False,-37.8289208,145.0009937
node/9162271789,Bench,bench,bench,,,,,,False,-37.8272901,145.0020604
node/9162271790,Bench,bench,bench,,,,,,False,-37.8272779,145.0012585
node/9162271791,Bench,bench,bench,,,,,,False,-37.8273534,145.0015589
node/9162271826,Bench,bench,bench,,,,,,False,-37.8281542,145.0009034
node/9162271834,Bench,bench,bench,,,,,,False,-37.827856,145.0009188
node/9162272166,Bench,bench,bench,,,,,,False,-37.8318092,144.9947235
node/9162272426,Bench,bench,bench,,,,,,False,-37.8333986,144.9973041
node/9162430067,Bench,bench,bench,,,,,,False,-37.8163825,144.9923482
node/9162430108,Bench,bench,bench,,,,,,False,-37.816063,144.9926739
node/9162430109,Bench,bench,bench,,,,,,False,-37.8161266,144.9926538
node/9162430113,Bench,bench,bench,,,,,,False,-37.8162011,144.9926411
node/9162430114,Bench,bench,bench,,,,,,False,-37.8162622,144.9926231
node/9162430139,Bench,bench,bench,,,,,,False,-37.8163677,144.9925876
node/9162430381,Bench,bench,bench,,,,,,False,-37.8114886,144.9867276
node/9162430514,Bench,bench,bench,,,,,,False,-37.811833,144.9960234
node/9162430646,Bench,bench,bench,,,,,,False,-37.8165757,144.9998816
node/9162430647,Bench,bench,bench,,,,,,False,-37.816479,144.9999504
node/9162430648,Bench,bench,bench,,,,,,False,-37.8163305,145.0001708
node/9162430649,Bench,bench,bench,,,,,,False,-37.8163012,145.0002497
node/9162430650,Bench,bench,bench,,,,,,False,-37.8168448,144.9998514
node/9162430653,Bench,bench,bench,,,,,,False,-37.8172963,145.0010428
node/9163277554,Bench,bench,bench,,,,,,False,-38.0904862,145.3350637
node/9163277555,Bench,bench,bench,,,,,,False,-38.091505,145.3417772
node/9163277556,Bench,bench,bench,,,,,,False,-38.0915183,145.3418092
node/9163277558,Bench,bench,bench,,,,,,False,-38.0943153,145.3466434
node/9163277559,Bench,bench,bench,,,,,,False,-38.0938302,145.3468941
node/9163856137,Bench,bench,bench,,,,,,False,-37.7635481,144.9345046
node/9164462319,Bench,bench,bench,,,,,,False,-37.8126432,144.9895738
node/9164462320,Bench,bench,bench,,,,,,False,-37.8127567,144.989108
node/9164462321,Bench,bench,bench,,,,,,False,-37.8128157,144.9890012
node/9164462322,Bench,bench,bench,,,,,,False,-37.8128959,144.989073
node/9164462323,Bench,bench,bench,,,,,,False,-37.812836,144.9891798
node/9164462324,Bench,bench,bench,,,,,,False,-37.8129594,144.9888831
node/9164462362,Bench,bench,bench,,,,,,False,-37.8108949,145.0154346
node/9164462407,Bench,bench,bench,,,,,,False,-37.8033122,144.9945867
node/9164738835,Bench,bench,bench,,,,,,False,-37.7706264,144.9789221
node/9164738836,Bench,bench,bench,,,,,,False,-37.7705864,144.9795946
node/9167202723,Bench,bench,bench,,,,,,False,-37.7898702,145.0849653
node/9167202724,Bench,bench,bench,,,,,,False,-37.7899543,145.0850189
node/9167202725,Bench,bench,bench,,,,,,False,-37.7900464,145.0851947
node/9167202726,Bench,bench,bench,,,,,,False,-37.7900544,145.085387
node/9168508252,Bench,bench,bench,,,,,,False,-37.9188812,145.253368
node/9168508253,Bench,bench,bench,,,,,,False,-37.9188656,145.2532003
node/9168604963,Bench,bench,bench,,,,,,False,-37.913715,145.2405196
node/9168744339,Bench,bench,bench,,,,,,False,-37.918914,145.2513073
node/9168921396,Bench,bench,bench,,,,,,False,-37.7688514,144.9723034
node/9168921397,Bench,bench,bench,,,,,,False,-37.7689137,144.9723158
node/9168997856,Bench,bench,bench,,,,,,False,-37.9974793,145.1803971
node/9169363700,Bench,bench,bench,,,,,,False,-37.8112211,145.057314
node/9174267201,Bench,bench,bench,,,,,,False,-37.9005131,145.1439582
node/9174267202,Bench,bench,bench,,,,,,False,-37.9005483,145.143579
node/9174350098,Bench,bench,bench,,,,,,False,-37.9122563,145.1338772
node/9175656671,Bench,bench,bench,,,,,,False,-38.077508,145.2494125
node/9175656672,Bench,bench,bench,,,,,,False,-38.077505,145.2493154
node/9175656673,Bench,bench,bench,,,,,,False,-38.077518,145.2490115
node/9175656712,Bench,bench,bench,,,,,,False,-38.0775796,145.2498596
node/9175656858,Bench,bench,bench,,,,,,False,-38.077787,145.2504946
node/9175656895,Bench,bench,bench,,,,,,False,-38.0781074,145.2503256
node/9175656896,Bench,bench,bench,,,,,,False,-38.0781773,145.250311
node/9175656897,Bench,bench,bench,,,,,,False,-38.0778363,145.2507506
node/9175656898,Bench,bench,bench,,,,,,False,-38.0778506,145.2508714
node/9175657357,Bench,bench,bench,,,,,,False,-38.077731,145.250854
node/9175657358,Bench,bench,bench,,,,,,False,-38.0776802,145.250572
node/9175657427,Bench,bench,bench,,,,,,False,-38.077319,145.25024
node/9177359113,Bench,bench,bench,,,,,,False,-38.0772202,145.2515469
node/9177359114,Bench,bench,bench,,,,,,False,-38.0772414,145.2515427
node/9177395520,Bench,bench,bench,,,,,,False,-38.0772419,145.252411
node/9177395521,Bench,bench,bench,,,,,,False,-38.0772635,145.2524063
node/9177395647,Bench,bench,bench,,,,,,False,-38.0782464,145.2515043
node/9177605443,Bench,bench,bench,,,,,,False,-38.1026359,145.2644322
node/9177605444,Bench,bench,bench,,,,,,False,-38.1016967,145.2646095
node/9177605454,Bench,bench,bench,,,,,,False,-38.0996094,145.2637379
node/9177605455,Bench,bench,bench,,,,,,False,-38.1001149,145.2632176
node/9177605456,Bench,bench,bench,,,,,,False,-38.1001133,145.2648155
node/9177605848,Bench,bench,bench,,,,,,False,-38.0916037,145.2465966
node/9177605849,Bench,bench,bench,,,,,,False,-38.09187,145.2465986
node/9177628590,Bench,bench,bench,,,,,,False,-37.7807445,144.9897708
node/9179193443,Bench,bench,bench,,,,,,False,-38.0938122,145.2509196
node/9179193444,Bench,bench,bench,,,,,,False,-38.093817,145.2509835
node/9179193486,Bench,bench,bench,,,,,,False,-38.0931396,145.2508979
node/9179193487,Bench,bench,bench,,,,,,False,-38.0931199,145.2509353
node/9179193488,Bench,bench,bench,,,,,,False,-38.093099,145.2509715
node/9181872499,Bench,bench,bench,,,,,,False,-38.099213,145.2485727
node/9182058857,Bench,bench,bench,,,,,,False,-37.8457966,144.8522144
node/9182080090,Bench,bench,bench,,,,,,False,-37.842437,144.8505845
node/9182080091,Bench,bench,bench,,,,,,False,-37.8423099,144.8506269
node/9182107789,Bench,bench,bench,,,,,,False,-37.8356042,144.8594675
node/9182113462,Bench,bench,bench,,,,,,False,-38.1076727,145.2509942
node/9182113463,Bench,bench,bench,,,,,,False,-38.1076991,145.2510677
node/9184330599,Bench,bench,bench,,,,,,False,-37.8584754,144.6727444
node/9184332625,Bench,bench,bench,,,,,,False,-37.8654073,144.6737486
node/9184332626,Bench,bench,bench,,,,,,False,-37.8654354,144.673746
node/9184332627,Bench,bench,bench,,,,,,False,-37.8626691,144.6742167
node/9184332628,Bench,bench,bench,,,,,,False,-37.8626937,144.6742067
node/9184332931,Bench,bench,bench,,,,,,False,-37.8775572,144.6575328
node/9184332932,Bench,bench,bench,,,,,,False,-37.8775477,144.6575772
node/9184332933,Bench,bench,bench,,,,,,False,-37.8771585,144.6574428
node/9184332934,Bench,bench,bench,,,,,,False,-37.8770559,144.6584475
node/9185370378,Bench,bench,bench,,,,,,False,-37.8030375,144.9813251
node/9187461874,Bench,bench,bench,,,,,,False,-38.097034,145.2496056
node/9187461875,Bench,bench,bench,,,,,,False,-38.0970538,145.2496193
node/9187461876,Bench,bench,bench,,,,,,False,-38.0963329,145.2482605
node/9187461877,Bench,bench,bench,,,,,,False,-38.0963374,145.2482897
node/9187461922,Bench,bench,bench,,,,,,False,-38.0997895,145.2491475
node/9187461923,Bench,bench,bench,,,,,,False,-38.099825,145.2491422
node/9187461930,Bench,bench,bench,,,,,,False,-38.0985315,145.2494142
node/9193064449,Bench,bench,bench,,,,,,False,-37.9122666,145.1341821
node/9193064489,Bench,bench,bench,,,,,,False,-37.9112264,145.1339433
node/9194883354,Bench,bench,bench,,,,,,False,-38.103882,145.2527198
node/9194883355,Bench,bench,bench,,,,,,False,-38.1038884,145.2527843
node/9194883356,Bench,bench,bench,,,,,,False,-38.1038985,145.2528429
node/9194883357,Bench,bench,bench,,,,,,False,-38.1039049,145.2529051
node/9194883358,Bench,bench,bench,,,,,,False,-38.104249,145.2526494
node/9194883359,Bench,bench,bench,,,,,,False,-38.1042545,145.2527098
node/9194883360,Bench,bench,bench,,,,,,False,-38.1042632,145.2527729
node/9194883361,Bench,bench,bench,,,,,,False,-38.1042717,145.252826
node/9195227193,Bench,bench,bench,,,,,,False,-38.1047932,145.2624493
node/9195230347,Bench,bench,bench,,,,,,False,-38.1201041,145.2608158
node/9195230348,Bench,bench,bench,,,,,,False,-38.1201573,145.2608485
node/9195230373,Bench,bench,bench,,,,,,False,-38.119145,145.261112
node/9195230374,Bench,bench,bench,,,,,,False,-38.119195,145.2611055
node/9195230375,Bench,bench,bench,,,,,,False,-38.1191188,145.2609374
node/9195230376,Bench,bench,bench,,,,,,False,-38.1191743,145.2609246
node/9195230377,Bench,bench,bench,,,,,,False,-38.1192129,145.2608055
node/9195230378,Bench,bench,bench,,,,,,False,-38.1192207,145.2608604
node/9195230379,Bench,bench,bench,,,,,,False,-38.1192478,145.2610005
node/9195230385,Bench,bench,bench,,,,,,False,-38.1198355,145.2610905
node/9195230394,Bench,bench,bench,,,,,,False,-38.1200922,145.2608534
node/9195230395,Bench,bench,bench,,,,,,False,-38.1200959,145.2608873
node/9195230570,Bench,bench,bench,,,,,,False,-38.1118688,145.2647303
node/9195230571,Bench,bench,bench,,,,,,False,-38.1118941,145.2647274
node/9196766361,Bench,bench,bench,,,,,,False,-38.0818366,145.3728671
node/9196766362,Bench,bench,bench,,,,,,False,-38.0818402,145.3729017
node/9196766363,Bench,bench,bench,,,,,,False,-38.0818436,145.3729272
node/9196766364,Bench,bench,bench,,,,,,False,-38.0818454,145.3729641
node/9196766365,Bench,bench,bench,,,,,,False,-38.0818518,145.3729892
node/9196909167,Bench,bench,bench,,,,,,False,-38.0856681,145.4249368
node/9196909206,Bench,bench,bench,,,,,,False,-38.0853553,145.4256734
node/9196909207,Bench,bench,bench,,,,,,False,-38.0854165,145.4259229
node/9196909208,Bench,bench,bench,,,,,,False,-38.0856832,145.4260866
node/9196909457,Bench,bench,bench,,,,,,False,-38.0853177,145.425465
node/9196909532,Bench,bench,bench,,,,,,False,-38.0855312,145.42594
node/9199195758,Bench,bench,bench,,,,,,False,-37.9126988,145.1347279
node/9199310418,Bench,bench,bench,,,,,,False,-37.9122611,145.1320667
node/9199735807,Bench,bench,bench,,,,,,False,-38.0514944,145.2803685
node/9202340221,Bench,bench,bench,,,,,,False,-38.0707669,145.2513555
node/9202692430,Bench,bench,bench,,,,,,False,-38.0731433,145.2414212
node/9202692431,Bench,bench,bench,,,,,,False,-38.0731367,145.2413911
node/9202692453,Bench,bench,bench,,,,,,False,-38.072645,145.241332
node/9202692469,Bench,bench,bench,,,,,,False,-38.0706813,145.2416285
node/9202692486,Bench,bench,bench,,,,,,False,-38.0707898,145.2423673
node/9202692727,Bench,bench,bench,,,,,,False,-38.0734345,145.2487916
node/9202692800,Bench,bench,bench,,,,,,False,-38.0586146,145.2582665
node/9203481611,Bench,bench,bench,,,,,,False,-38.0248244,145.3419146
node/9203488626,Bench,bench,bench,,,,,,False,-38.0263256,145.3400369
node/9203527812,Bench,bench,bench,,,,,,False,-38.0282855,145.3492462
node/9203527813,Bench,bench,bench,,,,,,False,-38.0288387,145.3490642
node/9203527814,Bench,bench,bench,,,,,,False,-38.0281421,145.3492123
node/9203527816,Bench,bench,bench,,,,,,False,-38.0278597,145.348688
node/9203573873,Bench,bench,bench,,,,,,False,-38.0300241,145.3459237
node/9203573874,Bench,bench,bench,,,,,,False,-38.0299154,145.3464528
node/9203792668,Bench,bench,bench,,,,,,False,-37.978649,145.1692133
node/9204506450,Bench,bench,bench,,,,,,False,-37.9667495,145.175724
node/9204506454,Bench,bench,bench,,,,,,False,-37.9669014,145.1759427
node/9204506455,Bench,bench,bench,,,,,,False,-37.9668494,145.1759999
node/9204506456,Bench,bench,bench,,,,,,False,-37.9668766,145.1759999
node/9204506461,Bench,bench,bench,,,,,,False,-37.9669465,145.1762347
node/9204506462,Bench,bench,bench,,,,,,False,-37.9670676,145.1761289
node/9204512982,Bench,bench,bench,,,,,,False,-37.9668525,145.1758864
node/9204512983,Bench,bench,bench,,,,,,False,-37.9668081,145.1758047
node/9204512984,Bench,bench,bench,,,,,,False,-37.9667262,145.1757778
node/9204601222,Bench,bench,bench,,,,,,False,-38.0012835,145.1706634
node/9204601425,Bench,bench,bench,,,,,,False,-38.0088256,145.1729473
node/9204601426,Bench,bench,bench,,,,,,False,-38.0088452,145.1729765
node/9204601427,Bench,bench,bench,,,,,,False,-38.0088647,145.1730079
node/9204745161,Bench,bench,bench,,,,,,False,-38.0987729,145.2647069
node/9205456493,Bench,bench,bench,,,,,,False,-38.1443376,145.1178806
node/9206256791,Bench,bench,bench,,,,,,False,53.890274,-0.8438636
node/9207128828,Bench,bench,bench,,,,,,False,-37.9785987,145.1688344
node/9209485594,Bench,bench,bench,,,,,,False,-38.0270938,145.3399309
node/9209485595,Bench,bench,bench,,,,,,False,-38.0270709,145.3400871
node/9209485596,Bench,bench,bench,,,,,,False,-38.0267925,145.340799
node/9209621269,Bench,bench,bench,,,,,,False,-37.9967269,145.2790991
node/9209621270,Bench,bench,bench,,,,,,False,-37.9967141,145.2791147
node/9210375817,Bench,bench,bench,,,,,,False,-37.9682896,145.1745514
node/9210375905,Bench,bench,bench,,,,,,False,-37.964168,145.1740913
node/9210375906,Bench,bench,bench,,,,,,False,-37.964185,145.1741726
node/9210375907,Bench,bench,bench,,,,,,False,-37.9642411,145.1742269
node/9211795439,Bench,bench,bench,,,,,,False,-38.1002069,145.2485297
node/9211809959,Bench,bench,bench,,,,,,False,-38.098486,145.2515842
node/9211809960,Bench,bench,bench,,,,,,False,-38.0984981,145.2516718
node/9211809982,Bench,bench,bench,,,,,,False,-38.0988317,145.2521564
node/9215056479,Bench,bench,bench,,,,,,False,-38.1138718,145.1330362
node/9215068533,Bench,bench,bench,,,,,,False,-38.1244494,145.1383279
node/9215092523,Bench,bench,bench,,,,,,False,-38.114829,145.1526399
node/9215457005,Bench,bench,bench,,,,,,False,-38.0114791,145.2567701
node/9215457006,Bench,bench,bench,,,,,,False,-38.0117228,145.2566823
node/9215796300,Bench,bench,bench,,,,,,False,-38.096784,145.2574229
node/9215796736,Bench,bench,bench,,,,,,False,-38.1250507,145.2622142
node/9217979238,Bench,bench,bench,,,,,,False,-38.1160096,145.2401802
node/9217979956,Bench,bench,bench,,,,,,False,-38.1134928,145.2386479
node/9217979957,Bench,bench,bench,,,,,,False,-38.1136067,145.2384014
node/9217979962,Bench,bench,bench,,,,,,False,-38.1131099,145.237453
node/9217979963,Bench,bench,bench,,,,,,False,-38.1132179,145.2374297
node/9217979964,Bench,bench,bench,,,,,,False,-38.1134562,145.2374992
node/9218323982,Bench,bench,bench,,,,,,False,-38.1135834,145.2377712
node/9218323983,Bench,bench,bench,,,,,,False,-38.1136663,145.2379756
node/9218324157,Bench,bench,bench,,,,,,False,-38.1117053,145.2411968
node/9218324172,Bench,bench,bench,,,,,,False,-38.1108464,145.2414166
node/9218324173,Bench,bench,bench,,,,,,False,-38.1110473,145.2412143
node/9218324174,Bench,bench,bench,,,,,,False,-38.1111594,145.2411989
node/9218324177,Bench,bench,bench,,,,,,False,-38.1112839,145.2412979
node/9218324178,Bench,bench,bench,,,,,,False,-38.1113185,145.2414885
node/9218324179,Bench,bench,bench,,,,,,False,-38.1113685,145.2414793
node/9218324180,Bench,bench,bench,,,,,,False,-38.1113764,145.2414701
node/9218324212,Bench,bench,bench,,,,,,False,-38.1110887,145.2431645
node/9218324213,Bench,bench,bench,,,,,,False,-38.1110296,145.2433548
node/9218324575,Bench,bench,bench,,,,,,False,-38.1108778,145.2337009
node/9218438975,Bench,bench,bench,,,,,,False,-38.1120502,145.2414861
node/9218438976,Bench,bench,bench,,,,,,False,-38.111825,145.2412708
node/9218558568,Bench,bench,bench,,,,,,False,-38.1160336,145.2396667
node/9218558569,Bench,bench,bench,,,,,,False,-38.1160617,145.2397058
node/9218558570,Bench,bench,bench,,,,,,False,-38.1161668,145.2397776
node/9218558571,Bench,bench,bench,,,,,,False,-38.1161673,145.2397216
node/9218558572,Bench,bench,bench,,,,,,False,-38.1161659,145.2397046
node/9218617329,Bench,bench,bench,,,,,,False,-38.1154836,145.2354999
node/9218617487,Bench,bench,bench,,,,,,False,-38.0928597,145.272912
node/9220278774,Bench,bench,bench,,,,,,False,-38.0001435,145.289065
node/9220845845,Bench,bench,bench,,,,,,False,-37.8406826,145.0095632
node/9220924864,Bench,bench,bench,,,,,,False,-38.1139758,145.1447945
node/9220924865,Bench,bench,bench,,,,,,False,-38.1141374,145.1449132
node/9221359646,Bench,bench,bench,,,,,,False,-38.1267387,145.3032696
node/9221359647,Bench,bench,bench,,,,,,False,-38.1267612,145.3036856
node/9221359877,Bench,bench,bench,,,,,,False,-38.1243233,145.3039175
node/9221399337,Bench,bench,bench,,,,,,False,-38.1311001,145.3188071
node/9221399338,Bench,bench,bench,,,,,,False,-38.1304893,145.3189474
node/9221399339,Bench,bench,bench,,,,,,False,-38.1307484,145.318985
node/9221399340,Bench,bench,bench,,,,,,False,-38.1304054,145.318426
node/9221399341,Bench,bench,bench,,,,,,False,-38.1307868,145.3186394
node/9221399342,Bench,bench,bench,,,,,,False,-38.1309698,145.3180083
node/9221399344,Bench,bench,bench,,,,,,False,-38.1315671,145.3219931
node/9221399345,Bench,bench,bench,,,,,,False,-38.1316112,145.3223037
node/9221399346,Bench,bench,bench,,,,,,False,-38.1310914,145.3219327
node/9221399347,Bench,bench,bench,,,,,,False,-38.1308583,145.3223246
node/9221399348,Bench,bench,bench,,,,,,False,-38.1311624,145.3225388
node/9222316898,Bench,bench,bench,,,,,,False,-38.1296892,145.1250355
node/9222394800,Bench,bench,bench,,,,,,False,-38.1178219,145.1596295
node/9222394801,Bench,bench,bench,,,,,,False,-38.1179076,145.1597108
node/9222405070,Bench,bench,bench,,,,,,False,-38.0008855,145.3098908
node/9222497282,Bench,bench,bench,,,,,,False,-38.1240373,145.1342124
node/9222515474,Bench,bench,bench,,,,,,False,-38.0156662,145.3358762
node/9222515475,Bench,bench,bench,,,,,,False,-38.0157687,145.3358161
node/9222515489,Bench,bench,bench,,,,,,False,-38.0161193,145.3364018
node/9222515490,Bench,bench,bench,,,,,,False,-38.0161242,145.3365319
node/9222693902,Bench,bench,bench,,,,,,False,-38.0234472,145.3269785
node/9222693903,Bench,bench,bench,,,,,,False,-38.0234921,145.3272207
node/9222930681,Bench,bench,bench,,,,,,False,-38.0079978,145.3281226
node/9222930704,Bench,bench,bench,,,,,,False,-38.0085655,145.3262124
node/9222972731,Bench,bench,bench,,,,,,False,-38.0079912,145.3227939
node/9223110379,Bench,bench,bench,,,,,,False,-38.0457158,145.3233402
node/9223111315,Bench,bench,bench,,,,,,False,-37.8771759,144.8082977
node/9223156190,Bench,bench,bench,,,,,,False,-37.8750967,144.8138778
node/9223553349,Bench,bench,bench,,,,,,False,-38.0381482,145.3288212
node/9223553350,Bench,bench,bench,,,,,,False,-38.0381558,145.3288758
node/9223553351,Bench,bench,bench,,,,,,False,-38.0381692,145.3289932
node/9223553352,Bench,bench,bench,,,,,,False,-38.0381758,145.3290486
node/9223553353,Bench,bench,bench,,,,,,False,-38.038519,145.3291799
node/9223553354,Bench,bench,bench,,,,,,False,-38.0385272,145.3292633
node/9223553355,Bench,bench,bench,,,,,,False,-38.038536,145.3291774
node/9223553356,Bench,bench,bench,,,,,,False,-38.038546,145.32926
node/9223553357,Bench,bench,bench,,,,,,False,-38.0385526,145.3293751
node/9223553358,Bench,bench,bench,,,,,,False,-38.038557,145.3294147
node/9223553359,Bench,bench,bench,,,,,,False,-38.0385468,145.3293263
node/9223553360,Bench,bench,bench,,,,,,False,-38.0385608,145.3294475
node/9223553406,Bench,bench,bench,,,,,,False,-38.0384442,145.3285756
node/9223553407,Bench,bench,bench,,,,,,False,-38.0384341,145.3284818
node/9223553473,Bench,bench,bench,,,,,,False,-38.037185,145.3268106
node/9223553476,Bench,bench,bench,,,,,,False,-38.0384073,145.3277924
node/9223553554,Bench,bench,bench,,,,,,False,-38.0388187,145.3257441
node/9223553563,Bench,bench,bench,,,,,,False,-38.0386991,145.3255082
node/9223553564,Bench,bench,bench,,,,,,False,-38.0387461,145.325499
node/9223553565,Bench,bench,bench,,,,,,False,-38.038821,145.3254878
node/9223553566,Bench,bench,bench,,,,,,False,-38.0388668,145.3254766
node/9223553597,Bench,bench,bench,,,,,,False,-38.0347664,145.3249005
node/9223553598,Bench,bench,bench,,,,,,False,-38.0345375,145.3254551
node/9223553599,Bench,bench,bench,,,,,,False,-38.034857,145.3264615
node/9223553611,Bench,bench,bench,,,,,,False,-38.0399549,145.3290282
node/9223553612,Bench,bench,bench,,,,,,False,-38.0399586,145.3290574
node/9223553613,Bench,bench,bench,,,,,,False,-38.039983,145.3292635
node/9223553614,Bench,bench,bench,,,,,,False,-38.0399844,145.329288
node/9223763933,Bench,bench,bench,,,,,,False,-38.0715969,145.4081533
node/9223763934,Bench,bench,bench,,,,,,False,-38.0715802,145.4088302
node/9223763996,Bench,bench,bench,,,,,,False,-38.0719717,145.4083499
node/9223764457,Bench,bench,bench,,,,,,False,-38.0733494,145.4138118
node/9223764957,Bench,bench,bench,,,,,,False,-38.0584393,145.4226469
node/9225550147,Bench,bench,bench,,,,,,False,-38.0153395,145.3257868
node/9225550148,Bench,bench,bench,,,,,,False,-38.0153383,145.3258317
node/9225863392,Bench,bench,bench,,,,,,False,-38.2966265,145.1871237
node/9225863393,Bench,bench,bench,,,,,,False,-38.2966373,145.1871929
node/9225863394,Bench,bench,bench,,,,,,False,-38.296644,145.1872299
node/9225863395,Bench,bench,bench,,,,,,False,-38.2966518,145.1872868
node/9225863396,Bench,bench,bench,,,,,,False,-38.2966577,145.1873352
node/9225863397,Bench,bench,bench,,,,,,False,-38.2966607,145.1873859
node/9225863398,Bench,bench,bench,,,,,,False,-38.2966648,145.1874432
node/9225863399,Bench,bench,bench,,,,,,False,-38.2966618,145.1875134
node/9225863400,Bench,bench,bench,,,,,,False,-38.2966629,145.1875528
node/9226549807,Bench,bench,bench,,,,,,False,-37.9127536,145.1321393
node/9227806046,Bench,bench,bench,,,,,,False,-38.1111267,145.1505966
node/9232465969,Bench,bench,bench,,,,,,False,-38.1063446,145.1822122
node/9232466952,Bench,bench,bench,,,,,,False,-38.1063525,145.1893886
node/9232466975,Bench,bench,bench,,,,,,False,-38.1058169,145.1897495
node/9232467060,Bench,bench,bench,,,,,,False,-38.1107518,145.1912915
node/9232467061,Bench,bench,bench,,,,,,False,-38.1108078,145.1913804
node/9232475429,Bench,bench,bench,,,,,,False,-38.1142304,145.144702
node/9232875571,Bench,bench,bench,,,,,,False,-37.8689022,144.9758982
node/9232875613,Bench,bench,bench,,,,,,False,-37.8675403,144.9775042
node/9233984994,Bench,bench,bench,,,,,,False,-37.8386449,145.1040257
node/9233985001,Bench,bench,bench,,,,,,False,-37.83937,145.1045675
node/9233985002,Bench,bench,bench,,,,,,False,-37.8393525,145.1046126
node/9233985003,Bench,bench,bench,,,,,,False,-37.8393384,145.1047128
node/9234003520,Bench,bench,bench,,,,,,False,-37.8394776,145.1052524
node/9234003521,Bench,bench,bench,,,,,,False,-37.8394469,145.1051887
node/9234136884,Bench,bench,bench,,,,,,False,-38.0282913,145.3485447
node/9234136885,Bench,bench,bench,,,,,,False,-38.028312,145.3485795
node/9234136886,Bench,bench,bench,,,,,,False,-38.0284292,145.3482825
node/9234136887,Bench,bench,bench,,,,,,False,-38.0285431,145.3485043
node/9234146548,Bench,bench,bench,,,,,,False,-37.8693443,145.0633854
node/9234146549,Bench,bench,bench,,,,,,False,-37.8692056,145.0630626
node/9234146550,Bench,bench,bench,,,,,,False,-37.8693103,145.0631537
node/9234146551,Bench,bench,bench,,,,,,False,-37.8688605,145.0627711
node/9234146552,Bench,bench,bench,,,,,,False,-37.868754,145.0626705
node/9234218664,Bench,bench,bench,,,,,,False,-37.9374184,145.4906835
node/9234222668,Bench,bench,bench,,,,,,False,-37.9901879,145.1649791
node/9234286118,Bench,bench,bench,,,,,,False,-37.9367386,145.4897057
node/9234286169,Bench,bench,bench,,,,,,False,-37.9390498,145.492097
node/9234286271,Bench,bench,bench,,,,,,False,-37.9359124,145.4906805
node/9234286272,Bench,bench,bench,,,,,,False,-37.9358569,145.4909115
node/9234286398,Bench,bench,bench,,,,,,False,-37.9384566,145.4920044
node/9234339071,Bench,bench,bench,,,,,,False,-38.0316383,145.3480786
node/9234405688,Bench,bench,bench,,,,,,False,-37.8690235,145.0533798
node/9235032716,Bench,bench,bench,,,,,,False,-37.8301659,144.9931253
node/9236683513,Bench,bench,bench,,,,,,False,-37.934094,145.4443147
node/9236709329,Bench,bench,bench,,,,,,False,-37.9354258,145.4431452
node/9236709370,Bench,bench,bench,,,,,,False,-37.9347986,145.4460502
node/9237197141,Bench,bench,bench,,,,,,False,-37.9304973,145.4491354
node/9237197142,Bench,bench,bench,,,,,,False,-37.9304969,145.4491913
node/9237367286,Bench,bench,bench,,,,,,False,-38.0862586,145.2913481
node/9237367287,Bench,bench,bench,,,,,,False,-38.0862649,145.2914124
node/9237368081,Bench,bench,bench,,,,,,False,-38.0859615,145.2915861
node/9237368082,Bench,bench,bench,,,,,,False,-38.0862099,145.2915426
node/9237368109,Bench,bench,bench,,,,,,False,-38.0875014,145.2888117
node/9237368110,Bench,bench,bench,,,,,,False,-38.087519,145.2888549
node/9237368661,Bench,bench,bench,,,,,,False,-38.0870586,145.29345
node/9237368695,Bench,bench,bench,,,,,,False,-38.0869328,145.2935308
node/9237369169,Bench,bench,bench,,,,,,False,-38.0808717,145.2992805
node/9237369170,Bench,bench,bench,,,,,,False,-38.0809105,145.2992728
node/9237369171,Bench,bench,bench,,,,,,False,-38.0809653,145.2991997
node/9237369172,Bench,bench,bench,,,,,,False,-38.0809605,145.2991615
node/9237369173,Bench,bench,bench,,,,,,False,-38.0809549,145.299125
node/9237369182,Bench,bench,bench,,,,,,False,-38.0814533,145.2995754
node/9237369183,Bench,bench,bench,,,,,,False,-38.0813928,145.2994999
node/9237369184,Bench,bench,bench,,,,,,False,-38.0815092,145.299563
node/9237901763,Bench,bench,bench,,,,,,False,-37.7836494,145.0980628
node/9237901764,Bench,bench,bench,,,,,,False,-37.78391,145.0980759
node/9237901765,Bench,bench,bench,,,,,,False,-37.7856735,145.0992029
node/9237901841,Bench,bench,bench,,,,,,False,-37.7710909,145.0901044
node/9237902180,Bench,bench,bench,,,,,,False,-37.765365,145.0932367
node/9237902181,Bench,bench,bench,,,,,,False,-37.7652294,145.0932534
node/9237902182,Bench,bench,bench,,,,,,False,-37.7652362,145.0932388
node/9237902331,Bench,bench,bench,,,,,,False,-37.7739415,145.1227771
node/9237902332,Bench,bench,bench,,,,,,False,-37.7738425,145.1228443
node/9237902333,Bench,bench,bench,,,,,,False,-37.7737417,145.1229137
node/9237902334,Bench,bench,bench,,,,,,False,-37.7736418,145.1229863
node/9237902335,Bench,bench,bench,,,,,,False,-37.773581,145.1230266
node/9237902336,Bench,bench,bench,,,,,,False,-37.773558,145.1230439
node/9237902337,Bench,bench,bench,,,,,,False,-37.7736953,145.1233795
node/9237902338,Bench,bench,bench,,,,,,False,-37.7739368,145.123209
node/9237902339,Bench,bench,bench,,,,,,False,-37.7740027,145.1231606
node/9237902340,Bench,bench,bench,,,,,,False,-37.774081,145.1231068
node/9237902896,Bench,bench,bench,,,,,,False,-37.8174217,145.0004792
node/9237902897,Bench,bench,bench,,,,,,False,-37.8174261,145.0005019
node/9237902898,Bench,bench,bench,,,,,,False,-37.8174377,145.0005953
node/9237902899,Bench,bench,bench,,,,,,False,-37.8174394,145.0006198
node/9237902900,Bench,bench,bench,,,,,,False,-37.8174652,145.0008632
node/9237902901,Bench,bench,bench,,,,,,False,-37.8174669,145.0008871
node/9237902902,Bench,bench,bench,,,,,,False,-37.8174776,145.0009822
node/9237902903,Bench,bench,bench,,,,,,False,-37.8174793,145.0010018
node/9237902904,Bench,bench,bench,,,,,,False,-37.8175678,145.0011545
node/9237902905,Bench,bench,bench,,,,,,False,-37.8176055,145.0011491
node/9237902906,Bench,bench,bench,,,,,,False,-37.8177013,145.001129
node/9237902907,Bench,bench,bench,,,,,,False,-37.8177021,145.0009415
node/9237902908,Bench,bench,bench,,,,,,False,-37.817691,145.0008404
node/9237902909,Bench,bench,bench,,,,,,False,-37.8176579,145.0005491
node/9237902910,Bench,bench,bench,,,,,,False,-37.8176506,145.0004725
node/9237902911,Bench,bench,bench,,,,,,False,-37.817448,145.0003247
node/9237902912,Bench,bench,bench,,,,,,False,-37.8175897,145.0002954
node/9237902913,Bench,bench,bench,,,,,,False,-37.8173334,145.0002617
node/9237902914,Bench,bench,bench,,,,,,False,-37.8173205,145.0001601
node/9237902915,Bench,bench,bench,,,,,,False,-37.8176729,145.0000992
node/9237902916,Bench,bench,bench,,,,,,False,-37.8176845,145.0001935
node/9237903135,Bench,bench,bench,,,,,,False,-37.7731122,145.1174854
node/9238169099,Bench,bench,bench,,,,,,False,-37.7396867,144.9645413
node/9238169100,Bench,bench,bench,,,,,,False,-37.739797,144.9645278
node/9238169476,Bench,bench,bench,,,,,,False,-37.8146541,144.9956043
node/9238169477,Bench,bench,bench,,,,,,False,-37.8148448,144.9956734
node/9238169483,Bench,bench,bench,,,,,,False,-37.8123427,144.9990242
node/9238169484,Bench,bench,bench,,,,,,False,-37.81235,144.9990666
node/9238169485,Bench,bench,bench,,,,,,False,-37.8123567,144.9991066
node/9239389934,Bench,bench,bench,,,,,,False,-38.1175663,145.2924644
node/9239389935,Bench,bench,bench,,,,,,False,-38.1176327,145.2927311
node/9239389936,Bench,bench,bench,,,,,,False,-38.1178197,145.2933129
node/9239389937,Bench,bench,bench,,,,,,False,-38.1180842,145.2927006
node/9239883955,Bench,bench,bench,,,,,,False,-37.9208827,145.4053168
node/9241675472,Bench,bench,bench,,,,,,False,-38.0710311,145.4087172
node/9241801853,Bench,bench,bench,,,,,,False,-38.0851633,145.291466
node/9241836010,Bench,bench,bench,,,,,,False,-38.0771105,145.2786784
node/9242157790,Bench,bench,bench,,,,,,False,-37.9207445,145.4047115
node/9242313941,Bench,bench,bench,,,,,,False,-37.8663326,145.0479273
node/9242313942,Bench,bench,bench,,,,,,False,-37.8654892,145.0481005
node/9242313945,Bench,bench,bench,,,,,,False,-37.8654512,145.0500614
node/9242313946,Bench,bench,bench,,,,,,False,-37.8654706,145.0500567
node/9242313967,Bench,bench,bench,,,,,,False,-37.8683997,145.0484386
node/9242608070,Bench,bench,bench,,,,,,False,-37.9119722,145.1351681
node/9242991244,Bench,bench,bench,,,,,,False,-38.0885431,145.2774615
node/9242991245,Bench,bench,bench,,,,,,False,-38.0885343,145.277491
node/9242991246,Bench,bench,bench,,,,,,False,-38.0885587,145.277957
node/9242991247,Bench,bench,bench,,,,,,False,-38.0885691,145.2779804
node/9243139781,Bench,bench,bench,,,,,,False,-38.0935145,145.2895741
node/9243492475,Bench,bench,bench,,,,,,False,-38.0980389,145.2876628
node/9243492476,Bench,bench,bench,,,,,,False,-38.097592,145.2874962
node/9243492588,Bench,bench,bench,,,,,,False,-38.1017141,145.2897108
node/9243492591,Bench,bench,bench,,,,,,False,-38.1020003,145.2896635
node/9243492593,Bench,bench,bench,,,,,,False,-38.1023246,145.2896017
node/9243492715,Bench,bench,bench,,,,,,False,-38.1106234,145.3085012
node/9243492716,Bench,bench,bench,,,,,,False,-38.1106481,145.3084839
node/9243492718,Bench,bench,bench,,,,,,False,-38.109964,145.3088175
node/9243492719,Bench,bench,bench,,,,,,False,-38.1099711,145.3088619
node/9243492749,Bench,bench,bench,,,,,,False,-38.1042398,145.2763727
node/9243492750,Bench,bench,bench,,,,,,False,-38.1042153,145.2765403
node/9243493259,Bench,bench,bench,,,,,,False,-38.1181843,145.3046468
node/9243493371,Bench,bench,bench,,,,,,False,-38.1215991,145.3136187
node/9243493372,Bench,bench,bench,,,,,,False,-38.1216869,145.3135372
node/9243493378,Bench,bench,bench,,,,,,False,-38.1213165,145.3135218
node/9243493383,Bench,bench,bench,,,,,,False,-38.121383,145.313299
node/9243695979,Bench,bench,bench,,,,,,False,-38.0018286,145.1649551
node/9243695980,Bench,bench,bench,,,,,,False,-38.0018479,145.1650199
node/9243695986,Bench,bench,bench,,,,,,False,-38.0002639,145.1644196
node/9243695987,Bench,bench,bench,,,,,,False,-38.0004236,145.1644762
node/9243695988,Bench,bench,bench,,,,,,False,-37.9999576,145.1645002
node/9243695989,Bench,bench,bench,,,,,,False,-37.9998403,145.1645014
node/9243696301,Bench,bench,bench,,,,,,False,-38.0893218,145.1837036
node/9243696302,Bench,bench,bench,,,,,,False,-38.0894746,145.1837803
node/9247249177,Bench,bench,bench,,,,,,False,-38.2608787,145.0330193
node/9247522956,Bench,bench,bench,,,,,,False,-38.1111425,145.2829823
node/9247522985,Bench,bench,bench,,,,,,False,-38.1109305,145.2830218
node/9247522993,Bench,bench,bench,,,,,,False,-38.1105701,145.2824475
node/9247535018,Bench,bench,bench,,,,,,False,-38.1094458,145.2840519
node/9247535049,Bench,bench,bench,,,,,,False,-38.1096921,145.2842837
node/9247535804,Bench,bench,bench,,,,,,False,-38.1156269,145.3075121
node/9249682791,Bench,bench,bench,,,,,,False,-37.9099816,145.3527314
node/9249682792,Bench,bench,bench,,,,,,False,-37.9099819,145.3528399
node/9249688569,Bench,bench,bench,,,,,,False,-37.9088564,145.3545709
node/9250181434,Bench,bench,bench,,,,,,False,-38.1040489,145.3051749
node/9250181435,Bench,bench,bench,,,,,,False,-38.1040483,145.3052078
node/9250181450,Bench,bench,bench,,,,,,False,-38.1043877,145.3051984
node/9250181451,Bench,bench,bench,,,,,,False,-38.1044027,145.3052144
node/9250181452,Bench,bench,bench,,,,,,False,-38.104436,145.305246
node/9250181544,Bench,bench,bench,,,,,,False,-38.1047338,145.3052556
node/9250181545,Bench,bench,bench,,,,,,False,-38.1047478,145.305283
node/9250181597,Bench,bench,bench,,,,,,False,-38.1071841,145.3043211
node/9250181598,Bench,bench,bench,,,,,,False,-38.107229,145.3046905
node/9250181709,Bench,bench,bench,,,,,,False,-38.1049806,145.3089112
node/9250181710,Bench,bench,bench,,,,,,False,-38.1051491,145.3088611
node/9250181711,Bench,bench,bench,,,,,,False,-38.1051552,145.3088442
node/9250253854,Bench,bench,bench,,,,,,False,-38.1015254,145.3017719
node/9250254141,Bench,bench,bench,,,,,,False,-38.094767,145.2987175
node/9250254142,Bench,bench,bench,,,,,,False,-38.0948551,145.2988691
node/9250254502,Bench,bench,bench,,,,,,False,-38.1246553,145.3313334
node/9250254560,Bench,bench,bench,,,,,,False,-38.1245146,145.3320724
node/9250254561,Bench,bench,bench,,,,,,False,-38.1246037,145.331788
node/9250341901,Bench,bench,bench,,,,,,False,-38.1240881,145.331646
node/9250342501,Bench,bench,bench,,,,,,False,-38.1135492,145.3354447
node/9250342558,Bench,bench,bench,,,,,,False,-38.0978195,145.3331839
node/9250342559,Bench,bench,bench,,,,,,False,-38.0976371,145.3333841
node/9250342563,Bench,bench,bench,,,,,,False,-38.0965086,145.3321052
node/9250342564,Bench,bench,bench,,,,,,False,-38.0967739,145.3343959
node/9250342565,Bench,bench,bench,,,,,,False,-38.0970425,145.3366851
node/9250342672,Bench,bench,bench,,,,,,False,-38.1172568,145.3441301
node/9250342673,Bench,bench,bench,,,,,,False,-38.1172774,145.3440885
node/9250342674,Bench,bench,bench,,,,,,False,-38.1171328,145.3440899
node/9250342675,Bench,bench,bench,,,,,,False,-38.1173797,145.3436594
node/9250342676,Bench,bench,bench,,,,,,False,-38.1174541,145.3436969
node/9250342678,Bench,bench,bench,,,,,,False,-38.118899,145.3431098
node/9250342684,Bench,bench,bench,,,,,,False,-38.1202255,145.3455518
node/9250342730,Bench,bench,bench,,,,,,False,-38.1236241,145.3452445
node/9250342734,Bench,bench,bench,,,,,,False,-38.1223052,145.3385168
node/9250342735,Bench,bench,bench,,,,,,False,-38.1219458,145.3389594
node/9250342736,Bench,bench,bench,,,,,,False,-38.1217687,145.3387434
node/9250342737,Bench,bench,bench,,,,,,False,-38.1217799,145.3390123
node/9250342928,Bench,bench,bench,,,,,,False,-38.1048466,145.3350114
node/9250342929,Bench,bench,bench,,,,,,False,-38.1048814,145.3350262
node/9251255160,Bench,bench,bench,,,,,,False,-38.1117416,145.151226
node/9251255161,Bench,bench,bench,,,,,,False,-38.1117821,145.1510799
node/9252167716,Bench,bench,bench,,,,,,False,-38.2516721,145.0424509
node/9252187017,Bench,bench,bench,,,,,,False,-38.2520402,145.0430574
node/9252187018,Bench,bench,bench,,,,,,False,-38.2518196,145.0435804
node/9252187019,Bench,bench,bench,,,,,,False,-38.2519024,145.0420601
node/9252827922,Bench,bench,bench,,,,,,False,-38.1033547,145.3333033
node/9252827923,Bench,bench,bench,,,,,,False,-38.1034269,145.3341028
node/9252827924,Bench,bench,bench,,,,,,False,-38.1032556,145.3344186
node/9252827925,Bench,bench,bench,,,,,,False,-38.1030842,145.3341787
node/9252827926,Bench,bench,bench,,,,,,False,-38.1030612,145.333993
node/9252827927,Bench,bench,bench,,,,,,False,-38.1035129,145.3342319
node/9252827928,Bench,bench,bench,,,,,,False,-38.1035289,145.3342055
node/9252827929,Bench,bench,bench,,,,,,False,-38.1035401,145.334173
node/9252828016,Bench,bench,bench,,,,,,False,-38.0931014,145.3359853
node/9252828017,Bench,bench,bench,,,,,,False,-38.0928965,145.3365737
node/9252828134,Bench,bench,bench,,,,,,False,-38.0666969,145.3295036
node/9252828135,Bench,bench,bench,,,,,,False,-38.0668923,145.3299408
node/9252828136,Bench,bench,bench,,,,,,False,-38.0671071,145.3298456
node/9252828137,Bench,bench,bench,,,,,,False,-38.0692039,145.3306728
node/9252828138,Bench,bench,bench,,,,,,False,-38.0702354,145.3334033
node/9252828139,Bench,bench,bench,,,,,,False,-38.0703833,145.3343971
node/9252828452,Bench,bench,bench,,,,,,False,-38.0753842,145.3267514
node/9252828453,Bench,bench,bench,,,,,,False,-38.0753496,145.3261637
node/9252828799,Bench,bench,bench,,,,,,False,-38.0757354,145.3463504
node/9256129098,Bench,bench,bench,,,,,,False,-38.0998271,145.2929659
node/9256129185,Bench,bench,bench,,,,,,False,-38.1003432,145.2982377
node/9256129186,Bench,bench,bench,,,,,,False,-38.1003547,145.2983201
node/9256129187,Bench,bench,bench,,,,,,False,-38.100699,145.2981599
node/9256129188,Bench,bench,bench,,,,,,False,-38.1007105,145.2982431
node/9260169783,Bench,bench,bench,,,,,,False,-37.7746796,145.0494219
node/9260169784,Bench,bench,bench,,,,,,False,-37.7746968,145.0495494
node/9260169785,Bench,bench,bench,,,,,,False,-37.7749469,145.0501356
node/9260169786,Bench,bench,bench,,,,,,False,-37.7749562,145.0501929
node/9260169787,Bench,bench,bench,,,,,,False,-37.775136,145.0503007
node/9260169788,Bench,bench,bench,,,,,,False,-37.7751422,145.0503333
node/9260169789,Bench,bench,bench,,,,,,False,-37.7751625,145.0504431
node/9260169790,Bench,bench,bench,,,,,,False,-37.7751735,145.0505075
node/9260169796,Bench,bench,bench,,,,,,False,-37.7766935,145.0511834
node/9260169797,Bench,bench,bench,,,,,,False,-37.7768687,145.0509923
node/9260169798,Bench,bench,bench,,,,,,False,-37.7769887,145.0508553
node/9260195445,Bench,bench,bench,,,,,,False,-37.7787828,145.0484137
node/9260195446,Bench,bench,bench,,,,,,False,-37.7787803,145.0483804
node/9260195452,Bench,bench,bench,,,,,,False,-37.778743,145.0457552
node/9260723033,Bench,bench,bench,,,,,,False,-38.0962593,145.1810695
node/9260723034,Bench,bench,bench,,,,,,False,-38.09631,145.180867
node/9260723035,Bench,bench,bench,,,,,,False,-38.0962846,145.1803507
node/9260723036,Bench,bench,bench,,,,,,False,-38.0963152,145.180472
node/9260723037,Bench,bench,bench,,,,,,False,-38.0964556,145.1807805
node/9260723161,Bench,bench,bench,,,,,,False,-38.0959554,145.1804643
node/9260723370,Bench,bench,bench,,,,,,False,-38.0956472,145.18951
node/9260723371,Bench,bench,bench,,,,,,False,-38.0958184,145.1892854
node/9262095777,Bench,bench,bench,,,,,,False,-37.8484377,145.1510031
node/9263123590,Bench,bench,bench,,,,,,False,-37.9135948,145.1341069
node/9265701426,Bench,bench,bench,,,,,,False,-37.7844634,145.3785392
node/9265701427,Bench,bench,bench,,,,,,False,-37.7844005,145.3783962
node/9265701428,Bench,bench,bench,,,,,,False,-37.7844275,145.3784717
node/9265701429,Bench,bench,bench,,,,,,False,-37.7844601,145.3783556
node/9265701430,Bench,bench,bench,,,,,,False,-37.7844901,145.3784364
node/9265712047,Bench,bench,bench,,,,,,False,-37.7844601,145.3781117
node/9280302064,Bench,bench,bench,,,,,,False,-37.7776467,145.049509
node/9280302065,Bench,bench,bench,,,,,,False,-37.7776701,145.0495251
node/9280302066,Bench,bench,bench,,,,,,False,-37.7776976,145.0495424
node/9280302067,Bench,bench,bench,,,,,,False,-37.7773609,145.0489587
node/9280302068,Bench,bench,bench,,,,,,False,-37.7773631,145.0489926
node/9280302069,Bench,bench,bench,,,,,,False,-37.7774659,145.0485125
node/9280302070,Bench,bench,bench,,,,,,False,-37.7776502,145.0482872
node/9280302073,Bench,bench,bench,,,,,,False,-37.7724005,145.0518937
node/9280302074,Bench,bench,bench,,,,,,False,-37.7725817,145.0514394
node/9280302075,Bench,bench,bench,,,,,,False,-37.7725295,145.0525203
node/9280302076,Bench,bench,bench,,,,,,False,-37.7728127,145.0527862
node/9280302077,Bench,bench,bench,,,,,,False,-37.7730655,145.0528766
node/9280302078,Bench,bench,bench,,,,,,False,-37.7734478,145.052865
node/9282577515,Bench,bench,bench,,,,,,False,-37.7786556,145.0497891
node/9282586636,Bench,bench,bench,,,,,,False,-37.777988,145.0452918
node/9284292921,Bench,bench,bench,,,,,,False,-38.0810813,145.2940344
node/9287776308,Bench,bench,bench,,,,,,False,-37.8110341,145.2245651
node/9296003446,Bench,bench,bench,,,,,,False,-37.9732744,145.1501357
node/9296200401,Bench,bench,bench,,,,,,False,-37.7777387,145.0480993
node/9296200402,Bench,bench,bench,,,,,,False,-37.7778421,145.0498079
node/9296221407,Bench,bench,bench,,,,,,False,-38.1152844,145.3232801
node/9296221430,Bench,bench,bench,,,,,,False,-38.1154959,145.3232613
node/9296221436,Bench,bench,bench,,,,,,False,-38.1162338,145.3231714
node/9296221437,Bench,bench,bench,,,,,,False,-38.1162549,145.323189
node/9296320861,Bench,bench,bench,,,,,,False,-37.6112788,144.9957109
node/9296320862,Bench,bench,bench,,,,,,False,-37.6112956,144.9957317
node/9300091541,Bench,bench,bench,,,,,,False,-37.7642195,144.9836303
node/9301497536,Bench,bench,bench,,,,,,False,-37.9836502,145.1679898
node/9301497537,Bench,bench,bench,,,,,,False,-37.9835982,145.1678983
node/9301623075,Bench,bench,bench,,,,,,False,-37.7964066,145.2566095
node/9306188447,Bench,bench,bench,,,,,,False,-37.7785936,145.0446062
node/9307551787,Bench,bench,bench,,,,,,False,-37.8133663,144.9753583
node/9307938320,Bench,bench,bench,,,,,,False,-37.7450014,145.3439969
node/9308082041,Bench,bench,bench,,,,,,False,-37.8296725,144.9710114
node/9309748852,Bench,bench,bench,,,,,,False,-37.7539803,144.8662561
node/9309748853,Bench,bench,bench,,,,,,False,-37.7538154,144.8662453
node/9309842915,Bench,bench,bench,,,,,,False,-37.7587057,145.3149886
node/9309842916,Bench,bench,bench,,,,,,False,-37.7599259,145.3121411
node/9309849917,Bench,bench,bench,,,,,,False,-37.7599444,145.3121224
node/9309874630,Bench,bench,bench,,,,,,False,-37.762572,145.3085359
node/9309874635,Bench,bench,bench,,,,,,False,-37.7635691,145.3071099
node/9310174171,Bench,bench,bench,,,,,,False,-37.7914084,144.9210206
node/9310174174,Bench,bench,bench,,,,,,False,-37.7922502,144.9206768
node/9310174175,Bench,bench,bench,,,,,,False,-37.7914264,144.9210658
node/9310174176,Bench,bench,bench,,,,,,False,-37.7922113,144.9207323
node/9311551040,Bench,bench,bench,,,,,,False,-37.793014,144.9193244
node/9311551048,Bench,bench,bench,,,,,,False,-37.792993,144.9192094
node/9311645745,Bench,bench,bench,,,,,,False,-37.796039,144.9307431
node/9314387697,Bench,bench,bench,,,,,,False,-37.8338763,144.9918786
node/9314387698,Bench,bench,bench,,,,,,False,-37.8337617,144.9914928
node/9314965553,Bench,bench,bench,,,,,,False,-37.7908501,144.9201144
node/9314965554,Bench,bench,bench,,,,,,False,-37.7913318,144.9223024
node/9314965557,Bench,bench,bench,,,,,,False,-37.7923826,144.9207884
node/9316705687,Bench,bench,bench,,,,,,False,-37.6763146,145.0299778
node/9316705688,Bench,bench,bench,,,,,,False,-37.6762605,145.0299878
node/9319609541,Bench,bench,bench,,,,,,False,-37.7850605,145.1146168
node/9320704367,Bench,bench,bench,,,,,,False,-37.8232226,144.9885895
node/9322934661,Bench,bench,bench,,,,,,False,-37.8130149,145.0841495
node/9322934713,Bench,bench,bench,,,,,,False,-37.8154598,145.0857856
node/9322934715,Bench,bench,bench,,,,,,False,-37.8156354,145.0852557
node/9323183996,Bench,bench,bench,,,,,,False,-37.7931468,144.9197755
node/9323183997,Bench,bench,bench,,,,,,False,-37.7931214,144.9196236
node/9323183999,Bench,bench,bench,,,,,,False,-37.7931746,144.9197677
node/9324863921,Bench,bench,bench,,,,,,False,-37.7844182,144.8293831
node/9324863922,Bench,bench,bench,,,,,,False,-37.7843719,144.8290403
node/9325736457,Bench,bench,bench,,,,,,False,-38.0403722,145.2542131
node/9325736478,Bench,bench,bench,,,,,,False,-38.0446794,145.2701866
node/9325736493,Bench,bench,bench,,,,,,False,-38.050174,145.279968
node/9325846401,Bench,bench,bench,,,,,,False,-37.8480715,144.9660993
node/9325846402,Bench,bench,bench,,,,,,False,-37.8480863,144.966186
node/9325846403,Bench,bench,bench,,,,,,False,-37.8481845,144.9659378
node/9325847319,Bench,bench,bench,,,,,,False,-37.8487689,144.9661657
node/9325847326,Bench,bench,bench,,,,,,False,-37.8485471,144.9660298
node/9325847327,Bench,bench,bench,,,,,,False,-37.8485729,144.9661255
node/9326536203,Bench,bench,bench,,,,,,False,-38.024781,145.2538451
node/9326536204,Bench,bench,bench,,,,,,False,-38.0246615,145.2538643
node/9326536250,Bench,bench,bench,,,,,,False,-38.0398333,145.2708804
node/9326536546,Bench,bench,bench,,,,,,False,-38.0528371,145.3113428
node/9326536548,Bench,bench,bench,,,,,,False,-38.0518383,145.3150836
node/9326536549,Bench,bench,bench,,,,,,False,-38.0512011,145.3149943
node/9326536581,Bench,bench,bench,,,,,,False,-38.0507838,145.3145079
node/9326536583,Bench,bench,bench,,,,,,False,-38.0506358,145.3160432
node/9326536584,Bench,bench,bench,,,,,,False,-38.0510789,145.3189072
node/9326536586,Bench,bench,bench,,,,,,False,-38.0518964,145.3196355
node/9326536587,Bench,bench,bench,,,,,,False,-38.0526341,145.3201641
node/9326536588,Bench,bench,bench,,,,,,False,-38.0534512,145.3202851
node/9326536589,Bench,bench,bench,,,,,,False,-38.0544476,145.3204152
node/9326536590,Bench,bench,bench,,,,,,False,-38.0549926,145.3204355
node/9326536591,Bench,bench,bench,,,,,,False,-38.0559674,145.3205189
node/9326536592,Bench,bench,bench,,,,,,False,-38.0568165,145.3207933
node/9326536595,Bench,bench,bench,,,,,,False,-38.0584387,145.3231126
node/9326536731,Bench,bench,bench,,,,,,False,-38.0643904,145.3470826
node/9326536833,Bench,bench,bench,,,,,,False,-38.0651122,145.3470088
node/9326536908,Bench,bench,bench,,,,,,False,-38.0845944,145.3592564
node/9326537060,Bench,bench,bench,,,,,,False,-38.0782401,145.3529745
node/9326537061,Bench,bench,bench,,,,,,False,-38.078314,145.3532079
node/9326537078,Bench,bench,bench,,,,,,False,-38.0783674,145.3541256
node/9326537079,Bench,bench,bench,,,,,,False,-38.0788736,145.3536696
node/9326537080,Bench,bench,bench,,,,,,False,-38.0788973,145.3536897
node/9326537081,Bench,bench,bench,,,,,,False,-38.0789565,145.353669
node/9326537082,Bench,bench,bench,,,,,,False,-38.0789197,145.3536192
node/9326537370,Bench,bench,bench,,,,,,False,-38.0740099,145.3565225
node/9326537371,Bench,bench,bench,,,,,,False,-38.0739196,145.356179
node/9326537389,Bench,bench,bench,,,,,,False,-38.0735375,145.3556279
node/9329111761,Bench,bench,bench,,,,,,False,-37.7907834,144.9227232
node/9329111763,Bench,bench,bench,,,,,,False,-37.7914966,144.9214077
node/9329111767,Bench,bench,bench,,,,,,False,-37.7914644,144.9214572
node/9331768263,Bench,bench,bench,,,,,,False,-38.3537581,144.9070645
node/9333082405,Bench,bench,bench,,,,,,False,-37.8297229,144.9743409
node/9333084305,Bench,bench,bench,,,,,,False,-37.8307848,144.9724804
node/9333084306,Bench,bench,bench,,,,,,False,-37.8308388,144.9725032
node/9333095896,Bench,bench,bench,,,,,,False,-37.8288782,144.9741903
node/9333614106,Bench,bench,bench,,,,,,False,-37.8762737,144.8095916
node/9333654477,Bench,bench,bench,,,,,,False,-37.8324618,144.9805365
node/9333654480,Bench,bench,bench,,,,,,False,-37.8327509,144.980931
node/9333834644,Bench,bench,bench,,,,,,False,-37.8280266,144.9846825
node/9333834645,Bench,bench,bench,,,,,,False,-37.828033,144.9847099
node/9335900601,Bench,bench,bench,,,,,,False,-37.8107747,145.2110422
node/9335908347,Bench,bench,bench,,,,,,False,-37.8316069,144.989066
node/9336314045,Bench,bench,bench,,,,,,False,-37.8154377,145.2081375
node/9336314047,Bench,bench,bench,,,,,,False,-37.816149,145.2075978
node/9337530772,Bench,bench,bench,,,,,,False,-38.0847596,145.2715781
node/9337530773,Bench,bench,bench,,,,,,False,-38.0848863,145.2717785
node/9337530960,Bench,bench,bench,,,,,,False,-38.0821945,145.2741776
node/9337530998,Bench,bench,bench,,,,,,False,-38.078789,145.2796829
node/9337530999,Bench,bench,bench,,,,,,False,-38.0789299,145.2797473
node/9337531148,Bench,bench,bench,,,,,,False,-38.0761635,145.2517387
node/9337531149,Bench,bench,bench,,,,,,False,-38.0759243,145.2517849
node/9337531150,Bench,bench,bench,,,,,,False,-38.0761503,145.2518062
node/9337531161,Bench,bench,bench,,,,,,False,-38.0738327,145.2517016
node/9337531186,Bench,bench,bench,,,,,,False,-38.0733871,145.2556758
node/9337531187,Bench,bench,bench,,,,,,False,-38.0733677,145.2557335
node/9337531188,Bench,bench,bench,,,,,,False,-38.0733437,145.2556923
node/9337643378,Bench,bench,bench,,,,,,False,-38.0573274,145.3996815
node/9337643569,Bench,bench,bench,,,,,,False,-38.0658162,145.4356462
node/9337643570,Bench,bench,bench,,,,,,False,-38.0656057,145.4356316
node/9339098028,Bench,bench,bench,,,,,,False,-37.8125492,145.235969
node/9339098029,Bench,bench,bench,,,,,,False,-37.8126084,145.2358122
node/9339098030,Bench,bench,bench,,,,,,False,-37.8126841,145.2356967
node/9339098050,Bench,bench,bench,,,,,,False,-37.8124095,145.2351711
node/9339098051,Bench,bench,bench,,,,,,False,-37.8124117,145.235198
node/9339243935,Bench,bench,bench,,,,,,False,-37.8294391,145.2454231
node/9339257543,Bench,bench,bench,,,,,,False,-37.8305779,145.2438636
node/9339755973,Bench,bench,bench,,,,,,False,-37.7985795,144.9725555
node/9339755978,Bench,bench,bench,,,,,,False,-37.7984833,144.9725809
node/9339755980,Bench,bench,bench,,,,,,False,-37.7984431,144.9715275
node/9339755994,Bench,bench,bench,,,,,,False,-37.7983164,144.9716088
node/9339756002,Bench,bench,bench,,,,,,False,-37.7984044,144.9725979
node/9342349075,Bench,bench,bench,,,,,,False,-37.7952088,145.2824932
node/9345112380,Bench,bench,bench,,,,,,False,-37.7977592,145.2807943
node/9345216517,Bench,bench,bench,,,,,,False,-37.7985277,145.2807984
node/9345326922,Bench,bench,bench,,,,,,False,-37.802357,145.2841
node/9345326936,Bench,bench,bench,,,,,,False,-37.8017013,145.2833273
node/9349898932,Bench,bench,bench,,,,,,False,-37.8166548,145.2461885
node/9349918382,Bench,bench,bench,,,,,,False,-37.8013622,145.2399016
node/9349922473,Bench,bench,bench,,,,,,False,-37.8241046,145.2304743
node/9349922474,Bench,bench,bench,,,,,,False,-37.8241337,145.2305129
node/9349935250,Bench,bench,bench,,,,,,False,-37.79945,145.2444399
node/9349975443,Bench,bench,bench,,,,,,False,-37.8188053,145.231397
node/9351494216,Bench,bench,bench,,,,,,False,-37.7896822,145.2580006
node/9351728596,Bench,bench,bench,,,,,,False,-37.8113892,145.261752
node/9351758694,Bench,bench,bench,,,,,,False,-37.8096627,145.2649995
node/9355214817,Bench,bench,bench,,,,,,False,-37.791459,144.9220439
node/9355214818,Bench,bench,bench,,,,,,False,-37.7932368,144.9203099
node/9355214820,Bench,bench,bench,,,,,,False,-37.7915155,144.9219368
node/9355214830,Bench,bench,bench,,,,,,False,-37.7924688,144.9210254
node/9355460560,Bench,bench,bench,,,,,,False,-37.7410535,144.7297942
node/9355460562,Bench,bench,bench,,,,,,False,-37.7411583,144.729627
node/9355460563,Bench,bench,bench,,,,,,False,-37.7412868,144.7292219
node/9355460564,Bench,bench,bench,,,,,,False,-37.7414768,144.7287851
node/9355460565,Bench,bench,bench,,,,,,False,-37.7409166,144.7301372
node/9355460824,Bench,bench,bench,,,,,,False,-37.7386447,144.7316038
node/9355460825,Bench,bench,bench,,,,,,False,-37.7386581,144.7320482
node/9355460827,Bench,bench,bench,,,,,,False,-37.7388207,144.7323617
node/9355460828,Bench,bench,bench,,,,,,False,-37.7388304,144.7330141
node/9355460829,Bench,bench,bench,,,,,,False,-37.7389779,144.7335048
node/9355460830,Bench,bench,bench,,,,,,False,-37.7389858,144.7335687
node/9356845837,Bench,bench,bench,,,,,,False,-37.6623646,145.1807665
node/9357195197,Bench,bench,bench,,,,,,False,-37.7969282,144.9554632
node/9357195210,Bench,bench,bench,,,,,,False,-37.7969362,144.9555475
node/9357259022,Bench,bench,bench,,,,,,False,-37.7969416,144.9556291
node/9357259023,Bench,bench,bench,,,,,,False,-37.7969455,144.9556886
node/9358205109,Bench,bench,bench,,,,,,False,-38.053531,145.3950034
node/9358205431,Bench,bench,bench,,,,,,False,-38.0573671,145.400276
node/9358205432,Bench,bench,bench,,,,,,False,-38.0573319,145.3988179
node/9359342069,Bench,bench,bench,,,,,,False,-37.585107,145.0786267
node/9359342070,Bench,bench,bench,,,,,,False,-37.585192,145.0785912
node/9359617253,Bench,bench,bench,,,,,,False,-37.7953598,145.2488941
node/9359652490,Bench,bench,bench,,,,,,False,-37.7925042,145.2487574
node/9360053452,Bench,bench,bench,,,,,,False,-37.7650642,144.9525439
node/9360267407,Bench,bench,bench,,,,,,False,-37.7956905,144.9332701
node/9360267409,Bench,bench,bench,,,,,,False,-37.7957084,144.9332621
node/9360267414,Bench,bench,bench,,,,,,False,-37.7953991,144.9315421
node/9360339017,Bench,bench,bench,,,,,,False,-37.7957542,144.9332829
node/9360659955,Bench,bench,bench,,,,,,False,-37.6015447,145.0676522
node/9360787405,Bench,bench,bench,,,,,,False,-37.605595,145.0643039
node/9360787406,Bench,bench,bench,,,,,,False,-37.606226,145.0639026
node/9360787407,Bench,bench,bench,,,,,,False,-37.6065884,145.0641229
node/9360787408,Bench,bench,bench,,,,,,False,-37.6060894,145.0650952
node/9363100646,Bench,bench,bench,,,,,,False,-37.9514634,145.0041277
node/9365182944,Bench,bench,bench,,,,,,False,-37.7933297,144.9184703
node/9365182951,Bench,bench,bench,,,,,,False,-37.793475,144.9185945
node/9365182952,Bench,bench,bench,,,,,,False,-37.7934382,144.9185984
node/9366445086,Bench,bench,bench,,,,,,False,-37.7926539,144.9177463
node/9366445107,Bench,bench,bench,,,,,,False,-37.7926325,144.9177174
node/9366608933,Bench,bench,bench,,,,,,False,-37.7934295,144.9183082
node/9366608934,Bench,bench,bench,,,,,,False,-37.7942882,144.9172627
node/9366608935,Bench,bench,bench,,,,,,False,-37.7941217,144.9171253
node/9366608936,Bench,bench,bench,,,,,,False,-37.7942332,144.9171061
node/9366608938,Bench,bench,bench,,,,,,False,-37.7935556,144.9184233
node/9366608939,Bench,bench,bench,,,,,,False,-37.7942819,144.9171607
node/9366608942,Bench,bench,bench,,,,,,False,-37.7935641,144.9184512
node/9368728232,Bench,bench,bench,,,,,,False,-37.8486791,145.2523991
node/9368728235,Bench,bench,bench,,,,,,False,-37.8486686,145.252446
node/9369055556,Bench,bench,bench,,,,,,False,-37.8394377,145.2677187
node/9369055576,Bench,bench,bench,,,,,,False,-37.839398,145.2678173
node/9369055600,Bench,bench,bench,,,,,,False,-37.8393843,145.2679728
node/9369055607,Bench,bench,bench,,,,,,False,-37.8394776,145.2677535
node/9369055609,Bench,bench,bench,,,,,,False,-37.8394373,145.2678474
node/9369071459,Bench,bench,bench,,,,,,False,-37.8393687,145.2677897
node/9369071460,Bench,bench,bench,,,,,,False,-37.8393544,145.267836
node/9369827304,Bench,bench,bench,,,,,,False,-37.7910893,144.9244935
node/9369827308,Bench,bench,bench,,,,,,False,-37.792608,144.9225233
node/9369827309,Bench,bench,bench,,,,,,False,-37.7910543,144.9242185
node/9369827310,Bench,bench,bench,,,,,,False,-37.7911398,144.9242359
node/9369827311,Bench,bench,bench,,,,,,False,-37.7909596,144.9238784
node/9369827313,Bench,bench,bench,,,,,,False,-37.7908566,144.9242801
node/9369856920,Bench,bench,bench,,,,,,False,-37.7924808,144.9226356
node/9369856933,Bench,bench,bench,,,,,,False,-37.7912782,144.9235098
node/9369856942,Bench,bench,bench,,,,,,False,-37.7909894,144.9237634
node/9369856943,Bench,bench,bench,,,,,,False,-37.7913128,144.9238077
node/9369856947,Bench,bench,bench,,,,,,False,-37.7925854,144.9225571
node/9369856957,Bench,bench,bench,,,,,,False,-37.7910004,144.9237318
node/9369856959,Bench,bench,bench,,,,,,False,-37.7919943,144.9229987
node/9369856960,Bench,bench,bench,,,,,,False,-37.7913202,144.9239111
node/9369856962,Bench,bench,bench,,,,,,False,-37.7913201,144.923858
node/9369856966,Bench,bench,bench,,,,,,False,-37.7914054,144.9238706
node/9369856971,Bench,bench,bench,,,,,,False,-37.7909705,144.9238059
node/9369856972,Bench,bench,bench,,,,,,False,-37.7913289,144.9234415
node/9372015738,Bench,bench,bench,,,,,,False,-37.7929587,144.9190678
node/9374777260,Bench,bench,bench,,,,,,False,-38.0818596,145.2007594
node/9374777261,Bench,bench,bench,,,,,,False,-38.0817537,145.2008488
node/9374836926,Bench,bench,bench,,,,,,False,-38.0864715,145.1983222
node/9374836934,Bench,bench,bench,,,,,,False,-38.0837883,145.196016
node/9374836935,Bench,bench,bench,,,,,,False,-38.0837589,145.1960522
node/9374836936,Bench,bench,bench,,,,,,False,-38.0837221,145.1961012
node/9374836937,Bench,bench,bench,,,,,,False,-38.0836918,145.1961351
node/9380786003,Bench,bench,bench,,,,,,False,-37.8103103,145.0099129
node/9381155623,Bench,bench,bench,,,,,,False,-37.7946679,144.9659056
node/9381155624,Bench,bench,bench,,,,,,False,-37.7947434,144.9659649
node/9382503080,Bench,bench,bench,,,,,,False,-37.6725454,144.9071007
node/9382503081,Bench,bench,bench,,,,,,False,-37.6724559,144.9069968
node/9382503082,Bench,bench,bench,,,,,,False,-37.6724032,144.9069384
node/9382503108,Bench,bench,bench,,,,,,False,-37.6741993,144.906831
node/9384606496,Bench,bench,bench,,,,,,False,-38.1841767,145.0866211
node/9384720757,Bench,bench,bench,,,,,,False,-37.7947184,144.9198314
node/9384720760,Bench,bench,bench,,,,,,False,-37.7947743,144.9192706
node/9384720761,Bench,bench,bench,,,,,,False,-37.7943413,144.9192305
node/9384720771,Bench,bench,bench,,,,,,False,-37.7945982,144.9198013
node/9384720776,Bench,bench,bench,,,,,,False,-37.7948735,144.9195859
node/9384720779,Bench,bench,bench,,,,,,False,-37.7943724,144.9197697
node/9384720783,Bench,bench,bench,,,,,,False,-37.7942205,144.9189697
node/9384720784,Bench,bench,bench,,,,,,False,-37.7946415,144.9198237
node/9384720785,Bench,bench,bench,,,,,,False,-37.7948613,144.9195146
node/9384720788,Bench,bench,bench,,,,,,False,-37.7948696,144.9196488
node/9384720790,Bench,bench,bench,,,,,,False,-37.7943216,144.9197297
node/9384720792,Bench,bench,bench,,,,,,False,-37.7941294,144.9193883
node/9384720795,Bench,bench,bench,,,,,,False,-37.7941097,144.9190348
node/9384720798,Bench,bench,bench,,,,,,False,-37.7943098,144.9192873
node/9384720799,Bench,bench,bench,,,,,,False,-37.7946183,144.9190945
node/9384720800,Bench,bench,bench,,,,,,False,-37.7942459,144.9192281
node/9384720803,Bench,bench,bench,,,,,,False,-37.7948135,144.9194205
node/9384720804,Bench,bench,bench,,,,,,False,-37.7942828,144.9191815
node/9384720806,Bench,bench,bench,,,,,,False,-37.7947415,144.9193367
node/9384720807,Bench,bench,bench,,,,,,False,-37.7945693,144.919052
node/9384720815,Bench,bench,bench,,,,,,False,-37.7942209,144.9196306
node/9384745417,Bench,bench,bench,,,,,,False,-37.7944667,144.9189795
node/9384745420,Bench,bench,bench,,,,,,False,-37.7947624,144.9198184
node/9384745427,Bench,bench,bench,,,,,,False,-37.7940189,144.919644
node/9384745428,Bench,bench,bench,,,,,,False,-37.7944601,144.9198073
node/9384745430,Bench,bench,bench,,,,,,False,-37.7944343,144.9190344
node/9384745443,Bench,bench,bench,,,,,,False,-37.7943422,144.9190029
node/9384745456,Bench,bench,bench,,,,,,False,-37.7944907,144.9197406
node/9385082504,Bench,bench,bench,,,,,,False,-38.1135896,145.2948842
node/9385082505,Bench,bench,bench,,,,,,False,-38.1136174,145.295085
node/9385082874,Bench,bench,bench,,,,,,False,-38.1149828,145.3035532
node/9385082875,Bench,bench,bench,,,,,,False,-38.1149904,145.3036151
node/9385083416,Bench,bench,bench,,,,,,False,-38.1207275,145.3115663
node/9385083417,Bench,bench,bench,,,,,,False,-38.1207477,145.3115769
node/9385083428,Bench,bench,bench,,,,,,False,-38.1218901,145.3108816
node/9385083429,Bench,bench,bench,,,,,,False,-38.1218913,145.3108492
node/9385083430,Bench,bench,bench,,,,,,False,-38.1217805,145.3102954
node/9385083431,Bench,bench,bench,,,,,,False,-38.1217659,145.31027
node/9385083432,Bench,bench,bench,,,,,,False,-38.1205844,145.3101529
node/9385083433,Bench,bench,bench,,,,,,False,-38.1205644,145.3101764
node/9385525839,Bench,bench,bench,,,,,,False,-38.088911,145.1265218
node/9388216634,Bench,bench,bench,,,,,,False,-38.0193201,145.3054405
node/9388218111,Bench,bench,bench,,,,,,False,-38.078759,145.4732149
node/9388218515,Bench,bench,bench,,,,,,False,-38.0589847,145.3850762
node/9393265984,Bench,bench,bench,,,,,,False,-38.2150072,145.3768323
node/9393265987,Bench,bench,bench,,,,,,False,-38.2149149,145.3768281
node/9393265990,Bench,bench,bench,,,,,,False,-38.215047,145.3769007
node/9393265995,Bench,bench,bench,,,,,,False,-38.2152558,145.3769457
node/9393265996,Bench,bench,bench,,,,,,False,-38.2150826,145.3770138
node/9393266004,Bench,bench,bench,,,,,,False,-38.2149622,145.3768512
node/9396282873,Bench,bench,bench,,,,,,False,-38.200194,145.4875493
node/9396282874,Bench,bench,bench,,,,,,False,-38.2002402,145.4875656
node/9398447256,Bench,bench,bench,,,,,,False,-37.7999429,144.975696
node/9398447261,Bench,bench,bench,,,,,,False,-37.7990903,144.9781439
node/9398447276,Bench,bench,bench,,,,,,False,-37.8002602,144.9779238
node/9398447279,Bench,bench,bench,,,,,,False,-37.7998082,144.9779633
node/9398447290,Bench,bench,bench,,,,,,False,-37.7999406,144.9756623
node/9398447294,Bench,bench,bench,,,,,,False,-37.7989677,144.9781591
node/9401697779,Bench,bench,bench,,,,,,False,-37.7915498,144.9251199
node/9401697790,Bench,bench,bench,,,,,,False,-37.7921304,144.9256804
node/9403992568,Bench,bench,bench,,,,,,False,-37.8256397,145.4049129
node/9407004656,Bench,bench,bench,,,,,,False,-37.793758,144.9237515
node/9407004657,Bench,bench,bench,,,,,,False,-37.7937912,144.923457
node/9407004668,Bench,bench,bench,,,,,,False,-37.7936996,144.9237347
node/9407004678,Bench,bench,bench,,,,,,False,-37.7937273,144.9234493
node/9407146155,Bench,bench,bench,,,,,,False,-38.0762238,145.4176942
node/9407146156,Bench,bench,bench,,,,,,False,-38.075987,145.4167147
node/9407152373,Bench,bench,bench,,,,,,False,-38.0745892,145.4237151
node/9407152384,Bench,bench,bench,,,,,,False,-38.0750074,145.4230637
node/9407152401,Bench,bench,bench,,,,,,False,-38.0744031,145.4232223
node/9407152402,Bench,bench,bench,,,,,,False,-38.0745531,145.4225959
node/9407152491,Bench,bench,bench,,,,,,False,-38.0744831,145.416186
node/9407152734,Bench,bench,bench,,,,,,False,-38.0723482,145.4274253
node/9407152754,Bench,bench,bench,,,,,,False,-38.0734566,145.4284032
node/9407152876,Bench,bench,bench,,,,,,False,-38.0764312,145.4362987
node/9407152877,Bench,bench,bench,,,,,,False,-38.0764201,145.4363262
node/9407153018,Bench,bench,bench,,,,,,False,-38.0686687,145.4215701
node/9407153019,Bench,bench,bench,,,,,,False,-38.0691967,145.4242687
node/9407153117,Bench,bench,bench,,,,,,False,-38.0697819,145.4266689
node/9407153294,Bench,bench,bench,,,,,,False,-38.0704242,145.4311711
node/9407153347,Bench,bench,bench,,,,,,False,-38.07305,145.4331261
node/9407153388,Bench,bench,bench,,,,,,False,-38.0750726,145.4335734
node/9407153389,Bench,bench,bench,,,,,,False,-38.0750978,145.4335795
node/9407153390,Bench,bench,bench,,,,,,False,-38.075127,145.4335856
node/9407153391,Bench,bench,bench,,,,,,False,-38.0752146,145.4336013
node/9407153392,Bench,bench,bench,,,,,,False,-38.0752451,145.4336094
node/9407153820,Bench,bench,bench,,,,,,False,-38.076523,145.4412283
node/9407153821,Bench,bench,bench,,,,,,False,-38.0765262,145.4412725
node/9407153822,Bench,bench,bench,,,,,,False,-38.0766098,145.4413111
node/9407153823,Bench,bench,bench,,,,,,False,-38.0766427,145.4413134
node/9407153824,Bench,bench,bench,,,,,,False,-38.0766121,145.4412035
node/9407153825,Bench,bench,bench,,,,,,False,-38.0766414,145.4412074
node/9407153941,Bench,bench,bench,,,,,,False,-38.0790783,145.4608275
node/9407153942,Bench,bench,bench,,,,,,False,-38.0815342,145.4646672
node/9408984721,Bench,bench,bench,,,,,,False,-37.7753093,145.048592
node/9409174568,Bench,bench,bench,,,,,,False,-37.8111385,145.2339038
node/9409682883,Bench,bench,bench,,,,,,False,-37.7947061,144.9236314
node/9409682886,Bench,bench,bench,,,,,,False,-37.7951127,144.924272
node/9409682890,Bench,bench,bench,,,,,,False,-37.7951252,144.9242805
node/9409682892,Bench,bench,bench,,,,,,False,-37.793016,144.926527
node/9409682893,Bench,bench,bench,,,,,,False,-37.7946504,144.9236147
node/9411296956,Bench,bench,bench,,,,,,False,-37.8205322,145.1769704
node/9411296957,Bench,bench,bench,,,,,,False,-37.8205529,145.1769558
node/9411385058,Bench,bench,bench,,,,,,False,-37.8300186,145.0435318
node/9411385060,Bench,bench,bench,,,,,,False,-37.8299465,145.0438865
node/9411467905,Bench,bench,bench,,,,,,False,-37.8317434,145.0570889
node/9411595104,Bench,bench,bench,,,,,,False,-37.8324985,145.0576626
node/9411595105,Bench,bench,bench,,,,,,False,-37.8325211,145.0579959
node/9411595106,Bench,bench,bench,,,,,,False,-37.832437,145.0574582
node/9411746364,Bench,bench,bench,,,,,,False,-37.8364912,145.0621546
node/9411746365,Bench,bench,bench,,,,,,False,-37.8365347,145.0621118
node/9411746366,Bench,bench,bench,,,,,,False,-37.8365833,145.0621763
node/9411746367,Bench,bench,bench,,,,,,False,-37.8365609,145.0621996
node/9412128872,Bench,bench,bench,,,,,,False,-38.1024194,145.1260215
node/9412232572,Bench,bench,bench,,,,,,False,-37.7936076,144.9271177
node/9417120895,Bench,bench,bench,,,,,,False,-37.7975921,144.972639
node/9417120915,Bench,bench,bench,,,,,,False,-37.7974871,144.9714806
node/9419699846,Bench,bench,bench,,,,,,False,-37.8827327,145.2956187
node/9419759790,Bench,bench,bench,,,,,,False,-37.7632505,145.0247388
node/9419759791,Bench,bench,bench,,,,,,False,-37.7632561,145.0247908
node/9419810183,Bench,bench,bench,,,,,,False,-37.910505,145.3122092
node/9419812730,Bench,bench,bench,,,,,,False,-37.9086965,145.3133833
node/9421890145,Bench,bench,bench,,,,,,False,-37.7376472,145.2195505
node/9421993817,Bench,bench,bench,,,,,,False,-37.8239418,144.9496568
node/9421993818,Bench,bench,bench,,,,,,False,-37.8239579,144.9497996
node/9421993819,Bench,bench,bench,,,,,,False,-37.8239797,144.9499876
node/9421993820,Bench,bench,bench,,,,,,False,-37.8239941,144.950121
node/9421993821,Bench,bench,bench,,,,,,False,-37.8240091,144.9502572
node/9421993822,Bench,bench,bench,,,,,,False,-37.8240269,144.9505225
node/9421993823,Bench,bench,bench,,,,,,False,-37.824031,144.9506602
node/9421993824,Bench,bench,bench,,,,,,False,-37.8240367,144.950806
node/9421993825,Bench,bench,bench,,,,,,False,-37.8240408,144.9509386
node/9421993826,Bench,bench,bench,,,,,,False,-37.8240436,144.9510763
node/9421993827,Bench,bench,bench,,,,,,False,-37.8240517,144.951351
node/9421993828,Bench,bench,bench,,,,,,False,-37.8240563,144.9514902
node/9421993829,Bench,bench,bench,,,,,,False,-37.8240598,144.9516301
node/9421993830,Bench,bench,bench,,,,,,False,-37.8240638,144.9517664
node/9421993831,Bench,bench,bench,,,,,,False,-37.8240678,144.9519056
node/9421993834,Bench,bench,bench,,,,,,False,-37.8239205,144.949452
node/9421993835,Bench,bench,bench,,,,,,False,-37.8239009,144.9492727
node/9421993836,Bench,bench,bench,,,,,,False,-37.8238796,144.9490906
node/9421993837,Bench,bench,bench,,,,,,False,-37.8238635,144.9489528
node/9424261355,Bench,bench,bench,,,,,,False,-37.8630131,145.2878818
node/9424338452,Bench,bench,bench,,,,,,False,-37.8647833,145.2838203
node/9424352258,Bench,bench,bench,,,,,,False,-37.8650145,145.2851387
node/9424366495,Bench,bench,bench,,,,,,False,-37.862581,145.2836842
node/9424366496,Bench,bench,bench,,,,,,False,-37.8625845,145.2837205
node/9424440292,Bench,bench,bench,,,,,,False,-37.7962875,144.9207897
node/9424440294,Bench,bench,bench,,,,,,False,-37.7962624,144.9207212
node/9424467433,Bench,bench,bench,,,,,,False,-37.8648842,145.28447
node/9424467435,Bench,bench,bench,,,,,,False,-37.8647567,145.2844366
node/9424702089,Bench,bench,bench,,,,,,False,-37.8830892,145.2951916
node/9424702105,Bench,bench,bench,,,,,,False,-37.8837265,145.2954005
node/9424702111,Bench,bench,bench,,,,,,False,-37.883206,145.2953439
node/9424702113,Bench,bench,bench,,,,,,False,-37.8852867,145.294548
node/9426709945,Bench,bench,bench,,,,,,False,-37.8604957,145.2855936
node/9426851283,Bench,bench,bench,,,,,,False,-37.8617512,145.286325
node/9427659093,Bench,bench,bench,,,,,,False,-37.7969832,144.9208695
node/9427659100,Bench,bench,bench,,,,,,False,-37.7966899,144.9205467
node/9427659105,Bench,bench,bench,,,,,,False,-37.7967867,144.9211663
node/9427659106,Bench,bench,bench,,,,,,False,-37.7965343,144.9205848
node/9427659116,Bench,bench,bench,,,,,,False,-37.7967144,144.9212063
node/9428009720,Bench,bench,bench,,,,,,False,-37.8587628,145.2713852
node/9429990158,Bench,bench,bench,,,,,,False,-37.8409665,145.2668649
node/9435180519,Bench,bench,bench,,,,,,False,-38.0903285,145.1287319
node/9435524973,Bench,bench,bench,,,,,,False,-37.7560058,145.0636133
node/9441268670,Bench,bench,bench,,,,,,False,-37.8034379,145.173334
node/9441341161,Bench,bench,bench,,,,,,False,-37.7977998,145.1454918
node/9441353101,Bench,bench,bench,,,,,,False,-37.7962079,145.1795431
node/9443250773,Bench,bench,bench,,,,,,False,-37.8153404,145.2257116
node/9443250774,Bench,bench,bench,,,,,,False,-37.8152818,145.2259259
node/9443836277,Bench,bench,bench,,,,,,False,-37.7956934,145.175565
node/9443836278,Bench,bench,bench,,,,,,False,-37.7957104,145.1757086
node/9443836279,Bench,bench,bench,,,,,,False,-37.795728,145.1758207
node/9443836280,Bench,bench,bench,,,,,,False,-37.795745,145.1759509
node/9443865881,Bench,bench,bench,,,,,,False,-37.7960129,145.1763964
node/9443865886,Bench,bench,bench,,,,,,False,-37.7959904,145.1762378
node/9443865887,Bench,bench,bench,,,,,,False,-37.7960802,145.1762938
node/9445891526,Bench,bench,bench,,,,,,False,-38.2184837,145.0388017
node/9446103812,Bench,bench,bench,,,,,,False,-37.8817145,145.2937604
node/9446103814,Bench,bench,bench,,,,,,False,-37.8819886,145.2935822
node/9446103815,Bench,bench,bench,,,,,,False,-37.8821105,145.2933673
node/9446103816,Bench,bench,bench,,,,,,False,-37.8821666,145.2931654
node/9446961161,Bench,bench,bench,,,,,,False,-37.7954387,144.9208131
node/9446961163,Bench,bench,bench,,,,,,False,-37.7959714,144.920942
node/9446961165,Bench,bench,bench,,,,,,False,-37.7953834,144.9208159
node/9446961166,Bench,bench,bench,,,,,,False,-37.7952941,144.9209825
node/9446961171,Bench,bench,bench,,,,,,False,-37.7959768,144.9209764
node/9447264126,Bench,bench,bench,,,,,,False,-38.1469975,145.261353
node/9447264137,Bench,bench,bench,,,,,,False,-38.1465597,145.2605075
node/9447264168,Bench,bench,bench,,,,,,False,-38.1460311,145.259776
node/9447264191,Bench,bench,bench,,,,,,False,-38.141801,145.2601867
node/9448731245,Bench,bench,bench,,,,,,False,-38.1486306,145.2540946
node/9448731249,Bench,bench,bench,,,,,,False,-38.1482282,145.2533285
node/9448731607,Bench,bench,bench,,,,,,False,-38.1457762,145.2501
node/9448731608,Bench,bench,bench,,,,,,False,-38.1454673,145.2501333
node/9449523494,Bench,bench,bench,,,,,,False,-37.7964142,144.9235808
node/9451481020,Bench,bench,bench,,,,,,False,-37.8037282,145.1466889
node/9451505927,Bench,bench,bench,,,,,,False,-37.761888,145.0577467
node/9451763029,Bench,bench,bench,,,,,,False,-37.8265266,145.2721149
node/9452228037,Bench,bench,bench,,,,,,False,-37.7958457,144.915612
node/9452228044,Bench,bench,bench,,,,,,False,-37.7944686,144.916766
node/9452228045,Bench,bench,bench,,,,,,False,-37.7954261,144.9144598
node/9452228049,Bench,bench,bench,,,,,,False,-37.7946369,144.916657
node/9452228052,Bench,bench,bench,,,,,,False,-37.7956679,144.9155254
node/9452228055,Bench,bench,bench,,,,,,False,-37.7944741,144.9168097
node/9452228058,Bench,bench,bench,,,,,,False,-37.7944606,144.9159401
node/9452228059,Bench,bench,bench,,,,,,False,-37.7945516,144.9166023
node/9452228063,Bench,bench,bench,,,,,,False,-37.7946663,144.91479
node/9452228064,Bench,bench,bench,,,,,,False,-37.7953317,144.9143321
node/9452228068,Bench,bench,bench,,,,,,False,-37.7949993,144.9166736
node/9452228069,Bench,bench,bench,,,,,,False,-37.7957833,144.9157218
node/9452228071,Bench,bench,bench,,,,,,False,-37.7951288,144.9165381
node/9452228072,Bench,bench,bench,,,,,,False,-37.7952933,144.9142136
node/9452228074,Bench,bench,bench,,,,,,False,-37.7952082,144.9165469
node/9452228075,Bench,bench,bench,,,,,,False,-37.7953554,144.9143497
node/9452228076,Bench,bench,bench,,,,,,False,-37.7951859,144.9165533
node/9452228077,Bench,bench,bench,,,,,,False,-37.7956278,144.915187
node/9454849794,Bench,bench,bench,,,,,,False,-37.6968362,144.9642227
node/9454849795,Bench,bench,bench,,,,,,False,-37.6966274,144.9641147
node/9454849796,Bench,bench,bench,,,,,,False,-37.6966306,144.964176
node/9456893054,Bench,bench,bench,,,,,,False,-38.1186284,145.3074268
node/9456893055,Bench,bench,bench,,,,,,False,-38.1189669,145.3073586
node/9456893056,Bench,bench,bench,,,,,,False,-38.1189996,145.3073512
node/9456893057,Bench,bench,bench,,,,,,False,-38.1189893,145.3075297
node/9456893058,Bench,bench,bench,,,,,,False,-38.1190181,145.3075266
node/9456893059,Bench,bench,bench,,,,,,False,-38.1193683,145.3072749
node/9456893060,Bench,bench,bench,,,,,,False,-38.1193883,145.3074497
node/9456893061,Bench,bench,bench,,,,,,False,-38.1194098,145.3076177
node/9456893070,Bench,bench,bench,,,,,,False,-38.1178954,145.3075843
node/9456893071,Bench,bench,bench,,,,,,False,-38.1179285,145.3075774
node/9456893072,Bench,bench,bench,,,,,,False,-38.1179505,145.3077517
node/9456893073,Bench,bench,bench,,,,,,False,-38.1179163,145.307761
node/9456893074,Bench,bench,bench,,,,,,False,-38.1179398,145.3079296
node/9456893101,Bench,bench,bench,,,,,,False,-38.1198677,145.3120694
node/9456897097,Bench,bench,bench,,,,,,False,-37.7783601,145.1162585
node/9456945338,Bench,bench,bench,,,,,,False,-38.1116765,145.305709
node/9456945706,Bench,bench,bench,,,,,,False,-38.1063879,145.3087649
node/9456985481,Bench,bench,bench,,,,,,False,-37.656367,145.3740192
node/9457166913,Bench,bench,bench,,,,,,False,-37.919169,145.2400557
node/9457172249,Bench,bench,bench,,,,,,False,-37.9199915,145.2406465
node/9457172250,Bench,bench,bench,,,,,,False,-37.919703,145.2407099
node/9457173518,Bench,bench,bench,,,,,,False,-37.9192886,145.2400372
node/9457189776,Bench,bench,bench,,,,,,False,-37.7782194,145.458697
node/9457189777,Bench,bench,bench,,,,,,False,-37.7781993,145.4587473
node/9461803009,Bench,bench,bench,,,,,,False,-37.8445206,144.8801929
node/9461839688,Bench,bench,bench,,,,,,False,-37.8433278,144.881543
node/9461839689,Bench,bench,bench,,,,,,False,-37.8433291,144.8816995
node/9461839694,Bench,bench,bench,,,,,,False,-37.8432651,144.8817321
node/9461839695,Bench,bench,bench,,,,,,False,-37.8432796,144.8818019
node/9462141036,Bench,bench,bench,,,,,,False,-37.758021,145.1680668
node/9462902585,Bench,bench,bench,,,,,,False,-37.6617121,145.0066469
node/9462902586,Bench,bench,bench,,,,,,False,-37.6616718,145.006602
node/9467275629,Bench,bench,bench,,,,,,False,-37.8427762,144.8820215
node/9467275630,Bench,bench,bench,,,,,,False,-37.8428136,144.8819867
node/9470234312,Bench,bench,bench,,,,,,False,-37.7947125,145.2354774
node/9470234314,Bench,bench,bench,,,,,,False,-37.794812,145.2354646
node/9470292109,Bench,bench,bench,,,,,,False,-37.8169146,145.2130212
node/9470303117,Bench,bench,bench,,,,,,False,-37.7950988,145.2353802
node/9474255379,Bench,bench,bench,,,,,,False,-38.087873,145.1459246
node/9481051181,Bench,bench,bench,,,,,,False,-38.4812802,145.0168942
node/9481051182,Bench,bench,bench,,,,,,False,-38.4814221,145.0171544
node/9481051183,Bench,bench,bench,,,,,,False,-38.4815923,145.0174774
node/9482963087,Bench,bench,bench,,,,,,False,-38.1209604,145.1355807
node/9482963088,Bench,bench,bench,,,,,,False,-38.1209823,145.1355698
node/9482963089,Bench,bench,bench,,,,,,False,-38.1210002,145.1355549
node/9482963091,Bench,bench,bench,,,,,,False,-38.1106506,145.1304405
node/9482963092,Bench,bench,bench,,,,,,False,-38.1106603,145.1305778
node/9482963093,Bench,bench,bench,,,,,,False,-38.1102796,145.1302899
node/9482963094,Bench,bench,bench,,,,,,False,-38.110352,145.1303498
node/9482963095,Bench,bench,bench,,,,,,False,-38.1103677,145.1302019
node/9482963096,Bench,bench,bench,,,,,,False,-38.1097277,145.1293198
node/9482963097,Bench,bench,bench,,,,,,False,-38.1100216,145.1292135
node/9482963098,Bench,bench,bench,,,,,,False,-38.1101567,145.1292564
node/9482963099,Bench,bench,bench,,,,,,False,-38.1098612,145.1294693
node/9482963100,Bench,bench,bench,,,,,,False,-38.1096277,145.1294596
node/9482963101,Bench,bench,bench,,,,,,False,-38.1097389,145.129605
node/9482963102,Bench,bench,bench,,,,,,False,-38.1095147,145.1296325
node/9482963103,Bench,bench,bench,,,,,,False,-38.1096593,145.129752
node/9482963104,Bench,bench,bench,,,,,,False,-38.1086853,145.1284725
node/9482963105,Bench,bench,bench,,,,,,False,-38.1063672,145.1280842
node/9482963106,Bench,bench,bench,,,,,,False,-38.106157,145.1276745
node/9482963107,Cam's Bench,bench,bench,,,,,,False,-38.1035718,145.1278136
node/9482963108,Bench,bench,bench,,,,,,False,-38.1032615,145.1275627
node/9482963109,Bench,bench,bench,,,,,,False,-38.1032919,145.1275572
node/9482963110,Bench,bench,bench,,,,,,False,-38.1033277,145.1275517
node/9482963111,Bench,bench,bench,,,,,,False,-38.0732935,145.1211676
node/9482963114,Bench,bench,bench,,,,,,False,-38.0762418,145.1229013
node/9482963115,Bench,bench,bench,,,,,,False,-38.0761965,145.122887
node/9482963116,Bench,bench,bench,,,,,,False,-38.079786,145.1237158
node/9482964017,Bench,bench,bench,,,,,,False,-38.0797803,145.1237716
node/9482964018,Bench,bench,bench,,,,,,False,-38.079633,145.123723
node/9482964019,Bench,bench,bench,,,,,,False,-38.0786636,145.1235891
node/9482964020,Bench,bench,bench,,,,,,False,-38.078838,145.1236306
node/9482964021,Bench,bench,bench,,,,,,False,-38.0789957,145.1236151
node/9482964022,Bench,bench,bench,,,,,,False,-38.0782324,145.1233927
node/9482964023,Bench,bench,bench,,,,,,False,-38.0781503,145.1233478
node/9482964024,Bench,bench,bench,,,,,,False,-38.0780669,145.1233501
node/9482964025,Bench,bench,bench,,,,,,False,-38.0776969,145.1232768
node/9482964026,Bench,bench,bench,,,,,,False,-38.0775184,145.1232318
node/9482964027,Bench,bench,bench,,,,,,False,-38.0770387,145.123135
node/9482964028,Bench,bench,bench,,,,,,False,-38.0772819,145.1231923
node/9485902913,Bench,bench,bench,,,,,,False,-37.7356952,144.7581553
node/9488369921,Bench,bench,bench,,,,,,False,-37.86563,145.248989
node/9488369924,Bench,bench,bench,,,,,,False,-37.8657286,145.2489297
node/9494226632,Bench,bench,bench,,,,,,False,-37.815241,145.2286519
node/9495380786,Bench,bench,bench,,,,,,False,-38.1211546,145.1245192
node/9495419967,Bench,bench,bench,,,,,,False,-38.1660773,145.1676021
node/9495459345,Bench,bench,bench,,,,,,False,-38.176969,145.1635178
node/9495459346,Bench,bench,bench,,,,,,False,-38.1770483,145.163947
node/9495459347,Bench,bench,bench,,,,,,False,-38.1765109,145.1636621
node/9497286099,Bench,bench,bench,,,,,,False,-37.8263345,145.0578895
node/9497286101,Bench,bench,bench,,,,,,False,-37.8263405,145.0578341
node/9497286103,Bench,bench,bench,,,,,,False,-37.8262368,145.0581052
node/9502128788,Bench,bench,bench,,,,,,False,-37.7143869,144.7695862
node/9503585251,Bench,bench,bench,,,,,,False,-37.8017009,145.1917019
node/9504641503,Bench,bench,bench,,,,,,False,-38.0726304,145.1203803
node/9504641504,Bench,bench,bench,,,,,,False,-38.0725673,145.1205211
node/9504641505,Bench,bench,bench,,,,,,False,-38.0725242,145.1208203
node/9504641506,Bench,bench,bench,,,,,,False,-38.0724626,145.1211527
node/9504659952,Bench,bench,bench,,,,,,False,-38.0634765,145.1400694
node/9504659954,Bench,bench,bench,,,,,,False,-38.1211552,145.1351253
node/9504659955,Bench,bench,bench,,,,,,False,-38.1224179,145.1348742
node/9504659977,Bench,bench,bench,,,,,,False,-38.1186137,145.1360437
node/9506699413,Bench,bench,bench,,,,,,False,-38.073418,145.1211264
node/9506699414,Bench,bench,bench,,,,,,False,-38.0732185,145.1212753
node/9509383425,Bench,bench,bench,,,,,,False,-37.8435701,145.0462677
node/9512575005,Bench,bench,bench,,,,,,False,-38.0754515,145.1206394
node/9512575006,Bench,bench,bench,,,,,,False,-38.0755289,145.1206569
node/9512575007,Bench,bench,bench,,,,,,False,-38.0755985,145.1206757
node/9512575008,Bench,bench,bench,,,,,,False,-38.0756691,145.1206949
node/9512575009,Bench,bench,bench,,,,,,False,-38.0753015,145.1205991
node/9512575010,Bench,bench,bench,,,,,,False,-38.0751639,145.1205299
node/9512575011,Bench,bench,bench,,,,,,False,-38.0750402,145.120513
node/9512575012,Bench,bench,bench,,,,,,False,-38.0749711,145.1205201
node/9512575013,Bench,bench,bench,,,,,,False,-38.0748461,145.1205059
node/9512575014,Bench,bench,bench,,,,,,False,-38.0747043,145.1204935
node/9512575015,Bench,bench,bench,,,,,,False,-38.0745793,145.1204855
node/9512900169,Bench,bench,bench,,,,,,False,-38.1185569,145.162075
node/9513394744,Bench,bench,bench,,,,,,False,-37.9081507,145.1375764
node/9513394745,Bench,bench,bench,,,,,,False,-37.9083676,145.1380601
node/9515462738,Bench,bench,bench,,,,,,False,-37.6254964,144.8770354
node/9515462896,Bench,bench,bench,,,,,,False,-37.6232137,144.8764444
node/9515462897,Bench,bench,bench,,,,,,False,-37.6227217,144.8766401
node/9519058086,Bench,bench,bench,,,,,,False,-38.1089551,145.1607714
node/9519058087,Bench,bench,bench,,,,,,False,-38.1549191,145.1674163
node/9519058088,Bench,bench,bench,,,,,,False,-38.1348748,145.1229819
node/9520872373,Bench,bench,bench,,,,,,False,-37.619614,144.8861244
node/9521592370,Bench,bench,bench,,,,,,False,-37.9064134,144.7755288
node/9521592371,Bench,bench,bench,,,,,,False,-37.9064621,144.7755203
node/9521592438,Bench,bench,bench,,,,,,False,-37.9071257,144.7752251
node/9521592439,Bench,bench,bench,,,,,,False,-37.907372,144.7759883
node/9521592440,Bench,bench,bench,,,,,,False,-37.9073031,144.7759857
node/9521592441,Bench,bench,bench,,,,,,False,-37.9079368,144.7759762
node/9521592442,Bench,bench,bench,,,,,,False,-37.90791,144.7759808
node/9525805418,Bench,bench,bench,,,,,,False,-37.633974,145.0881742
node/9525805423,Bench,bench,bench,,,,,,False,-37.6333114,145.0899099
node/9525805426,Bench,bench,bench,,,,,,False,-37.6325523,145.0910282
node/9525805501,Bench,bench,bench,,,,,,False,-37.6282721,145.0774797
node/9525805502,Bench,bench,bench,,,,,,False,-37.6304199,145.0790681
node/9525805503,Bench,bench,bench,,,,,,False,-37.6304469,145.0793336
node/9525805504,Bench,bench,bench,,,,,,False,-37.6304669,145.0795321
node/9531134858,Bench,bench,bench,,,,,,False,-37.9293916,145.2497147
node/9531424399,Bench,bench,bench,,,,,,False,-37.7875313,145.1987976
node/9533958592,Bench,bench,bench,,,,,,False,-37.8160309,145.2276628
node/9533958593,Bench,bench,bench,,,,,,False,-37.816068,145.2276817
node/9540146488,Bench,bench,bench,,,,,,False,-37.7728178,145.4578707
node/9544933877,Bench,bench,bench,,,,,,False,-38.3569752,144.9450343
node/9544933878,Bench,bench,bench,,,,,,False,-38.357054,144.9450071
node/9544937926,Bench,bench,bench,,,,,,False,-38.3565443,144.9446374
node/9546217593,Bench,bench,bench,,,,,,False,-37.8359572,144.6974325
node/9546217620,Bench,bench,bench,,,,,,False,-37.835358,144.6969608
node/9546633613,Bench,bench,bench,,,,,,False,-37.6093475,145.1148777
node/9546633765,Bench,bench,bench,,,,,,False,-37.6126693,145.1104109
node/9551395975,Bench,bench,bench,,,,,,False,-37.79867,144.9268713
node/9551426741,Bench,bench,bench,,,,,,False,-37.7951218,144.9240318
node/9553902065,Bench,bench,bench,,,,,,False,-37.8178016,144.9534316
node/9555458926,Bench,bench,bench,,,,,,False,-37.673372,145.1495324
node/9555933021,Bench,bench,bench,,,,,,False,-37.6965146,144.9206142
node/9555933022,Bench,bench,bench,,,,,,False,-37.69651,144.9209586
node/9555933023,Bench,bench,bench,,,,,,False,-37.6963889,144.9210544
node/9557064751,Bench,bench,bench,,,,,,False,-37.8994511,144.6610357
node/9559688786,Bench,bench,bench,,,,,,False,-37.7856905,144.9964535
node/9562441053,Bench,bench,bench,,,,,,False,-37.6070648,145.1249001
node/9563817747,Bench,bench,bench,,,,,,False,-37.8829453,144.9925698
node/9565130666,Bench,bench,bench,,,,,,False,-37.6084171,145.1257995
node/9565853933,Bench,bench,bench,,,,,,False,-37.6057455,145.1267247
node/9565853990,Bench,bench,bench,,,,,,False,-37.6065447,145.1265138
node/9568320553,Bench,bench,bench,,,,,,False,-37.8021574,145.3123099
node/9572180258,Bench,bench,bench,,,,,,False,-37.7561186,145.3532753
node/9575172811,Bench,bench,bench,,,,,,False,-38.3566524,144.9451763
node/9575179118,Bench,bench,bench,,,,,,False,-38.1063661,145.1280069
node/9575179119,Bench,bench,bench,,,,,,False,-38.1096632,145.1295053
node/9575179120,Bench,bench,bench,,,,,,False,-38.1094403,145.1297265
node/9575179121,Bench,bench,bench,,,,,,False,-38.1095118,145.1297007
node/9575179122,Bench,bench,bench,,,,,,False,-38.1101405,145.1293353
node/9575179123,Bench,bench,bench,,,,,,False,-38.0793156,145.1237306
node/9575179124,Bench,bench,bench,,,,,,False,-38.0783572,145.1234524
node/9575179125,Bench,bench,bench,,,,,,False,-38.0784099,145.1234741
node/9575179126,Bench,bench,bench,,,,,,False,-38.0780476,145.1233638
node/9575179127,Bench,bench,bench,,,,,,False,-38.0781969,145.1233921
node/9575179128,Bench,bench,bench,,,,,,False,-38.0774419,145.1232657
node/9575179129,Bench,bench,bench,,,,,,False,-38.0774894,145.1232798
node/9575179130,Bench,bench,bench,,,,,,False,-38.0774634,145.1232723
node/9575179131,Bench,bench,bench,,,,,,False,-38.0770403,145.1231799
node/9575179132,Bench,bench,bench,,,,,,False,-38.0766461,145.123046
node/9575179133,Bench,bench,bench,,,,,,False,-38.0766127,145.123028
node/9575179134,Bench,bench,bench,,,,,,False,-38.0766453,145.1229922
node/9575179135,Bench,bench,bench,,,,,,False,-38.076655,145.1228366
node/9575179137,Bench,bench,bench,,,,,,False,-38.0749321,145.1225045
node/9575179138,Bench,bench,bench,,,,,,False,-38.0749587,145.1225155
node/9575179139,Bench,bench,bench,,,,,,False,-38.0652193,145.1380669
node/9577026913,Bench,bench,bench,,,,,,False,-37.8071068,145.0323378
node/9581768021,Bench,bench,bench,,,,,,False,-37.8078554,145.0349121
node/9581768376,Bench,bench,bench,,,,,,False,-37.8078818,145.0351062
node/9581773856,Bench,bench,bench,,,,,,False,-37.8094931,145.0303648
node/9581773857,Bench,bench,bench,,,,,,False,-37.8095143,145.0303768
node/9581773858,Bench,bench,bench,,,,,,False,-37.8095254,145.0304037
node/9581920802,Bench,bench,bench,,,,,,False,-37.7664901,145.4601984
node/9582282494,Bench,bench,bench,,,,,,False,-37.6118922,145.1331803
node/9582806596,Bench,bench,bench,,,,,,False,-37.928987,145.0080769
node/9582806597,Bench,bench,bench,,,,,,False,-37.9289842,145.0081166
node/9582806600,Bench,bench,bench,,,,,,False,-37.9278055,145.0074836
node/9582834911,Bench,bench,bench,,,,,,False,-37.6153847,145.1257399
node/9582834912,Bench,bench,bench,,,,,,False,-37.6153721,145.1258692
node/9582863059,Bench,bench,bench,,,,,,False,-37.6155083,145.1251521
node/9582863060,Bench,bench,bench,,,,,,False,-37.6154738,145.1249424
node/9587187120,Bench,bench,bench,,,,,,False,-37.7967948,144.9264019
node/9587187121,Bench,bench,bench,,,,,,False,-37.7957785,144.9251449
node/9587187122,Bench,bench,bench,,,,,,False,-37.7958151,144.925147
node/9587187123,Bench,bench,bench,,,,,,False,-37.7968664,144.9264829
node/9587187125,Bench,bench,bench,,,,,,False,-37.7957661,144.9250953
node/9587187127,Bench,bench,bench,,,,,,False,-37.7968778,144.926461
node/9589103190,Bench,bench,bench,,,,,,False,-37.7684941,145.4583869
node/9591155665,Bench,bench,bench,,,,,,False,-37.6594144,145.0963202
node/9591352751,Bench,bench,bench,,,,,,False,-37.7729262,145.3834194
node/9591352757,Bench,bench,bench,,,,,,False,-37.7724155,145.3851981
node/9591490249,Bench,bench,bench,,,,,,False,-37.8029649,144.8991394
node/9591490252,Bench,bench,bench,,,,,,False,-37.8031981,144.8991153
node/9591796858,Bench,bench,bench,,,,,,False,-37.6133273,145.1224712
node/9591796859,Bench,bench,bench,,,,,,False,-37.6133354,145.1225988
node/9592977366,Bench,bench,bench,,,,,,False,-37.7578488,145.3514629
node/9592977367,Bench,bench,bench,,,,,,False,-37.7578799,145.351139
node/9593013010,Bench,bench,bench,,,,,,False,-37.7577736,145.3526625
node/9598385551,Bench,bench,bench,,,,,,False,-37.8381384,145.2222059
node/9598659647,Bench,bench,bench,,,,,,False,-37.6056183,145.1381878
node/9599038703,Bench,bench,bench,,,,,,False,-37.8996674,144.6611868
node/9599039698,Bench,bench,bench,,,,,,False,-37.8995616,144.6613817
node/9599039699,Bench,bench,bench,,,,,,False,-37.8995723,144.6613868
node/9602446630,Bench,bench,bench,,,,,,False,-38.1096972,145.1293044
node/9602446631,Bench,bench,bench,,,,,,False,-38.1100101,145.1295068
node/9602462396,Bench,bench,bench,,,,,,False,-37.6815384,145.1332433
node/9602759008,Bench,bench,bench,,,,,,False,-37.6886868,145.137551
node/9602759009,Bench,bench,bench,,,,,,False,-37.6887122,145.1375687
node/9602759010,Bench,bench,bench,,,,,,False,-37.6887343,145.1375526
node/9610301940,Bench,bench,bench,,,,,,False,-37.7542307,145.6879075
node/9611792345,Bench,bench,bench,,,,,,False,-37.7794858,145.455107
node/9611874392,Bench,bench,bench,,,,,,False,-37.779455,145.4274629
node/9612375431,Bench,bench,bench,,,,,,False,-37.7827275,144.8366053
node/9612375454,Bench,bench,bench,,,,,,False,-37.7826078,144.8361403
node/9612732809,Bench,bench,bench,,,,,,False,-37.780335,145.4280717
node/9612732810,Bench,bench,bench,,,,,,False,-37.7803706,145.4280092
node/9612732811,Bench,bench,bench,,,,,,False,-37.7804131,145.4280688
node/9612896488,Bench,bench,bench,,,,,,False,-37.7746137,145.4290426
node/9618865240,Bench,bench,bench,,,,,,False,-37.8018184,144.9914034
node/9618866244,Bench,bench,bench,,,,,,False,-37.793921,144.9922637
node/9618866246,Bench,bench,bench,,,,,,False,-37.7939934,144.9923898
node/9618866255,Bench,bench,bench,,,,,,False,-37.7911825,144.9926982
node/9618866273,Bench,bench,bench,,,,,,False,-37.7918685,145.0027279
node/9618866343,Bench,bench,bench,,,,,,False,-37.7826043,145.0034187
node/9622474368,Bench,bench,bench,,,,,,False,-37.7811051,145.4273826
node/9630701562,Bench,bench,bench,,,,,,False,-37.777588,145.4606515
node/9630953852,Bench,bench,bench,,,,,,False,-38.1486028,145.1587352
node/9630953853,Bench,bench,bench,,,,,,False,-38.1486092,145.1588908
node/9630953854,Bench,bench,bench,,,,,,False,-38.1486714,145.1590544
node/9630953855,Bench,bench,bench,,,,,,False,-38.1489118,145.1594017
node/9630953856,Bench,bench,bench,,,,,,False,-38.1491312,145.1594876
node/9630953857,Bench,bench,bench,,,,,,False,-38.1495172,145.1595063
node/9631351117,Bench,bench,bench,,,,,,False,-38.3727318,144.8692448
node/9631351118,Bench,bench,bench,,,,,,False,-38.372767,144.8702353
node/9632348633,Bench,bench,bench,,,,,,False,-37.816551,144.9587492
node/9644612388,Bench,bench,bench,,,,,,False,-37.7913237,145.2288361
node/9644612390,Bench,bench,bench,,,,,,False,-37.7912821,145.229034
node/9644612395,Bench,bench,bench,,,,,,False,-37.791747,145.2323307
node/9644619028,Bench,bench,bench,,,,,,False,-37.7929848,145.2482436
node/9645015461,Bench,bench,bench,,,,,,False,-37.7961302,144.9265564
node/9645015462,Bench,bench,bench,,,,,,False,-37.7962588,144.9264464
node/9645015463,Bench,bench,bench,,,,,,False,-37.7968813,144.9277848
node/9645015464,Bench,bench,bench,,,,,,False,-37.7978227,144.9273701
node/9645015466,Bench,bench,bench,,,,,,False,-37.7967675,144.9269036
node/9645015468,Bench,bench,bench,,,,,,False,-37.7963435,144.9265109
node/9645015473,Bench,bench,bench,,,,,,False,-37.7968383,144.927702
node/9645015481,Bench,bench,bench,,,,,,False,-37.7973229,144.9275741
node/9645015486,Bench,bench,bench,,,,,,False,-37.796103,144.9267555
node/9645015487,Bench,bench,bench,,,,,,False,-37.7978237,144.927327
node/9645015489,Bench,bench,bench,,,,,,False,-37.7972491,144.9269328
node/9645015490,Bench,bench,bench,,,,,,False,-37.7961912,144.9264533
node/9645015491,Bench,bench,bench,,,,,,False,-37.7973626,144.9273116
node/9645015494,Bench,bench,bench,,,,,,False,-37.7963169,144.9264793
node/9645015495,Bench,bench,bench,,,,,,False,-37.7961602,144.9264787
node/9645015497,Bench,bench,bench,,,,,,False,-37.7962168,144.9268071
node/9645015502,Bench,bench,bench,,,,,,False,-37.7968083,144.9277617
node/9645015505,Bench,bench,bench,,,,,,False,-37.7972359,144.9276265
node/9645015513,Bench,bench,bench,,,,,,False,-37.797054,144.9281027
node/9645015514,Bench,bench,bench,,,,,,False,-37.7966017,144.9265244
node/9645019117,Bench,bench,bench,,,,,,False,-37.7962097,144.9268279
node/9645019121,Bench,bench,bench,,,,,,False,-37.7968273,144.9277265
node/9645019122,Bench,bench,bench,,,,,,False,-37.7961611,144.9268398
node/9645019124,Bench,bench,bench,,,,,,False,-37.7968588,144.9275837
node/9645019126,Bench,bench,bench,,,,,,False,-37.7967317,144.9269389
node/9645019127,Bench,bench,bench,,,,,,False,-37.7969008,144.9277753
node/9645096341,Bench,bench,bench,,,,,,False,-37.8772954,144.6620525
node/9647410617,Bench,bench,bench,,,,,,False,-37.8002689,145.2347664
node/9653844871,Bench,bench,bench,,,,,,False,-37.7435465,144.9063068
node/9655381170,Bench,bench,bench,,,,,,False,-37.7073007,144.9325939
node/9655381171,Bench,bench,bench,,,,,,False,-37.707389,144.9328485
node/9655381172,Bench,bench,bench,,,,,,False,-37.7072229,144.9323661
node/9655381173,Bench,bench,bench,,,,,,False,-37.7071346,144.9321175
node/9655381529,Bench,bench,bench,,,,,,False,-37.6982083,144.9354713
node/9659766154,Bench,bench,bench,,,,,,False,-37.8452723,144.990386
node/9659766172,Bench,bench,bench,,,,,,False,-37.8533939,144.9964524
node/9659766173,Bench,bench,bench,,,,,,False,-37.8534555,144.996439
node/9659766174,Bench,bench,bench,,,,,,False,-37.8535115,144.9964257
node/9659766175,Bench,bench,bench,,,,,,False,-37.8534591,144.9964703
node/9660231067,Bench,bench,bench,,,,,,False,-37.7801316,145.3166754
node/9667111564,Bench,bench,bench,,,,,,False,-37.8833194,144.7352014
node/9667111565,Bench,bench,bench,,,,,,False,-37.883251,144.7351448
node/9669558726,Bench,bench,bench,,,,,,False,-37.7961478,144.9243407
node/9669558727,Bench,bench,bench,,,,,,False,-37.7947303,144.9282876
node/9669558734,Bench,bench,bench,,,,,,False,-37.7951912,144.9260111
node/9669558745,Bench,bench,bench,,,,,,False,-37.7942754,144.9280793
node/9669639025,Bench,bench,bench,,,,,,False,-37.712485,145.0935271
node/9669639026,Bench,bench,bench,,,,,,False,-37.7126889,145.0934658
node/9669639027,Bench,bench,bench,,,,,,False,-37.712562,145.0938632
node/9669639028,Bench,bench,bench,,,,,,False,-37.7126998,145.0936819
node/9673695064,Bench,bench,bench,,,,,,False,-37.7946679,144.9298352
node/9673695066,Bench,bench,bench,,,,,,False,-37.7951661,144.9286851
node/9673695067,Bench,bench,bench,,,,,,False,-37.7944598,144.9297016
node/9673695071,Bench,bench,bench,,,,,,False,-37.7946836,144.9289264
node/9673695072,Bench,bench,bench,,,,,,False,-37.7949717,144.9289875
node/9673695074,Bench,bench,bench,,,,,,False,-37.7949392,144.9291016
node/9673695079,Bench,bench,bench,,,,,,False,-37.7951468,144.9287237
node/9673695080,Bench,bench,bench,,,,,,False,-37.7945016,144.930097
node/9676179639,Bench,bench,bench,,,,,,False,-37.7863822,145.312716
node/9677167250,Bench,bench,bench,,,,,,False,-38.0704652,145.3280139
node/9677167251,Bench,bench,bench,,,,,,False,-38.0704525,145.3279888
node/9679144771,Bench,bench,bench,,,,,,False,-37.8766951,144.9957902
node/9679144807,Bench,bench,bench,,,,,,False,-37.8758477,144.995695
node/9679144809,Bench,bench,bench,,,,,,False,-37.8760505,144.9954531
node/9679145021,Bench,bench,bench,,,,,,False,-37.8759231,144.9949143
node/9685563132,Bench,bench,bench,,,,,,False,-37.9004748,144.6617213
node/9685563133,Bench,bench,bench,,,,,,False,-37.9004795,144.6617415
node/9687083029,Bench,bench,bench,,,,,,False,-37.8584933,144.6579865
node/9687083030,Bench,bench,bench,,,,,,False,-37.858226,144.6582441
node/9687083031,Bench,bench,bench,,,,,,False,-37.8581916,144.6584085
node/9687083032,Bench,bench,bench,,,,,,False,-37.858288,144.6583969
node/9687083033,Bench,bench,bench,,,,,,False,-37.8582151,144.6584762
node/9687083034,Bench,bench,bench,,,,,,False,-37.858149,144.6585254
node/9687083035,Bench,bench,bench,,,,,,False,-37.8583046,144.6581262
node/9687083036,Bench,bench,bench,,,,,,False,-37.8582722,144.6579968
node/9687083037,Bench,bench,bench,,,,,,False,-37.8583113,144.6580548
node/9687083038,Bench,bench,bench,,,,,,False,-37.8582564,144.6582992
node/9687083039,Bench,bench,bench,,,,,,False,-37.8582485,144.6583372
node/9687083040,Bench,bench,bench,,,,,,False,-37.858307,144.6582854
node/9687083041,Bench,bench,bench,,,,,,False,-37.8582916,144.6583434
node/9687083042,Bench,bench,bench,,,,,,False,-37.8581923,144.6585414
node/9687083043,Bench,bench,bench,,,,,,False,-37.8584706,144.6579833
node/9687083044,Bench,bench,bench,,,,,,False,-37.858168,144.6579172
node/9687083045,Bench,bench,bench,,,,,,False,-37.8582799,144.6579442
node/9689078294,Bench,bench,bench,,,,,,False,-37.7640968,145.3556159
node/9689089857,Bench,bench,bench,,,,,,False,-37.7659708,145.3567566
node/9689089859,Bench,bench,bench,,,,,,False,-37.7666626,145.3566714
node/9689089860,Bench,bench,bench,,,,,,False,-37.7660591,145.3568102
node/9689089861,Bench,bench,bench,,,,,,False,-37.7666601,145.3562304
node/9689264830,Bench,bench,bench,,,,,,False,-37.8340197,144.9826789
node/9690995012,Bench,bench,bench,,,,,,False,-37.865746,144.8950449
node/9696622280,Bench,bench,bench,,,,,,False,-38.0481942,145.2541445
node/9696622281,Bench,bench,bench,,,,,,False,-38.0482308,145.2541383
node/9696622282,Bench,bench,bench,,,,,,False,-38.0482886,145.2543812
node/9696622283,Bench,bench,bench,,,,,,False,-38.04826,145.2544033
node/9696622428,Bench,bench,bench,,,,,,False,-38.0511273,145.262227
node/9704384256,Bench,bench,bench,,,,,,False,-37.8704291,144.6945055
node/9704384473,Bench,bench,bench,,,,,,False,-37.8704806,144.6939124
node/9704384476,Bench,bench,bench,,,,,,False,-37.8705392,144.6941904
node/9704384480,Bench,bench,bench,,,,,,False,-37.8706877,144.6946534
node/9704384481,Bench,bench,bench,,,,,,False,-37.8709354,144.6941364
node/9704384482,Bench,bench,bench,,,,,,False,-37.8712273,144.6946098
node/9704384483,Bench,bench,bench,,,,,,False,-37.8713993,144.6951047
node/9714655691,Bench,bench,bench,,,,,,False,-38.1242527,145.1470255
node/9714655692,Bench,bench,bench,,,,,,False,-38.1241942,145.1471154
node/9714655693,Bench,bench,bench,,,,,,False,-38.1241694,145.147161
node/9714655694,Bench,bench,bench,,,,,,False,-38.1241325,145.147232
node/9714655695,Bench,bench,bench,,,,,,False,-38.1241151,145.1472763
node/9714655696,Bench,bench,bench,,,,,,False,-38.1240839,145.1473675
node/9714656040,Bench,bench,bench,,,,,,False,-38.1223696,145.1524213
node/9714656041,Bench,bench,bench,,,,,,False,-38.1229193,145.1522235
node/9714656111,Bench,bench,bench,,,,,,False,-38.1221306,145.1528542
node/9714656114,Bench,bench,bench,,,,,,False,-38.1225403,145.1530667
node/9714656115,Bench,bench,bench,,,,,,False,-38.1229206,145.1530212
node/9714656184,Bench,bench,bench,,,,,,False,-38.1243922,145.1552733
node/9714656185,Bench,bench,bench,,,,,,False,-38.1245038,145.155198
node/9722042268,Bench,bench,bench,,,,,,False,-37.7957987,144.9299356
node/9724971908,Bench,bench,bench,,,,,,False,-37.7848347,144.877105
node/9724971909,Bench,bench,bench,,,,,,False,-37.783434,144.8776404
node/9731424455,Bench,bench,bench,,,,,,False,-37.7788458,145.3079447
node/9731424456,Bench,bench,bench,,,,,,False,-37.7789651,145.3060349
node/9734767713,Bench,bench,bench,,,,,,False,-37.7625007,145.3184891
node/9738931116,Bench,bench,bench,,,,,,False,-37.7658023,144.9242285
node/9738931117,Bench,bench,bench,,,,,,False,-37.7658611,144.9243998
node/9738931118,Bench,bench,bench,,,,,,False,-37.7659117,144.9242632
node/9738931119,Bench,bench,bench,,,,,,False,-37.7660903,144.9243745
node/9738931120,Bench,bench,bench,,,,,,False,-37.7660619,144.9244999
node/9740741811,Bench,bench,bench,,,,,,False,-37.7745606,145.2512672
node/9740748033,Bench,bench,bench,,,,,,False,-37.6938659,144.9222535
node/9740748034,Bench,bench,bench,,,,,,False,-37.6937727,144.9213646
node/9740748035,Bench,bench,bench,,,,,,False,-37.6923654,144.9215573
node/9740753693,Bench,bench,bench,,,,,,False,-37.8052018,145.2804862
node/9740753696,Bench,bench,bench,,,,,,False,-37.8045916,145.2817216
node/9740753698,Bench,bench,bench,,,,,,False,-37.8044112,145.2814259
node/9740899904,Bench,bench,bench,,,,,,False,-37.6706328,144.9184783
node/9747786677,Bench,bench,bench,,,,,,False,-37.7790774,145.2174634
node/9748242983,Bench,bench,bench,,,,,,False,-37.8162708,144.9635118
node/9748242984,Bench,bench,bench,,,,,,False,-37.8162625,144.9635515
node/9748242991,Bench,bench,bench,,,,,,False,-37.8163934,144.9642672
node/9748243002,Bench,bench,bench,,,,,,False,-37.8166074,144.9641236
node/9756596456,Bench,bench,bench,,,,,,False,-38.0066278,145.2008588
node/9756596457,Bench,bench,bench,,,,,,False,-38.0066784,145.2008757
node/9756596458,Bench,bench,bench,,,,,,False,-38.0066913,145.2009324
node/9756596459,Bench,bench,bench,,,,,,False,-38.0066669,145.2009773
node/9756596482,Bench,bench,bench,,,,,,False,-38.0064089,145.2008606
node/9756596483,Bench,bench,bench,,,,,,False,-38.0063795,145.200818
node/9756596485,Bench,bench,bench,,,,,,False,-38.0062383,145.2006055
node/9756596486,Bench,bench,bench,,,,,,False,-38.0062084,145.2005629
node/9756597305,Bench,bench,bench,,,,,,False,-38.0000406,145.165099
node/9760927923,Bench,bench,bench,,,,,,False,-37.6148443,145.0243362
node/9760927925,Bench,bench,bench,,,,,,False,-37.6142592,145.0254359
node/9761453226,Bench,bench,bench,,,,,,False,-37.702704,144.795749
node/9761453227,Bench,bench,bench,,,,,,False,-37.7020974,144.7946764
node/9761453228,Bench,bench,bench,,,,,,False,-37.7017548,144.7937431
node/9761453229,Bench,bench,bench,,,,,,False,-37.7010822,144.792775
node/9761453230,Bench,bench,bench,,,,,,False,-37.7005145,144.7918491
node/9761453231,Bench,bench,bench,,,,,,False,-37.70055,144.7904404
node/9761453232,Bench,bench,bench,,,,,,False,-37.7005594,144.7899577
node/9761453233,Bench,bench,bench,,,,,,False,-37.7001607,144.7882713
node/9761453234,Bench,bench,bench,,,,,,False,-37.7000997,144.7874437
node/9761466711,Bench,bench,bench,,,,,,False,-37.6121147,145.0265286
node/9761466712,Bench,bench,bench,,,,,,False,-37.6121179,145.0265549
node/9761466713,Bench,bench,bench,,,,,,False,-37.6136063,145.0264786
node/9761691617,Bench,bench,bench,,,,,,False,-37.6071687,145.0245369
node/9761691618,Bench,bench,bench,,,,,,False,-37.6072337,145.0243174
node/9761691623,Bench,bench,bench,,,,,,False,-37.6073481,145.025039
node/9761691624,Bench,bench,bench,,,,,,False,-37.6067716,145.0252626
node/9761692163,Bench,bench,bench,,,,,,False,-37.6034676,145.0251185
node/9763375013,Bench,bench,bench,,,,,,False,-37.6121835,145.0386993
node/9763790703,Bench,bench,bench,,,,,,False,-37.6225782,145.031826
node/9763790708,Bench,bench,bench,,,,,,False,-37.6223739,145.03239
node/9763812060,Bench,bench,bench,,,,,,False,-37.6188416,145.0430325
node/9763812061,Bench,bench,bench,,,,,,False,-37.6188559,145.0429819
node/9763812062,Bench,bench,bench,,,,,,False,-37.6193532,145.0426567
node/9763812063,Bench,bench,bench,,,,,,False,-37.6193661,145.0426124
node/9763812064,Bench,bench,bench,,,,,,False,-37.6195929,145.0424923
node/9763812066,Bench,bench,bench,,,,,,False,-37.6211124,145.0407083
node/9763812123,Bench,bench,bench,,,,,,False,-37.6157479,145.0404766
node/9763812124,Bench,bench,bench,,,,,,False,-37.6168026,145.0427486
node/9763812125,Bench,bench,bench,,,,,,False,-37.6183115,145.0424065
node/9763812126,Bench,bench,bench,,,,,,False,-37.6185901,145.0423445
node/9763812137,Bench,bench,bench,,,,,,False,-37.6201928,145.0413012
node/9763812160,Bench,bench,bench,,,,,,False,-37.6210835,145.0389736
node/9763812167,Bench,bench,bench,,,,,,False,-37.6129248,145.0395803
node/9764387731,Bench,bench,bench,,,,,,False,-37.6108296,145.0365684
node/9764387742,Bench,bench,bench,,,,,,False,-37.6100449,145.0359368
node/9764387745,Bench,bench,bench,,,,,,False,-37.6096611,145.0358782
node/9764387988,Bench,bench,bench,,,,,,False,-37.6183947,145.0381103
node/9764388242,Bench,bench,bench,,,,,,False,-37.617569,145.0399524
node/9764388268,Bench,bench,bench,,,,,,False,-37.6175689,145.0402834
node/9764388341,Bench,bench,bench,,,,,,False,-37.6187553,145.0397474
node/9764388372,Bench,bench,bench,,,,,,False,-37.6186317,145.0412115
node/9764388423,Bench,bench,bench,,,,,,False,-37.6174806,145.0392676
node/9764388634,Bench,bench,bench,,,,,,False,-37.6162799,145.0430808
node/9764388635,Bench,bench,bench,,,,,,False,-37.6162088,145.0430856
node/9766069990,Bench,bench,bench,,,,,,False,-37.6115816,145.0375547
node/9766272450,Bench,bench,bench,,,,,,False,-37.7977485,144.9237056
node/9766272452,Bench,bench,bench,,,,,,False,-37.7986201,144.9266945
node/9766272453,Bench,bench,bench,,,,,,False,-37.7984961,144.9244115
node/9766272454,Bench,bench,bench,,,,,,False,-37.7972835,144.922854
node/9766272455,Bench,bench,bench,,,,,,False,-37.7982627,144.9235523
node/9766272456,Bench,bench,bench,,,,,,False,-37.7970987,144.9247914
node/9766272459,Bench,bench,bench,,,,,,False,-37.797717,144.9250572
node/9766272460,Bench,bench,bench,,,,,,False,-37.7974849,144.9237637
node/9766272461,Bench,bench,bench,,,,,,False,-37.7991715,144.92601
node/9766272463,Bench,bench,bench,,,,,,False,-37.7972578,144.9249573
node/9766272464,Bench,bench,bench,,,,,,False,-37.7976257,144.9255831
node/9766272465,Bench,bench,bench,,,,,,False,-37.7989597,144.925901
node/9766272466,Bench,bench,bench,,,,,,False,-37.7978578,144.9255756
node/9766272468,Bench,bench,bench,,,,,,False,-37.7981352,144.9243246
node/9766272469,Bench,bench,bench,,,,,,False,-37.7979177,144.9251776
node/9766272470,Bench,bench,bench,,,,,,False,-37.7976447,144.9255457
node/9766272472,Bench,bench,bench,,,,,,False,-37.7987707,144.923715
node/9766272473,Bench,bench,bench,,,,,,False,-37.799024,144.92597
node/9766272474,Bench,bench,bench,,,,,,False,-37.7983264,144.9259442
node/9766272475,Bench,bench,bench,,,,,,False,-37.7978236,144.9255143
node/9766272476,Bench,bench,bench,,,,,,False,-37.7987956,144.9261964
node/9766272478,Bench,bench,bench,,,,,,False,-37.7988044,144.9236552
node/9766272480,Bench,bench,bench,,,,,,False,-37.7981346,144.9240663
node/9766272481,Bench,bench,bench,,,,,,False,-37.7970977,144.9245887
node/9766272483,Bench,bench,bench,,,,,,False,-37.7975053,144.923141
node/9766272484,Bench,bench,bench,,,,,,False,-37.7982929,144.9235327
node/9766272485,Bench,bench,bench,,,,,,False,-37.7987271,144.9259945
node/9766272486,Bench,bench,bench,,,,,,False,-37.7983215,144.9260652
node/9766272487,Bench,bench,bench,,,,,,False,-37.7980578,144.9261378
node/9766272488,Bench,bench,bench,,,,,,False,-37.7974264,144.9250966
node/9766272489,Bench,bench,bench,,,,,,False,-37.7973777,144.9231944
node/9766272490,Bench,bench,bench,,,,,,False,-37.7971339,144.9232301
node/9766272492,Bench,bench,bench,,,,,,False,-37.7985607,144.926502
node/9766383346,Bench,bench,bench,,,,,,False,-37.798845,144.9265444
node/9766403489,Bench,bench,bench,,,,,,False,-37.7980984,144.9211741
node/9766403490,Bench,bench,bench,,,,,,False,-37.7983713,144.9218259
node/9766403492,Bench,bench,bench,,,,,,False,-37.7983741,144.9217991
node/9766403493,Bench,bench,bench,,,,,,False,-37.798656,144.9228182
node/9766403494,Bench,bench,bench,,,,,,False,-37.7981166,144.9210163
node/9766403495,Bench,bench,bench,,,,,,False,-37.7986542,144.9228613
node/9766403497,Bench,bench,bench,,,,,,False,-37.7989018,144.9236973
node/9766403499,Bench,bench,bench,,,,,,False,-37.7986206,144.9224886
node/9768334223,Bench,bench,bench,,,,,,False,-37.8341648,144.9993778
node/9768334224,Bench,bench,bench,,,,,,False,-37.8341605,144.999404
node/9768669179,Bench,bench,bench,,,,,,False,-37.778886,145.0292917
node/9768669180,Bench,bench,bench,,,,,,False,-37.778951,145.0290274
node/9768877797,Bench,bench,bench,,,,,,False,-37.8172867,144.9905948
node/9768877798,Bench,bench,bench,,,,,,False,-37.8172905,144.9906306
node/9768877799,Bench,bench,bench,,,,,,False,-37.8173192,144.9906483
node/9768877800,Bench,bench,bench,,,,,,False,-37.8173454,144.9906452
node/9768877801,Bench,bench,bench,,,,,,False,-37.817372,144.9906413
node/9769277986,Bench,bench,bench,,,,,,False,-37.7778498,145.3273599
node/9769610196,Bench,bench,bench,,,,,,False,-37.5957125,145.0818819
node/9769610197,Bench,bench,bench,,,,,,False,-37.5958061,145.0822192
node/9770961393,Bench,bench,bench,,,,,,False,-37.7024933,144.7556277
node/9770961394,Bench,bench,bench,,,,,,False,-37.7023526,144.7555045
node/9774190605,Bench,bench,bench,,,,,,False,-37.6972939,144.8757284
node/9774190676,Bench,bench,bench,,,,,,False,-37.6968721,144.8729516
node/9774190677,Bench,bench,bench,,,,,,False,-37.696204,144.8751832
node/9774191230,Bench,bench,bench,,,,,,False,-37.7069814,144.8797899
node/9774191231,Bench,bench,bench,,,,,,False,-37.7069151,144.8800479
node/9774911331,Bench,bench,bench,,,,,,False,-37.7049935,144.7694317
node/9774911332,Bench,bench,bench,,,,,,False,-37.7048203,144.7700842
node/9778897050,Bench,bench,bench,,,,,,False,-37.702148,144.7674298
node/9778897051,Bench,bench,bench,,,,,,False,-37.7022983,144.7672875
node/9787363248,Bench,bench,bench,,,,,,False,-37.716314,144.9341354
node/9798879958,Bench,bench,bench,,,,,,False,-37.6196697,144.9366098
node/9798879959,Bench,bench,bench,,,,,,False,-37.6189225,144.9376759
node/9798879960,Bench,bench,bench,,,,,,False,-37.618888,144.937734
node/9798879961,Bench,bench,bench,,,,,,False,-37.6185067,144.9372721
node/9798879962,Bench,bench,bench,,,,,,False,-37.6184722,144.937327
node/9798879963,Bench,bench,bench,,,,,,False,-37.6182579,144.9365412
node/9798879964,Bench,bench,bench,,,,,,False,-37.6181805,144.9360105
node/9798897573,Bench,bench,bench,,,,,,False,-37.6203318,144.9364814
node/9800411746,Bench,bench,bench,,,,,,False,-37.6176448,144.9368603
node/9800411747,Bench,bench,bench,,,,,,False,-37.6176596,144.9369971
node/9800411748,Bench,bench,bench,,,,,,False,-37.6170111,144.9370099
node/9800565138,Bench,bench,bench,,,,,,False,-37.9096422,145.0705732
node/9800565139,Bench,bench,bench,,,,,,False,-37.9096202,145.0705817
node/9800565148,Bench,bench,bench,,,,,,False,-37.9095712,145.0711437
node/9800565149,Bench,bench,bench,,,,,,False,-37.9095751,145.0711694
node/9800565151,Bench,bench,bench,,,,,,False,-37.911458,145.0675709
node/9800565152,Bench,bench,bench,,,,,,False,-37.9115788,145.0675462
node/9800565153,Bench,bench,bench,,,,,,False,-37.9116608,145.0677134
node/9800565185,Bench,bench,bench,,,,,,False,-37.9122098,145.062476
node/9800565186,Bench,bench,bench,,,,,,False,-37.9122394,145.0627603
node/9800935189,Bench,bench,bench,,,,,,False,-37.6186245,144.9359185
node/9803333900,Bench,bench,bench,,,,,,False,-37.8923878,145.2364162
node/9803333901,Bench,bench,bench,,,,,,False,-37.8925617,145.2364135
node/9803333902,Bench,bench,bench,,,,,,False,-37.892486,145.2348205
node/9803333903,Bench,bench,bench,,,,,,False,-37.8929074,145.2348074
node/9803333904,Bench,bench,bench,,,,,,False,-37.8932951,145.2348274
node/9803440765,Bench,bench,bench,,,,,,False,-37.7938356,144.9276054
node/9803440771,Bench,bench,bench,,,,,,False,-37.7943506,144.9299441
node/9803440773,Bench,bench,bench,,,,,,False,-37.7943293,144.9296945
node/9803440774,Bench,bench,bench,,,,,,False,-37.7942581,144.9289619
node/9803440775,Bench,bench,bench,,,,,,False,-37.7943095,144.9294211
node/9803440777,Bench,bench,bench,,,,,,False,-37.7938378,144.9277787
node/9803440778,Bench,bench,bench,,,,,,False,-37.7942533,144.9290029
node/9808098435,Bench,bench,bench,,,,,,False,-37.8179141,145.2794864
node/9810391489,Bench,bench,bench,,,,,,False,-37.7910941,144.9252707
node/9813580955,Bench,bench,bench,,,,,,False,-37.6202898,144.9364796
node/9813676156,Bench,bench,bench,,,,,,False,-37.8039923,145.2841082
node/9816142085,Bench,bench,bench,,,,,,False,-37.6698776,144.9210214
node/9816142086,Bench,bench,bench,,,,,,False,-37.6699809,144.9212145
node/9816142087,Bench,bench,bench,,,,,,False,-37.6701625,144.9212067
node/9816403838,Bench,bench,bench,,,,,,False,-37.7892753,144.9278501
node/9816403857,Bench,bench,bench,,,,,,False,-37.7898692,144.9272284
node/9816403860,Bench,bench,bench,,,,,,False,-37.7895045,144.9279067
node/9819196458,Bench,bench,bench,,,,,,False,-37.7035847,144.7636021
node/9819196460,Bench,bench,bench,,,,,,False,-37.7037315,144.7632341
node/9823887362,Bench,bench,bench,,,,,,False,-37.8341275,144.9922899
node/9823887374,Bench,bench,bench,,,,,,False,-37.8341492,144.992642
node/9823887376,Bench,bench,bench,,,,,,False,-37.8339565,144.9923369
node/9823887377,Bench,bench,bench,,,,,,False,-37.8339574,144.9922159
node/9824047224,Bench,bench,bench,,,,,,False,-37.8345814,144.9599493
node/9824047225,Bench,bench,bench,,,,,,False,-37.8346049,144.9598647
node/9824143983,Bench,bench,bench,,,,,,False,-37.5698222,144.9069038
node/9824144002,Bench,bench,bench,,,,,,False,-37.5698665,144.9079258
node/9824144007,Bench,bench,bench,,,,,,False,-37.5698452,144.9083893
node/9826766011,Bench,bench,bench,,,,,,False,-37.7919385,144.9278404
node/9831950740,Bench,bench,bench,,,,,,False,-37.6132635,144.9392993
node/9831950741,Bench,bench,bench,,,,,,False,-37.6133079,144.9390579
node/9832413286,Bench,bench,bench,,,,,,False,-38.130599,145.3184322
node/9832413287,Bench,bench,bench,,,,,,False,-38.1306329,145.3186933
node/9832413288,Bench,bench,bench,,,,,,False,-38.1313327,145.3188158
node/9832413326,Bench,bench,bench,,,,,,False,-38.1311678,145.322166
node/9832413854,Bench,bench,bench,,,,,,False,-38.069096,145.3910237
node/9832413855,Bench,bench,bench,,,,,,False,-38.0691372,145.391016
node/9832413856,Bench,bench,bench,,,,,,False,-38.0691128,145.3911304
node/9832413857,Bench,bench,bench,,,,,,False,-38.0691548,145.3911223
node/9832413858,Bench,bench,bench,,,,,,False,-38.0691776,145.3911472
node/9833655804,Bench,bench,bench,,,,,,False,-37.6147709,144.9352153
node/9833655806,Bench,bench,bench,,,,,,False,-37.6146912,144.9350825
node/9833655807,Bench,bench,bench,,,,,,False,-37.6147975,144.935112
node/9833655808,Bench,bench,bench,,,,,,False,-37.6146106,144.9354379
node/9834801216,Bench,bench,bench,,,,,,False,-37.7527416,145.3195109
node/9837402413,Bench,bench,bench,,,,,,False,-37.8669111,144.8788861
node/9837402415,Bench,bench,bench,,,,,,False,-37.8676216,144.8892523
node/9837408822,Bench,bench,bench,,,,,,False,-37.8621537,144.9050865
node/9841755061,Bench,bench,bench,,,,,,False,-37.6757834,144.9931574
node/9841755062,Bench,bench,bench,,,,,,False,-37.6759248,144.9931132
node/9841755211,Bench,bench,bench,,,,,,False,-37.6751212,144.9981043
node/9841755212,Bench,bench,bench,,,,,,False,-37.6751917,144.9982581
node/9843411038,Bench,bench,bench,,,,,,False,-37.8532007,144.6574691
node/9843411039,Bench,bench,bench,,,,,,False,-37.8531632,144.6574496
node/9843498783,Bench,bench,bench,,,,,,False,-37.8862841,144.6797077
node/9843498784,Bench,bench,bench,,,,,,False,-37.8863316,144.6797102
node/9847525002,Bench,bench,bench,,,,,,False,-37.8103283,145.3429228
node/9847575347,Bench,bench,bench,,,,,,False,-37.8104147,145.3430954
node/9849425906,Bench,bench,bench,,,,,,False,-37.6174464,144.9361499
node/9851986043,Bench,bench,bench,,,,,,False,-37.8100906,145.3431628
node/9851986056,Bench,bench,bench,,,,,,False,-37.810522,145.3439783
node/9851986060,Bench,bench,bench,,,,,,False,-37.8101408,145.3440287
node/9858347345,Bench,bench,bench,,,,,,False,-38.0984889,145.3207568
node/9858347346,Bench,bench,bench,,,,,,False,-38.0984919,145.3207833
node/9858347347,Bench,bench,bench,,,,,,False,-38.0985199,145.3208275
node/9858347348,Bench,bench,bench,,,,,,False,-38.0985927,145.3206587
node/9858347349,Bench,bench,bench,,,,,,False,-38.0984928,145.320607
node/9858347350,Bench,bench,bench,,,,,,False,-38.0984136,145.320513
node/9858347351,Bench,bench,bench,,,,,,False,-38.0985046,145.3200833
node/9858347352,Bench,bench,bench,,,,,,False,-38.0986104,145.3200683
node/9858347353,Bench,bench,bench,,,,,,False,-38.0987,145.3200993
node/9858347361,Bench,bench,bench,,,,,,False,-38.0989716,145.3204974
node/9858347362,Bench,bench,bench,,,,,,False,-38.0989657,145.320477
node/9859484439,Bench,bench,bench,,,,,,False,-38.0947265,145.2981207
node/9859484440,Bench,bench,bench,,,,,,False,-38.095066,145.2979969
node/9859647924,Bench,bench,bench,,,,,,False,-37.7900946,144.9257357
node/9859647934,Bench,bench,bench,,,,,,False,-37.7885853,144.9263111
node/9859647941,Bench,bench,bench,,,,,,False,-37.7900033,144.9258459
node/9859647944,Bench,bench,bench,,,,,,False,-37.7903141,144.9260841
node/9859647946,Bench,bench,bench,,,,,,False,-37.7900641,144.9257708
node/9859647949,Bench,bench,bench,,,,,,False,-37.7898517,144.9255242
node/9859647950,Bench,bench,bench,,,,,,False,-37.789806,144.9256617
node/9859647953,Bench,bench,bench,,,,,,False,-37.7899577,144.9258098
node/9861683337,Bench,bench,bench,,,,,,False,-37.7880485,144.9269464
node/9861683340,Bench,bench,bench,,,,,,False,-37.7880397,144.9268669
node/9863195360,Bench,bench,bench,,,,,,False,-37.7898194,144.9246568
node/9863195362,Bench,bench,bench,,,,,,False,-37.7900575,144.9240026
node/9863195368,Bench,bench,bench,,,,,,False,-37.7897867,144.9246226
node/9863195370,Bench,bench,bench,,,,,,False,-37.7898032,144.9246383
node/9863195376,Bench,bench,bench,,,,,,False,-37.7900613,144.9240496
node/9867106229,Bench,bench,bench,,,,,,False,-37.9717295,145.076169
node/9867106231,Bench,bench,bench,,,,,,False,-37.9715555,145.076414
node/9867106238,Bench,bench,bench,,,,,,False,-37.9725909,145.0759189
node/9867486653,Bench,bench,bench,,,,,,False,-37.7930742,144.9322817
node/9867486655,Bench,bench,bench,,,,,,False,-37.7932802,144.9324336
node/9867486656,Bench,bench,bench,,,,,,False,-37.7940978,144.9308254
node/9867486658,Bench,bench,bench,,,,,,False,-37.7935468,144.9308323
node/9867486660,Bench,bench,bench,,,,,,False,-37.7937385,144.9308643
node/9871391584,Bench,bench,bench,,,,,,False,-37.822019,145.0453744
node/9871833117,Bench,bench,bench,,,,,,False,-37.7246885,145.3783633
node/9875768757,Bench,bench,bench,,,,,,False,-37.7507174,145.3101387
node/9875768758,Bench,bench,bench,,,,,,False,-37.7507455,145.310151
node/9875768785,Bench,bench,bench,,,,,,False,-37.7513546,145.3101629
node/9875768786,Bench,bench,bench,,,,,,False,-37.7513803,145.3101553
node/9875768787,Bench,bench,bench,,,,,,False,-37.7514809,145.310147
node/9875768788,Bench,bench,bench,,,,,,False,-37.7515103,145.310131
node/9879926427,Bench,bench,bench,,,,,,False,-37.7337447,145.3804145
node/9880058714,Bench,bench,bench,,,,,,False,-37.8099021,144.9922366
node/9884263163,Bench,bench,bench,,,,,,False,-37.7971189,144.9892408
node/9884263176,Bench,bench,bench,,,,,,False,-37.7886426,144.9941702
node/9884263177,Bench,bench,bench,,,,,,False,-37.7886383,144.994083
node/9884263178,Bench,bench,bench,,,,,,False,-37.7886537,144.9940106
node/9884263179,Bench,bench,bench,,,,,,False,-37.7886758,144.993925
node/9884263180,Bench,bench,bench,,,,,,False,-37.7887232,144.9938667
node/9884263181,Bench,bench,bench,,,,,,False,-37.7881936,144.9929451
node/9884495650,Bench,bench,bench,,,,,,False,-38.0558212,145.4092538
node/9884495651,Bench,bench,bench,,,,,,False,-38.0558561,145.4090989
node/9884495652,Bench,bench,bench,,,,,,False,-38.0560302,145.4090503
node/9884495653,Bench,bench,bench,,,,,,False,-38.0559843,145.4089016
node/9884495654,Bench,bench,bench,,,,,,False,-38.0557174,145.4089645
node/9884552003,Bench,bench,bench,,,,,,False,-38.0556325,145.4368128
node/9884552008,Bench,bench,bench,,,,,,False,-38.0572484,145.4335208
node/9884552217,Bench,bench,bench,,,,,,False,-38.0531771,145.4389456
node/9884552777,Bench,bench,bench,,,,,,False,-38.0658295,145.4491116
node/9884552778,Bench,bench,bench,,,,,,False,-38.0658629,145.4490939
node/9884552779,Bench,bench,bench,,,,,,False,-38.0661762,145.4474201
node/9884552780,Bench,bench,bench,,,,,,False,-38.0662126,145.4474104
node/9884552781,Bench,bench,bench,,,,,,False,-38.0662438,145.4473931
node/9884591292,Bench,bench,bench,,,,,,False,-38.0707062,145.4460382
node/9884591293,Bench,bench,bench,,,,,,False,-38.0707451,145.4460258
node/9885182068,Bench,bench,bench,,,,,,False,-37.8351717,144.9948546
node/9885182069,Bench,bench,bench,,,,,,False,-37.8349606,144.9949035
node/9885182070,Bench,bench,bench,,,,,,False,-37.8352886,144.9948314
node/9885182071,Bench,bench,bench,,,,,,False,-37.8354927,144.9947938
node/9885182072,Bench,bench,bench,,,,,,False,-37.835834,144.9943329
node/9885182073,Bench,bench,bench,,,,,,False,-37.8359008,144.9951312
node/9885182074,Bench,bench,bench,,,,,,False,-37.8358663,144.9951355
node/9885182075,Bench,bench,bench,,,,,,False,-37.8359411,144.9951232
node/9885182076,Bench,bench,bench,,,,,,False,-37.8356427,144.9950436
node/9885182077,Bench,bench,bench,,,,,,False,-37.8354022,144.9950808
node/9885182078,Bench,bench,bench,,,,,,False,-37.8355158,144.9950619
node/9885182079,Bench,bench,bench,,,,,,False,-37.8349951,144.9951604
node/9885182080,Bench,bench,bench,,,,,,False,-37.8350522,144.9951458
node/9885182081,Bench,bench,bench,,,,,,False,-37.8351133,144.9951342
node/9885283081,Bench,bench,bench,,,,,,False,-37.8346818,144.9951476
node/9885283082,Bench,bench,bench,,,,,,False,-37.8347434,144.9951577
node/9886700393,Bench,bench,bench,,,,,,False,-37.7900946,144.9310155
node/9886700396,Bench,bench,bench,,,,,,False,-37.7900391,144.9312104
node/9886700399,Bench,bench,bench,,,,,,False,-37.7901654,144.9311527
node/9887331005,Bench,bench,bench,,,,,,False,-37.9052049,145.0121538
node/9894387655,Bench,bench,bench,,,,,,False,-37.7888969,145.3278321
node/9894480804,Bench,bench,bench,,,,,,False,-37.7889748,145.3284689
node/9894532570,Bench,bench,bench,,,,,,False,-37.785585,145.3323549
node/9907006993,Bench,bench,bench,,,,,,False,-37.7890973,144.9290157
node/9907007003,Bench,bench,bench,,,,,,False,-37.7882737,144.9287693
node/9907009017,Bench,bench,bench,,,,,,False,-37.7889409,144.9284034
node/9907009020,Bench,bench,bench,,,,,,False,-37.7885828,144.92845
node/9907009030,Bench,bench,bench,,,,,,False,-37.7888721,144.9283663
node/9907009038,Bench,bench,bench,,,,,,False,-37.7914566,144.935497
node/9910659812,Bench,bench,bench,,,,,,False,-37.7873631,145.2968521
node/9921613433,Bench,bench,bench,,,,,,False,-37.712472,144.8179903
node/9921613434,Bench,bench,bench,,,,,,False,-37.7131756,144.8175201
node/9921613443,Bench,bench,bench,,,,,,False,-37.7138295,144.8166595
node/9921613470,Bench,bench,bench,,,,,,False,-37.7130393,144.8144417
node/9921613486,Bench,bench,bench,,,,,,False,-37.7102374,144.8160136
node/9921613498,Bench,bench,bench,,,,,,False,-37.7089564,144.8146248
node/9921613507,Bench,bench,bench,,,,,,False,-37.7094516,144.8128978
node/9921670549,Bench,bench,bench,,,,,,False,-37.7055385,144.8081773
node/9921670553,Bench,bench,bench,,,,,,False,-37.7043496,144.8074343
node/9921670558,Bench,bench,bench,,,,,,False,-37.7033968,144.8046196
node/9921670590,Bench,bench,bench,,,,,,False,-37.7036534,144.8037308
node/9926615945,Bench,bench,bench,,,,,,False,-37.7002837,144.7813039
node/9928823187,Bench,bench,bench,,,,,,False,-37.8541581,145.2637384
node/9928823196,Bench,bench,bench,,,,,,False,-37.8558166,145.2623883
node/9928823209,Bench,bench,bench,,,,,,False,-37.8541295,145.2637976
node/9928823245,Bench,bench,bench,,,,,,False,-37.854719,145.2644369
node/9928823251,Bench,bench,bench,,,,,,False,-37.8540379,145.2636605
node/9928823284,Bench,bench,bench,,,,,,False,-37.8528795,145.2647633
node/9928823303,Bench,bench,bench,,,,,,False,-37.8541464,145.2638128
node/9928823318,Bench,bench,bench,,,,,,False,-37.8548514,145.2644187
node/9928823322,Bench,bench,bench,,,,,,False,-37.8555935,145.2621344
node/9929672294,Bench,bench,bench,,,,,,False,-37.7647134,145.3559249
node/9929672295,Bench,bench,bench,,,,,,False,-37.7648219,145.3560709
node/9929672296,Bench,bench,bench,,,,,,False,-37.7650108,145.3568363
node/9929672300,Bench,bench,bench,,,,,,False,-37.764071,145.3564775
node/9931080678,Bench,bench,bench,,,,,,False,-37.8476403,145.2526165
node/9931080695,Bench,bench,bench,,,,,,False,-37.8477404,145.2526468
node/9931080704,Bench,bench,bench,,,,,,False,-37.847045,145.252464
node/9931170847,Bench,bench,bench,,,,,,False,-37.8475821,145.2526082
node/9931170858,Bench,bench,bench,,,,,,False,-37.8470095,145.2524271
node/9932863466,Bench,bench,bench,,,,,,False,-37.8118784,145.2784568
node/9932863467,Bench,bench,bench,,,,,,False,-37.8119514,145.278872
node/9932863505,Bench,bench,bench,,,,,,False,-37.8115186,145.2767644
node/9932929254,Bench,bench,bench,,,,,,False,-37.8519563,145.262765
node/9932929287,Bench,bench,bench,,,,,,False,-37.8555305,145.2642203
node/9932929313,Bench,bench,bench,,,,,,False,-37.8555615,145.264606
node/9932929365,Bench,bench,bench,,,,,,False,-37.8533199,145.2630517
node/9932954040,Bench,bench,bench,,,,,,False,-37.8117591,145.2788811
node/9933313578,Bench,bench,bench,,,,,,False,-37.9599742,145.0541665
node/9933454620,Bench,bench,bench,,,,,,False,-37.9602226,145.055317
node/9935311394,Bench,bench,bench,,,,,,False,-37.8755602,145.28578
node/9935311395,Bench,bench,bench,,,,,,False,-37.8755592,145.2858207
node/9935311396,Bench,bench,bench,,,,,,False,-37.8755966,145.285828
node/9935311397,Bench,bench,bench,,,,,,False,-37.8752025,145.2868501
node/9938641442,Bench,bench,bench,,,,,,False,-37.6587877,144.9240557
node/9938641444,Bench,bench,bench,,,,,,False,-37.6594243,144.9233957
node/9939205034,Bench,bench,bench,,,,,,False,-37.8266449,145.2565656
node/9946381600,Bench,bench,bench,,,,,,False,-37.7900524,145.0452711
node/9946381601,Bench,bench,bench,,,,,,False,-37.7898673,145.045314
node/9946381603,Bench,bench,bench,,,,,,False,-37.7895106,145.0454578
node/9946381604,Bench,bench,bench,,,,,,False,-37.7894171,145.0454789
node/9950554391,Bench,bench,bench,,,,,,False,-37.5904056,144.9008178
node/9952036150,Bench,bench,bench,,,,,,False,-37.8266077,145.2561022
node/9954218629,Bench,bench,bench,,,,,,False,-37.7061123,144.7649647
node/9956433019,Bench,bench,bench,,,,,,False,-37.6871892,145.1308301
node/9957071103,Bench,bench,bench,,,,,,False,-37.6176677,145.1253995
node/9957071104,Bench,bench,bench,,,,,,False,-37.6174299,145.1256949
node/9957071105,Bench,bench,bench,,,,,,False,-37.617062,145.1256504
node/9957071106,Bench,bench,bench,,,,,,False,-37.6177364,145.1251581
node/9957071107,Bench,bench,bench,,,,,,False,-37.6180321,145.1251054
node/9957071108,Bench,bench,bench,,,,,,False,-37.6185924,145.1261733
node/9957071109,Bench,bench,bench,,,,,,False,-37.6176712,145.1255626
node/9957071110,Bench,bench,bench,,,,,,False,-37.61684,145.1251209
node/9957071195,Bench,bench,bench,,,,,,False,-37.6165003,145.1253513
node/9957092523,Bench,bench,bench,,,,,,False,-37.6173874,145.1261384
node/9957215746,Bench,bench,bench,,,,,,False,-37.6156312,145.1227122
node/9957215747,Bench,bench,bench,,,,,,False,-37.6147869,145.1222272
node/9957215748,Bench,bench,bench,,,,,,False,-37.6147824,145.1222515
node/9957215815,Bench,bench,bench,,,,,,False,-37.618276,145.1215443
node/9957327378,Bench,bench,bench,,,,,,False,-37.6153246,145.1245512
node/9969245919,Bench,bench,bench,,,,,,False,-38.1512766,145.1661387
node/9969326786,Bench,bench,bench,,,,,,False,-37.6098266,145.115009
node/9969341284,Bench,bench,bench,,,,,,False,-37.6105358,145.1164407
node/9969341285,Bench,bench,bench,,,,,,False,-37.6105565,145.1165021
node/9979056247,Bench,bench,bench,,,,,,False,-37.6104128,145.1091818
node/9979056248,Bench,bench,bench,,,,,,False,-37.6104265,145.1092025
node/9979056249,Bench,bench,bench,,,,,,False,-37.6102779,145.109338
node/9979056250,Bench,bench,bench,,,,,,False,-37.6102618,145.1093245
node/9980889706,Bench,bench,bench,,,,,,False,-37.6088003,145.1080368
node/9980960223,Bench,bench,bench,,,,,,False,-37.608305,145.1074052
node/9980960229,Bench,bench,bench,,,,,,False,-37.6082295,145.1075258
node/9980960230,Bench,bench,bench,,,,,,False,-37.6083784,145.1075791
node/9980960402,Bench,bench,bench,,,,,,False,-37.6079327,145.1072957
node/9980970464,Bench,bench,bench,,,,,,False,-37.6086136,145.1058489
node/9981038181,Bench,bench,bench,,,,,,False,-37.7997294,145.1530111
node/9981041425,Bench,bench,bench,,,,,,False,-37.7976342,145.152449
node/9981041427,Bench,bench,bench,,,,,,False,-37.7969175,145.1536501
node/9982711836,Bench,bench,bench,,,,,,False,-37.800722,145.1912721
node/9982713346,Bench,bench,bench,,,,,,False,-37.9861789,145.0525809
node/9983190121,Bench,bench,bench,,,,,,False,-37.6120651,145.1138483
node/9983190139,Bench,bench,bench,,,,,,False,-37.6121469,145.1143847
node/9983260564,Bench,bench,bench,,,,,,False,-37.6067857,145.1122282
node/9983277346,Bench,bench,bench,,,,,,False,-37.6080302,145.1125466
node/9983301240,Bench,bench,bench,,,,,,False,-37.6058569,145.113405
node/9983316088,Bench,bench,bench,,,,,,False,-37.6069445,145.1115599
node/9983373238,Bench,bench,bench,,,,,,False,-37.6056329,145.1087688
node/9983373621,Bench,bench,bench,,,,,,False,-37.6053421,145.1094668
node/9983391554,Bench,bench,bench,,,,,,False,-37.6043878,145.1076759
node/9983391555,Bench,bench,bench,,,,,,False,-37.6044134,145.1076975
node/9985459245,Bench,bench,bench,,,,,,False,-37.7876236,144.9061536
node/9985459246,Bench,bench,bench,,,,,,False,-37.7876449,144.9061505
node/9985459247,Bench,bench,bench,,,,,,False,-37.7876663,144.9061458
node/9985459355,Bench,bench,bench,,,,,,False,-37.7886,144.9101915
node/9985459356,Bench,bench,bench,,,,,,False,-37.7886514,144.9102129
node/9985459357,Bench,bench,bench,,,,,,False,-37.7885751,144.9105717
node/9985459358,Bench,bench,bench,,,,,,False,-37.7884498,144.9108674
node/9985459359,Bench,bench,bench,,,,,,False,-37.788502,144.9108888
node/9985459360,Bench,bench,bench,,,,,,False,-37.7887293,144.9098866
node/9985459361,Bench,bench,bench,,,,,,False,-37.788808,144.9095238
node/9985459362,Bench,bench,bench,,,,,,False,-37.7887984,144.9095655
node/9985459363,Bench,bench,bench,,,,,,False,-37.7888883,144.9089262
node/9985459364,Bench,bench,bench,,,,,,False,-37.7889373,144.9089414
node/9985459365,Bench,bench,bench,,,,,,False,-37.7890032,144.9086487
node/9985459480,Bench,bench,bench,,,,,,False,-37.7870759,144.9094111
node/9985459528,Bench,bench,bench,,,,,,False,-37.7868678,144.9096106
node/9985459529,Bench,bench,bench,,,,,,False,-37.7869037,144.9096123
node/9985459530,Bench,bench,bench,,,,,,False,-37.7869582,144.909659
node/9987118576,Bench,bench,bench,,,,,,False,-37.792755,145.1589149
node/9987118577,Bench,bench,bench,,,,,,False,-37.7931113,145.1588597
node/9987653807,Bench,bench,bench,,,,,,False,-37.828001,145.1649142
node/9987655712,Bench,bench,bench,,,,,,False,-37.6062824,145.1158179
node/9987655794,Bench,bench,bench,,,,,,False,-37.6045264,145.1164016
node/9987655893,Bench,bench,bench,,,,,,False,-37.6072778,145.1156713
node/9987655946,Bench,bench,bench,,,,,,False,-37.6082363,145.1154548
node/9987655947,Bench,bench,bench,,,,,,False,-37.6082226,145.115415
node/9987716652,Bench,bench,bench,,,,,,False,-37.826823,145.1608808
node/9989883399,Bench,bench,bench,,,,,,False,-37.7925224,145.1483124
node/9996002195,Bench,bench,bench,,,,,,False,-37.792843,145.1585068
node/9996118701,Bench,bench,bench,,,,,,False,-37.7669711,145.1623721
node/9996118706,Bench,bench,bench,,,,,,False,-37.7669607,145.1622289
node/9996175728,Bench,bench,bench,,,,,,False,-37.7636083,145.1630159
node/9996175730,Bench,bench,bench,,,,,,False,-37.7640881,145.1642947
node/9996175732,Bench,bench,bench,,,,,,False,-37.7636157,145.1623967
node/9996175733,Bench,bench,bench,,,,,,False,-37.7642195,145.1621449
node/9996175735,Bench,bench,bench,,,,,,False,-37.7651888,145.1638332
node/9996182315,Bench,bench,bench,,,,,,False,-37.7494094,145.1739132
node/9996195725,Bench,bench,bench,,,,,,False,-37.7461034,145.169294
node/9996200018,Bench,bench,bench,,,,,,False,-37.7463072,145.1722912
node/9996200021,Bench,bench,bench,,,,Manningham Council,,False,-37.7464793,145.1727796
node/9996424662,Bench,bench,bench,,,,,,False,-37.7502315,145.1758337
node/9996424663,Bench,bench,bench,,,,,,False,-37.7504435,145.1757721
node/9996424664,Bench,bench,bench,,,,,,False,-37.7503891,145.1758175
node/9996424665,Bench,bench,bench,,,,,,False,-37.7503098,145.1755147
node/9996927070,Bench,bench,bench,,,,,,False,-37.8712231,145.0838069
node/9996927071,Bench,bench,bench,,,,,,False,-37.871227,145.083778
node/9996927073,Bench,bench,bench,,,,,,False,-37.8712365,145.0838391
node/9996927075,Bench,bench,bench,,,,,,False,-37.8712402,145.0838121
node/9996927076,Bench,bench,bench,,,,,,False,-37.871243,145.0837803
node/9996927078,Bench,bench,bench,,,,,,False,-37.8712205,145.0838368
node/10003590099,Bench,bench,bench,,,,,,False,-37.7880915,144.9060285
node/10003594900,Bench,bench,bench,,,,,,False,-37.7840426,144.9094272
node/10003594901,Bench,bench,bench,,,,,,False,-37.7840697,144.9097307
node/10003594902,Bench,bench,bench,,,,,,False,-37.7840733,144.9099329
node/10004027743,Bench,bench,bench,,,,,,False,-37.7076511,144.7744462
node/10004027744,Bench,bench,bench,,,,,,False,-37.7077117,144.7747574
node/10005934844,Bench,bench,bench,,,,,,False,-37.7770827,145.1397187
node/10005934846,Bench,bench,bench,,,,,,False,-37.776664,145.139784
node/10005956922,Bench,bench,bench,,,,,,False,-37.7758801,145.1389083
node/10005956923,Bench,bench,bench,,,,,,False,-37.7732898,145.1350347
node/10005956924,Bench,bench,bench,,,,Manningham Council,,False,-37.7753384,145.1369279
node/10005956926,Bench,bench,bench,,,,Manningham Council,,False,-37.7753793,145.1363146
node/10005956927,Bench,bench,bench,,,,,,False,-37.7749456,145.1384358
node/10005956929,Bench,bench,bench,,,,,,False,-37.7732936,145.1352378
node/10005956933,Bench,bench,bench,,,,,,False,-37.7748908,145.1381074
node/10005956936,Bench,bench,bench,,,,,,False,-37.7749237,145.135347
node/10005956939,Bench,bench,bench,,,,,,False,-37.7728817,145.1356082
node/10005956940,Bench,bench,bench,,,,,,False,-37.7740958,145.1365461
node/10005956941,Bench,bench,bench,,,,,,False,-37.7748817,145.1373997
node/10010602833,Bench,bench,bench,,,,,,False,-37.7778865,145.1445775
node/10010803698,Bench,bench,bench,,,,,,False,-37.7068163,144.8067328
node/10010824988,Bench,bench,bench,,,,,,False,-37.7774029,145.143881
node/10010824989,Bench,bench,bench,,,,,,False,-37.7769828,145.1410611
node/10010824992,Bench,bench,bench,,,,,,False,-37.775872,145.138415
node/10012962648,Bench,bench,bench,,,,,,False,-37.8019451,145.1766883
node/10012962662,Bench,bench,bench,,,,,,False,-37.8012914,145.1768351
node/10012962666,Bench,bench,bench,,,,,,False,-37.8018809,145.1764338
node/10013219420,Bench,bench,bench,,,,,,False,-37.6142592,145.1268081
node/10013219421,Bench,bench,bench,,,,,,False,-37.6142409,145.1268043
node/10014307010,Bench,bench,bench,,,,,,False,-37.7972874,145.1528571
node/10015106234,Bench,bench,bench,,,,,,False,-37.8415644,145.1213723
node/10015136728,Bench,bench,bench,,,,,,False,-37.7923815,145.3097163
node/10017899580,Bench,bench,bench,,,,,,False,-37.7862575,144.9196402
node/10023832883,Bench,bench,bench,,,,,,False,-37.8207892,145.155171
node/10029536679,Bench,bench,bench,,,,,,False,-37.792734,145.14905
node/10029536683,Bench,bench,bench,,,,,,False,-37.7923229,145.1489006
node/10029536692,Bench,bench,bench,,,,,,False,-37.7919712,145.1493083
node/10030881962,Bench,bench,bench,,,,,,False,-37.6194043,145.1347884
node/10035325395,Bench,bench,bench,,,,,,False,-38.1070742,145.1532237
node/10048497754,Bench,bench,bench,,,,,,False,-37.5965932,144.8979163
node/10048497755,Bench,bench,bench,,,,,,False,-37.5967288,144.8985852
node/10048774483,Bench,bench,bench,,,,,,False,-37.779229,145.1527796
node/10048774486,Bench,bench,bench,,,,,,False,-37.7795576,145.1535005
node/10048774487,Bench,bench,bench,,,,,,False,-37.7802018,145.1525925
node/10055129637,Bench,bench,bench,,,,,,False,-37.7839079,145.3239106
node/10055129643,Bench,bench,bench,,,,,,False,-37.7841139,145.3244191
node/10057455812,Bench,bench,bench,,,,,,False,-38.1005104,145.1291073
node/10076374701,Bench,bench,bench,,,,,,False,-37.8457746,145.0631457
node/10076374702,Bench,bench,bench,,,,,,False,-37.845713,145.0625794
node/10076374703,Bench,bench,bench,,,,,,False,-37.8458969,145.0625606
node/10076374704,Bench,bench,bench,,,,,,False,-37.845972,145.0630837
node/10076374705,Bench,bench,bench,,,,,,False,-37.8455816,145.062596
node/10076374707,Bench,bench,bench,,,,,,False,-37.8456139,145.0623239
node/10079237409,Bench,bench,bench,,,,,,False,-37.6908299,145.0546971
node/10079237410,Bench,bench,bench,,,,,,False,-37.6917934,145.0551283
node/10079237411,Bench,bench,bench,,,,,,False,-37.6932195,145.0541048
node/10079350986,Bench,bench,bench,,,,,,False,-37.8249344,144.6768529
node/10079351088,Bench,bench,bench,,,,,,False,-37.8240602,144.701394
node/10079351089,Bench,bench,bench,,,,,,False,-37.8240845,144.7014109
node/10083121677,Bench,bench,bench,,,,,,False,-37.7768629,145.4605431
node/10085875342,Bench,bench,bench,,,,,,False,-37.9329369,145.0059064
node/10088639649,Bench,bench,bench,,,,,,False,-37.5931851,145.0906532
node/10088639650,Bench,bench,bench,,,,,,False,-37.5930944,145.0907756
node/10091367045,Bench,bench,bench,,,,,,False,-37.7738005,145.022211
node/10091367046,Bench,bench,bench,,,,,,False,-37.7740262,145.0222593
node/10091367047,Bench,bench,bench,,,,,,False,-37.773891,145.0218271
node/10091367048,Bench,bench,bench,,,,,,False,-37.7702499,145.0204748
node/10094579622,Bench,bench,bench,,,,,,False,-37.6001428,145.0894896
node/10099548516,Bench,bench,bench,,,,,,False,-37.9286243,145.1255934
node/10099551267,Bench,bench,bench,,,,,,False,-37.9303145,145.1271602
node/10099551268,Bench,bench,bench,,,,,,False,-37.9324467,145.1304866
node/10099551269,Bench,bench,bench,,,,,,False,-37.9317648,145.1295737
node/10104509855,Bench,bench,bench,,,,,,False,-37.8308208,145.2426188
node/10110686858,Bench,bench,bench,,,,,,False,-37.6567992,145.0252192
node/10112772692,Bench,bench,bench,,,,,,False,-37.8013551,144.9017516
node/10112772693,Bench,bench,bench,,,,,,False,-37.8014234,144.9016415
node/10112779243,Bench,bench,bench,,,,,,False,-37.80106,144.9024104
node/10112779245,Bench,bench,bench,,,,,,False,-37.8010796,144.9023774
node/10113353405,Bench,bench,bench,,,,,,False,-37.6367789,145.000883
node/10113353537,Bench,bench,bench,,,,,,False,-37.6392942,145.0015627
node/10117525356,Bench,bench,bench,,,,,,False,-37.8044078,144.962922
node/10117539110,Bench,bench,bench,,,,,,False,-37.804425,144.9631426
node/10117545351,Bench,bench,bench,,,,,,False,-37.8068212,144.962683
node/10117559995,Bench,bench,bench,,,,,,False,-37.8018403,144.9635665
node/10117559997,Bench,bench,bench,,,,,,False,-37.8017835,144.9634993
node/10117856678,Bench,bench,bench,,,,,,False,-37.6260368,145.018659
node/10117856748,Bench,bench,bench,,,,,,False,-37.6295268,145.018249
node/10121184032,Bench,bench,bench,,,,,,False,-37.6755625,145.0447705
node/10125483457,Bench,bench,bench,,,,,,False,-37.7969929,144.9070577
node/10125483463,Bench,bench,bench,,,,,,False,-37.7970942,144.9068916
node/10125483469,Bench,bench,bench,,,,,,False,-37.7995037,144.9052711
node/10125483470,Bench,bench,bench,,,,,,False,-37.7969896,144.9073639
node/10125483475,Bench,bench,bench,,,,,,False,-37.7969599,144.9070031
node/10125483478,Bench,bench,bench,,,,,,False,-37.799625,144.9051351
node/10125483481,Bench,bench,bench,,,,,,False,-37.7993928,144.9052551
node/10125483485,Bench,bench,bench,,,,,,False,-37.7976502,144.9091214
node/10125483486,Bench,bench,bench,,,,,,False,-37.7969842,144.9070747
node/10125483488,Bench,bench,bench,,,,,,False,-37.7971938,144.9073245
node/10125483491,Bench,bench,bench,,,,,,False,-37.7970843,144.9068674
node/10125483492,Bench,bench,bench,,,,,,False,-37.7994899,144.9051174
node/10125483498,Bench,bench,bench,,,,,,False,-37.7991311,144.9052722
node/10125483499,Bench,bench,bench,,,,,,False,-37.7970698,144.9070113
node/10129594134,Bench,bench,bench,,,,,,False,-37.590209,145.1069611
node/10132185488,Bench,bench,bench,,,,,,False,-37.6089595,145.0850099
node/10132185491,Bench,bench,bench,,,,,,False,-37.6096276,145.084921
node/10132185531,Bench,bench,bench,,,,,,False,-37.6087211,145.0870146
node/10132185556,Bench,bench,bench,,,,,,False,-37.608537,145.0860134
node/10133875405,Bench,bench,bench,,,,,,False,-37.9920092,145.2173068
node/10133885856,Bench,bench,bench,,,,,,False,-37.9913502,145.216249
node/10133890845,Bench,bench,bench,,,,,,False,-37.991632,145.2162913
node/10133913739,Bench,bench,bench,,,,,,False,-37.9914814,145.2165645
node/10133926202,Bench,bench,bench,,,,,,False,-37.9918299,145.2160943
node/10134351310,Bench,bench,bench,,,,,,False,-37.6739563,145.0662604
node/10134351311,Bench,bench,bench,,,,,,False,-37.6739673,145.0663128
node/10134351312,Bench,bench,bench,,,,,,False,-37.6737237,145.0665051
node/10134351313,Bench,bench,bench,,,,,,False,-37.6738151,145.0664805
node/10134351314,Bench,bench,bench,,,,,,False,-37.6738903,145.066458
node/10134437499,Bench,bench,bench,,,,,,False,-37.670438,145.064963
node/10134437500,Bench,bench,bench,,,,,,False,-37.6704373,145.0649823
node/10134437501,Bench,bench,bench,,,,,,False,-37.6705516,145.0649468
node/10134437502,Bench,bench,bench,,,,,,False,-37.6705521,145.0649684
node/10134487190,Bench,bench,bench,,,,,,False,-37.6101096,145.08507
node/10134528988,Bench,bench,bench,,,,,,False,-37.6115444,145.0863985
node/10134989484,Bench,bench,bench,,,,,,False,-37.7964042,144.9061253
node/10134989485,Bench,bench,bench,,,,,,False,-37.7961353,144.9059648
node/10134989486,Bench,bench,bench,,,,,,False,-37.796409,144.9062136
node/10136688123,Bench,bench,bench,,,,,,False,-38.0151118,145.1369984
node/10136688178,Bench,bench,bench,,,,,,False,-38.0058523,145.1609211
node/10138885089,Bench,bench,bench,,,,,,False,-37.6486177,145.0260848
node/10138885090,Bench,bench,bench,,,,,,False,-37.6486325,145.0260996
node/10139223554,Bench,bench,bench,,,,,,False,-37.6362266,145.0207885
node/10139223555,Bench,bench,bench,,,,,,False,-37.6362836,145.0211196
node/10142235214,Bench,bench,bench,,,,,,False,-38.0810473,145.3242756
node/10142235215,Bench,bench,bench,,,,,,False,-38.0808175,145.3245676
node/10142235216,Bench,bench,bench,,,,,,False,-38.0809686,145.3235456
node/10142235286,Bench,bench,bench,,,,,,False,-38.0862226,145.3228034
node/10142235336,Bench,bench,bench,,,,,,False,-38.0864109,145.3217845
node/10142235397,Bench,bench,bench,,,,,,False,-38.0850518,145.3293805
node/10142235520,Bench,bench,bench,,,,,,False,-38.0822996,145.3366617
node/10142235521,Bench,bench,bench,,,,,,False,-38.0823308,145.3360417
node/10142235522,Bench,bench,bench,,,,,,False,-38.0821737,145.3355362
node/10142235523,Bench,bench,bench,,,,,,False,-38.082056,145.335291
node/10142235752,Bench,bench,bench,,,,,,False,-38.0858405,145.3308041
node/10142235850,Bench,bench,bench,,,,,,False,-38.0782858,145.3409311
node/10142235945,Bench,bench,bench,,,,,,False,-38.078959,145.3437142
node/10142919152,Bench,bench,bench,,,,,,False,-37.630681,145.0269137
node/10156114636,Bench,bench,bench,,,,,,False,-37.6837021,145.0617539
node/10156114796,Bench,bench,bench,,,,,,False,-37.6834757,145.0624239
node/10157023568,Bench,bench,bench,,,,,,False,-37.8000978,145.1538001
node/10160353651,Bench,bench,bench,,,,,,False,-37.8010836,145.1392994
node/10171269958,Bench,bench,bench,,,,,,False,-37.6262948,145.0355468
node/10172595590,Bench,bench,bench,,,,,,False,-37.6999903,145.1311593
node/10175111965,Bench,bench,bench,,,,,,False,-37.7123932,145.0820775
node/10177695221,Bench,bench,bench,,,,,,False,-37.8119124,145.2513838
node/10179693089,Bench,bench,bench,,,,,,False,-37.7889123,144.8309217
node/10179717266,Bench,bench,bench,,,,,,False,-37.8121115,145.2507713
node/10180022673,Bench,bench,bench,,,,,,False,-37.7879211,145.2930671
node/10180022674,Bench,bench,bench,,,,,,False,-37.7879762,145.2929987
node/10181656608,Bench,bench,bench,,,,,,False,-37.8121711,145.250569
node/10181742561,Bench,bench,bench,,,,,,False,-37.8143518,145.2490064
node/10181754922,Bench,bench,bench,,,,,,False,-37.8136368,145.2485858
node/10184854178,Bench,bench,bench,,,,,,False,-37.8114282,145.2617112
node/10185035618,Bench,bench,bench,,,,,,False,-37.594358,145.121971
node/10185852465,Bench,bench,bench,,,,,,False,-38.3545548,144.9088677
node/10187079178,Bench,bench,bench,,,,,,False,-37.812521,145.2493543
node/10187298294,Bench,bench,bench,,,,,,False,-37.8099831,145.2505919
node/10187298296,Bench,bench,bench,,,,,,False,-37.8101815,145.2506423
node/10196264569,Bench,bench,bench,,,,,,False,-37.6017599,145.119754
node/10196264570,Bench,bench,bench,,,,,,False,-37.6016398,145.1198559
node/10197058140,Bench,bench,bench,,,,,,False,-37.8487122,144.9851638
node/10197058141,Bench,bench,bench,,,,,,False,-37.8487493,144.9851977
node/10197058142,Bench,bench,bench,,,,,,False,-37.8487718,144.9853587
node/10197058143,Bench,bench,bench,,,,,,False,-37.8486739,144.9854481
node/10197058144,Bench,bench,bench,,,,,,False,-37.848725,144.9854365
node/10197058145,Bench,bench,bench,,,,,,False,-37.8485766,144.9853995
node/10199074431,Bench,bench,bench,,,,,,False,-37.5959668,145.133257
node/10199074432,Bench,bench,bench,,,,,,False,-37.5958643,145.1324131
node/10201380110,Bench,bench,bench,,,,,,False,-37.8087869,145.2673302
node/10201422225,Bench,bench,bench,,,,,,False,-37.8084788,145.2690274
node/10201422226,Bench,bench,bench,,,,,,False,-37.8085045,145.2691316
node/10201422254,Bench,bench,bench,,,,,,False,-37.8090103,145.269731
node/10201422276,Bench,bench,bench,,,,,,False,-37.8096164,145.267441
node/10201422283,Bench,bench,bench,,,,,,False,-37.8094056,145.2673826
node/10201898475,Bench,bench,bench,,,,,,False,-37.8490432,144.8723436
node/10202953013,Bench,bench,bench,,,,,,False,-37.7660397,145.184665
node/10203317846,Bench,bench,bench,,,,,,False,-37.8020405,145.2826181
node/10203317853,Bench,bench,bench,,,,,,False,-37.8125489,145.2697004
node/10204820094,Bench,bench,bench,,,,,,False,-37.7697816,145.0036652
node/10206640744,Bench,bench,bench,,,,,,False,-37.6092185,145.0919412
node/10206640745,Bench,bench,bench,,,,,,False,-37.6091754,145.0917065
node/10206640746,Bench,bench,bench,,,,,,False,-37.606373,145.089925
node/10206640747,Bench,bench,bench,,,,,,False,-37.6061681,145.0895903
node/10208217809,Bench,bench,bench,,,,,,False,-37.7852576,145.0123387
node/10208217812,Bench,bench,bench,,,,,,False,-37.7852548,145.0123805
node/10208217813,Bench,bench,bench,,,,,,False,-37.7852297,145.0124053
node/10209054088,Bench,bench,bench,,,,,,False,-37.7036078,144.7964061
node/10209054089,Bench,bench,bench,,,,,,False,-37.7031297,144.7958377
node/10211036578,Bench,bench,bench,,,,,,False,-37.7943339,145.0645995
node/10211211132,Bench,bench,bench,,,,,,False,-37.8127717,145.0796633
node/10211211134,Bench,bench,bench,,,,,,False,-37.812808,145.0817173
node/10211211137,Bench,bench,bench,,,,,,False,-37.8128593,145.0827932
node/10211211138,Bench,bench,bench,,,,,,False,-37.8132032,145.0831789
node/10211211140,Bench,bench,bench,,,,,,False,-37.8129858,145.0840294
node/10211211141,Bench,bench,bench,,,,,,False,-37.8129249,145.084037
node/10211211142,Bench,bench,bench,,,,,,False,-37.8128859,145.0841704
node/10211211143,Bench,bench,bench,,,,,,False,-37.8128585,145.0841749
node/10211211144,Bench,bench,bench,,,,,,False,-37.8133324,145.0845308
node/10211211145,Bench,bench,bench,,,,,,False,-37.8133035,145.084637
node/10211211147,Bench,bench,bench,,,,,,False,-37.8134288,145.0852818
node/10211211150,Bench,bench,bench,,,,,,False,-37.814825,145.0972938
node/10211211151,Bench,bench,bench,,,,,,False,-37.8148465,145.0974727
node/10211211153,Bench,bench,bench,,,,,,False,-37.8149274,145.0980505
node/10211211155,Bench,bench,bench,,,,,,False,-37.814726,145.0981194
node/10211211158,Bench,bench,bench,,,,,,False,-37.8150386,145.0989636
node/10211211159,Bench,bench,bench,,,,,,False,-37.8149051,145.0989947
node/10211211160,Bench,bench,bench,,,,,,False,-37.8150693,145.0992344
node/10211211163,Bench,bench,bench,,,,,,False,-37.8036344,145.1018487
node/10211211164,Bench,bench,bench,,,,,,False,-37.8035625,145.1019407
node/10211211166,Bench,bench,bench,,,,,,False,-37.8068512,145.0851908
node/10211211167,Bench,bench,bench,,,,,,False,-37.8070117,145.0853838
node/10211211168,Bench,bench,bench,,,,,,False,-37.8074204,145.0887978
node/10211211169,Bench,bench,bench,,,,,,False,-37.8085617,145.0915208
node/10211211170,Bench,bench,bench,,,,,,False,-37.8090424,145.0801014
node/10211226587,Bench,bench,bench,,,,,,False,-37.8171226,145.0857418
node/10211226588,Bench,bench,bench,,,,,,False,-37.8191916,145.0870371
node/10211226589,Bench,bench,bench,,,,,,False,-37.8175067,145.0895326
node/10211226591,Bench,bench,bench,,,,,,False,-37.8209276,145.0820084
node/10211226592,Bench,bench,bench,,,,,,False,-37.8222086,145.081578
node/10211423801,Bench,bench,bench,,,,,,False,-37.7926922,145.0719914
node/10211423803,Bench,bench,bench,,,,,,False,-37.7844492,145.0774847
node/10211423805,Bench,bench,bench,,,,,,False,-37.7840912,145.0776714
node/10211423807,Bench,bench,bench,,,,,,False,-37.7832403,145.0754916
node/10211423808,Bench,bench,bench,,,,,,False,-37.8117889,145.0871874
node/10211423809,Bench,bench,bench,,,,,,False,-37.8119874,145.0869768
node/10211423810,Bench,bench,bench,,,,,,False,-37.811856,145.0889853
node/10211423811,Bench,bench,bench,,,,,,False,-37.8125229,145.0908646
node/10211748699,Bench,bench,bench,,,,,,False,-37.8066143,145.0663597
node/10211748701,Bench,bench,bench,,,,,,False,-37.8050171,145.0668114
node/10211748704,Bench,bench,bench,,,,,,False,-37.8044489,145.0664546
node/10211748705,Bench,bench,bench,,,,,,False,-37.8026442,145.0653432
node/10211748706,Bench,bench,bench,,,,,,False,-37.8022627,145.064953
node/10211748707,Bench,bench,bench,,,,,,False,-37.8018857,145.0647674
node/10211748708,Bench,bench,bench,,,,,,False,-37.8012703,145.064307
node/10211748710,Bench,bench,bench,,,,,,False,-37.8003847,145.061786
node/10211748713,Bench,bench,bench,,,,,,False,-37.7998184,145.0622886
node/10211748714,Bench,bench,bench,,,,,,False,-37.7994199,145.0618709
node/10211748715,Bench,bench,bench,,,,,,False,-37.7994709,145.0619736
node/10211748716,Bench,bench,bench,,,,,,False,-37.7994912,145.0619983
node/10211772017,Bench,bench,bench,,,,,,False,-37.8029505,145.0589188
node/10211772019,Bench,bench,bench,,,,,,False,-37.8034274,145.0592315
node/10211772021,Bench,bench,bench,,,,,,False,-37.8048198,145.0600011
node/10211772022,Bench,bench,bench,,,,,,False,-37.8062826,145.0610973
node/10211772024,Bench,bench,bench,,,,,,False,-37.807041,145.0616963
node/10211772029,Bench,bench,bench,,,,,,False,-37.8105368,145.0630939
node/10211772034,Bench,bench,bench,,,,,,False,-37.8103603,145.0632872
node/10211772041,Bench,bench,bench,no,,,,,False,-37.8216621,145.0676343
node/10211772043,Bench,bench,bench,,,,,,False,-37.8199406,145.0670661
node/10211772044,Bench,bench,bench,,,,,,False,-37.8196589,145.0665839
node/10211772045,Bench,bench,bench,,,,,,False,-37.8192235,145.0664452
node/10211772047,Bench,bench,bench,,,,,,False,-37.816751,145.0655926
node/10211772048,Bench,bench,bench,,,,,,False,-37.8124893,145.0639583
node/10211772049,Bench,bench,bench,,,,,,False,-37.8161482,145.069856
node/10211772050,Bench,bench,bench,,,,,,False,-37.815593,145.0699074
node/10211772057,Bench,bench,bench,,,,,,False,-37.8149709,145.0775515
node/10211772058,Bench,bench,bench,,,,,,False,-37.8152772,145.0780407
node/10211772059,Bench,bench,bench,,,,,,False,-37.8152813,145.0780781
node/10211772060,Bench,bench,bench,,,,,,False,-37.8141686,145.0778977
node/10211772061,Bench,bench,bench,,,,,,False,-37.8140975,145.0778674
node/10211772062,Bench,bench,bench,,,,,,False,-37.8131909,145.0774558
node/10211772063,Bench,bench,bench,,,,,,False,-37.8131913,145.0776041
node/10211772067,Bench,bench,bench,,,,,,False,-37.8128916,145.0795748
node/10211772068,Bench,bench,bench,,,,,,False,-37.8142454,145.0790405
node/10211772069,Bench,bench,bench,,,,,,False,-37.8174469,145.0846811
node/10211772070,Bench,bench,bench,,,,,,False,-37.8179585,145.0845068
node/10211772071,Bench,bench,bench,,,,,,False,-37.8140191,145.0889037
node/10211772072,Bench,bench,bench,,,,,,False,-37.8140698,145.0889195
node/10211772073,Bench,bench,bench,,,,,,False,-37.8141154,145.0889346
node/10211772074,Bench,bench,bench,,,,,,False,-37.814002,145.0888068
node/10211772075,Bench,bench,bench,,,,,,False,-37.8144272,145.088878
node/10211772076,Bench,bench,bench,,,,,,False,-37.8149506,145.0888891
node/10211772077,Bench,bench,bench,,,,,,False,-37.8149764,145.0888955
node/10211772078,Bench,bench,bench,,,,,,False,-37.8173225,145.0949663
node/10211772080,Bench,bench,bench,,,,,,False,-37.8172819,145.0952611
node/10211772083,Bench,bench,bench,,,,,,False,-37.8115928,145.1009718
node/10211772084,Bench,bench,bench,,,,,,False,-37.8118167,145.1007707
node/10211772085,Bench,bench,bench,,,,,,False,-37.8117951,145.1004349
node/10211772098,Bench,bench,bench,,,,,,False,-37.8048838,145.0965813
node/10211772099,Bench,bench,bench,,,,,,False,-37.8051913,145.096332
node/10211772101,Bench,bench,bench,,,,,,False,-37.8049035,145.0951324
node/10211772102,Bench,bench,bench,,,,,,False,-37.8050627,145.0956695
node/10211772103,Bench,bench,bench,,,,,,False,-37.7913915,145.1044666
node/10211772104,Bench,bench,bench,,,,,,False,-37.7916372,145.1039216
node/10211772107,Bench,bench,bench,,,,,,False,-37.7969421,145.1091852
node/10211772108,Bench,bench,bench,,,,,,False,-37.7969993,145.1092583
node/10211772109,Bench,bench,bench,,,,,,False,-37.8212225,145.0942736
node/10211772110,Bench,bench,bench,,,,,,False,-37.8210306,145.0943331
node/10211772111,Bench,bench,bench,,,,,,False,-37.8216652,145.0874153
node/10211772112,Bench,bench,bench,,,,,,False,-37.8216836,145.0873814
node/10211772113,Bench,bench,bench,,,,,,False,-37.8216652,145.0879476
node/10211772114,Bench,bench,bench,,,,,,False,-37.8218072,145.0887988
node/10211772116,Bench,bench,bench,,,,,,False,-37.8218736,145.0890404
node/10211772117,Bench,bench,bench,,,,,,False,-37.8050599,145.0678323
node/10211772118,Bench,bench,bench,,,,,,False,-37.8055465,145.0682256
node/10211772119,Bench,bench,bench,,,,,,False,-37.8065525,145.0686698
node/10211772120,Bench,bench,bench,,,,,,False,-37.8084405,145.0714732
node/10211772121,Bench,bench,bench,,,,,,False,-37.8084204,145.0717374
node/10211772124,Bench,bench,bench,,,,,,False,-37.8086085,145.0720411
node/10211772125,Bench,bench,bench,,,,,,False,-37.7944298,145.0607213
node/10211772127,Bench,bench,bench,,,,,,False,-37.8018954,145.0857517
node/10211772128,Bench,bench,bench,,,,,,False,-37.8018057,145.0846124
node/10211772129,Bench,bench,bench,,,,,,False,-37.8017442,145.0845505
node/10211772130,Bench,bench,bench,,,,,,False,-37.8016687,145.0844939
node/10211772131,Bench,bench,bench,,,,,,False,-37.801417,145.0843718
node/10211772135,Bench,bench,bench,,,,,,False,-37.8001322,145.0857343
node/10211772136,Bench,bench,bench,,,,,,False,-37.8001211,145.0856484
node/10211772137,Bench,bench,bench,,,,,,False,-37.8001063,145.0855291
node/10211772139,Bench,bench,bench,,,,,,False,-37.8023255,145.0877774
node/10211772140,Bench,bench,bench,,,,,,False,-37.8014455,145.0865165
node/10211772141,Bench,bench,bench,,,,,,False,-37.8014123,145.0865002
node/10211772142,Bench,bench,bench,,,,,,False,-37.8011355,145.0861464
node/10213050250,Bench,bench,bench,,,,,,False,-37.775523,145.0094887
node/10213050252,Bench,bench,bench,,,,,,False,-37.7764277,145.0093176
node/10213050254,Bench,bench,bench,,,,,,False,-37.776088,145.0092318
node/10216087116,Bench,bench,bench,,,,,,False,-37.8120575,145.2943579
node/10216263194,Bench,bench,bench,,,,,,False,-37.8121999,145.2942756
node/10218853690,Bench,bench,bench,,,,,,False,-37.8209793,145.2646533
node/10222437457,Bench,bench,bench,,,,,,False,-37.7773873,145.0190748
node/10222530917,Bench,bench,bench,,,,,,False,-37.773852,145.0221566
node/10222530918,Bench,bench,bench,,,,,,False,-37.7741328,145.0220426
node/10222530919,Bench,bench,bench,,,,,,False,-37.7739896,145.0220955
node/10222673648,Bench,bench,bench,,,,,,False,-38.0714657,145.4032599
node/10222673649,Bench,bench,bench,,,,,,False,-38.0714997,145.4032763
node/10223025191,Bench,bench,bench,,,,,,False,-38.1111225,145.346713
node/10223025192,Bench,bench,bench,,,,,,False,-38.1112917,145.3466803
node/10223025219,Bench,bench,bench,,,,,,False,-38.1093849,145.3439175
node/10223025222,Bench,bench,bench,,,,,,False,-38.1080724,145.3427156
node/10224371421,Bench,bench,bench,,,,,,False,-37.762558,145.0193003
node/10224371423,Bench,bench,bench,,,,,,False,-37.7624023,145.0190382
node/10224371425,Bench,bench,bench,,,,,,False,-37.7625587,145.0193511
node/10227776242,Bench,bench,bench,,,,,,False,-37.8169544,144.9861495
node/10227776243,Bench,bench,bench,,,,,,False,-37.8169756,144.9864442
node/10227776244,Bench,bench,bench,,,,,,False,-37.8170876,144.9864303
node/10227776310,Bench,bench,bench,,,,,,False,-37.8169069,144.9894665
node/10227776566,Bench,bench,bench,,,,,,False,-37.8140256,144.9830753
node/10227776691,Bench,bench,bench,,,,,,False,-37.8113446,144.9884353
node/10227776696,Bench,bench,bench,,,,,,False,-37.8117856,144.9876817
node/10227776697,Bench,bench,bench,,,,,,False,-37.811862,144.9879089
node/10227776751,Bench,bench,bench,,,,,,False,-37.8117495,144.9865447
node/10227776767,Bench,bench,bench,,,,,,False,-37.8111,144.9870276
node/10228158625,Bench,bench,bench,,,,,,False,-37.8146051,144.9887755
node/10228158698,Bench,bench,bench,,,,,,False,-37.8171829,144.9885972
node/10228158699,Bench,bench,bench,,,,,,False,-37.817105,144.9883912
node/10228159045,Bench,bench,bench,,,,,,False,-37.812696,144.9909781
node/10228159459,Bench,bench,bench,,,,,,False,-37.8024819,144.9700542
node/10228159525,Bench,bench,bench,,,,,,False,-37.795762,144.9684482
node/10228159526,Bench,bench,bench,,,,,,False,-37.7957503,144.9684955
node/10228159527,Bench,bench,bench,,,,,,False,-37.7957346,144.9685422
node/10228159528,Bench,bench,bench,,,,,,False,-37.7957266,144.9685819
node/10228159529,Bench,bench,bench,,,,,,False,-37.7957166,144.9686281
node/10228159530,Bench,bench,bench,,,,,,False,-37.7956391,144.9686484
node/10228159531,Bench,bench,bench,,,,,,False,-37.7955708,144.9689366
node/10228159532,Bench,bench,bench,,,,,,False,-37.7956973,144.9687765
node/10228159587,Bench,bench,bench,,,,,,False,-37.793731,144.9704352
node/10228159588,Bench,bench,bench,,,,,,False,-37.7937818,144.9704165
node/10228159589,Bench,bench,bench,,,,,,False,-37.793833,144.9704235
node/10228159590,Bench,bench,bench,,,,,,False,-37.7934925,144.9704684
node/10228159591,Bench,bench,bench,,,,,,False,-37.7934667,144.9705
node/10228159592,Bench,bench,bench,,,,,,False,-37.7934164,144.9705052
node/10230281595,Bench,bench,bench,,,,,,False,-37.7858201,145.3157533
node/10230281596,Bench,bench,bench,,,,,,False,-37.7857204,145.3164348
node/10230281597,Bench,bench,bench,,,,,,False,-37.7856825,145.3163895
node/10230299154,Bench,bench,bench,,,,,,False,-37.7855947,145.3176464
node/10230496548,Bench,bench,bench,,,,,,False,-37.8291498,144.9527537
node/10230496549,Bench,bench,bench,,,,,,False,-37.8292234,144.9528225
node/10230496550,Bench,bench,bench,,,,,,False,-37.8291673,144.952925
node/10230496551,Bench,bench,bench,,,,,,False,-37.8289664,144.9525157
node/10230496552,Bench,bench,bench,,,,,,False,-37.82898,144.9524656
node/10230496553,Bench,bench,bench,,,,,,False,-37.8290049,144.9524383
node/10230496554,Bench,bench,bench,,,,,,False,-37.8286273,144.9526354
node/10230496555,Bench,bench,bench,,,,,,False,-37.8286137,144.9526662
node/10230496556,Bench,bench,bench,,,,,,False,-37.8286052,144.9526992
node/10230496558,Bench,bench,bench,,,,,,False,-37.8292992,144.953355
node/10230496559,Bench,bench,bench,,,,,,False,-37.8292217,144.9533206
node/10230496560,Bench,bench,bench,,,,,,False,-37.8286802,144.9521061
node/10230503183,Bench,bench,bench,,,,,,False,-37.7026083,144.9952853
node/10230508125,Bench,bench,bench,,,,,,False,-37.8074863,145.0292192
node/10230508126,Bench,bench,bench,,,,,,False,-37.8072692,145.029767
node/10230508132,Bench,bench,bench,,,,,,False,-37.8065355,145.0317929
node/10230508133,Bench,bench,bench,,,,,,False,-37.806553,145.0317506
node/10233008629,Bench,bench,bench,,,,,,False,-37.8124086,144.9893406
node/10233008632,Bench,bench,bench,,,,,,False,-37.8123597,144.9889398
node/10233008814,Bench,bench,bench,,,,,,False,-37.8099068,144.9918484
node/10236557472,Bench,bench,bench,,,,,,False,-37.7876348,144.939932
node/10236557474,Bench,bench,bench,,,,,,False,-37.7961267,144.9358897
node/10239557650,Bench,bench,bench,,,,,,False,-37.7856619,145.3159123
node/10239655238,Bench,bench,bench,,,,,,False,-37.8036909,144.992944
node/10239655239,Bench,bench,bench,,,,,,False,-37.8036787,144.9928126
node/10239655240,Bench,bench,bench,,,,,,False,-37.8036702,144.9927247
node/10239655241,Bench,bench,bench,,,,,,False,-37.8034763,144.9929574
node/10241509786,Bench,bench,bench,,,,,,False,-37.8074766,145.0328033
node/10241518070,Bench,bench,bench,,,,,,False,-37.7939671,145.0340588
node/10241518071,Bench,bench,bench,,,,,,False,-37.7947831,145.0357756
node/10241518073,Bench,bench,bench,,,,,,False,-37.7954784,145.0381373
node/10241518075,Bench,bench,bench,,,,,,False,-37.7988331,145.0481282
node/10241518076,Bench,bench,bench,,,,,,False,-37.800531,145.0528192
node/10245571484,Bench,bench,bench,,,,,,False,-37.7816529,144.8136913
node/10254634295,Bench,bench,bench,,,,,,False,-37.7138462,145.1475963
node/10254634296,Bench,bench,bench,,,,,,False,-37.7139451,145.147543
node/10254634297,Bench,bench,bench,,,,,,False,-37.7140464,145.1474746
node/10261713178,Bench,bench,bench,,,,,,False,-37.6147748,145.1005494
node/10261713179,Bench,bench,bench,,,,,,False,-37.6147961,145.1005448
node/10261713180,Bench,bench,bench,,,,,,False,-37.6146182,145.1007504
node/10261713181,Bench,bench,bench,,,,,,False,-37.6146223,145.1007949
node/10261713182,Bench,bench,bench,,,,,,False,-37.6151494,145.1008628
node/10261713183,Bench,bench,bench,,,,,,False,-37.6152001,145.1008569
node/10264354463,Bench,bench,bench,,,,,,False,-37.7963808,144.9392121
node/10264354464,Bench,bench,bench,,,,,,False,-37.7997808,144.9403908
node/10264354465,Bench,bench,bench,,,,,,False,-37.7992502,144.9424362
node/10264354468,Bench,bench,bench,,,,,,False,-37.7992384,144.9405878
node/10264354470,Bench,bench,bench,,,,,,False,-37.7964508,144.9391239
node/10264354472,Bench,bench,bench,,,,,,False,-37.796869,144.9389591
node/10264354475,Bench,bench,bench,,,,,,False,-37.7988132,144.9401969
node/10264354476,Bench,bench,bench,,,,,,False,-37.7960592,144.9393177
node/10264354479,Bench,bench,bench,,,,,,False,-37.7966549,144.9387675
node/10264354481,Bench,bench,bench,,,,,,False,-37.7994697,144.940821
node/10264354482,Bench,bench,bench,,,,,,False,-37.798851,144.9401957
node/10264354487,Bench,bench,bench,,,,,,False,-37.7994028,144.9408964
node/10264354489,Bench,bench,bench,,,,,,False,-37.7958794,144.9388763
node/10264354490,Bench,bench,bench,,,,,,False,-37.7993685,144.9408558
node/10264354492,Bench,bench,bench,,,,,,False,-37.7991988,144.9405493
node/10264354494,Bench,bench,bench,,,,,,False,-37.7993243,144.9406676
node/10264354495,Bench,bench,bench,,,,,,False,-37.7965159,144.9395057
node/10264354497,Bench,bench,bench,,,,,,False,-37.7992687,144.9406119
node/10264354502,Bench,bench,bench,,,,,,False,-37.7962618,144.9395507
node/10264356511,Bench,bench,bench,,,,,,False,-37.7963792,144.9388096
node/10264356515,Bench,bench,bench,,,,,,False,-37.7997909,144.9404713
node/10264356516,Bench,bench,bench,,,,,,False,-37.7992751,144.9424463
node/10264356517,Bench,bench,bench,,,,,,False,-37.7994885,144.9409875
node/10264356529,Bench,bench,bench,,,,,,False,-37.7997836,144.9404055
node/10264356533,Bench,bench,bench,,,,,,False,-37.7981301,144.9400427
node/10264356534,Bench,bench,bench,,,,,,False,-37.7969734,144.938763
node/10264356538,Bench,bench,bench,,,,,,False,-37.7956693,144.9389048
node/10264356539,Bench,bench,bench,,,,,,False,-37.7963105,144.9391579
node/10264356541,Bench,bench,bench,,,,,,False,-37.7997877,144.9404362
node/10266342555,Bench,bench,bench,,,,,,False,-37.7842273,145.0269034
node/10266342556,Bench,bench,bench,,,,,,False,-37.7842737,145.0274673
node/10266342558,Bench,bench,bench,,,,,,False,-37.7842801,145.0272503
node/10266342560,Bench,bench,bench,,,,,,False,-37.785423,145.0273582
node/10266342563,Bench,bench,bench,,,,,,False,-37.7842284,145.0270453
node/10266342565,Bench,bench,bench,,,,,,False,-37.7819025,145.0260954
node/10266342566,Bench,bench,bench,,,,,,False,-37.7840531,145.0291545
node/10266342567,Bench,bench,bench,,,,,,False,-37.7841971,145.0275625
node/10266342568,Bench,bench,bench,,,,,,False,-37.7842412,145.0271761
node/10266342570,Bench,bench,bench,,,,,,False,-37.7821554,145.0261754
node/10266622058,Bench,bench,bench,,,,,,False,-37.8588452,144.771582
node/10268866951,Bench,bench,bench,,,,,,False,-37.6834847,144.9692723
node/10268866952,Bench,bench,bench,,,,,,False,-37.6842239,144.9702507
node/10268866953,Bench,bench,bench,,,,,,False,-37.6837954,144.9706111
node/10270752120,Bench,bench,bench,,,,,,False,-37.8723032,145.0430274
node/10270963401,Bench,bench,bench,,,,,,False,-37.7983491,144.9445941
node/10279688919,Bench,bench,bench,,,,,,False,-37.8970497,145.0364769
node/10279688920,Bench,bench,bench,,,,,,False,-37.8971321,145.0367883
node/10279688921,Bench,bench,bench,,,,,,False,-37.8971438,145.0374781
node/10279688922,Bench,bench,bench,,,,,,False,-37.8973231,145.0375467
node/10279688923,Bench,bench,bench,,,,,,False,-37.8971769,145.0370765
node/10279688924,Bench,bench,bench,,,,,,False,-37.8974092,145.0381224
node/10279688925,Bench,bench,bench,,,,,,False,-37.898374,145.0403033
node/10281718134,Bench,bench,bench,,,,,,False,-37.8349799,145.0238725
node/10281718135,Bench,bench,bench,,,,,,False,-37.8349719,145.0238613
node/10281718136,Bench,bench,bench,,,,,,False,-37.8349904,145.0238871
node/10281718137,Bench,bench,bench,,,,,,False,-37.8349984,145.0238983
node/10281718138,Bench,bench,bench,,,,,,False,-37.8350239,145.0239339
node/10281718139,Bench,bench,bench,,,,,,False,-37.8350503,145.0239709
node/10281718140,Bench,bench,bench,,,,,,False,-37.8350423,145.0239597
node/10281718141,Bench,bench,bench,,,,,,False,-37.8350319,145.0239451
node/10281718142,Bench,bench,bench,,,,,,False,-37.8350726,145.024002
node/10281718143,Bench,bench,bench,,,,,,False,-37.8350995,145.0240396
node/10281718144,Bench,bench,bench,,,,,,False,-37.835091,145.0240277
node/10281718145,Bench,bench,bench,,,,,,False,-37.8350814,145.0240143
node/10281718146,Bench,bench,bench,,,,,,False,-37.8351271,145.0240782
node/10281718147,Bench,bench,bench,,,,,,False,-37.835136,145.0240905
node/10281718148,Bench,bench,bench,,,,,,False,-37.8351456,145.024104
node/10281718149,Bench,bench,bench,,,,,,False,-37.8351541,145.0241158
node/10281718150,Bench,bench,bench,,,,,,False,-37.8351493,145.0240521
node/10281718151,Bench,bench,bench,,,,,,False,-37.8351582,145.0240644
node/10281718152,Bench,bench,bench,,,,,,False,-37.8351678,145.0240779
node/10281718153,Bench,bench,bench,,,,,,False,-37.8351763,145.0240897
node/10281718154,Bench,bench,bench,,,,,,False,-37.8351217,145.0240135
node/10281718155,Bench,bench,bench,,,,,,False,-37.8351132,145.0240017
node/10281718156,Bench,bench,bench,,,,,,False,-37.8351036,145.0239882
node/10281718157,Bench,bench,bench,,,,,,False,-37.8350948,145.0239759
node/10281718158,Bench,bench,bench,,,,,,False,-37.8350725,145.0239448
node/10281718159,Bench,bench,bench,,,,,,False,-37.8350645,145.0239336
node/10281718160,Bench,bench,bench,,,,,,False,-37.8350541,145.023919
node/10281718161,Bench,bench,bench,,,,,,False,-37.8350461,145.0239078
node/10281718162,Bench,bench,bench,,,,,,False,-37.8350206,145.0238722
node/10281718163,Bench,bench,bench,,,,,,False,-37.8350126,145.023861
node/10281718164,Bench,bench,bench,,,,,,False,-37.8350021,145.0238464
node/10281718165,Bench,bench,bench,,,,,,False,-37.8349941,145.0238352
node/10282203360,Bench,bench,bench,,,,,,False,-37.8346272,145.0228418
node/10283162756,Bench,bench,bench,,,,,,False,-37.8465683,144.9961306
node/10283162757,Bench,bench,bench,,,,,,False,-37.846693,144.9961075
node/10283162758,Bench,bench,bench,,,,,,False,-37.8465552,144.9959109
node/10284551402,Bench,bench,bench,,,,,,False,-37.729237,144.7463066
node/10284551403,Bench,bench,bench,,,,,,False,-37.729244,144.7463571
node/10287519216,Bench,bench,bench,,,,,,False,-37.5914743,144.926629
node/10287519217,Bench,bench,bench,,,,,,False,-37.5914773,144.9266635
node/10287519405,Bench,bench,bench,,,,,,False,-37.5882519,144.9199756
node/10287519406,Bench,bench,bench,,,,,,False,-37.5882561,144.9199105
node/10288367892,Bench,bench,bench,,,,,,False,-37.8009298,145.2827841
node/10288367893,Bench,bench,bench,,,,,,False,-37.8009061,145.2828304
node/10288500150,Bench,bench,bench,,,,,,False,-37.8017682,145.2829746
node/10288500151,Bench,bench,bench,,,,,,False,-37.8021107,145.2825654
node/10288543051,Bench,bench,bench,,,,,,False,-37.801463,145.2839343
node/10288543052,Bench,bench,bench,,,,,,False,-37.8018951,145.2839042
node/10288595672,Bench,bench,bench,,,,,,False,-38.0390393,145.3392794
node/10288595673,Bench,bench,bench,,,,,,False,-38.0390774,145.3393025
node/10288803877,Bench,bench,bench,,,,,,False,-37.5857939,144.929088
node/10288803878,Bench,bench,bench,,,,,,False,-37.5858,144.9291319
node/10288804281,Bench,bench,bench,,,,,,False,-37.58566,144.9338286
node/10290721677,Bench,bench,bench,,,,,,False,-37.6070467,145.1256314
node/10290721678,Bench,bench,bench,,,,,,False,-37.6069161,145.1256502
node/10291668330,Bench,bench,bench,,,,,,False,-37.6222826,145.1034495
node/10292348693,Bench,bench,bench,,,,,,False,-37.8155012,144.8613261
node/10292525074,Bench,bench,bench,,,,,,False,-37.8209733,144.8416033
node/10292525082,Bench,bench,bench,,,,,,False,-37.8171685,144.8382303
node/10292525087,Bench,bench,bench,,,,,,False,-37.8186318,144.839472
node/10292525092,Bench,bench,bench,,,,,,False,-37.8559004,144.7443024
node/10292525102,Bench,bench,bench,,,,,,False,-37.8235696,144.8483426
node/10294222486,Bench,bench,bench,,,,,,False,-38.2268697,145.3069237
node/10294428432,Bench,bench,bench,,,,,,False,-37.8357398,144.9730839
node/10300105790,Bench,bench,bench,,,,,,False,-37.7900468,144.9400384
node/10300105800,Bench,bench,bench,,,,,,False,-37.7900331,144.9400534
node/10300127309,Bench,bench,bench,,,,,,False,-37.7951067,144.9365674
node/10302027885,Bench,bench,bench,,,,,,False,-37.7947212,144.9416771
node/10302027887,Bench,bench,bench,,,,,,False,-37.7949262,144.9403571
node/10302027888,Bench,bench,bench,,,,,,False,-37.7929821,144.942015
node/10302027896,Bench,bench,bench,,,,,,False,-37.7934436,144.9419372
node/10302027897,Bench,bench,bench,,,,,,False,-37.7948253,144.9403683
node/10302027900,Bench,bench,bench,,,,,,False,-37.7950192,144.940349
node/10302027902,Bench,bench,bench,,,,,,False,-37.7950505,144.9409099
node/10302027905,Bench,bench,bench,,,,,,False,-37.795365,144.9415768
node/10302048514,Bench,bench,bench,,,,,,False,-37.7926322,144.9420825
node/10302048517,Bench,bench,bench,,,,,,False,-37.7942211,144.9417846
node/10302048518,Bench,bench,bench,,,,,,False,-37.7953534,144.9415586
node/10307776620,Bench,bench,bench,,,,,,False,-37.7936704,144.9402039
node/10307776623,Bench,bench,bench,,,,,,False,-37.7925859,144.9423568
node/10307776649,Bench,bench,bench,,,,,,False,-37.7929684,144.9404898
node/10307776658,Bench,bench,bench,,,,,,False,-37.7933259,144.939643
node/10307776660,Bench,bench,bench,,,,,,False,-37.7924157,144.9401674
node/10307776666,Bench,bench,bench,,,,,,False,-37.7933311,144.9396828
node/10307776667,Bench,bench,bench,,,,,,False,-37.7924341,144.9404145
node/10307776672,Bench,bench,bench,,,,,,False,-37.7929723,144.9400375
node/10307776680,Bench,bench,bench,,,,,,False,-37.7929589,144.9399026
node/10307776681,Bench,bench,bench,,,,,,False,-37.7919334,144.9422045
node/10307776682,Bench,bench,bench,,,,,,False,-37.7921448,144.941807
node/10307776683,Bench,bench,bench,,,,,,False,-37.7923901,144.9398175
node/10307776689,Bench,bench,bench,,,,,,False,-37.7923723,144.9420993
node/10307776692,Bench,bench,bench,,,,,,False,-37.7933642,144.93997
node/10307795141,Bench,bench,bench,,,,,,False,-37.7911623,144.9409584
node/10307795153,Bench,bench,bench,,,,,,False,-37.7917304,144.9416457
node/10307795158,Bench,bench,bench,,,,,,False,-37.7921653,144.9452404
node/10307795162,Bench,bench,bench,,,,,,False,-37.7912505,144.9416165
node/10307795165,Bench,bench,bench,,,,,,False,-37.7913992,144.9403899
node/10307795176,Bench,bench,bench,,,,,,False,-37.7916194,144.9416895
node/10307795179,Bench,bench,bench,,,,,,False,-37.791196,144.9403209
node/10307795186,Bench,bench,bench,,,,,,False,-37.7912681,144.9399239
node/10309970072,Bench,bench,bench,,,,,,False,-37.917608,145.0768682
node/10309970097,Bench,bench,bench,,,,,,False,-37.9175107,145.076837
node/10310041682,Bench,bench,bench,,,,,,False,-37.7565728,144.8281278
node/10310063044,Bench,bench,bench,,,,,,False,-37.6429426,144.9432102
node/10310064317,Bench,bench,bench,,,,,,False,-37.7486382,144.8050829
node/10310064318,Bench,bench,bench,,,,,,False,-37.7486298,144.8045914
node/10310276171,Bench,bench,bench,,,,,,False,-37.9255825,145.0680034
node/10310291610,Bench,bench,bench,,,,,,False,-37.9263883,145.0674314
node/10310291611,Bench,bench,bench,,,,,,False,-37.9263844,145.0673986
node/10310291612,Bench,bench,bench,,,,,,False,-37.9264407,145.0678781
node/10310291613,Bench,bench,bench,,,,,,False,-37.926418,145.0677089
node/10310291674,Bench,bench,bench,,,,,,False,-37.9252432,145.0689843
node/10310291773,Bench,bench,bench,,,,,,False,-37.9255235,145.0691383
node/10312540702,Bench,bench,bench,,,,,,False,-37.9181909,145.0612932
node/10312541714,Bench,bench,bench,,,,,,False,-37.917699,145.061402
node/10312541715,Bench,bench,bench,,,,,,False,-37.9176276,145.0614221
node/10312541754,Bench,bench,bench,,,,,,False,-37.9174721,145.0614253
node/10312541755,Bench,bench,bench,,,,,,False,-37.9174064,145.0614125
node/10312541756,Bench,bench,bench,,,,,,False,-37.9172834,145.0613588
node/10312541835,Bench,bench,bench,,,,,,False,-37.9151585,145.0617226
node/10312541836,Bench,bench,bench,,,,,,False,-37.9151075,145.0618056
node/10312541900,Bench,bench,bench,,,,,,False,-37.9185778,145.0618004
node/10312541901,Bench,bench,bench,,,,,,False,-37.9185248,145.0617177
node/10312541902,Bench,bench,bench,,,,,,False,-37.9185049,145.0621619
node/10312541903,Bench,bench,bench,,,,,,False,-37.9184605,145.0618826
node/10312541942,Bench,bench,bench,,,,,,False,-37.9186033,145.0619645
node/10312542026,Bench,bench,bench,,,,,,False,-37.9179839,145.0613604
node/10312542028,Bench,bench,bench,,,,,,False,-37.9178975,145.0613827
node/10312542034,Bench,bench,bench,,,,,,False,-37.917159,145.0618526
node/10314150199,Bench,bench,bench,,,,,,False,-38.0717675,145.4163403
node/10316380420,Bench,bench,bench,,,,,,False,-37.8902852,145.072269
node/10316435530,Bench,bench,bench,,,,,,False,-37.8916411,145.0712817
node/10316435534,Bench,bench,bench,,,,,,False,-37.8914492,145.0712921
node/10316435565,Bench,bench,bench,,,,,,False,-37.8918741,145.0715134
node/10316435573,Bench,bench,bench,,,,,,False,-37.8912806,145.0713127
node/10316435574,Bench,bench,bench,,,,,,False,-37.8910982,145.0713693
node/10316435575,Bench,bench,bench,,,,,,False,-37.8912042,145.0717549
node/10487811110,Bench,bench,bench,,,,,,False,-37.7687899,145.3566279
node/10487811118,Bench,bench,bench,,,,,,False,-37.7696296,145.3524011
node/10489796587,Bench,bench,bench,,,,,,False,-37.7665297,145.351461
node/10494715588,Bench,bench,bench,,,,,,False,-37.7645568,145.3470334
node/10541677307,Bench,bench,bench,,,,,,False,-37.7674202,145.0037185
node/10541689525,Bench,bench,bench,,,,,,False,-37.7678749,145.0025903
node/10541689526,Bench,bench,bench,,,,,,False,-37.7678468,145.0025643
node/10541727110,Bench,bench,bench,,,,,,False,-37.7682835,145.0056388
node/10541727113,Bench,bench,bench,,,,,,False,-37.7680792,145.0048894
node/10541727116,Bench,bench,bench,,,,,,False,-37.7686698,145.0058202
node/10541727117,Bench,bench,bench,,,,,,False,-37.7686502,145.0040668
node/10541727118,Bench,bench,bench,,,,,,False,-37.7678353,145.0037194
node/10541727119,Bench,bench,bench,,,,,,False,-37.7674556,145.0037233
node/10541727120,Bench,bench,bench,,,,,,False,-37.7678836,145.003754
node/10541727121,Bench,bench,bench,,,,,,False,-37.7673875,145.0037231
node/10541727122,Bench,bench,bench,,,,,,False,-37.7681539,145.0065652
node/10541727126,Bench,bench,bench,,,,,,False,-37.7680165,145.0049285
node/10541727127,Bench,bench,bench,,,,,,False,-37.7688965,145.0068735
node/10541842221,Bench,bench,bench,,,,,,False,-37.7639518,144.9997951
node/10541864421,Bench,bench,bench,,,,,,False,-37.7661811,144.9991887
node/10541864429,Bench,bench,bench,,,,,,False,-37.7685908,144.9992789
node/10542233250,Bench,bench,bench,,,,,,False,-37.8048146,145.1095595
node/10542233251,Bench,bench,bench,,,,,,False,-37.80496,145.1096266
node/10542233252,Bench,bench,bench,,,,,,False,-37.8064093,145.106086
node/10542233262,Bench,bench,bench,,,,,,False,-37.8063439,145.1062953
node/10542233819,Bench,bench,bench,,,,,,False,-37.823299,144.9567432
node/10542233820,Bench,bench,bench,,,,,,False,-37.8232746,144.9567961
node/10542233821,Bench,bench,bench,,,,,,False,-37.82291,144.9575059
node/10542233822,Bench,bench,bench,,,,,,False,-37.8228829,144.9575588
node/10542233824,Bench,bench,bench,,,,,,False,-37.8222763,144.9587511
node/10542233825,Bench,bench,bench,,,,,,False,-37.8222516,144.9587993
node/10556350048,Bench,bench,bench,,,,,,False,-37.8158372,145.3692989
node/10558787934,Bench,bench,bench,,,,,,False,-37.7884553,144.9233769
node/10558787938,Bench,bench,bench,,,,,,False,-37.7857093,144.9232101
node/10558787939,Bench,bench,bench,,,,,,False,-37.7858484,144.9234107
node/10558787943,Bench,bench,bench,,,,,,False,-37.7856332,144.9229773
node/10558787945,Bench,bench,bench,,,,,,False,-37.786091,144.9207363
node/10558787949,Bench,bench,bench,,,,,,False,-37.7860282,144.9233709
node/10558787950,Bench,bench,bench,,,,,,False,-37.7879843,144.9219639
node/10558787953,Bench,bench,bench,,,,,,False,-37.7862245,144.9234651
node/10558787955,Bench,bench,bench,,,,,,False,-37.7863374,144.9225917
node/10558787956,Bench,bench,bench,,,,,,False,-37.7881693,144.9221512
node/10558787960,Bench,bench,bench,,,,,,False,-37.7859611,144.9232477
node/10558787965,Bench,bench,bench,,,,,,False,-37.7863394,144.9226268
node/10558787967,Bench,bench,bench,,,,,,False,-37.7857744,144.9230112
node/10558787968,Bench,bench,bench,,,,,,False,-37.7860816,144.9225907
node/10558787978,Bench,bench,bench,,,,,,False,-37.7859637,144.9231742
node/10558787996,Bench,bench,bench,,,,,,False,-37.7856526,144.922979
node/10558788004,Bench,bench,bench,,,,,,False,-37.7884484,144.9224194
node/10558788005,Bench,bench,bench,,,,,,False,-37.7857244,144.9232592
node/10558799709,Bench,bench,bench,,,,,,False,-37.7856595,144.9230034
node/10558799710,Bench,bench,bench,,,,,,False,-37.7886278,144.9232808
node/10558799712,Bench,bench,bench,,,,,,False,-37.7862105,144.9233025
node/10563523064,Bench,bench,bench,,,,,,False,-37.7860898,145.0127941
node/10563558152,Bench,bench,bench,,,,,,False,-37.7854499,145.0113682
node/10563558153,Bench,bench,bench,,,,,,False,-37.7854295,145.0113638
node/10564639815,Bench,bench,bench,,,,,,False,-37.812637,145.0261262
node/10564639816,Bench,bench,bench,,,,,,False,-37.8122445,145.0253447
node/10566076370,Bench,bench,bench,,,,,,False,-37.7863673,145.0120315
node/10566076371,Bench,bench,bench,,,,,,False,-37.7863831,145.0120326
node/10566128456,Bench,bench,bench,,,,,,False,-37.7908934,145.0069318
node/10566587759,Bench,bench,bench,,,,,,False,-37.6022102,145.101296
node/10566587760,Bench,bench,bench,,,,,,False,-37.6020539,145.1011614
node/10566587761,Bench,bench,bench,,,,,,False,-37.6021073,145.101149
node/10566587762,Bench,bench,bench,,,,,,False,-37.6021591,145.1011369
node/10570242829,Bench,bench,bench,,,,,,False,-37.7870091,144.9270248
node/10570242832,Bench,bench,bench,,,,,,False,-37.7870532,144.9270211
node/10570438122,Bench,bench,bench,,,,,,False,-38.0676383,145.4371394
node/10570438123,Bench,bench,bench,,,,,,False,-38.0676674,145.4371433
node/10570438124,Bench,bench,bench,,,,,,False,-38.0678032,145.4372272
node/10570438125,Bench,bench,bench,,,,,,False,-38.0678269,145.4372388
node/10570438137,Bench,bench,bench,,,,,,False,-38.0665706,145.4368551
node/10570438138,Bench,bench,bench,,,,,,False,-38.0665985,145.4368489
node/10570438144,Bench,bench,bench,,,,,,False,-38.0663791,145.4375508
node/10570438145,Bench,bench,bench,,,,,,False,-38.0663834,145.4375838
node/10570438146,Bench,bench,bench,,,,,,False,-38.0665268,145.4386003
node/10570438147,Bench,bench,bench,,,,,,False,-38.0665301,145.4386354
node/10570438171,Bench,bench,bench,,,,,,False,-38.0644302,145.439891
node/10570438172,Bench,bench,bench,,,,,,False,-38.0644121,145.4399185
node/10571708253,Bench,bench,bench,,,,,,False,-37.7143702,144.727651
node/10571708254,Bench,bench,bench,,,,,,False,-37.7143091,144.7275397
node/10571708255,Bench,bench,bench,,,,,,False,-37.7143702,144.7274321
node/10571708256,Bench,bench,bench,,,,,,False,-37.7141544,144.7276994
node/10571708257,Bench,bench,bench,,,,,,False,-37.7141487,144.7275774
node/10571708258,Bench,bench,bench,,,,,,False,-37.7141345,144.7274231
node/10571708259,Bench,bench,bench,,,,,,False,-37.7141317,144.7272903
node/10571708260,Bench,bench,bench,,,,,,False,-37.714312,144.7286522
node/10571708261,Bench,bench,bench,,,,,,False,-37.7143503,144.7288155
node/10571708262,Bench,bench,bench,,,,,,False,-37.7144184,144.7288908
node/10571708263,Bench,bench,bench,,,,,,False,-37.7144695,144.7291977
node/10571708264,Bench,bench,bench,,,,,,False,-37.7143304,144.7290918
node/10571708265,Bench,bench,bench,,,,,,False,-37.7142594,144.7289142
node/10571708266,Bench,bench,bench,,,,,,False,-37.7143797,144.7286168
node/10571708267,Bench,bench,bench,,,,,,False,-37.7144298,144.7286996
node/10571708268,Bench,bench,bench,,,,,,False,-37.714446,144.7287332
node/10571708269,Bench,bench,bench,,,,,,False,-37.714527,144.7290564
node/10571708270,Bench,bench,bench,,,,,,False,-37.7145318,144.7290987
node/10571708271,Bench,bench,bench,,,,,,False,-37.7145318,144.7291602
node/10572149421,Bench,bench,bench,,,,,,False,-37.8000538,144.9521999
node/10572149432,Bench,bench,bench,,,,,,False,-37.7999694,144.9523075
node/10572149439,Bench,bench,bench,,,,,,False,-37.7995809,144.9531562
node/10572149442,Bench,bench,bench,,,,,,False,-37.7999285,144.9527752
node/10572727403,Bench,bench,bench,,,,,,False,-37.833556,144.9818411
node/10572727405,Bench,bench,bench,,,,,,False,-37.8359947,144.9820504
node/10572727406,Bench,bench,bench,,,,,,False,-37.8279555,144.9734553
node/10572727407,Bench,bench,bench,,,,,,False,-37.8307702,144.9763311
node/10572742009,Bench,bench,bench,,,,,,False,-37.826829,144.9725847
node/10572742010,Bench,bench,bench,,,,,,False,-37.8315201,144.9770341
node/10572742011,Bench,bench,bench,,,,,,False,-37.8283185,144.9742398
node/10572742012,Bench,bench,bench,,,,,,False,-37.8331033,144.9790399
node/10572742015,Bench,bench,bench,,,,,,False,-37.831984,144.9774454
node/10572742020,Bench,bench,bench,,,,,,False,-37.8305309,144.9749548
node/10572742021,Bench,bench,bench,,,,,,False,-37.8395283,144.9820799
node/10572742022,Bench,bench,bench,,,,,,False,-37.8282505,144.9741678
node/10572742024,Bench,bench,bench,,,,,,False,-37.827623,144.9739138
node/10572742027,Bench,bench,bench,,,,,,False,-37.8272282,144.9728873
node/10572742028,Bench,bench,bench,,,,,,False,-37.8276936,144.9728176
node/10572742030,Bench,bench,bench,,,,,,False,-37.8335987,144.9815805
node/10572742031,Bench,bench,bench,,,,,,False,-37.8336542,144.9821923
node/10572742034,Bench,bench,bench,,,,,,False,-37.8339866,144.9819884
node/10572742035,Bench,bench,bench,,,,,,False,-37.83401,144.9822359
node/10572742036,Bench,bench,bench,,,,,,False,-37.8372953,144.9817834
node/10572742037,Bench,bench,bench,,,,,,False,-37.8246954,144.9720454
node/10572742038,Bench,bench,bench,,,,,,False,-37.8237107,144.9715554
node/10572742040,Bench,bench,bench,,,,,,False,-37.8250867,144.9723443
node/10572742041,Bench,bench,bench,,,,,,False,-37.8239926,144.9716406
node/10572742042,Bench,bench,bench,,,,,,False,-37.8332875,144.9795506
node/10572742044,Bench,bench,bench,,,,,,False,-37.8279302,144.9739214
node/10572742045,Bench,bench,bench,,,,,,False,-37.8391783,144.983033
node/10572742046,Bench,bench,bench,,,,,,False,-37.8340183,144.9823004
node/10572742047,Bench,bench,bench,,,,,,False,-37.8382435,144.9816564
node/10572742053,Bench,bench,bench,,,,,,False,-37.8307052,144.9756167
node/10572742054,Bench,bench,bench,,,,,,False,-37.8299348,144.9745308
node/10572742055,Bench,bench,bench,,,,,,False,-37.8393009,144.9824997
node/10572742057,Bench,bench,bench,,,,,,False,-37.8331343,144.9796842
node/10573859637,Bench,bench,bench,,,,,,False,-37.8709576,144.696324
node/10573859638,Bench,bench,bench,,,,,,False,-37.871048,144.6962879
node/10573869140,Bench,bench,bench,,,,,,False,-37.8706318,144.6966397
node/10573869141,Bench,bench,bench,,,,,,False,-37.8706657,144.6967548
node/10574171747,Bench,bench,bench,,,,,,False,-38.0672736,145.4495359
node/10574171748,Bench,bench,bench,,,,,,False,-38.0672831,145.4495822
node/10574171749,Bench,bench,bench,,,,,,False,-38.0671551,145.4489178
node/10574171750,Bench,bench,bench,,,,,,False,-38.0671649,145.4489624
node/10574171842,Bench,bench,bench,,,,,,False,-38.0663811,145.4519524
node/10574171843,Bench,bench,bench,,,,,,False,-38.0665262,145.4520888
node/10574171844,Bench,bench,bench,,,,,,False,-38.0665557,145.4521544
node/10574171845,Bench,bench,bench,,,,,,False,-38.0665727,145.452224
node/10574171846,Bench,bench,bench,,,,,,False,-38.0664059,145.4526523
node/10574171847,Bench,bench,bench,,,,,,False,-38.0663532,145.4526733
node/10575832245,Bench,bench,bench,,,,,,False,-38.0624512,145.3906678
node/10575891380,Bench,bench,bench,,,,,,False,-37.8154371,144.952968
node/10577981246,Bench,bench,bench,,,,,,False,-37.9179867,144.9943632
node/10577981249,Bench,bench,bench,,,,,,False,-37.9183171,144.9942338
node/10578132072,Bench,bench,bench,,,,,,False,-38.068948,145.4232055
node/10578132170,Bench,bench,bench,,,,,,False,-38.0717617,145.4281061
node/10579333184,Bench,bench,bench,,,,,,False,-38.0738439,145.4355338
node/10579333185,Bench,bench,bench,,,,,,False,-38.0738439,145.4356148
node/10579333186,Bench,bench,bench,,,,,,False,-38.0738616,145.4356918
node/10580706537,Bench,bench,bench,,,,,,False,-38.0702359,145.4408285
node/10580706538,Bench,bench,bench,,,,,,False,-38.069937,145.4402341
node/10580706539,Bench,bench,bench,,,,,,False,-38.0699406,145.4402634
node/10580706551,Bench,bench,bench,,,,,,False,-38.0688669,145.4375153
node/10580706740,Bench,bench,bench,,,,,,False,-38.069857,145.4418221
node/10580706741,Bench,bench,bench,,,,,,False,-38.0698702,145.4418053
node/10580706742,Bench,bench,bench,,,,,,False,-38.0697015,145.441878
node/10580706743,Bench,bench,bench,,,,,,False,-38.069675,145.4418716
node/10580706744,Bench,bench,bench,,,,,,False,-38.0694793,145.441938
node/10580706745,Bench,bench,bench,,,,,,False,-38.0692293,145.4419884
node/10580706746,Bench,bench,bench,,,,,,False,-38.069257,145.4419876
node/10580707081,Bench,bench,bench,,,,,,False,-38.0671053,145.4422329
node/10580707082,Bench,bench,bench,,,,,,False,-38.0671245,145.4422559
node/10580707083,Bench,bench,bench,,,,,,False,-38.0666008,145.4421462
node/10580707084,Bench,bench,bench,,,,,,False,-38.0666249,145.4421451
node/10580707095,Bench,bench,bench,,,,,,False,-38.0684483,145.4421963
node/10580707096,Bench,bench,bench,,,,,,False,-38.0684716,145.4421884
node/10580707097,Bench,bench,bench,,,,,,False,-38.0684793,145.4423356
node/10580707098,Bench,bench,bench,,,,,,False,-38.0685017,145.442329
node/10580707099,Bench,bench,bench,,,,,,False,-38.0680962,145.4423853
node/10580707100,Bench,bench,bench,,,,,,False,-38.067859,145.4424035
node/10580707101,Bench,bench,bench,,,,,,False,-38.0678772,145.4423817
node/10580707102,Bench,bench,bench,,,,,,False,-38.0676057,145.4423139
node/10580707103,Bench,bench,bench,,,,,,False,-38.0676174,145.4423303
node/10580707116,Bench,bench,bench,,,,,,False,-38.0659111,145.4424029
node/10580707136,Bench,bench,bench,,,,,,False,-38.0655212,145.4424788
node/10580707137,Bench,bench,bench,,,,,,False,-38.0655382,145.4425031
node/10580707138,Bench,bench,bench,,,,,,False,-38.0654248,145.4425233
node/10580707139,Bench,bench,bench,,,,,,False,-38.0654105,145.4425045
node/10580707140,Bench,bench,bench,,,,,,False,-38.0653453,145.4423312
node/10580707141,Bench,bench,bench,,,,,,False,-38.0653617,145.4423542
node/10580707142,Bench,bench,bench,,,,,,False,-38.0653097,145.4425428
node/10580707143,Bench,bench,bench,,,,,,False,-38.0649831,145.4426316
node/10580707144,Bench,bench,bench,,,,,,False,-38.0657294,145.4423074
node/10580707145,Bench,bench,bench,,,,,,False,-38.0660534,145.4423836
node/10580707146,Bench,bench,bench,,,,,,False,-38.0660628,145.4423019
node/10580707170,Bench,bench,bench,,,,,,False,-38.0644196,145.443331
node/10580707171,Bench,bench,bench,,,,,,False,-38.0644316,145.4433122
node/10580707177,Bench,bench,bench,,,,,,False,-38.0643367,145.4434103
node/10581841551,Bench,bench,bench,,,,,,False,-38.0672947,145.4504975
node/10581841552,Bench,bench,bench,,,,,,False,-38.0673007,145.4505319
node/10581841553,Bench,bench,bench,,,,,,False,-38.0673141,145.4505115
node/10581841554,Bench,bench,bench,,,,,,False,-38.067381,145.450949
node/10581841555,Bench,bench,bench,,,,,,False,-38.0673999,145.4509631
node/10581841556,Bench,bench,bench,,,,,,False,-38.0673874,145.4509856
node/10581841557,Bench,bench,bench,,,,,,False,-38.0675613,145.4512974
node/10581841558,Bench,bench,bench,,,,,,False,-38.0675898,145.4513147
node/10581841559,Bench,bench,bench,,,,,,False,-38.0678297,145.452073
node/10581841560,Bench,bench,bench,,,,,,False,-38.0678452,145.4521179
node/10581841561,Bench,bench,bench,,,,,,False,-38.0676186,145.4527477
node/10581841562,Bench,bench,bench,,,,,,False,-38.0676027,145.4527954
node/10581841563,Bench,bench,bench,,,,,,False,-38.0675423,145.4529766
node/10581841564,Bench,bench,bench,,,,,,False,-38.0675277,145.453022
node/10583053716,Bench,bench,bench,,,,,,False,-37.8903482,145.0742607
node/10583053719,Bench,bench,bench,,,,,,False,-37.8905969,145.0744913
node/10583053727,Bench,bench,bench,,,,,,False,-37.8911215,145.0746116
node/10583727890,Bench,bench,bench,,,,,,False,-37.7882432,144.931221
node/10583727903,Bench,bench,bench,,,,,,False,-37.7879189,144.9292665
node/10583751107,Bench,bench,bench,,,,,,False,-37.7860551,144.9316403
node/10583751113,Bench,bench,bench,,,,,,False,-37.7857726,144.9289761
node/10583751117,Bench,bench,bench,,,,,,False,-37.7880758,144.9298069
node/10583751122,Bench,bench,bench,,,,,,False,-37.7879171,144.9293078
node/10586074806,Bench,bench,bench,,,,,,False,-37.8005366,144.9517212
node/10586074807,Bench,bench,bench,,,,,,False,-37.8004643,144.9516592
node/10586074808,Bench,bench,bench,,,,,,False,-37.7998373,144.9504766
node/10586074809,Bench,bench,bench,,,,,,False,-37.7993194,144.950583
node/10586074811,Bench,bench,bench,,,,,,False,-37.7998105,144.9502501
node/10586074812,Bench,bench,bench,,,,,,False,-37.7994087,144.9506402
node/10586074813,Bench,bench,bench,,,,,,False,-37.799354,144.9506273
node/10586074815,Bench,bench,bench,,,,,,False,-37.7992807,144.9504899
node/10587759239,Bench,bench,bench,,,,,,False,-37.974109,145.0163204
node/10588214057,Bench,bench,bench,,,,,,False,-37.7933551,144.9579755
node/10588510608,Bench,bench,bench,,,,,,False,-37.8409755,145.0069817
node/10588530399,Bench,bench,bench,,,,,,False,-37.7966828,144.9520823
node/10588530401,Bench,bench,bench,,,,,,False,-37.7947555,144.9544717
node/10588530402,Bench,bench,bench,,,,,,False,-37.7967202,144.9519919
node/10588530403,Bench,bench,bench,,,,,,False,-37.7969012,144.9525173
node/10595924097,Bench,bench,bench,,,,,,False,-38.0757051,145.4562515
node/10595927334,Bench,bench,bench,,,,,,False,-38.0731509,145.4578565
node/10595927375,Bench,bench,bench,,,,,,False,-38.0780545,145.4565858
node/10595927376,Bench,bench,bench,,,,,,False,-38.0781715,145.4562582
node/10597782827,Bench,bench,bench,,,,,,False,-37.9132584,144.9936454
node/10597782828,Bench,bench,bench,,,,,,False,-37.9129967,144.9933501
node/10597782829,Bench,bench,bench,,,,,,False,-37.9129565,144.9933047
node/10597782832,Bench,bench,bench,,,,,,False,-37.9133173,144.9937086
node/10597782834,Bench,bench,bench,,,,,,False,-37.9135061,144.9939237
node/10598235888,Bench,bench,bench,,,,,,False,-37.8146185,144.963204
node/10598235891,Bench,bench,bench,,,,,,False,-37.8145978,144.9631958
node/10598284189,Bench,bench,bench,,,,,,False,-37.8115419,144.9644578
node/10598463135,Bench,bench,bench,,,,,,False,-37.7852056,144.9282286
node/10598463137,Bench,bench,bench,,,,,,False,-37.7832138,144.9262018
node/10598483558,Bench,bench,bench,,,,,,False,-37.782595,144.9223436
node/10598527699,Bench,bench,bench,,,,,,False,-37.9119815,145.0623849
node/10598527700,Bench,bench,bench,,,,,,False,-37.9120937,145.062509
node/10598527736,Bench,bench,bench,,,,,,False,-37.9124656,145.0647593
node/10598527738,Bench,bench,bench,,,,,,False,-37.9123428,145.0628778
node/10598527739,Bench,bench,bench,,,,,,False,-37.9121888,145.0622714
node/10598599309,Bench,bench,bench,,,,,,False,-37.9049931,145.0641283
node/10598599310,Bench,bench,bench,,,,,,False,-37.904918,145.0643831
node/10598599311,Bench,bench,bench,,,,,,False,-37.9051058,145.0639352
node/10601105871,Bench,bench,bench,,,,,,False,-38.0638977,145.4518599
node/10601105872,Bench,bench,bench,,,,,,False,-38.0639085,145.451904
node/10603627932,Bench,bench,bench,,,,,,False,-38.0698267,145.4547478
node/10603627933,Bench,bench,bench,,,,,,False,-38.0698817,145.4547779
node/10603627934,Bench,bench,bench,,,,,,False,-38.0699326,145.4547768
node/10603627935,Bench,bench,bench,,,,,,False,-38.0700099,145.4547457
node/10603627936,Bench,bench,bench,,,,,,False,-38.0712471,145.4549301
node/10603627988,Bench,bench,bench,,,,,,False,-38.0703626,145.4535874
node/10609146009,Bench,bench,bench,,,,,,False,-37.7860716,145.312372
node/10609146015,Bench,bench,bench,,,,,,False,-37.7864382,145.3127202
node/10609146016,Bench,bench,bench,,,,,,False,-37.7864822,145.3126349
node/10609146017,Bench,bench,bench,,,,,,False,-37.7865794,145.3126159
node/10609146018,Bench,bench,bench,,,,,,False,-37.786601,145.3126259
node/10609146019,Bench,bench,bench,,,,,,False,-37.7865082,145.3127999
node/10609146020,Bench,bench,bench,,,,,,False,-37.7865196,145.3128261
node/10609146021,Bench,bench,bench,,,,,,False,-37.7865384,145.3128805
node/10609146022,Bench,bench,bench,,,,,,False,-37.7865478,145.312945
node/10610493867,Bench,bench,bench,,,,,,False,-37.9360535,145.0650275
node/10610493868,Bench,bench,bench,,,,,,False,-37.9359334,145.0647077
node/10610611717,Bench,bench,bench,,,,,,False,-37.7199683,144.7430583
node/10610699619,Bench,bench,bench,,,,,,False,-37.8092225,145.2672824
node/10612947685,Bench,bench,bench,,,,,,False,-37.6619853,145.1813915
node/10614566182,Bench,bench,bench,,,,,,False,-37.6096623,145.1280519
node/10628129899,Bench,bench,bench,,,,,,False,-37.614711,145.1263043
node/10628129900,Bench,bench,bench,,,,,,False,-37.6149719,145.1263049
node/10628129901,Bench,bench,bench,,,,,,False,-37.6149565,145.1261853
node/10631076281,Bench,bench,bench,,,,,,False,-38.0800866,145.4964869
node/10631076282,Bench,bench,bench,,,,,,False,-38.0801317,145.4964787
node/10631076283,Bench,bench,bench,,,,,,False,-38.0801735,145.49647
node/10631076284,Bench,bench,bench,,,,,,False,-38.0802144,145.4964606
node/10631076285,Bench,bench,bench,,,,,,False,-38.0802548,145.4964513
node/10631076286,Bench,bench,bench,,,,,,False,-38.0802953,145.4964431
node/10631076287,Bench,bench,bench,,,,,,False,-38.0803375,145.496435
node/10631076288,Bench,bench,bench,,,,,,False,-38.080043,145.4965716
node/10631076289,Bench,bench,bench,,,,,,False,-38.0800494,145.4966253
node/10631076290,Bench,bench,bench,,,,,,False,-38.0800563,145.4966766
node/10631076291,Bench,bench,bench,,,,,,False,-38.0800646,145.496728
node/10631076292,Bench,bench,bench,,,,,,False,-38.0800706,145.4967776
node/10631076293,Bench,bench,bench,,,,,,False,-38.0800775,145.4968307
node/10631076294,Bench,bench,bench,,,,,,False,-38.0800844,145.4968821
node/10631076295,Bench,bench,bench,,,,,,False,-38.0801505,145.4969457
node/10631076296,Bench,bench,bench,,,,,,False,-38.0801905,145.496937
node/10631076297,Bench,bench,bench,,,,,,False,-38.0802323,145.4969294
node/10631076298,Bench,bench,bench,,,,,,False,-38.0802746,145.4969206
node/10631076299,Bench,bench,bench,,,,,,False,-38.080315,145.4969101
node/10631076300,Bench,bench,bench,,,,,,False,-38.0803568,145.4969037
node/10631076301,Bench,bench,bench,,,,,,False,-38.0803973,145.4968944
node/10631076302,Bench,bench,bench,,,,,,False,-38.0804059,145.4965127
node/10631076303,Bench,bench,bench,,,,,,False,-38.0804159,145.4965804
node/10631076304,Bench,bench,bench,,,,,,False,-38.0804249,145.4966454
node/10631076305,Bench,bench,bench,,,,,,False,-38.0804328,145.4966991
node/10631076306,Bench,bench,bench,,,,,,False,-38.0804386,145.4967561
node/10631076307,Bench,bench,bench,,,,,,False,-38.080446,145.496809
node/10631076375,Bench,bench,bench,,,,,,False,-38.0805568,145.4917611
node/10631076376,Bench,bench,bench,,,,,,False,-38.0805091,145.4917761
node/10631076389,Bench,bench,bench,,,,,,False,-38.0784254,145.4891557
node/10636572547,Bench,bench,bench,,,,,,False,-37.9151467,145.0746788
node/10636572549,Bench,bench,bench,,,,,,False,-37.9155117,145.0746121
node/10636572550,Bench,bench,bench,,,,,,False,-37.9156013,145.0745648
node/10636572551,Bench,bench,bench,,,,,,False,-37.915654,145.0745558
node/10636572554,Bench,bench,bench,,,,,,False,-37.9158133,145.0745479
node/10636687093,Bench,bench,bench,,,,,,False,-37.9507377,145.0524537
node/10636687095,Bench,bench,bench,,,,,,False,-37.9511573,145.0522354
node/10651322502,Bench,bench,bench,,,,,,False,-37.756964,145.076673
node/10651322503,Bench,bench,bench,,,,,,False,-37.7569587,145.0766268
node/10653423931,Bench,bench,bench,,,,,,False,-37.883676,145.0816039
node/10657330805,Bench,bench,bench,,,,,,False,-37.8565127,145.0318911
node/10657330806,Bench,bench,bench,,,,,,False,-37.8565319,145.0320512
node/10657330808,Bench,bench,bench,,,,,,False,-37.8565953,145.0322277
node/10657330810,Bench,bench,bench,,,,,,False,-37.8566045,145.032293
node/10657330811,Bench,bench,bench,,,,,,False,-37.8563524,145.0318788
node/10657330812,Bench,bench,bench,,,,,,False,-37.8563038,145.031881
node/10657330813,Bench,bench,bench,,,,,,False,-37.8566311,145.0322473
node/10669126819,Bench,bench,bench,,,,,,False,-38.0754748,145.3471225
node/10669126820,Bench,bench,bench,,,,,,False,-38.0754895,145.3471601
node/10669126821,Bench,bench,bench,,,,,,False,-38.0752119,145.345483
node/10669255556,Bench,bench,bench,,,,,,False,-38.0643441,145.3512447
node/10669255557,Bench,bench,bench,,,,,,False,-38.0644284,145.3511481
node/10669255558,Bench,bench,bench,,,,,,False,-38.0642854,145.3509587
node/10669255708,Bench,bench,bench,,,,,,False,-38.0624223,145.3542731
node/10679495963,Bench,bench,bench,,,,,,False,-37.7903673,145.0955953
node/10679495964,Bench,bench,bench,,,,,,False,-37.7903326,145.0955943
node/10679495965,Bench,bench,bench,,,,,,False,-37.7903029,145.0958238
node/10679495966,Bench,bench,bench,,,,,,False,-37.7902522,145.0958016
node/10679495979,Bench,bench,bench,,,,,,False,-37.7918747,145.0939421
node/10679495998,Bench,bench,bench,,,,,,False,-37.7917196,145.0936442
node/10679495999,Bench,bench,bench,,,,,,False,-37.7917342,145.0936622
node/10679496000,Bench,bench,bench,,,,,,False,-37.7917063,145.093746
node/10679496001,Bench,bench,bench,,,,,,False,-37.7916858,145.0937568
node/10680037080,Bench,bench,bench,,,,,,False,-37.748817,144.7362991
node/10680037081,Bench,bench,bench,,,,,,False,-37.7488301,144.7364562
node/10680037082,Bench,bench,bench,,,,,,False,-37.7489,144.7365949
node/10687689135,Bench,bench,bench,,,,,,False,-37.9618373,145.0511092
node/10692362134,Bench,bench,bench,,,,,,False,-37.7998247,144.9106597
node/10694023399,Bench,bench,bench,,,,,,False,-37.7724515,145.0529739
node/10694031306,Bench,bench,bench,,,,,,False,-37.7727699,145.0584112
node/10696957414,Bench,bench,bench,,,,,,False,-38.0621717,145.341533
node/10696957427,Bench,bench,bench,,,,,,False,-38.0622196,145.3419035
node/10701234099,Bench,bench,bench,,,,,,False,-38.0639716,145.3300929
node/10701234133,Bench,bench,bench,,,,,,False,-38.0629521,145.3291076
node/10701234153,Bench,bench,bench,,,,,,False,-38.0605493,145.3300972
node/10701234258,Bench,bench,bench,,,,,,False,-38.0676103,145.327923
node/10701234276,Bench,bench,bench,,,,,,False,-38.0688364,145.3295904
node/10701234291,Bench,bench,bench,,,,,,False,-38.0703773,145.3307998
node/10701234305,Bench,bench,bench,,,,,,False,-38.0709654,145.3331811
node/10701234555,Bench,bench,bench,,,,,,False,-38.0589783,145.3274917
node/10701234571,Bench,bench,bench,,,,,,False,-38.0593435,145.3314653
node/10701234657,Bench,bench,bench,,,,,,False,-38.0635625,145.3262567
node/10705385509,Bench,bench,bench,,,,,,False,-38.0179889,145.1166285
node/10705385512,Bench,bench,bench,,,,,,False,-38.0177817,145.1167787
node/10705385519,Bench,bench,bench,,,,,,False,-38.0176497,145.1166191
node/10705656560,Bench,bench,bench,,,,,,False,-37.8879336,145.2993981
node/10705656561,Bench,bench,bench,,,,,,False,-37.8882737,145.2995045
node/10705656565,Bench,bench,bench,,,,,,False,-37.8882043,145.2998097
node/10705656566,Bench,bench,bench,,,,,,False,-37.8880729,145.2995483
node/10705656567,Bench,bench,bench,,,,,,False,-37.8879664,145.2998852
node/10711434850,Bench,bench,bench,,,,,,False,-38.1090519,145.2351918
node/10711511272,Bench,bench,bench,,,,,,False,-37.7158128,144.7221495
node/10711511273,Bench,bench,bench,,,,,,False,-37.7155392,144.7220042
node/10717993721,Bench,bench,bench,,,,,,False,-37.6601006,145.376684
node/10717993724,Bench,bench,bench,,,,,,False,-37.6594659,145.3786292
node/10717993725,Bench,bench,bench,,,,,,False,-37.6593336,145.3787271
node/10717993726,Bench,bench,bench,,,,,,False,-37.6593458,145.3787511
node/10718076637,Bench,bench,bench,,,,,,False,-38.0598762,145.3817969
node/10718076638,Bench,bench,bench,,,,,,False,-38.0598871,145.381599
node/10718712341,Bench,bench,bench,,,,,,False,-38.0447225,145.3659986
node/10718712358,Bench,bench,bench,,,,,,False,-38.0442474,145.3650936
node/10724752324,Bench,bench,bench,,,,,,False,-37.8887077,145.3000779
node/10724774978,Bench,bench,bench,,,,,,False,-37.8276531,145.1945226
node/10724774979,Bench,bench,bench,,,,,,False,-37.8275384,145.1945118
node/10724774983,Bench,bench,bench,,,,,,False,-37.8272118,145.1944819
node/10727096758,Bench,bench,bench,,,,,,False,-38.063232,145.3420934
node/10727228928,Bench,bench,bench,,,,,,False,-37.8016086,144.959835
node/10727228929,Bench,bench,bench,,,,,,False,-37.8015864,144.9598397
node/10727228942,Bench,bench,bench,,,,,,False,-37.80103,144.9608814
node/10727228943,Bench,bench,bench,,,,,,False,-37.8014772,144.9608036
node/10727228968,Bench,bench,bench,,,,,,False,-37.8016864,144.9605571
node/10727228969,Bench,bench,bench,,,,,,False,-37.8016675,144.9605605
node/10727228970,Bench,bench,bench,,,,,,False,-37.8015951,144.9605735
node/10727228971,Bench,bench,bench,,,,,,False,-37.8015763,144.9605768
node/10727228972,Bench,bench,bench,,,,,,False,-37.8015067,144.9605893
node/10727228973,Bench,bench,bench,,,,,,False,-37.8014879,144.9605926
node/10727228974,Bench,bench,bench,,,,,,False,-37.8014209,144.9606046
node/10727228975,Bench,bench,bench,,,,,,False,-37.8014021,144.960608
node/10727228976,Bench,bench,bench,,,,,,False,-37.8013293,144.960621
node/10727228977,Bench,bench,bench,,,,,,False,-37.8013105,144.9606244
node/10727228978,Bench,bench,bench,,,,,,False,-37.8012391,144.9606372
node/10727228979,Bench,bench,bench,,,,,,False,-37.8012202,144.9606405
node/10727228980,Bench,bench,bench,,,,,,False,-37.8011514,144.9606528
node/10727228981,Bench,bench,bench,,,,,,False,-37.8010534,144.9599309
node/10727228982,Bench,bench,bench,,,,,,False,-37.8010755,144.9599261
node/10727228983,Bench,bench,bench,,,,,,False,-37.8012372,144.9598855
node/10727228984,Bench,bench,bench,,,,,,False,-37.8012586,144.9598814
node/10727228985,Bench,bench,bench,,,,,,False,-37.8012201,144.9598887
node/10727228986,Bench,bench,bench,,,,,,False,-37.8013975,144.9598552
node/10727240705,Bench,bench,bench,,,,,,False,-37.8405023,144.8777736
node/10727828908,Bench,bench,bench,,,,,,False,-37.8246411,145.0822381
node/10727828913,Bench,bench,bench,,,,,,False,-37.8245331,145.0822893
node/10727828914,Bench,bench,bench,,,,,,False,-37.8243128,145.0829531
node/10729269039,Bench,bench,bench,,,,,,False,-38.0660138,145.3281469
node/10729269054,Bench,bench,bench,,,,,,False,-38.0659071,145.326434
node/10729269055,Bench,bench,bench,,,,,,False,-38.0658373,145.3264914
node/10729269059,Bench,bench,bench,,,,,,False,-38.066563,145.326362
node/10731816569,Bench,bench,bench,,,,,,False,-37.7994339,144.9630884
node/10731816570,Bench,bench,bench,,,,,,False,-37.7993819,144.9630981
node/10732115145,Bench,bench,bench,,,,,,False,-37.841162,145.1319382
node/10732115146,Bench,bench,bench,,,,,,False,-37.8411582,145.1318173
node/10732115147,Bench,bench,bench,,,,,,False,-37.8413434,145.1319327
node/10732115148,Bench,bench,bench,,,,,,False,-37.8413052,145.1318115
node/10734150946,Bench,bench,bench,,,,,,False,-37.7691961,145.3177081
node/10738631524,Bench,bench,bench,,,,,,False,-37.7976527,144.9629891
node/10738631531,Bench,bench,bench,,,,,,False,-37.7976495,144.9629681
node/10738649116,Bench,bench,bench,,,,,,False,-37.7979564,144.9632504
node/10740158713,Bench,bench,bench,,,,,,False,-37.8346676,145.0769315
node/10741302412,Bench,bench,bench,,,,,,False,-37.9670816,145.0554271
node/10741302416,Bench,bench,bench,,,,,,False,-37.9672381,145.0552568
node/10741302417,Bench,bench,bench,,,,,,False,-37.967052,145.0555612
node/10743335205,Bench,bench,bench,,,,,,False,-38.0718249,145.4261014
node/10743335206,Bench,bench,bench,,,,,,False,-38.0720656,145.4263324
node/10747505624,Bench,bench,bench,,,,,,False,-37.7992541,144.9630808
node/10747542952,Bench,bench,bench,,,,,,False,-37.8642394,145.0929966
node/10747542953,Bench,bench,bench,,,,,,False,-37.8642209,145.0930234
node/10747553019,Bench,bench,bench,,,,,,False,-37.7868453,145.3131216
node/10747553020,Bench,bench,bench,,,,,,False,-37.786771,145.3130769
node/10747553039,Bench,bench,bench,,,,,,False,-37.7860454,145.3131208
node/10762785665,Bench,bench,bench,,,,,,False,-37.8154155,145.2251059
node/10762785666,Bench,bench,bench,,,,,,False,-37.8153363,145.2248637
node/10764817866,Bench,bench,bench,,,,,,False,-37.7990755,144.963276
node/10764817868,Bench,bench,bench,,,,,,False,-37.7989945,144.9632624
node/10764817869,Bench,bench,bench,,,,,,False,-37.798966,144.9632121
node/10764817887,Bench,bench,bench,,,,,,False,-37.7989771,144.9632369
node/10764817888,Bench,bench,bench,,,,,,False,-37.7990254,144.9632432
node/10764817891,Bench,bench,bench,,,,,,False,-37.7990879,144.9632549
node/10764817893,Bench,bench,bench,,,,,,False,-37.7990616,144.9632017
node/10764817898,Bench,bench,bench,,,,,,False,-37.7990365,144.9632128
node/10765061018,Bench,bench,bench,,,,,,False,-37.7987813,144.9615343
node/10765061019,Bench,bench,bench,,,,,,False,-37.7987005,144.9616097
node/10767792505,Bench,bench,bench,,,,,,False,-37.8111127,144.9558147
node/10767792506,Bench,bench,bench,,,,,,False,-37.8108825,144.9557097
node/10768171061,Bench,bench,bench,,,,,,False,-38.039889,145.329312
node/10771073271,Bench,bench,bench,,,,,,False,-38.0719763,145.4278203
node/10771076817,Bench,bench,bench,,,,,,False,-38.0711174,145.4279718
node/10771076818,Bench,bench,bench,,,,,,False,-38.0712005,145.4280088
node/10772091937,Bench,bench,bench,,,,,,False,-37.9322479,145.4409101
node/10772091938,Bench,bench,bench,,,,,,False,-37.9321971,145.4409294
node/10774272552,Bench,bench,bench,,,,,,False,-37.8085288,145.2193706
node/10774272553,Bench,bench,bench,,,,,,False,-37.8085384,145.2193924
node/10775624029,Bench,bench,bench,,,,,,False,-38.0699579,145.4282894
node/10777687178,Bench,bench,bench,,,,,,False,-38.0785815,145.4546462
node/10780753744,Bench,bench,bench,,,,,,False,-37.9605795,145.1190634
node/10781232458,Bench,bench,bench,,,,,,False,-37.8129199,145.1589215
node/10781256676,Bench,bench,bench,,,,,,False,-37.813276,145.1609943
node/10781265376,Bench,bench,bench,,,,,,False,-37.8126913,145.1593434
node/10790401044,Bench,bench,bench,,,,,,False,-38.0712008,145.4334685
node/10795427322,Bench,bench,bench,,,,,,False,-37.6342538,145.0343206
node/10796190872,Bench,bench,bench,,,,,,False,-37.5896375,145.1018944
node/10796190873,Bench,bench,bench,,,,,,False,-37.589775,145.1021138
node/10796216143,Bench,bench,bench,,,,,,False,-37.8155286,145.1663585
node/10798256562,Bench,bench,bench,,,,,,False,-38.0336965,145.3394409
node/10799208828,Bench,bench,bench,,,,,,False,-37.6396874,145.0548476
node/10799208829,Bench,bench,bench,,,,,,False,-37.6398337,145.0548042
node/10821646697,Bench,bench,bench,,,,,,False,-37.6768224,145.0666365
node/10821736596,Bench,bench,bench,,,,,,False,-37.6720987,145.0688486
node/10826328889,Bench,bench,bench,,,,,,False,-37.6284242,145.0687735
node/10831439450,Bench,bench,bench,,,,,,False,-37.6132286,145.0898697
node/10831439453,Bench,bench,bench,,,,,,False,-37.6125909,145.0899566
node/10831716388,Bench,bench,bench,,,,,,False,-37.6131155,145.0907817
node/10831716389,Bench,bench,bench,,,,,,False,-37.6131484,145.0905647
node/10831716390,Bench,bench,bench,,,,,,False,-37.6133452,145.091379
node/10831716438,Bench,bench,bench,,,,,,False,-37.6130118,145.091384
node/10831716444,Bench,bench,bench,,,,,,False,-37.6124051,145.0910137
node/10832876099,Bench,bench,bench,,,,,,False,-37.6135145,145.08925
node/10833634485,Bench,bench,bench,,,,,,False,-37.6122413,145.0907749
node/10836214706,Bench,bench,bench,,,,,,False,-37.8201646,145.1492778
node/10836214707,Bench,bench,bench,,,,,,False,-37.8201655,145.1494795
node/10836214708,Bench,bench,bench,,,,,,False,-37.820163,145.1495737
node/10836214709,Bench,bench,bench,,,,,,False,-37.8201804,145.1501749
node/10836214710,Bench,bench,bench,,,,,,False,-37.8201412,145.1501833
node/10836214711,Bench,bench,bench,,,,,,False,-37.8201441,145.1503482
node/10836214712,Bench,bench,bench,,,,,,False,-37.8201822,145.1503525
node/10836214713,Bench,bench,bench,,,,,,False,-37.8201708,145.1508691
node/10860050023,Bench,bench,bench,,,,,,False,-38.0837808,145.2767174
node/10866601029,Bench,bench,bench,,,,,,False,-37.8421946,144.9353796
node/10866601030,Bench,bench,bench,,,,,,False,-37.8420617,144.9355346
node/10866601031,Bench,bench,bench,,,,,,False,-37.8421651,144.9357037
node/10869758864,Bench,bench,bench,,,,,,False,-37.8461701,144.9447675
node/10869758865,Bench,bench,bench,,,,,,False,-37.8467475,144.9459757
node/10869996020,Bench,bench,bench,,,,,,False,-37.8481698,144.9486107
node/10869996021,Bench,bench,bench,,,,,,False,-37.8482979,144.9488842
node/10869996022,Bench,bench,bench,,,,,,False,-37.8482433,144.9489676
node/10869996023,Bench,bench,bench,,,,,,False,-37.8483567,144.9490092
node/10869996024,Bench,bench,bench,,,,,,False,-37.8484879,144.9494678
node/10869996025,Bench,bench,bench,,,,,,False,-37.8486078,144.9497192
node/10870152142,Bench,bench,bench,,,,,,False,-37.6425734,145.0632119
node/10870152143,Bench,bench,bench,,,,,,False,-37.6426011,145.0632054
node/10872745802,Bench,bench,bench,,,,,,False,-37.8540875,144.960966
node/10872765281,Bench,bench,bench,,,,,,False,-37.8549186,144.9626139
node/10872789709,Bench,bench,bench,,,,,,False,-37.8559526,144.9644817
node/10880964479,Bench,bench,bench,,,,,,False,-37.7702648,144.8652845
node/10880964481,Bench,bench,bench,,,,,,False,-37.7698753,144.865119
node/10880964485,Bench,bench,bench,,,,,,False,-37.7696473,144.8650245
node/10881105952,Bench,bench,bench,,,,,,False,-37.7691381,144.8648111
node/10881105956,Bench,bench,bench,,,,,,False,-37.768822,144.8646757
node/10881105977,Bench,bench,bench,,,,,,False,-37.7684985,144.8642063
node/10923400461,Bench,bench,bench,,,,,,False,-37.7794352,144.9659909
node/10923400470,Bench,bench,bench,,,,,,False,-37.7793297,144.9653202
node/10923400492,Bench,bench,bench,,,,,,False,-37.7790453,144.9687601
node/10923400493,Bench,bench,bench,,,,,,False,-37.7793221,144.9714982
node/10923400495,Bench,bench,bench,,,,,,False,-37.7797638,144.9751828
node/10923400496,Bench,bench,bench,,,,,,False,-37.7798469,144.9759074
node/10923420007,Bench,bench,bench,,,,,,False,-37.7802726,144.9790496
node/10923420010,Bench,bench,bench,,,,,,False,-37.7807967,144.9833405
node/10923420014,Bench,bench,bench,,,,,,False,-37.7807179,144.9850871
node/10923420015,Bench,bench,bench,,,,,,False,-37.7810434,144.9859339
node/10923420016,Bench,bench,bench,,,,,,False,-37.7812235,144.9869835
node/10925569319,Bench,bench,bench,,,,,,False,-38.1475331,145.1178121
node/10936511289,Bench,bench,bench,,,,,,False,-37.7819689,145.3995974
node/10943485204,Bench,bench,bench,,,,,,False,-37.8211888,145.1042103
node/10943495920,Bench,bench,bench,,,,,,False,-37.8239882,145.1066524
node/10943498690,Bench,bench,bench,,,,,,False,-37.8240154,145.1063986
node/10943498691,Bench,bench,bench,,,,,,False,-37.8238923,145.1064836
node/10945613813,Bench,bench,bench,,,,,,False,-37.9350583,145.1103803
node/10948636624,Bench,bench,bench,,,,,,False,-38.0164712,145.1034386
node/10956406949,Bench,bench,bench,,,,,,False,-37.8070607,145.3395811
node/10957365508,Bench,bench,bench,,,,,,False,-37.7973104,145.0941964
node/10957365509,Bench,bench,bench,,,,,,False,-37.7973015,145.0941085
node/10957382049,Bench,bench,bench,,,,,,False,-37.7972179,145.0935902
node/10957382050,Bench,bench,bench,,,,,,False,-37.7972186,145.0935621
node/10957451448,Bench,bench,bench,,,,,,False,-37.7977601,145.0939555
node/10957496226,Bench,bench,bench,,,,,,False,-37.7914145,145.0953304
node/10957520665,Bench,bench,bench,,,,,,False,-37.7914796,145.0951607
node/10957544912,Bench,bench,bench,,,,,,False,-37.7918258,145.0940808
node/10961408472,Bench,bench,bench,,,,,,False,-37.9002206,145.0879795
node/10961408473,Bench,bench,bench,,,,,,False,-37.9001529,145.0878991
node/10961408474,Bench,bench,bench,,,,,,False,-37.9001088,145.0878451
node/10964538029,Bench,bench,bench,,,,,,False,-38.0570742,145.3439867
node/10964538030,Bench,bench,bench,,,,,,False,-38.0571078,145.3442078
node/10973375525,Bench,bench,bench,,,,,,False,-38.2328462,145.1746582
node/10973943091,Bench,bench,bench,,,,,,False,-37.9087075,145.3561928
node/10973972718,Bench,bench,bench,,,,,,False,-37.909275,145.3570269
node/10976750673,Bench,bench,bench,,,,,,False,-37.8198623,144.9731926
node/10976750674,Bench,bench,bench,,,,,,False,-37.8197174,144.9728201
node/10976750675,Bench,bench,bench,,,,,,False,-37.8196007,144.9724312
node/10976750676,Bench,bench,bench,,,,,,False,-37.8195105,144.972034
node/10978075624,Bench,bench,bench,,,,,,False,-37.8205342,144.9727801
node/10981958228,Bench,bench,bench,,,,,,False,-37.7597308,144.9593442
node/10989276745,Bench,bench,bench,,,,,,False,-38.2156351,145.3772782
node/10989276748,Bench,bench,bench,,,,,,False,-38.2154893,145.3771334
node/10989276749,Bench,bench,bench,,,,,,False,-38.2154278,145.3770213
node/10989437107,Bench,bench,bench,,,,,,False,-38.2127569,145.380528
node/10989437108,Bench,bench,bench,,,,,,False,-38.2127684,145.3806074
node/10989437109,Bench,bench,bench,,,,,,False,-38.2128398,145.3808099
node/10989437110,Bench,bench,bench,,,,,,False,-38.2124301,145.3801005
node/10989437286,Bench,bench,bench,,,,,,False,-38.2137805,145.3807549
node/10989437330,Bench,bench,bench,,,,,,False,-38.2144402,145.382622
node/10989437331,Bench,bench,bench,,,,,,False,-38.2142845,145.3821637
node/10989437332,Bench,bench,bench,,,,,,False,-38.2141391,145.3817307
node/10989437637,Bench,bench,bench,,,,,,False,-38.2124182,145.3817791
node/10989437638,Bench,bench,bench,,,,,,False,-38.2124321,145.3814791
node/10991801666,Bench,bench,bench,,,,,,False,-37.8513933,144.9893101
node/10991801674,Bench,bench,bench,,,,,,False,-37.8512962,144.9896568
node/10996565562,Bench,bench,bench,,,,,,False,-37.9403658,145.2026275
node/10996565563,Bench,bench,bench,,,,,,False,-37.9404935,145.201885
node/10996565575,Bench,bench,bench,,,,,,False,-37.9399206,145.193854
node/10996565576,Bench,bench,bench,,,,,,False,-37.9399164,145.1939329
node/11002147588,Bench,bench,bench,,,,,,False,-37.8708177,144.984304
node/11002147589,Bench,bench,bench,,,,,,False,-37.8708146,144.9843281
node/11002221318,Bench,bench,bench,,,,,,False,-37.871712,144.985629
node/11002221324,Bench,bench,bench,,,,,,False,-37.8711083,144.9845602
node/11010171394,Bench,bench,bench,,,,,,False,-38.1506639,145.1444005
node/11015761324,Bench,bench,bench,,,,,,False,-38.0563858,145.3539345
node/11015761325,Bench,bench,bench,,,,,,False,-38.0565642,145.3539317
node/11015761326,Bench,bench,bench,,,,,,False,-38.0565562,145.3537225
node/11016755951,Bench,bench,bench,,,,,,False,-38.2214653,145.034453
node/11016755952,Bench,bench,bench,,,,,,False,-38.2216603,145.0343375
node/11019123646,Bench,bench,bench,,,,,,False,-37.999617,145.1969566
node/11019884291,Bench,bench,bench,,,,,,False,-38.0059715,145.1477451
node/11019884292,Bench,bench,bench,,,,,,False,-38.0056697,145.1452888
node/11021668341,Bench,bench,bench,,,,,,False,-37.8793331,144.9847988
node/11024197016,Bench,bench,bench,,,,,,False,-37.9411058,145.1120816
node/11028673197,Bench,bench,bench,,,,,,False,-37.87072,145.0293269
node/11028673198,Bench,bench,bench,,,,,,False,-37.8708504,145.0293022
node/11028998922,Bench,bench,bench,,,,,,False,-37.848749,144.9926017
node/11028998923,Bench,bench,bench,,,,,,False,-37.8487319,144.9925357
node/11028998924,Bench,bench,bench,,,,,,False,-37.8487302,144.9925154
node/11028998925,Bench,bench,bench,,,,,,False,-37.8487057,144.9923565
node/11028998926,Bench,bench,bench,,,,,,False,-37.8487041,144.9923377
node/11028998928,Bench,bench,bench,,,,,,False,-37.8484306,144.9923989
node/11028998929,Bench,bench,bench,,,,,,False,-37.848477,144.9923362
node/11028998930,Bench,bench,bench,,,,,,False,-37.8484875,144.9923201
node/11028998937,Bench,bench,bench,,,,,,False,-37.8477808,144.99292
node/11028998938,Bench,bench,bench,,,,,,False,-37.8477917,144.9929086
node/11028998939,Bench,bench,bench,,,,,,False,-37.8478406,144.99286
node/11028998940,Bench,bench,bench,,,,,,False,-37.8478491,144.9928379
node/11028998941,Bench,bench,bench,,,,,,False,-37.8478774,144.9929385
node/11028998942,Bench,bench,bench,,,,,,False,-37.8478761,144.9929157
node/11028998945,Bench,bench,bench,,,,,,False,-37.8478921,144.9930701
node/11028998946,Bench,bench,bench,,,,,,False,-37.8478752,144.9930841
node/11028998947,Bench,bench,bench,,,,,,False,-37.8480442,144.9930599
node/11028998948,Bench,bench,bench,,,,,,False,-37.8480305,144.993073
node/11028998950,Bench,bench,bench,,,,,,False,-37.8484747,144.9928211
node/11028998951,Bench,bench,bench,,,,,,False,-37.8484962,144.9927537
node/11028998952,Bench,bench,bench,,,,,,False,-37.8485123,144.9927541
node/11028998953,Bench,bench,bench,,,,,,False,-37.8486035,144.992797
node/11028998954,Bench,bench,bench,,,,,,False,-37.8486226,144.9928047
node/11028998972,Bench,bench,bench,,,,,,False,-37.8487392,144.9927879
node/11028998973,Bench,bench,bench,,,,,,False,-37.8487515,144.9927713
node/11028998975,Bench,bench,bench,,,,,,False,-37.8487895,144.9927251
node/11038598191,Bench,bench,bench,,,,,,False,-37.8484996,144.9929753
node/11038598196,Bench,bench,bench,,,,,,False,-37.848316,144.9929793
node/11038598197,Bench,bench,bench,,,,,,False,-37.8483528,144.9929732
node/11038598198,Bench,bench,bench,,,,,,False,-37.8482682,144.992985
node/11038598257,Bench,bench,bench,,,,,,False,-37.8484585,144.9930034
node/11038684805,Bench,bench,bench,,,,,,False,-37.848433,144.9929886
node/11038684806,Bench,bench,bench,,,,,,False,-37.8476471,144.9929912
node/11038684807,Bench,bench,bench,,,,,,False,-37.84762,144.9929336
node/11038684808,Bench,bench,bench,,,,,,False,-37.8476348,144.9928886
node/11038684809,Bench,bench,bench,,,,,,False,-37.8476076,144.9928555
node/11038684834,Bench,bench,bench,,,,,,False,-37.8476137,144.9927434
node/11038684835,Bench,bench,bench,,,,,,False,-37.8475989,144.9927885
node/11038684836,Bench,bench,bench,,,,,,False,-37.8475797,144.9926264
node/11038684837,Bench,bench,bench,,,,,,False,-37.8476031,144.9926673
node/11038684838,Bench,bench,bench,,,,,,False,-37.847591,144.9926476
node/11038684839,Bench,bench,bench,,,,,,False,-37.8476063,144.9927683
node/11038684842,Bench,bench,bench,,,,,,False,-37.8475795,144.9924736
node/11038684843,Bench,bench,bench,,,,,,False,-37.8475873,144.9925252
node/11038684844,Bench,bench,bench,,,,,,False,-37.8475731,144.9925639
node/11040594605,Bench,bench,bench,,,,,,False,-37.9108254,145.1025206
node/11040594606,Bench,bench,bench,,,,,,False,-37.9108037,145.1025137
node/11040594607,Bench,bench,bench,,,,,,False,-37.9107823,145.1025132
node/11040594608,Bench,bench,bench,,,,,,False,-37.9107552,145.1025181
node/11040643808,Bench,bench,bench,,,,,,False,-37.977543,145.2360342
node/11040643809,Bench,bench,bench,,,,,,False,-37.9777447,145.2359643
node/11040643810,Bench,bench,bench,,,,,,False,-37.9778988,145.2358809
node/11043402495,Bench,bench,bench,,,,,,False,-37.8489551,144.9929623
node/11043402496,Bench,bench,bench,,,,,,False,-37.8489381,144.9927874
node/11044120695,Bench,bench,bench,,,,,,False,-37.8477165,144.9933904
node/11044120696,Bench,bench,bench,,,,,,False,-37.8477265,144.9934807
node/11044120697,Bench,bench,bench,,,,,,False,-37.8477445,144.9936643
node/11044120698,Bench,bench,bench,,,,,,False,-37.8477411,144.9936367
node/11047597706,Bench,bench,bench,,,,,,False,-38.0029962,145.1636425
node/11047597708,Bench,bench,bench,,,,,,False,-38.0034047,145.1634518
node/11047597736,Bench,bench,bench,,,,,,False,-38.0020704,145.163865
node/11047597836,Bench,bench,bench,,,,,,False,-38.0018701,145.1647093
node/11047597932,Bench,bench,bench,,,,,,False,-37.9993877,145.1652516
node/11047598034,Bench,bench,bench,,,,,,False,-38.005591,145.1681757
node/11047647093,Bench,bench,bench,,,,,,False,-37.8896264,145.0667565
node/11047647094,Bench,bench,bench,,,,,,False,-37.8897231,145.0668841
node/11047647095,Bench,bench,bench,,,,,,False,-37.8896769,145.0666551
node/11047883820,Bench,bench,bench,,,,,,False,-37.888083,145.062565
node/11047883877,Bench,bench,bench,,,,,,False,-37.885793,145.0580651
node/11047883878,Bench,bench,bench,,,,,,False,-37.885908,145.0584421
node/11047961298,Bench,bench,bench,,,,,,False,-37.9288296,145.1262534
node/11047961299,Bench,bench,bench,,,,,,False,-37.9288886,145.1263406
node/11049267606,Bench,bench,bench,,,,,,False,-37.9349031,145.1114431
node/11049267607,Bench,bench,bench,,,,,,False,-37.9348701,145.1114657
node/11049267608,Bench,bench,bench,,,,,,False,-37.9348341,145.1114593
node/11051901690,Bench,bench,bench,,,,,,False,-38.1212876,145.3414854
node/11051901691,Bench,bench,bench,,,,,,False,-38.121377,145.3414634
node/11051901692,Bench,bench,bench,,,,,,False,-38.1219576,145.3421355
node/11051901693,Bench,bench,bench,,,,,,False,-38.1222691,145.3444601
node/11052101239,Bench,bench,bench,,,,,,False,-37.7365187,144.8760882
node/11052101666,Bench,bench,bench,,,,,,False,-37.7929373,144.9059879
node/11052101667,Bench,bench,bench,,,,,,False,-37.7930143,144.9061944
node/11052101668,Bench,bench,bench,,,,,,False,-37.7934534,144.907052
node/11052101671,Bench,bench,bench,,,,,,False,-37.7939164,144.9078802
node/11052119532,Bench,bench,bench,,,,,,False,-37.7551109,144.8815507
node/11052119533,Bench,bench,bench,,,,,,False,-37.7551229,144.8815962
node/11052708879,Bench,bench,bench,,,,,,False,-37.8472874,144.9907612
node/11052708884,Bench,bench,bench,,,,,,False,-37.8473579,144.9906908
node/11052708885,Bench,bench,bench,,,,,,False,-37.8473388,144.9905483
node/11053930111,Bench,bench,bench,,,,,,False,-37.9246051,145.1200164
node/11062950770,Bench,bench,bench,,,,,,False,-38.2600295,145.0208741
node/11063484550,Bench,bench,bench,,,,,,False,28.063689,-80.6114306
node/11064143240,Bench,bench,bench,,,,,,False,-37.6874912,145.1346225
node/11068314904,Bench,bench,bench,,,,,,False,-37.8792413,145.0818702
node/11068322210,Bench,bench,bench,,,,,,False,-37.8791691,145.0824819
node/11068322214,Bench,bench,bench,,,,,,False,-37.8790479,145.0814234
node/11068322216,Bench,bench,bench,,,,,,False,-37.8793159,145.0826193
node/11074991456,Bench,bench,bench,,,,,,False,-37.8406253,144.9842167
node/11074991458,Bench,bench,bench,,,,,,False,-37.8405876,144.9842675
node/11074991460,Bench,bench,bench,,,,,,False,-37.840797,144.9844488
node/11074991461,Bench,bench,bench,,,,,,False,-37.8402293,144.9839564
node/11074991463,Bench,bench,bench,,,,,,False,-37.8404767,144.9841139
node/11074991464,Bench,bench,bench,,,,,,False,-37.8398477,144.9835658
node/11077827495,Bench,bench,bench,,,,,,False,-37.8393943,144.9831726
node/11077827496,Bench,bench,bench,,,,,,False,-37.8396075,144.9834115
node/11078361107,Bench,bench,bench,,,,,,False,-37.9872681,145.0561965
node/11084718295,Bench,bench,bench,,,,,,False,-37.8425499,145.3711525
node/11087778316,Bench,bench,bench,,,,,,False,-37.8251243,144.9936274
node/11090566179,Bench,bench,bench,,,,,,False,-37.8448966,145.1165512
node/11090566180,Bench,bench,bench,,,,,,False,-37.8545318,145.1073013
node/11090566181,Bench,bench,bench,,,,,,False,-37.843199,145.1190382
node/11090566182,Bench,bench,bench,,,,,,False,-37.8422089,145.1191829
node/11090566183,Bench,bench,bench,,,,,,False,-37.8439928,145.117618
node/11090566184,Bench,bench,bench,,,,,,False,-37.845339,145.1155107
node/11090566186,Bench,bench,bench,,,,,,False,-37.8424795,145.1192611
node/11090566187,Bench,bench,bench,,,,,,False,-37.8451439,145.1161405
node/11090566188,Bench,bench,bench,,,,,,False,-37.8540672,145.1082621
node/11090566189,Bench,bench,bench,,,,,,False,-37.8437763,145.1184347
node/11090617447,Bench,bench,bench,,,,,,False,-37.8577021,145.1027207
node/11090617449,Bench,bench,bench,,,,,,False,-37.8553378,145.1069484
node/11090617451,Bench,bench,bench,,,,,,False,-37.8633875,145.101211
node/11090617452,Bench,bench,bench,,,,,,False,-37.855163,145.1071304
node/11096401636,Bench,bench,bench,,,,,,False,-37.7849394,145.3125618
node/11096401637,Bench,bench,bench,,,,,,False,-37.7849618,145.3126188
node/11096401643,Bench,bench,bench,,,,,,False,-37.7850113,145.3125003
node/11098648750,Bench,bench,bench,,,,,,False,-37.6764397,145.0604979
node/11098648755,Bench,bench,bench,,,,,,False,-37.6705193,145.0593645
node/11098648756,Bench,bench,bench,,,,,,False,-37.6705283,145.0595077
node/11098648792,Bench,bench,bench,,,,,,False,-37.6710139,145.0769164
node/11098648793,Bench,bench,bench,,,,,,False,-37.6709982,145.0769766
node/11098668121,Bench,bench,bench,,,,,,False,-37.6611874,145.0709309
node/11098668122,Bench,bench,bench,,,,,,False,-37.6613389,145.0712605
node/11098668132,Bench,bench,bench,,,,,,False,-37.6678431,145.0475765
node/11100842872,Bench,bench,bench,,,,,,False,-37.8632267,145.0770527
node/11100842873,Bench,bench,bench,,,,,,False,-37.8631754,145.076971
node/11100842874,Bench,bench,bench,,,,,,False,-37.8632335,145.0773104
node/11100842879,Bench,bench,bench,,,,,,False,-37.8631439,145.0764858
node/11100842881,Bench,bench,bench,,,,,,False,-37.8631656,145.0767573
node/11100842882,Bench,bench,bench,,,,,,False,-37.8631792,145.0769346
node/11100842884,Bench,bench,bench,,,,,,False,-37.8631544,145.0766467
node/11100881431,Bench,bench,bench,,,,,,False,-37.8694003,145.0750425
node/11100881432,Bench,bench,bench,,,,,,False,-37.8695908,145.0750176
node/11100881434,Bench,bench,bench,,,,,,False,-37.8692938,145.0750213
node/11100881436,Bench,bench,bench,,,,,,False,-37.8701419,145.074494
node/11104063522,Bench,bench,bench,,,,,,False,-37.8026748,144.9628493
node/11108963402,Bench,bench,bench,,,,,,False,-37.8883239,145.1388518
node/11108963403,Bench,bench,bench,,,,,,False,-37.8885456,145.1385734
node/11108963404,Bench,bench,bench,,,,,,False,-37.8892981,145.1395746
node/11108977694,Bench,bench,bench,,,,,,False,-37.890787,145.1430904
node/11108977697,Bench,bench,bench,,,,,,False,-37.8907936,145.143065
node/11108977698,Bench,bench,bench,,,,,,False,-37.8908514,145.143241
node/11108979405,Bench,bench,bench,,,,,,False,-37.8908509,145.1430923
node/11108979406,Bench,bench,bench,,,,,,False,-37.8908771,145.1432459
node/11108989108,Bench,bench,bench,,,,,,False,-37.8890984,145.1398068
node/11108989109,Bench,bench,bench,,,,,,False,-37.889213,145.1397049
node/11113833490,Bench,bench,bench,,,,,,False,-37.7828065,144.9076187
node/11121816572,Bench,bench,bench,,,,,,False,-37.8949793,145.2000919
node/11124061710,Bench,bench,bench,,,,,,False,-37.811917,145.2692244
node/11133431475,Bench,bench,bench,,,,,,False,-37.8203125,144.9548758
node/11133456735,Bench,bench,bench,,,,,,False,-37.8198019,144.9546318
node/11133456737,Bench,bench,bench,,,,,,False,-37.8192605,144.9543918
node/11133456740,Bench,bench,bench,,,,,,False,-37.819634,144.9545545
node/11133456745,Bench,bench,bench,,,,,,False,-37.8184387,144.9540182
node/11133502127,Bench,bench,bench,,,,,,False,-37.8162174,144.955962
node/11135185786,Bench,bench,bench,,,,,,False,-37.8168674,144.9548998
node/11135649026,Bench,bench,bench,,,,,,False,-37.8131596,144.9708023
node/11140041862,Bench,bench,bench,,,,,,False,-37.809028,144.9725183
node/11140041863,Bench,bench,bench,,,,,,False,-37.8090302,144.9724627
node/11140041864,Bench,bench,bench,,,,,,False,-37.8087554,144.9727521
node/11142676834,Bench,bench,bench,,,,,,False,-37.8191019,145.1226954
node/11142699750,Bench,bench,bench,,,,,,False,-37.799184,144.9626911
node/11142764390,Bench,bench,bench,,,,,,False,-37.754622,145.0368664
node/11142793983,Bench,bench,bench,,,,,,False,-37.7546232,145.0368308
node/11142796470,Bench,bench,bench,,,,,,False,-37.7537056,145.0384205
node/11142820798,Bench,bench,bench,,,,,,False,-37.7536907,145.038381
node/11142823074,Bench,bench,bench,,,,,,False,-37.7538788,145.0384377
node/11142830159,Bench,bench,bench,,,,,,False,-37.7546228,145.0369021
node/11142839219,Bench,bench,bench,,,,,,False,-37.7537784,145.0384723
node/11142841230,Bench,bench,bench,,,,,,False,-37.7536975,145.0387313
node/11158198451,Bench,bench,bench,,,,,,False,-37.8146601,145.1212397
node/11158198452,Bench,bench,bench,,,,,,False,-37.8145509,145.1210668
node/11158198453,Bench,bench,bench,,,,,,False,-37.8143223,145.1207454
node/11158198454,Bench,bench,bench,,,,,,False,-37.8141366,145.1206408
node/11158198455,Bench,bench,bench,,,,,,False,-37.8146895,145.1200332
node/11158198456,Bench,bench,bench,,,,,,False,-37.8146524,145.1200407
node/11158198457,Bench,bench,bench,,,,,,False,-37.8144534,145.1201032
node/11158198458,Bench,bench,bench,,,,,,False,-37.8144251,145.1201096
node/11158198459,Bench,bench,bench,,,,,,False,-37.8141959,145.1200889
node/11158198460,Bench,bench,bench,,,,,,False,-37.8141703,145.1200926
node/11158198461,Bench,bench,bench,,,,,,False,-37.8138971,145.1201607
node/11162131782,Bench,bench,bench,,,,,,False,-37.8077162,144.9564515
node/11169052175,Bench,bench,bench,,,,,,False,-37.7740753,145.2634819
node/11169095833,Bench,bench,bench,,,,,,False,-37.778631,145.261136
node/11171018299,Bench,bench,bench,,,,,,False,-37.8523946,144.996486
node/11176539626,Bench,bench,bench,,,,,,False,-37.7043659,145.105457
node/11176539627,Bench,bench,bench,,,,,,False,-37.7043299,145.1054274
node/11176539628,Bench,bench,bench,,,,,,False,-37.7042995,145.1054011
node/11176539629,Bench,bench,bench,,,,,,False,-37.7042636,145.1053725
node/11176539630,Bench,bench,bench,,,,,,False,-37.7042278,145.1053432
node/11176570340,Bench,bench,bench,,,,,,False,-37.7039654,145.1049537
node/11176570341,Bench,bench,bench,,,,,,False,-37.7039132,145.1050402
node/11176570342,Bench,bench,bench,,,,,,False,-37.7044515,145.1055297
node/11178272249,Bench,bench,bench,,,,,,False,-37.8086828,145.2429511
node/11178327286,Bench,bench,bench,,,,,,False,-37.7901123,145.2433555
node/11182281885,Bench,bench,bench,,,,,,False,-37.8189374,144.9552525
node/11182281891,Bench,bench,bench,,,,,,False,-37.8186761,144.955818
node/11182681860,Bench,bench,bench,,,,,,False,-37.8784574,145.0697795
node/11182681861,Bench,bench,bench,,,,,,False,-37.8783506,145.0697983
node/11182681864,Bench,bench,bench,,,,,,False,-37.8785345,145.0697588
node/11182681865,Bench,bench,bench,,,,,,False,-37.8781706,145.0698694
node/11182681866,Bench,bench,bench,,,,,,False,-37.8782427,145.0698232
node/11190405864,Bench,bench,bench,,,,,,False,-38.1111321,145.2750138
node/11190405903,Bench,bench,bench,,,,,,False,-38.1117895,145.274911
node/11190405954,Bench,bench,bench,,,,,,False,-38.106216,145.2993408
node/11190405955,Bench,bench,bench,,,,,,False,-38.1061124,145.2994256
node/11190405956,Bench,bench,bench,,,,,,False,-38.1060724,145.2994748
node/11190405957,Bench,bench,bench,,,,,,False,-38.1064657,145.3002266
node/11201558644,Bench,bench,bench,,,,,,False,-37.8256047,145.0140159
node/11201558645,Bench,bench,bench,,,,,,False,-37.8255964,145.0140515
node/11209324790,Bench,bench,bench,,,,,,False,-37.8252608,145.0230975
node/11209382280,Bench,bench,bench,,,,,,False,-37.8178038,145.0244237
node/11214360336,Bench,bench,bench,,,,,,False,-37.7838281,145.0043895
node/11224406441,Bench,bench,bench,,,,,,False,-37.8076634,144.9558995
node/11226606698,Bench,bench,bench,,,,,,False,-37.8087113,145.3719777
node/11228437886,Bench,bench,bench,,,,,,False,-37.7493371,144.9866965
node/11235423028,Bench,bench,bench,,,,,,False,-37.8430937,145.0094143
node/11235423198,Bench,bench,bench,,,,,,False,-37.8431474,145.0092852
node/11235423237,Bench,bench,bench,,,,,,False,-37.842862,145.0089114
node/11235423239,Bench,bench,bench,,,,,,False,-37.842939,145.0090569
node/11237495067,Bench,bench,bench,,,,,,False,-37.7948653,145.1092969
node/11237495070,Bench,bench,bench,,,,,,False,-37.7999207,145.1161283
node/11237495071,Bench,bench,bench,,,,,,False,-37.7998319,145.1169531
node/11237495072,Bench,bench,bench,,,,,,False,-37.7998386,145.1168961
node/11242291456,Bench,bench,bench,,,,,,False,-37.9463112,145.1325917
node/11242291457,Bench,bench,bench,,,,,,False,-37.9458484,145.1326097
node/11242291458,Bench,bench,bench,,,,,,False,-37.9462491,145.1319311
node/11256446311,Bench,bench,bench,,,,,,False,-37.8451174,144.9913242
node/11256446312,Bench,bench,bench,,,,,,False,-37.8451288,144.9913225
node/11261660453,Bench,bench,bench,,,,,,False,-37.8077039,144.9568039
node/11263475000,Bench,bench,bench,,,,,"Right angle bench, backrest only on one side. Shaded by council garden with small tree.",False,-37.7749265,144.9155218
node/11263475001,Bench,bench,bench,,,,,,False,-37.775916,144.9155635
node/11263475007,Bench,bench,bench,,,,,,False,-37.7757334,144.915441
node/11266417632,Bench,bench,bench,,,,,,False,-37.7815623,144.9056192
node/11266417635,Bench,bench,bench,,,,,,False,-37.7787909,144.911191
node/11266417637,Bench,bench,bench,,,,,,False,-37.7803611,144.9069443
node/11266417641,Bench,bench,bench,,,,,,False,-37.7791287,144.9108314
node/11266417642,Bench,bench,bench,,,,,,False,-37.7791321,144.9108588
node/11266417645,Bench,bench,bench,,,,,,False,-37.7815271,144.905508
node/11266417650,Bench,bench,bench,,,,,,False,-37.7791112,144.9108659
node/11266417652,Bench,bench,bench,,,,,,False,-37.7787778,144.911148
node/11266417653,Bench,bench,bench,,,,,,False,-37.7787545,144.9110982
node/11270711262,Bench,bench,bench,,,,,,False,-37.8436229,144.9897104
node/11270711263,Bench,bench,bench,,,,,,False,-37.8438652,144.9899089
node/11270724583,Bench,bench,bench,,,,,,False,-37.8440217,144.9893004
node/11270724618,Bench,bench,bench,,,,,,False,-37.8442613,144.9896977
node/11270738594,Bench,bench,bench,,,,,,False,-37.8441106,144.991992
node/11270738595,Bench,bench,bench,,,,,,False,-37.8440188,144.9920031
node/11270741709,Bench,bench,bench,,,,,,False,-37.8442229,144.9906697
node/11270741750,Bench,bench,bench,,,,,,False,-37.8446597,144.9904943
node/11270752671,Bench,bench,bench,,,,,,False,-37.8445936,144.990646
node/11278767255,Bench,bench,bench,,,,,,False,-37.8024744,144.9716954
node/11278791812,Bench,bench,bench,,,,,,False,-37.8020251,144.9709836
node/11278791813,Bench,bench,bench,,,,,,False,-37.8021655,144.9702416
node/11278791814,Bench,bench,bench,,,,,,False,-37.8023159,144.9702832
node/11278791815,Bench,bench,bench,,,,,,False,-37.8063075,144.9704522
node/11278791816,Bench,bench,bench,,,,,,False,-37.8057417,144.9695657
node/11278791817,Bench,bench,bench,,,,,,False,-37.8060585,144.9694423
node/11278791818,Bench,bench,bench,,,,,,False,-37.8065427,144.9719663
node/11278791819,Bench,bench,bench,,,,,,False,-37.8067653,144.9723525
node/11278791820,Bench,bench,bench,,,,,,False,-37.8068998,144.9725631
node/11278791821,Bench,bench,bench,,,,,,False,-37.8072908,144.9724129
node/11285790001,Bench,bench,bench,,,,,,False,-37.7918349,144.9404139
node/11290470817,Bench,bench,bench,,,,,,False,-37.8247671,144.9566485
node/11290533208,Bench,bench,bench,,,,,,False,-37.8266908,144.9593792
node/11290533209,Bench,bench,bench,,,,,,False,-37.826642,144.9594375
node/11290710096,Bench,bench,bench,,,,,,False,-37.8197471,145.2176722
node/11294539616,Bench,bench,bench,,,,,,False,-37.895683,145.1981235
node/11294539617,Bench,bench,bench,,,,,,False,-37.8962796,145.1941334
node/11294539619,Bench,bench,bench,,,,,,False,-37.8965013,145.1949173
node/11294539621,Bench,bench,bench,,,,,,False,-37.89491,145.1975624
node/11294539628,Bench,bench,bench,,,,,,False,-37.8963401,145.1933394
node/11294539633,Bench,bench,bench,,,,,,False,-37.8954299,145.1980822
node/11294539634,Bench,bench,bench,,,,,,False,-37.8955468,145.1984554
node/11294539636,Bench,bench,bench,,,,,,False,-37.8951058,145.198162
node/11294539637,Bench,bench,bench,,,,,,False,-37.8949184,145.1981994
node/11298964477,Bench,bench,bench,,,,,,False,-37.8255385,145.0212234
node/11299385889,Bench,bench,bench,,,,,,False,-37.7629626,144.9627318
node/11299435544,Bench,bench,bench,,,,,,False,-37.7996279,144.9104623
node/11301841453,Bench,bench,bench,,,,,,False,-37.8425761,144.994061
node/11301841454,Bench,bench,bench,,,,,,False,-37.8425464,144.9939956
node/11301841455,Bench,bench,bench,,,,,,False,-37.8425935,144.9939748
node/11301973654,Bench,bench,bench,,,,,,False,-37.8408484,144.9930511
node/11301973655,Bench,bench,bench,,,,,,False,-37.8407568,144.993086
node/11306450379,Bench,bench,bench,,,,,,False,-37.764067,144.9828094
node/11311024524,Bench,bench,bench,,,,,,False,-37.8222405,144.9768697
node/11311056795,Bench,bench,bench,,,,,,False,-37.8188608,144.9727963
node/11311056796,Bench,bench,bench,,,,,,False,-37.8187204,144.9723749
node/11311063384,Bench,bench,bench,,,,,,False,-37.8217828,144.9763982
node/11311077070,Bench,bench,bench,,,,,,False,-37.8187348,144.9725443
node/11311080740,Bench,bench,bench,,,,,,False,-37.8188991,144.9728296
node/11311083797,Bench,bench,bench,,,,,,False,-37.8187109,144.9722547
node/11311086766,Bench,bench,bench,,,,,,False,-37.8187669,144.972646
node/11311086767,Bench,bench,bench,,,,,,False,-37.8186832,144.9720924
node/11311087577,Bench,bench,bench,,,,,,False,-37.818697,144.9721672
node/11311087717,Bench,bench,bench,,,,,,False,-37.822671,144.9773094
node/11311088378,Bench,bench,bench,,,,,,False,-37.8215671,144.9761951
node/11311092657,Bench,bench,bench,,,,,,False,-37.8205869,144.9755003
node/11311097177,Bench,bench,bench,,,,,,False,-37.8187843,144.9727011
node/11311099816,Bench,bench,bench,,,,,,False,-37.8224836,144.9770928
node/11311105724,Bench,bench,bench,,,,,,False,-37.8220306,144.9766535
node/11311107052,Bench,bench,bench,,,,,,False,-37.8188175,144.9727551
node/11311107053,Bench,bench,bench,,,,,,False,-37.8187798,144.9723609
node/11311108700,Bench,bench,bench,,,,,,False,-37.8201618,144.9750007
node/11311109748,Bench,bench,bench,,,,,,False,-37.8187561,144.9725994
node/11311115044,Bench,bench,bench,,,,,,False,-37.8187198,144.9724282
node/11311115638,Bench,bench,bench,,,,,,False,-37.8186754,144.9720369
node/11311116103,Bench,bench,bench,,,,,,False,-37.8205593,144.9754799
node/11311117646,Bench,bench,bench,,,,,,False,-37.818713,144.9723196
node/11311118815,Bench,bench,bench,,,,,,False,-37.8187298,144.9720741
node/11328810487,Bench,bench,bench,,,,,,False,-37.8713697,145.0298655
node/11328810488,Bench,bench,bench,,,,,,False,-37.8715328,145.0298118
node/11328810505,Bench,bench,bench,,,,,,False,-37.8709878,145.0310273
node/11330055273,Bench,bench,bench,,,,,,False,-37.870443,145.0285999
node/11330055274,Bench,bench,bench,,,,,,False,-37.8703941,145.0283605
node/11330055275,Bench,bench,bench,,,,,,False,-37.8704669,145.0291439
node/11330055293,Bench,bench,bench,,,,,,False,-37.8712949,145.0314232
node/11330055294,Bench,bench,bench,,,,,,False,-37.8708576,145.0314415
node/11338509159,Bench,bench,bench,,,,,,False,-37.8621964,145.0243455
node/11341027125,Bench,bench,bench,,,,,,False,-38.0614248,145.2899586
node/11341027126,Bench,bench,bench,,,,,,False,-38.0614197,145.2897887
node/11342850305,Bench,bench,bench,,,,,,False,-37.8840002,145.2382337
node/11342850439,Bench,bench,bench,,,,,,False,-37.8832877,145.2381353
node/11342850440,Bench,bench,bench,,,,,,False,-37.8845978,145.2381442
node/11342850441,Bench,bench,bench,,,,,,False,-37.8863261,145.2380451
node/11347781375,Bench,bench,bench,,,,,,False,-37.8564854,145.019029
node/11347798669,Bench,bench,bench,,,,,,False,-37.9660456,145.052152
node/11347798670,Bench,bench,bench,,,,,,False,-37.9667759,145.0544088
node/11347799369,Bench,bench,bench,,,,,,False,-37.9657901,145.0527168
node/11350456081,Bench,bench,bench,,,,,,False,-38.1104537,145.2747138
node/11350456084,Bench,bench,bench,,,,,,False,-38.1081522,145.2764322
node/11350456085,Bench,bench,bench,,,,,,False,-38.1081706,145.2764063
node/11350456086,Bench,bench,bench,,,,,,False,-38.108233,145.2762955
node/11350456087,Bench,bench,bench,,,,,,False,-38.108249,145.2762711
node/11350456151,Bench,bench,bench,,,,,,False,-38.1094029,145.2664079
node/11350456152,Bench,bench,bench,,,,,,False,-38.1094273,145.2664099
node/11350456249,Bench,bench,bench,,,,,,False,-38.1080813,145.263018
node/11350456575,Bench,bench,bench,,,,,,False,-38.1212415,145.2895909
node/11350456576,Bench,bench,bench,,,,,,False,-38.1203009,145.2894712
node/11350456650,Bench,bench,bench,,,,,,False,-38.124278,145.2908682
node/11350456651,Bench,bench,bench,,,,,,False,-38.1243031,145.2908036
node/11350457005,Bench,bench,bench,,,,,,False,-38.1236014,145.3245825
node/11350767443,Bench,bench,bench,,,,,,False,-37.7941008,144.8563548
node/11351527161,Bench,bench,bench,,,,,,False,-37.675333,144.9607599
node/11351527162,Bench,bench,bench,,,,,,False,-37.6751404,144.9609554
node/11351527163,Bench,bench,bench,,,,,,False,-37.6751215,144.9609165
node/11357540237,Bench,bench,bench,,,,,,False,-37.6058844,144.9189294
node/11357540341,Bench,bench,bench,,,,,,False,-37.605655,144.9191085
node/11357647706,Bench,bench,bench,,,,,,False,-37.8976264,145.0413036
node/11357804022,Bench,bench,bench,,,,,,False,-37.8100432,144.870589
node/11357804023,Bench,bench,bench,,,,,,False,-37.8098763,144.8703095
node/11357804024,Bench,bench,bench,,,,,,False,-37.8096415,144.8704097
node/11357804025,Bench,bench,bench,,,,,,False,-37.8093851,144.870695
node/11357804029,Bench,bench,bench,,,,,,False,-37.800377,144.8636338
node/11357804030,Bench,bench,bench,,,,,,False,-37.8005038,144.8635489
node/11357804031,Bench,bench,bench,,,,,,False,-37.8003982,144.8636737
node/11359502381,Bench,bench,bench,,,,,,False,-37.8123484,144.8799312
node/11361721496,Bench,bench,bench,,,,,,False,-37.662358,145.0788875
node/11364209095,Bench,bench,bench,,,,,,False,-37.8021629,144.8840021
node/11364209096,Bench,bench,bench,,,,,,False,-37.8012232,144.8844117
node/11364209097,Bench,bench,bench,,,,,,False,-37.8012581,144.8844443
node/11364209098,Bench,bench,bench,,,,,,False,-37.7993225,144.8812694
node/11364209099,Bench,bench,bench,,,,,,False,-37.7993527,144.8812647
node/11364209100,Bench,bench,bench,,,,,,False,-37.7992034,144.8811976
node/11364209101,Bench,bench,bench,,,,,,False,-37.7992077,144.8812357
node/11364209102,Bench,bench,bench,,,,,,False,-37.7993543,144.8810914
node/11364209103,Bench,bench,bench,,,,,,False,-37.7993576,144.8810586
node/11368306364,Bench,bench,bench,,,,,,False,-37.7713068,144.8993099
node/11369827383,Bench,bench,bench,,,,,,False,-37.8159178,144.9759812
node/11369827384,Bench,bench,bench,,,,,,False,-37.8158585,144.9764387
node/11369827385,Bench,bench,bench,,,,,,False,-37.816006,144.9776087
node/11369827386,Bench,bench,bench,,,,,,False,-37.8161996,144.9786141
node/11369827387,Bench,bench,bench,,,,,,False,-37.8160568,144.9781698
node/11369827388,Bench,bench,bench,,,,,,False,-37.8160243,144.9777332
node/11369827389,Bench,bench,bench,,,,,,False,-37.8159465,144.9766029
node/11369827390,Bench,bench,bench,,,,,,False,-37.8161419,144.9778413
node/11369827391,Bench,bench,bench,,,,,,False,-37.8157906,144.9758643
node/11374775243,Bench,bench,bench,,,,,,False,-37.6052188,145.1289814
node/11374798173,Bench,bench,bench,,,,,,False,-37.7162255,144.9928812
node/11377494033,Bench,bench,bench,,,,,,False,-37.7125784,145.1100187
node/11377494034,Bench,bench,bench,,,,,,False,-37.7125431,145.1101069
node/11377494035,Bench,bench,bench,,,,,,False,-37.7124951,145.110194
node/11377494036,Bench,bench,bench,,,,,,False,-37.7124504,145.1102569
node/11377494037,Bench,bench,bench,,,,,,False,-37.7123652,145.1103398
node/11377494038,Bench,bench,bench,,,,,,False,-37.712295,145.1103889
node/11379219716,Bench,bench,bench,,,,,,False,-37.7278631,145.1068027
node/11381220340,Bench,bench,bench,,,,,,False,-37.7288189,145.1072322
node/11381220341,Bench,bench,bench,,,,,,False,-37.7286857,145.1072395
node/11384808422,Bench,bench,bench,,,,,,False,-37.8085296,144.8810639
node/11384808423,Bench,bench,bench,,,,,,False,-37.803106,144.8803461
node/11384808424,Bench,bench,bench,,,,,,False,-37.8030611,144.8803554
node/11384906069,Bench,bench,bench,,,,,,False,-37.7498902,145.2168398
node/11384971765,Bench,bench,bench,,,,,,False,-37.8746852,145.3578727
node/11385292182,Bench,bench,bench,,,,,,False,-37.9353547,145.1116893
node/11385292183,Bench,bench,bench,,,,,,False,-37.9354069,145.1124219
node/11385292184,Bench,bench,bench,,,,,,False,-37.9356343,145.1142316
node/11385292185,Bench,bench,bench,,,,,,False,-37.9344124,145.1134927
node/11385292186,Bench,bench,bench,,,,,,False,-37.9345232,145.1125227
node/11385292187,Bench,bench,bench,,,,,,False,-37.9349803,145.1096851
node/11385579340,Bench,bench,bench,,,,,,False,-37.7592722,145.0949281
node/11385579436,Bench,bench,bench,,,,,,False,-37.7589196,145.0943444
node/11385579438,Bench,bench,bench,,,,,,False,-37.759103,145.0941355
node/11391219420,Bench,bench,bench,,,,,,False,-37.7884893,144.9919149
node/11393261222,Bench,bench,bench,,,,,,False,-37.8936266,145.0434798
node/11393261223,Bench,bench,bench,,,,,,False,-37.8936401,145.0435014
node/11393261224,Bench,bench,bench,,,,,,False,-37.8935658,145.0439055
node/11393261225,Bench,bench,bench,,,,,,False,-37.8934929,145.0439699
node/11393261226,Bench,bench,bench,,,,,,False,-37.8934741,145.0439726
node/11393261227,Bench,bench,bench,,,,,,False,-37.8933692,145.043543
node/11393944264,Bench,bench,bench,,,,,,False,-37.8099304,144.8677143
node/11396048948,Bench,bench,bench,,,,,,False,-37.8048969,144.8724161
node/11396048949,Bench,bench,bench,,,,,,False,-37.8053895,144.8720206
node/11396048951,Bench,bench,bench,,,,,,False,-37.8052963,144.8715858
node/11396048952,Bench,bench,bench,,,,,,False,-37.8049828,144.8729264
node/11396048953,Bench,bench,bench,,,,,,False,-37.8049881,144.8727737
node/11396048956,Bench,bench,bench,,,,,,False,-37.805279,144.8721097
node/11396048958,Bench,bench,bench,,,,,,False,-37.8047604,144.872091
node/11397356287,Bench,bench,bench,,,,,,False,-37.7327934,145.0959537
node/11397356319,Bench,bench,bench,,,,,,False,-37.7307106,145.0965437
node/11397356320,Bench,bench,bench,,,,,,False,-37.7307161,145.0967258
node/11397356332,Bench,bench,bench,,,,,,False,-37.7306967,145.096386
node/11399318933,Bench,bench,bench,,,,,,False,-37.7874126,145.0694338
node/11411909942,Bench,bench,bench,,,,,,False,-37.8112067,144.9586648
node/11412465510,Bench,bench,bench,,,,,,False,-37.8045936,144.8717617
node/11412465512,Bench,bench,bench,,,,,,False,-37.8046775,144.8717161
node/11413901704,Bench,bench,bench,,,,,,False,-37.6884874,145.2242951
node/11413901705,Bench,bench,bench,,,,,,False,-37.688566,145.2242797
node/11413970944,Bench,bench,bench,,,,,,False,-38.1988517,145.2302362
node/11416315024,Bench,bench,bench,,,,,,False,-37.6300552,145.0928015
node/11418920636,Bench,bench,bench,,,,,,False,-37.8335575,145.0638258
node/11425011802,Bench,bench,bench,,,,,,False,-37.67793,145.1497523
node/11435219296,Bench,bench,bench,,,,,,False,-37.9100684,145.0151733
node/11435219299,Bench,bench,bench,,,,,,False,-37.9103604,145.0152797
node/11443115191,Bench,bench,bench,,,,,,False,-37.9872742,145.0910776
node/11443115192,Bench,bench,bench,,,,,,False,-37.9874136,145.0909638
node/11451730451,Bench,bench,bench,,,,,,False,-37.9061029,145.0124178
node/11451730452,Bench,bench,bench,,,,,,False,-37.9061434,145.0125269
node/11451730454,Bench,bench,bench,,,,,,False,-37.9063219,145.0128236
node/11451730455,Bench,bench,bench,,,,,,False,-37.9067289,145.0129802
node/11451730456,Bench,bench,bench,,,,,,False,-37.9064961,145.0118079
node/11451730457,Bench,bench,bench,,,,,,False,-37.9062154,145.0116913
node/11451730458,Bench,bench,bench,,,,,,False,-37.9053874,145.0113742
node/11451730459,Bench,bench,bench,,,,,,False,-37.9054175,145.0116541
node/11451730460,Bench,bench,bench,,,,,,False,-37.9055043,145.0126227
node/11451730461,Bench,bench,bench,,,,,,False,-37.9066202,145.0112002
node/11451730462,Bench,bench,bench,,,,,,False,-37.9064659,145.0112305
node/11459698270,Bench,bench,bench,,,,,,False,-37.8854538,145.0013591
node/11459698271,Bench,bench,bench,,,,,,False,-37.8855548,145.0014369
node/11459698272,Bench,bench,bench,,,,,,False,-37.8851168,145.0011117
node/11462725780,Bench,bench,bench,,,,,,False,-37.9850827,145.1689676
node/11474492256,Bench,bench,bench,,,,,,False,-37.8056129,144.8741878
node/11475822247,Bench,bench,bench,,,,,,False,-37.7965517,145.2838369
node/11475822248,Bench,bench,bench,,,,,,False,-37.7965783,145.283986
node/11477738455,Bench,bench,bench,,,,,,False,-37.8903893,145.3705589
node/11477738456,Bench,bench,bench,,,,,,False,-37.8890875,145.3706461
node/11477738457,Bench,bench,bench,,,,,,False,-37.8887929,145.3705638
node/11477738458,Bench,bench,bench,,,,,,False,-37.889649,145.3707764
node/11477738461,Bench,bench,bench,,,,,,False,-37.890097,145.3707827
node/11486230594,Bench,bench,bench,,,,,,False,-37.9069934,145.3572925
node/11490330584,Bench,bench,bench,,,,,,False,-37.8152751,144.8758356
node/11490330585,Bench,bench,bench,,,,,,False,-37.8153625,144.8759129
node/11490330586,Bench,bench,bench,,,,,,False,-37.8156197,144.8771891
node/11493974261,Bench,bench,bench,,,,,,False,-37.7685261,144.8518944
node/11493974262,Bench,bench,bench,,,,,,False,-37.7680799,144.8522838
node/11497393043,Bench,bench,bench,,,,,,False,-37.7654032,144.9500454
node/11497393044,Bench,bench,bench,,,,,,False,-37.7653078,144.9500667
node/11497393045,Bench,bench,bench,,,,,,False,-37.7652141,144.9500851
node/11502345963,Bench,bench,bench,,,,,,False,-37.7914667,145.094421
node/11502666764,Bench,bench,bench,,,,,,False,-37.8631987,144.7309866
node/11503434698,Bench,bench,bench,,,,,,False,-37.609431,144.9196885
node/11503434701,Bench,bench,bench,,,,,,False,-37.6092184,144.9197559
node/11503434712,Bench,bench,bench,,,,,,False,-37.609553,144.9202913
node/11503434713,Bench,bench,bench,,,,,,False,-37.6096658,144.9200307
node/11503434770,Bench,bench,bench,,,,,,False,-37.6104742,144.9204536
node/11503434829,Bench,bench,bench,,,,,,False,-37.6103116,144.9211757
node/11503434922,Bench,bench,bench,,,,,,False,-37.6074683,144.9209572
node/11503434923,Bench,bench,bench,,,,,,False,-37.6075081,144.9209617
node/11503434924,Bench,bench,bench,,,,,,False,-37.6075645,144.9209662
node/11503434973,Bench,bench,bench,,,,,,False,-37.6094949,144.9206492
node/11503435016,Bench,bench,bench,,,,,,False,-37.6075593,144.9218114
node/11503435017,Bench,bench,bench,,,,,,False,-37.6075451,144.9218718
node/11503435292,Bench,bench,bench,,,,,,False,-37.6089167,144.9257444
node/11504870043,Bench,bench,bench,,,,,,False,-37.6726973,145.150781
node/11507729247,Bench,bench,bench,,,,,,False,-37.8057846,145.0765304
node/11517714263,Bench,bench,bench,,,,,,False,-37.8125703,145.2699047
node/11518925232,Bench,bench,bench,,,,,,False,-37.6032163,145.0925065
node/11518925233,Bench,bench,bench,,,,,,False,-37.6031582,145.092757
node/11521207332,Bench,bench,bench,,,,,,False,-37.6032951,145.0927079
node/11521207333,Bench,bench,bench,,,,,,False,-37.6032466,145.0928971
node/11527573874,Bench,bench,bench,,,,,,False,-37.8609733,144.735076
node/11527573875,Bench,bench,bench,,,,,,False,-37.8608801,144.7352271
node/11527648495,Bench,bench,bench,,,,,,False,-37.8649191,144.7405026
node/11527648496,Bench,bench,bench,,,,,,False,-37.8604399,144.7390692
node/11527648497,Bench,bench,bench,,,,,,False,-37.8653627,144.7394557
node/11527648498,Bench,bench,bench,,,,,,False,-37.8654548,144.7396523
node/11527648499,Bench,bench,bench,,,,,,False,-37.864754,144.7409082
node/11527693319,Bench,bench,bench,,,,,,False,-37.9377096,145.0917265
node/11527693320,Bench,bench,bench,,,,,,False,-37.9379802,145.0910459
node/11528912598,Bench,bench,bench,,,,,,False,-37.893147,145.0245448
node/11528912599,Bench,bench,bench,,,,,,False,-37.8931777,145.024518
node/11528912600,Bench,bench,bench,,,,,,False,-37.8932072,145.0244922
node/11528912601,Bench,bench,bench,,,,,,False,-37.8932371,145.0244684
node/11528912602,Bench,bench,bench,,,,,,False,-37.8933433,145.0244047
node/11528912603,Bench,bench,bench,,,,,,False,-37.8933768,145.0243865
node/11528912604,Bench,bench,bench,,,,,,False,-37.8934107,145.0243713
node/11528912605,Bench,bench,bench,,,,,,False,-37.8934446,145.0243552
node/11528912606,Bench,bench,bench,,,,,,False,-37.8935173,145.0243263
node/11528912607,Bench,bench,bench,,,,,,False,-37.8935584,145.0243132
node/11528912608,Bench,bench,bench,,,,,,False,-37.893631,145.0242985
node/11528912609,Bench,bench,bench,,,,,,False,-37.8937583,145.0242965
node/11528912610,Bench,bench,bench,,,,,,False,-37.8937926,145.0243
node/11528912611,Bench,bench,bench,,,,,,False,-37.8938277,145.0243046
node/11528912612,Bench,bench,bench,,,,,,False,-37.8938616,145.0243122
node/11528912613,Bench,bench,bench,,,,,,False,-37.8938975,145.0243243
node/11528912614,Bench,bench,bench,,,,,,False,-37.8936767,145.0258559
node/11528912615,Bench,bench,bench,,,,,,False,-37.8935575,145.0258786
node/11528912616,Bench,bench,bench,,,,,,False,-37.8933778,145.0258414
node/11528912617,Bench,bench,bench,,,,,,False,-37.8931679,145.0257578
node/11531840057,Bench,bench,bench,,,,,,False,-37.8965842,145.0329814
node/11542508460,Bench,bench,bench,,,,,,False,-37.862527,145.2673
node/11542508461,Bench,bench,bench,,,,,,False,-37.8572015,145.2768856
node/11544873133,Bench,bench,bench,,,,,,False,-37.8007643,144.8809569
node/11545206662,Bench,bench,bench,,,,,,False,-37.8052748,144.8682837
node/11553232333,Bench,bench,bench,,,,,,False,-37.9198766,145.1021997
node/11553232334,Bench,bench,bench,,,,,,False,-37.9192315,145.1029508
node/11555573443,Bench,bench,bench,,,,,,False,-37.8098029,145.3992643
node/11555573453,Bench,bench,bench,,,,,,False,-37.800173,145.3958501
node/11555573455,Bench,bench,bench,,,,,,False,-37.8061195,145.3963833
node/11555573456,Bench,bench,bench,,,,,,False,-37.803884,145.3973887
node/11555685100,Bench,bench,bench,,,,,,False,-37.8247871,145.0143889
node/11555685101,Bench,bench,bench,,,,,,False,-37.8248575,145.0144888
node/11555685107,Bench,bench,bench,,,,,,False,-37.8245164,145.0156643
node/11555687969,Bench,bench,bench,,,,,,False,-37.7882776,145.3832604
node/11555687975,Bench,bench,bench,,,,,,False,-37.7894586,145.3790097
node/11556066971,Bench,bench,bench,,,,,,False,-37.80583,144.9774501
node/11556381137,Bench,bench,bench,,,,,,False,-37.7652222,144.9833653
node/11561885880,Bench,bench,bench,,,,,,False,-37.7882895,145.0737733
node/11565754005,Bench,bench,bench,,,,,,False,-37.7377606,144.740505
node/11565754006,Bench,bench,bench,,,,,,False,-37.7377643,144.7405436
node/11565754010,Bench,bench,bench,,,,,,False,-37.7356707,144.7448139
node/11565754011,Bench,bench,bench,,,,,,False,-37.7356479,144.7448446
node/11571488815,Bench,bench,bench,,,,,,False,-37.6491312,145.0670502
node/11571503197,Bench,bench,bench,,,,yes,,False,-37.7563926,145.0682321
node/11571503201,Bench,bench,bench,,,,yes,,False,-37.7563854,145.0680773
node/11571503202,Bench,bench,bench,,,,yes,,False,-37.7564012,145.0682159
node/11571523044,Bench,bench,bench,,,,yes,,False,-37.7564102,145.0682923
node/11571523056,Bench,bench,bench,,,,yes,,False,-37.7563958,145.0682779
node/11571531604,Bench,bench,bench,,,,yes,,False,-37.7564045,145.0686069
node/11571531606,Bench,bench,bench,,,,yes,,False,-37.7563929,145.0687894
node/11571531607,Bench,bench,bench,,,,yes,,False,-37.7564201,145.0686129
node/11571531610,Bench,bench,bench,,,,yes,,False,-37.7563966,145.068817
node/11572236390,Bench,bench,bench,,,,,,False,-37.8590402,144.7379155
node/11572236392,Bench,bench,bench,,,,,,False,-37.859812,144.7368919
node/11572236393,Bench,bench,bench,,,,,,False,-37.8604718,144.7356836
node/11572236396,Bench,bench,bench,,,,,,False,-37.8642931,144.7388811
node/11572236397,Bench,bench,bench,,,,,,False,-37.860987,144.7375634
node/11572236398,Bench,bench,bench,,,,,,False,-37.8641245,144.7389085
node/11572236399,Bench,bench,bench,,,,,,False,-37.8591265,144.7380504
node/11572236403,Bench,bench,bench,,,,,,False,-37.859678,144.7371059
node/11572236404,Bench,bench,bench,,,,,,False,-37.8601064,144.7363465
node/11572236406,Bench,bench,bench,,,,,,False,-37.8591276,144.7380088
node/11572236408,Bench,bench,bench,,,,,,False,-37.8606671,144.7353396
node/11572236410,Bench,bench,bench,,,,,,False,-37.8597581,144.7369796
node/11572236411,Bench,bench,bench,,,,,,False,-37.8595737,144.7374963
node/11572236413,Bench,bench,bench,,,,,,False,-37.8643299,144.7390438
node/11572236415,Bench,bench,bench,,,,,,False,-37.8602684,144.736062
node/11575913014,Bench,bench,bench,,,,,,False,-37.7978384,144.9261816
node/11575913015,Bench,bench,bench,,,,,,False,-37.7977117,144.9260793
node/11576392205,Bench,bench,bench,,,,,,False,-37.6575567,145.3794915
node/11581457253,Bench,bench,bench,,,,,,False,-37.8343216,145.3720131
node/11581826766,Bench,bench,bench,,,,,,False,-37.8189923,144.9428968
node/11585312967,Bench,bench,bench,,,,,,False,-37.8169809,144.9451169
node/11586367017,Bench,bench,bench,,,,,,False,-37.9110187,145.3231475
node/11593629776,Bench,bench,bench,,,,,,False,-37.6727202,145.149769
node/11600593658,Bench,bench,bench,,,,,,False,-37.7939405,144.927485
node/11609548574,Bench,bench,bench,,,,,,False,-37.7939413,144.9236113
node/11612597129,Bench,bench,bench,,,,,,False,-37.8243755,144.9505781
node/11612597130,Bench,bench,bench,,,,,,False,-37.8243276,144.9507502
node/11618007658,Bench,bench,bench,,,,,,False,-37.8645297,144.73561
node/11618007663,Bench,bench,bench,,,,,,False,-37.8644042,144.739543
node/11618007664,Bench,bench,bench,,,,,,False,-37.864547,144.7354934
node/11618007666,Bench,bench,bench,,,,,,False,-37.8644685,144.7355608
node/11618007668,Bench,bench,bench,,,,,,False,-37.8645452,144.7354272
node/11647331775,Bench,bench,bench,,,,,,False,-37.8004336,144.8928142
node/11648370895,Bench,bench,bench,,,,,,False,-37.8056504,144.9856856
node/11648370896,Bench,bench,bench,,,,,,False,-37.8053312,144.9853704
node/11648370897,Bench,bench,bench,,,,,,False,-37.8055958,144.9856468
node/11652038334,Bench,bench,bench,,,,,,False,-37.6715238,144.9979474
node/11652038465,Bench,bench,bench,,,,,,False,-37.6710795,144.9975442
node/11652296524,Bench,bench,bench,,,,,,False,-37.6668512,144.9894047
node/11652296525,Bench,bench,bench,,,,,,False,-37.6668824,144.9893981
node/11652299302,Bench,bench,bench,,,,,,False,-37.6667237,144.9910735
node/11652299303,Bench,bench,bench,,,,,,False,-37.6667693,144.9914854
node/11652299389,Bench,bench,bench,,,,,,False,-37.6666661,144.9907094
node/11652299390,Bench,bench,bench,,,,,,False,-37.6667368,144.9904415
node/11652664757,Bench,bench,bench,,,,,,False,-37.8090813,144.8670735
node/11653047775,Bench,bench,bench,,,,,,False,-37.6551073,144.9220645
node/11655806645,Bench,bench,bench,,,,,,False,-38.0480811,145.1415649
node/11655875899,Bench,bench,bench,,,,,,False,-38.0500228,145.1410817
node/11655875900,Bench,bench,bench,,,,,,False,-38.0497442,145.1414465
node/11655875901,Bench,bench,bench,,,,,,False,-38.0497621,145.1415971
node/11655875902,Bench,bench,bench,,,,,,False,-38.0499019,145.1414115
node/11658481084,Bench,bench,bench,,,,,,False,-37.9412763,145.0506877
node/11658481090,Bench,bench,bench,,,,,,False,-37.9409399,145.0537736
node/11658481101,Bench,bench,bench,,,,,,False,-37.9412319,145.050827
node/11658481165,Bench,bench,bench,,,,,,False,-37.9403009,145.0537238
node/11658942359,Bench,bench,bench,,,,,,False,-37.6422742,144.9017997
node/11658942360,Bench,bench,bench,,,,,,False,-37.6423121,144.9018359
node/11658942367,Bench,bench,bench,,,,,,False,-37.6414973,144.9014381
node/11658942368,Bench,bench,bench,,,,,,False,-37.6415363,144.9014625
node/11658942443,Bench,bench,bench,,,,,,False,-37.6432176,144.9032318
node/11658942444,Bench,bench,bench,,,,,,False,-37.6432371,144.9032857
node/11658942445,Bench,bench,bench,,,,,,False,-37.6438722,144.9042071
node/11658942446,Bench,bench,bench,,,,,,False,-37.6438918,144.9042933
node/11658976834,Bench,bench,bench,,,,,,False,-37.8182907,144.8685773
node/11659015370,Bench,bench,bench,,,,,,False,-37.6397034,144.9090031
node/11659015415,Bench,bench,bench,,,,,,False,-37.640677,144.9090867
node/11659015416,Bench,bench,bench,,,,,,False,-37.6407935,144.9089838
node/11659015417,Bench,bench,bench,,,,,,False,-37.640829,144.9091887
node/11659176718,Bench,bench,bench,,,,,,False,-37.8556247,144.8184575
node/11659425515,Bench,bench,bench,,,,,,False,-37.6757758,144.9881876
node/11660869601,Bench,bench,bench,,,,,,False,-37.8071257,144.9570195
node/11662145342,Bench,bench,bench,,,,,,False,-37.6756029,144.96468
node/11662145343,Bench,bench,bench,,,,,,False,-37.6756694,144.9651581
node/11662241039,Bench,bench,bench,,,,,,False,-37.9361994,145.0610318
node/11664397866,Bench,bench,bench,,,,,,False,-38.0444128,145.372555
node/11664428205,Bench,bench,bench,,,,,,False,-37.7626842,145.0263286
node/11664428206,Bench,bench,bench,,,,,,False,-37.7625793,145.0264595
node/11664639433,Bench,bench,bench,,,,,,False,-37.7356151,145.0478904
node/11664639435,Bench,bench,bench,,,,,,False,-37.7362438,145.0476734
node/11664639442,Bench,bench,bench,,,,,,False,-37.7361986,145.047839
node/11664639445,Bench,bench,bench,,,,,,False,-37.7361337,145.047619
node/11664639454,Bench,bench,bench,,,,,,False,-37.7356585,145.0471844
node/11664639456,Bench,bench,bench,,,,,,False,-37.7360307,145.0480413
node/11664752285,Bench,bench,bench,,,,,,False,-37.8576249,144.7417917
node/11664752287,Bench,bench,bench,,,,,,False,-37.8576454,144.7417465
node/11664752289,Bench,bench,bench,,,,,,False,-37.8613788,144.7424114
node/11664752290,Bench,bench,bench,,,,,,False,-37.8580303,144.7421014
node/11664752293,Bench,bench,bench,,,,,,False,-37.8616148,144.741907
node/11664752295,Bench,bench,bench,,,,,,False,-37.8578097,144.741698
node/11664752296,Bench,bench,bench,,,,,,False,-37.8576664,144.7417026
node/11664752298,Bench,bench,bench,,,,,,False,-37.8616113,144.7423582
node/11664752300,Bench,bench,bench,,,,,,False,-37.8580809,144.7418739
node/11665155284,Bench,bench,bench,,,,,,False,-37.7540295,145.0384712
node/11665155329,Bench,bench,bench,,,,,,False,-37.7540028,145.0387014
node/11668249064,Bench,bench,bench,,,,,,False,-38.0415805,145.3479222
node/11668532306,Bench,bench,bench,,,,,,False,-37.8341621,144.9994036
node/11668532307,Bench,bench,bench,,,,,,False,-37.8341676,144.9993758
node/11672344905,Bench,bench,bench,,,,,,False,-37.7608743,145.033757
node/11672344906,Bench,bench,bench,,,,,,False,-37.7650181,145.0327322
node/11672344925,Bench,bench,bench,,,,,,False,-37.760747,145.0392753
node/11674319592,Bench,bench,bench,,,,,,False,-37.860058,145.0223526
node/11674319601,Bench,bench,bench,,,,,,False,-37.8598736,145.0223706
node/11674319606,Bench,bench,bench,,,,,,False,-37.8600056,145.0221736
node/11675971711,Bench,bench,bench,,,,,,False,-37.6839872,144.8959707
node/11675971712,Bench,bench,bench,,,,,,False,-37.6839179,144.8959212
node/11675971749,Bench,bench,bench,,,,,,False,-37.6848803,144.8992846
node/11676092346,Bench,bench,bench,,,,,,False,-37.7004147,144.8901249
node/11676092347,Bench,bench,bench,,,,,,False,-37.7003298,144.8909409
node/11676092348,Bench,bench,bench,,,,,,False,-37.7000546,144.8905347
node/11676101724,Bench,bench,bench,,,,,,False,-37.6966499,144.8953796
node/11679077733,Bench,bench,bench,,,,,,False,-38.0786093,145.3405816
node/11680202000,Bench,bench,bench,,,,,,False,-38.063501,145.347594
node/11683079019,Bench,bench,bench,,,,,,False,-37.7959027,144.9615533
node/11683079020,Bench,bench,bench,,,,,,False,-37.7958945,144.9614803
node/11683079021,Bench,bench,bench,,,,,,False,-37.7958873,144.9614156
node/11683079022,Bench,bench,bench,,,,,,False,-37.7958735,144.9612925
node/11683079023,Bench,bench,bench,,,,,,False,-37.7958604,144.9611753
node/11683079024,Bench,bench,bench,,,,,,False,-37.795848,144.9610639
node/11683079025,Bench,bench,bench,,,,,,False,-37.7958357,144.9609539
node/11683079026,Bench,bench,bench,,,,,,False,-37.7958296,144.9608988
node/11683972652,Bench,bench,bench,,,,,,False,-37.6540819,144.9326538
node/11683972691,Bench,bench,bench,,,,,,False,-37.6537519,144.9325054
node/11684014208,Bench,bench,bench,,,,,,False,-37.6579367,144.9320531
node/11684414126,Bench,bench,bench,,,,,,False,-37.7829442,145.0116044
node/11684507182,Bench,bench,bench,,,,,,False,-37.6889588,144.9122665
node/11684507185,Bench,bench,bench,,,,,,False,-37.6888551,144.9118277
node/11684507191,Bench,bench,bench,,,,,,False,-37.6888887,144.9120108
node/11686412595,Bench,bench,bench,,,,,,False,-37.9346424,145.0433786
node/11686412619,Bench,bench,bench,,,,,,False,-37.9342764,145.0432821
node/11687090417,Bench,bench,bench,,,,,,False,-38.0537095,145.3534958
node/11687090418,Bench,bench,bench,,,,,,False,-38.0535615,145.3540073
node/11687471088,Bench,bench,bench,,,,,,False,-37.8076733,144.8800462
node/11687471089,Bench,bench,bench,,,,,,False,-37.8071619,144.8800988
node/11687471090,Bench,bench,bench,,,,,,False,-37.807059,144.8801033
node/11687471091,Bench,bench,bench,,,,,,False,-37.8077524,144.8797779
node/11687471092,Bench,bench,bench,,,,,,False,-37.8072683,144.8800614
node/11687471093,Bench,bench,bench,,,,,,False,-37.8074793,144.8799009
node/11690034333,Bench,bench,bench,,,,,,False,-37.838441,145.2069468
node/11690183804,Bench,bench,bench,,,,,,False,-37.8400425,145.222907
node/11699173241,Bench,bench,bench,,,,,,False,-37.8825292,145.0508367
node/11699173242,Bench,bench,bench,,,,,,False,-37.8825401,145.0508139
node/11699173250,Bench,bench,bench,,,,,,False,-37.8827327,145.0511682
node/11699173251,Bench,bench,bench,,,,,,False,-37.882752,145.0511646
node/11699173252,Bench,bench,bench,,,,,,False,-37.882639,145.0509339
node/11699188908,Bench,bench,bench,,,,,,False,-37.8891159,145.0650309
node/11699188920,Bench,bench,bench,,,,,,False,-37.8875286,145.0616181
node/11699188921,Bench,bench,bench,,,,,,False,-37.8875058,145.0616211
node/11702643672,Bench,bench,bench,,,,,,False,-37.8811631,145.0480301
node/11703388334,Bench,bench,bench,,,,,,False,-37.9170785,145.1635081
node/11703388335,Bench,bench,bench,,,,,,False,-37.9169564,145.1634652
node/11703566881,Bench,bench,bench,,,,,,False,-37.8029183,144.9945333
node/11703566926,Bench,bench,bench,,,,,,False,-37.8033417,144.993249
node/11715523704,Bench,bench,bench,,,,,,False,-37.6142977,145.1272261
node/11715523705,Bench,bench,bench,,,,,,False,-37.614313,145.1272557
node/11715523706,Bench,bench,bench,,,,,,False,-37.6143273,145.1272865
node/11715523707,Bench,bench,bench,,,,,,False,-37.6143545,145.1273106
node/11715523708,Bench,bench,bench,,,,,,False,-37.6145237,145.1277874
node/11715523709,Bench,bench,bench,,,,,,False,-37.6145919,145.1270709
node/11715523710,Bench,bench,bench,,,,,,False,-37.6146132,145.1271186
node/11715523711,Bench,bench,bench,,,,,,False,-37.6146123,145.1270911
node/11715523712,Bench,bench,bench,,,,,,False,-37.6146214,145.1270708
node/11715523713,Bench,bench,bench,,,,,,False,-37.6146425,145.1270645
node/11715523714,Bench,bench,bench,,,,,,False,-37.6146616,145.1270777
node/11715523715,Bench,bench,bench,,,,,,False,-37.6148003,145.1274193
node/11716345938,Bench,bench,bench,,,,,,False,-37.9610193,145.1996786
node/11721682629,Bench,bench,bench,,,,,,False,-37.8940492,145.0756758
node/11721682718,Bench,bench,bench,,,,,,False,-37.8926748,145.0726388
node/11721682719,Bench,bench,bench,,,,,,False,-37.8926689,145.0726091
node/11721682720,Bench,bench,bench,,,,,,False,-37.8926723,145.072585
node/11721682721,Bench,bench,bench,,,,,,False,-37.8926879,145.0726085
node/11722042387,Bench,bench,bench,,,,,,False,-37.9070962,145.0888466
node/11730708639,Bench,bench,bench,,,,,,False,-37.9612484,145.0405409
node/11733445223,Bench,bench,bench,,,,,,False,-37.8830606,145.0515189
node/11733445224,Bench,bench,bench,,,,,,False,-37.8830828,145.0515159
node/11733449440,Bench,bench,bench,,,,,,False,-37.8823154,145.0502929
node/11738479493,Bench,bench,bench,,,,,,False,-37.7792859,145.0923138
node/11745139279,Bench,bench,bench,,,,,,False,-38.0719398,145.4301386
node/11745139280,Bench,bench,bench,,,,,,False,-38.0719917,145.4305219
node/11749931023,Bench,bench,bench,,,,,,False,-37.7152885,145.1477215
node/11749931024,Bench,bench,bench,,,,,,False,-37.7153087,145.1476374
node/11749931025,Bench,bench,bench,,,,,,False,-37.71534,145.1475982
node/11751870050,Bench,bench,bench,,,,,,False,-37.8857388,145.0575693
node/11751870052,Bench,bench,bench,,,,,,False,-37.8857266,145.0574563
node/11751912645,Bench,bench,bench,,,,,,False,-37.8831282,145.0518059
node/11751912646,Bench,bench,bench,,,,,,False,-37.8831189,145.0518336
node/11751912647,Bench,bench,bench,,,,,,False,-37.8831001,145.0517865
node/11751912648,Bench,bench,bench,,,,,,False,-37.8830899,145.0518141
node/11754015594,Bench,bench,bench,,,,,,False,-37.7688354,144.9800803
node/11754057160,Bench,bench,bench,,,,,,False,-37.8806954,145.3656004
node/11756722943,Bench,bench,bench,,,,,,False,-37.8081567,144.9579071
node/11756722944,Bench,bench,bench,,,,,,False,-37.8083483,144.9578746
node/11756722945,Bench,bench,bench,,,,,,False,-37.8082507,144.9578925
node/11756722946,Bench,bench,bench,,,,,,False,-37.8082993,144.9578824
node/11756722947,Bench,bench,bench,,,,,,False,-37.8082059,144.9579009
node/11756722948,Bench,bench,bench,,,,,,False,-37.8084233,144.957867
node/11759341686,Bench,bench,bench,,,,,,False,-37.8876582,145.0615464
node/11759341687,Bench,bench,bench,,,,,,False,-37.8876273,145.0614897
node/11759341688,Bench,bench,bench,,,,,,False,-37.8876029,145.0615025
node/11759341689,Bench,bench,bench,,,,,,False,-37.8876368,145.0615655
node/11759351444,Bench,bench,bench,,,,,,False,-37.8866818,145.0598623
node/11759351485,Bench,bench,bench,,,,,,False,-37.886406,145.0592613
node/11773078041,Bench,bench,bench,,,,,,False,-37.8800537,145.3652893
node/11773078048,Bench,bench,bench,,,,,,False,-37.8813667,145.3654728
node/11773078052,Bench,bench,bench,,,,,,False,-37.8808763,145.3658644
node/11773101571,Bench,bench,bench,,,,,,False,-37.8810151,145.3618428
node/11773101573,Bench,bench,bench,,,,,,False,-37.798299,144.9596161
node/11777090871,Bench,bench,bench,,,,,,False,-38.2274991,145.0265155
node/11777090959,Bench,bench,bench,,,,,,False,-38.2255287,145.0303302
node/11777100188,Bench,bench,bench,,,,,,False,-38.2237767,145.03221
node/11777100189,Bench,bench,bench,,,,,,False,-38.2237472,145.0322217
node/11777100190,Bench,bench,bench,,,,,,False,-38.2237301,145.0322427
node/11779985640,Bench,bench,bench,,,,,,False,-37.6788445,144.9879609
node/11782612242,Bench,bench,bench,,,,,,False,-37.7630909,145.1073962
node/11782612243,Bench,bench,bench,,,,,,False,-37.762878,145.1074521
node/11782612288,Bench,bench,bench,,,,,,False,-37.7599291,145.0962517
node/11782612413,Bench,bench,bench,,,,,,False,-37.7691666,145.102237
node/11785218738,Bench,bench,bench,,,,,,False,-37.7845796,144.9373819
node/11785246279,Bench,bench,bench,,,,,,False,-37.7862844,144.9373678
node/11785246280,Bench,bench,bench,,,,,,False,-37.786287,144.9375053
node/11785246281,Bench,bench,bench,,,,,,False,-37.7862987,144.937581
node/11785246321,Bench,bench,bench,,,,,,False,-37.7848032,144.9364191
node/11785246327,Bench,bench,bench,,,,,,False,-37.7851058,144.9361414
node/11785246371,Bench,bench,bench,,,,,,False,-37.7857698,144.9359603
node/11785246372,Bench,bench,bench,,,,,,False,-37.7857619,144.9360006
node/11785246390,Bench,bench,bench,,,,,,False,-37.7878713,144.9379948
node/11785246391,Bench,bench,bench,,,,,,False,-37.7878853,144.9379837
node/11785246392,Bench,bench,bench,,,,,,False,-37.7879139,144.937981
node/11785246393,Bench,bench,bench,,,,,,False,-37.7877483,144.9378295
node/11785246394,Bench,bench,bench,,,,,,False,-37.7877706,144.9378268
node/11785246395,Bench,bench,bench,,,,,,False,-37.7862166,144.9364129
node/11785246397,Bench,bench,bench,,,,,,False,-37.7863167,144.9366979
node/11785246406,Bench,bench,bench,,,,,,False,-37.7868048,144.938607
node/11786127710,Bench,bench,bench,,,,,,False,-37.8970751,145.3670587
node/11786171869,Bench,bench,bench,,,,,,False,-37.8813043,145.3653721
node/11786171870,Bench,bench,bench,,,,,,False,-37.8812142,145.3651837
node/11786171871,Bench,bench,bench,,,,,,False,-37.8807379,145.3650819
node/11786171872,Bench,bench,bench,,,,,,False,-37.880849,145.3649182
node/11786171873,Bench,bench,bench,,,,,,False,-37.8808622,145.3650624
node/11786171874,Bench,bench,bench,,,,,,False,-37.8806844,145.3661942
node/11786171875,Bench,bench,bench,,,,,,False,-37.8804539,145.3662968
node/11794785434,Bench,bench,bench,,,,,,False,-37.8267887,144.8824677
node/11794785435,Bench,bench,bench,,,,,,False,-37.8263517,144.881954
node/11794785436,Bench,bench,bench,,,,,,False,-37.8267304,144.8814699
node/11794785448,Bench,bench,bench,,,,,,False,-37.8267442,144.8822853
node/11794785455,Bench,bench,bench,,,,,,False,-37.8269441,144.8819993
node/11794785460,Bench,bench,bench,,,,,,False,-37.8263125,144.8825783
node/11794803480,Bench,bench,bench,,,,,,False,-37.8268994,144.8857031
node/11794803481,Bench,bench,bench,,,,,,False,-37.8270879,144.8855723
node/11794803482,Bench,bench,bench,,,,,,False,-37.8272524,144.8851043
node/11794803487,Bench,bench,bench,,,,,,False,-37.827495,144.884915
node/11794803488,Bench,bench,bench,,,,,,False,-37.8272643,144.8849372
node/11794803506,Bench,bench,bench,,,,,,False,-37.8273321,144.8834266
node/11794803575,Bench,bench,bench,,,,,,False,-37.8272744,144.8846604
node/11794803576,Bench,bench,bench,,,,,,False,-37.8272797,144.8846798
node/11794803577,Bench,bench,bench,,,,,,False,-37.8273437,144.8850688
node/11794856479,Bench,bench,bench,,,,,,False,-37.8283013,144.9805084
node/11795943217,Bench,bench,bench,,,,,,False,-37.9331339,145.0812803
node/11795943218,Bench,bench,bench,,,,,,False,-37.9337046,145.0813129
node/11799398535,Bench,bench,bench,,,,,,False,-37.9389641,145.1901423
node/11799398536,Bench,bench,bench,,,,,,False,-37.9389736,145.1900019
node/11799518033,Bench,bench,bench,,,,,,False,-37.9377,145.1852425
node/11802279525,Bench,bench,bench,,,,,,False,-37.6753164,144.9613479
node/11804147344,Bench,bench,bench,,,,,,False,-37.9102285,144.6392351
node/11804147345,Bench,bench,bench,,,,,,False,-37.9102513,144.6392089
node/11804147466,Bench,bench,bench,,,,,,False,-37.9130875,144.6336213
node/11804147467,Bench,bench,bench,,,,,,False,-37.9132314,144.6337966
node/11806439251,Bench,bench,bench,,,,,,False,-37.9363399,145.1497324
node/11806703969,Bench,bench,bench,,,,,,False,-37.6734218,144.9410214
node/11806703970,Bench,bench,bench,,,,,,False,-37.6734791,144.9409994
node/11806703971,Bench,bench,bench,,,,,,False,-37.6735307,144.9410398
node/11808374907,Bench,bench,bench,,,,,,False,-37.9027641,145.3813653
node/11808374908,Bench,bench,bench,,,,,,False,-37.8980606,145.3791318
node/11808374909,Bench,bench,bench,,,,,,False,-37.8972954,145.3840287
node/11808424143,Bench,bench,bench,,,,,,False,-37.8848366,145.3701652
node/11808528614,Bench,bench,bench,,,,,,False,-37.8779957,145.3726593
node/11808532878,Bench,bench,bench,,,,,,False,-37.8740324,145.3588727
node/11808532879,Bench,bench,bench,,,,,,False,-37.8745011,145.35917
node/11808532880,Bench,bench,bench,,,,,,False,-37.8744969,145.3593438
node/11808532883,Bench,bench,bench,,,,,,False,-37.8743447,145.3588012
node/11808532906,Bench,bench,bench,,,,,,False,-37.8763256,145.3571464
node/11808570413,Bench,bench,bench,,,,,,False,-37.8474759,145.0404424
node/11808899006,Bench,bench,bench,,,,,,False,-37.7216641,144.7377335
node/11810369009,Bench,bench,bench,,,,,,False,-37.8277489,144.9839366
node/11810412885,Bench,bench,bench,,,,,,False,-37.8223517,144.9767891
node/11815749433,Bench,bench,bench,,,,,,False,-37.7810325,144.8532671
node/11815749434,Bench,bench,bench,,,,,,False,-37.7810654,144.8532122
node/11815749443,Bench,bench,bench,,,,,,False,-37.7813404,144.8542063
node/11815749444,Bench,bench,bench,,,,,,False,-37.7813134,144.8541523
node/11815768179,Bench,bench,bench,,,,,,False,-37.7717094,144.7764141
node/11816025296,Bench,bench,bench,,,,,,False,-37.87512,145.2496572
node/11816025432,Bench,bench,bench,,,,,,False,-37.9477178,145.1941987
node/11816025433,Bench,bench,bench,,,,,,False,-37.9477992,145.1943861
node/11816025434,Bench,bench,bench,,,,,,False,-37.9479034,145.1941681
node/11817969941,Bench,bench,bench,,,,,,False,-38.1788233,145.1410293
node/11821752223,Bench,bench,bench,,,,,,False,-37.7808878,144.854224
node/11821752224,Bench,bench,bench,,,,,,False,-37.7813076,144.8533054
node/11821752249,Bench,bench,bench,,,,,,False,-37.7808377,144.8533557
node/11821752251,Bench,bench,bench,,,,,,False,-37.7808666,144.8533949
node/11823927808,Bench,bench,bench,,,,,,False,-37.8142166,145.121299
node/11823927809,Bench,bench,bench,,,,,,False,-37.814636,145.1206897
node/11823927810,Bench,bench,bench,,,,,,False,-37.8155119,145.1212521
node/11823927811,Bench,bench,bench,,,,,,False,-37.8154221,145.1212977
node/11823927812,Bench,bench,bench,,,,,,False,-37.8153577,145.1212247
node/11823927813,Bench,bench,bench,,,,,,False,-37.8152908,145.1212727
node/11823927814,Bench,bench,bench,,,,,,False,-37.8153003,145.1213841
node/11823927815,Bench,bench,bench,,,,,,False,-37.8153088,145.1214972
node/11832188775,Bench,bench,bench,,,,,,False,-37.8405555,144.9882912
node/11832188796,Bench,bench,bench,,,,,,False,-37.8407041,144.9883782
node/11832188797,Bench,bench,bench,,,,,,False,-37.8406822,144.9882698
node/11832188798,Bench,bench,bench,,,,,,False,-37.8406329,144.9883847
node/11832209457,Bench,bench,bench,,,,,,False,-37.7652007,145.3575714
node/11834524205,Bench,bench,bench,,,,,,False,-37.7638234,144.9732098
node/11836561168,Bench,bench,bench,,,,,,False,-38.1140133,145.1332421
node/11836708511,Bench,bench,bench,,,,,,False,-37.8508298,145.3709325
node/11836717684,Bench,bench,bench,,,,,,False,-37.8436336,145.3726034
node/11836724766,Bench,bench,bench,,,,,,False,-37.8479514,145.3722377
node/11839467767,Bench,bench,bench,,,,,,False,-37.910246,145.3337047
node/11840485387,Bench,bench,bench,,,,,,False,-37.9032257,145.3292978
node/11840485388,Bench,bench,bench,,,,,,False,-37.9032257,145.3294285
node/11843609692,Bench,bench,bench,,,,,,False,-37.7999814,144.9609094
node/11843609693,Bench,bench,bench,,,,,,False,-37.7999804,144.9609
node/11843609736,Bench,bench,bench,,,,,,False,-37.7999142,144.960064
node/11843609737,Bench,bench,bench,,,,,,False,-37.7999465,144.9603748
node/11843609738,Bench,bench,bench,,,,,,False,-37.7999423,144.9603238
node/11843609739,Bench,bench,bench,,,,,,False,-37.7999354,144.9602568
node/11843609740,Bench,bench,bench,,,,,,False,-37.7999298,144.9602048
node/11843609741,Bench,bench,bench,,,,,,False,-37.7999224,144.9601381
node/11843609742,Bench,bench,bench,,,,,,False,-37.7999068,144.9600077
node/11854353014,Bench,bench,bench,,,,,,False,-37.7912436,144.8755241
node/11854353015,Bench,bench,bench,,,,,,False,-37.7916382,144.8754574
node/11854353053,Bench,bench,bench,,,,,,False,-37.7927833,144.8748948
node/11854353054,Bench,bench,bench,,,,,,False,-37.7928874,144.8747506
node/11854353070,Bench,bench,bench,,,,,,False,-37.7932549,144.8750339
node/11854353073,Bench,bench,bench,,,,,,False,-37.7928993,144.8741502
node/11854353074,Bench,bench,bench,,,,,,False,-37.792779,144.8741823
node/11856630710,Bench,bench,bench,,,,,,False,-37.7377372,144.8244327
node/11856630711,Bench,bench,bench,,,,,,False,-37.7372865,144.8241471
node/11857483801,Bench,bench,bench,,,,,,False,-37.7364571,144.8292191
node/11860272741,Bench,bench,bench,,,,,,False,-37.7861233,144.8887964
node/11860289116,Bench,bench,bench,,,,,,False,-37.7856996,144.8856588
node/11860289117,Bench,bench,bench,,,,,,False,-37.7856964,144.8856273
node/11860289118,Bench,bench,bench,,,,,,False,-37.7856932,144.8855978
node/11866276531,Bench,bench,bench,,,,,,False,-37.730132,144.7904123
node/11866276532,Bench,bench,bench,,,,,,False,-37.7299315,144.7904545
node/11866276533,Bench,bench,bench,,,,,,False,-37.7299543,144.7907241
node/11866276534,Bench,bench,bench,,,,,,False,-37.7299612,144.7911391
node/11866276535,Bench,bench,bench,,,,,,False,-37.7300689,144.7918794
node/11866439837,Bench,bench,bench,,,,,,False,-37.7320969,144.7854488
node/11866439838,Bench,bench,bench,,,,,,False,-37.7316753,144.785021
node/11866439839,Bench,bench,bench,,,,,,False,-37.7314801,144.7851062
node/11866465674,Bench,bench,bench,,,,,,False,-37.731227,144.7854552
node/11866465675,Bench,bench,bench,,,,,,False,-37.7312951,144.7857117
node/11866465676,Bench,bench,bench,,,,,,False,-37.7317543,144.7858901
node/11868154584,Bench,bench,bench,,,,,,False,-37.8516471,145.3700455
node/11868154585,Bench,bench,bench,,,,,,False,-37.8513923,145.3703346
node/11868154586,Bench,bench,bench,,,,,,False,-37.8517043,145.3696526
node/11868154587,Bench,bench,bench,,,,,,False,-37.8518382,145.369747
node/11868163075,Bench,bench,bench,,,,,,False,-37.8524441,145.3690742
node/11868163076,Bench,bench,bench,,,,,,False,-37.8524506,145.3691267
node/11868163077,Bench,bench,bench,,,,,,False,-37.8524202,145.3689458
node/11868344994,Bench,bench,bench,,,,,,False,-37.8454872,145.3728089
node/11868345002,Bench,bench,bench,,,,,,False,-37.8435629,145.3722259
node/11869157379,Bench,bench,bench,,,,,,False,-37.7875833,144.9102933
node/11869157380,Bench,bench,bench,,,,,,False,-37.7876339,144.9101025
node/11869157531,Bench,bench,bench,,,,,,False,-37.7845637,144.8997693
node/11869157532,Bench,bench,bench,,,,,,False,-37.784641,144.8997492
node/11869157569,Bench,bench,bench,,,,,,False,-37.7816377,144.9055146
node/11873258233,Bench,bench,bench,,,,,,False,-37.8819937,144.9859527
node/11873258234,Bench,bench,bench,,,,,,False,-37.8819809,144.9859789
node/11873258237,Bench,bench,bench,,,,,,False,-37.882232,144.985648
node/11873258238,Bench,bench,bench,,,,,,False,-37.8822775,144.9855864
node/11873258239,Bench,bench,bench,,,,,,False,-37.8822837,144.9856711
node/11873258240,Bench,bench,bench,,,,,,False,-37.8822561,144.9855557
node/11873258241,Bench,bench,bench,,,,,,False,-37.8823685,144.9856571
node/11873258242,Bench,bench,bench,,,,,,False,-37.8824091,144.9856555
node/11873258243,Bench,bench,bench,,,,,,False,-37.8823933,144.9855758
node/11873258267,Bench,bench,bench,,,,,,False,-37.8822526,144.9856239
node/11873258268,Bench,bench,bench,,,,,,False,-37.8822817,144.9856373
node/11875858807,Bench,bench,bench,,,,Bayside City Council,,False,-37.922592,145.0002974
node/11875858816,Bench,bench,bench,,,,Bayside City Council,,False,-37.9223838,145.0006551
node/11875858817,Bench,bench,bench,,,,Bayside City Council,,False,-37.9223464,145.0006799
node/11875858818,Bench,bench,bench,,,,Bayside City Council,,False,-37.9221645,145.0007408
node/11875955130,Bench,bench,bench,,,,,,False,-37.924763,145.0012867
node/11875955131,Bench,bench,bench,,,,,,False,-37.9245345,145.001324
node/11875955132,Bench,bench,bench,,,,,,False,-37.924858,145.0020502
node/11876217735,Bench,bench,bench,,,,,,False,-37.9247483,144.9866765
node/11876217737,Bench,bench,bench,,,,,,False,-37.9241404,144.9867425
node/11876217738,Bench,bench,bench,,,,,,False,-37.924104,144.9864237
node/11876217744,Bench,bench,bench,,,,,,False,-37.9241251,144.9861935
node/11876217745,Bench,bench,bench,,,,,,False,-37.9241443,144.9860282
node/11876217755,Bench,bench,bench,,,,,,False,-37.9243503,144.9866363
node/11877810153,Bench,bench,bench,,,,,,False,-37.9137256,144.9931434
node/11877810154,Bench,bench,bench,,,,,,False,-37.913748,144.9931118
node/11877810155,Bench,bench,bench,,,,,,False,-37.9137666,144.9931108
node/11877810158,Bench,bench,bench,,,,,,False,-37.9138656,144.9929585
node/11877810159,Bench,bench,bench,,,,,,False,-37.9138993,144.9929041
node/11878388368,Bench,bench,bench,,,,,,False,-37.9239578,144.9861383
node/11878388672,Bench,bench,bench,,,,,,False,-37.9251847,144.9865648
node/11878388676,Bench,bench,bench,,,,,,False,-37.9262901,144.986778
node/11878388677,Bench,bench,bench,,,,,,False,-37.9260605,144.9861684
node/11878388678,Bench,bench,bench,,,,,,False,-37.9260518,144.9864258
node/11878388679,Bench,bench,bench,,,,,,False,-37.9261543,144.9866039
node/11878504306,Bench,bench,bench,,,,,,False,-37.968545,145.3011998
node/11878583937,Bench,bench,bench,,,,,,False,-37.9646388,145.2935973
node/11878583949,Bench,bench,bench,,,,,,False,-37.9606249,145.294609
node/11885388052,Bench,bench,bench,,,,,,False,-37.8936073,145.3096011
node/11885388053,Bench,bench,bench,,,,,,False,-37.8935982,145.309515
node/11886041585,Bench,bench,bench,,,,,,False,-37.9141012,144.9862468
node/11886041586,Bench,bench,bench,,,,,,False,-37.9125477,144.9851927
node/11886041587,Bench,bench,bench,,,,,,False,-37.9159006,144.9868054
node/11886041589,Bench,bench,bench,,,,,,False,-37.9132685,144.9857433
node/11886041590,Bench,bench,bench,,,,,,False,-37.9127144,144.985299
node/11886041591,Bench,bench,bench,,,,,,False,-37.9118737,144.984983
node/11886041592,Bench,bench,bench,,,,,,False,-37.9155715,144.9866239
node/11886041593,Bench,bench,bench,,,,,,False,-37.9137588,144.9860738
node/11886041594,Bench,bench,bench,,,,,,False,-37.9139311,144.9861625
node/11886041595,Bench,bench,bench,,,,,,False,-37.9123897,144.9850828
node/11886041596,Bench,bench,bench,,,,,,False,-37.9135819,144.9859708
node/11886041597,Bench,bench,bench,,,,,,False,-37.9142757,144.9863271
node/11886041598,Bench,bench,bench,,,,,,False,-37.9144505,144.9863951
node/11886041599,Bench,bench,bench,,,,,,False,-37.9146603,144.9864568
node/11886041600,Bench,bench,bench,,,,,,False,-37.9153879,144.986599
node/11886041601,Bench,bench,bench,,,,,,False,-37.9120459,144.9849701
node/11886041602,Bench,bench,bench,,,,,,False,-37.9122173,144.9850049
node/11886041603,Bench,bench,bench,,,,,,False,-37.9279534,144.9938438
node/11886041604,Bench,bench,bench,,,,,,False,-37.9134265,144.985865
node/11886041605,Bench,bench,bench,,,,,,False,-37.9120117,144.9852908
node/11886041606,Bench,bench,bench,,,,,,False,-37.9152054,144.9865666
node/11886041607,Bench,bench,bench,,,,,,False,-37.9150234,144.9865329
node/11886041608,Bench,bench,bench,,,,,,False,-37.9148413,144.9864995
node/11886041609,Bench,bench,bench,,,,,,False,-37.9130989,144.9855952
node/11888047567,Bench,bench,bench,,,,,,False,-37.8562631,145.3736653
node/11888177351,Bench,bench,bench,,,,,,False,-37.95763,145.0516594
node/11888177352,Bench,bench,bench,,,,,,False,-37.95753,145.0515815
node/11888177353,Bench,bench,bench,,,,,,False,-37.9337026,145.034875
node/11888177355,Bench,bench,bench,,,,,,False,-37.920532,145.0022984
node/11888177356,Bench,bench,bench,,,,,,False,-37.9575819,145.0516171
node/11888177357,Bench,bench,bench,,,,,,False,-37.9337454,145.0349039
node/11888177359,Bench,bench,bench,,,,,,False,-37.9576919,145.0517131
node/11888229075,Bench,bench,bench,,,,,,False,-37.8744314,145.3778291
node/11888229076,Bench,bench,bench,,,,,,False,-37.8743074,145.3774192
node/11888229077,Bench,bench,bench,,,,,,False,-37.8746107,145.3780321
node/11888229080,Bench,bench,bench,,,,,,False,-37.8748528,145.3780334
node/11888245655,Bench,bench,bench,,,,,,False,-37.8512942,145.3721151
node/11888264342,Bench,bench,bench,,,,,,False,-37.8557529,145.3652054
node/11888264343,Bench,bench,bench,,,,,,False,-37.8559222,145.3652303
node/11888271874,Bench,bench,bench,,,,,,False,-37.8513536,145.3723152
node/11888271875,Bench,bench,bench,,,,,,False,-37.8515002,145.3724162
node/11888271876,Bench,bench,bench,,,,,,False,-37.8515214,145.372394
node/11888271877,Bench,bench,bench,,,,,,False,-37.8515536,145.3725324
node/11888271878,Bench,bench,bench,,,,,,False,-37.8515248,145.3722387
node/11888271879,Bench,bench,bench,,,,,,False,-37.8515381,145.372213
node/11888271880,Bench,bench,bench,,,,,,False,-37.8513098,145.3720029
node/11888271881,Bench,bench,bench,,,,,,False,-37.8513149,145.3720336
node/11888271882,Bench,bench,bench,,,,,,False,-37.8514843,145.3717742
node/11888271883,Bench,bench,bench,,,,,,False,-37.8514977,145.371741
node/11888271884,Bench,bench,bench,,,,,,False,-37.8515008,145.3717125
node/11888271885,Bench,bench,bench,,,,,,False,-37.8515036,145.3716821
node/11888271886,Bench,bench,bench,,,,,,False,-37.8515054,145.3716678
node/11888271888,Bench,bench,bench,,,,,,False,-37.8514772,145.3715235
node/11888271889,Bench,bench,bench,,,,,,False,-37.8515029,145.371565
node/11888271890,Bench,bench,bench,,,,,,False,-37.8514953,145.3710972
node/11888271891,Bench,bench,bench,,,,,,False,-37.8514894,145.3711343
node/11888271892,Bench,bench,bench,,,,,,False,-37.8517329,145.3708826
node/11888271893,Bench,bench,bench,,,,,,False,-37.8517357,145.3709061
node/11890830269,Bench,bench,bench,,,,,,False,-37.9250952,144.9948242
node/11891543575,Bench,bench,bench,,,,,,False,-37.8981503,145.1148475
node/11892554952,Bench,bench,bench,,,,,,False,-37.7825151,144.8922343
node/11892554958,Bench,bench,bench,,,,,,False,-37.7827846,144.89149
node/11896497973,Bench,bench,bench,,,,,,False,-37.8936618,145.3108171
node/11896497974,Bench,bench,bench,,,,,,False,-37.8937074,145.3106136
node/11896583580,Bench,bench,bench,,,,,,False,-37.894099,145.3088982
node/11896583581,Bench,bench,bench,,,,,,False,-37.8940816,145.3089201
node/11896583582,Bench,bench,bench,,,,,,False,-37.8941006,145.3089401
node/11896697731,Bench,bench,bench,,,,,,False,-37.783274,144.8921257
node/11896697732,Bench,bench,bench,,,,,,False,-37.7833588,144.8919845
node/11896697733,Bench,bench,bench,,,,,,False,-37.7833697,144.8919537
node/11896697734,Bench,bench,bench,,,,,,False,-37.7833644,144.8917169
node/11896697735,Bench,bench,bench,,,,,,False,-37.7833707,144.8917475
node/11896697736,Bench,bench,bench,,,,,,False,-37.7831484,144.8914303
node/11896697737,Bench,bench,bench,,,,,,False,-37.7831691,144.8914424
node/11896697738,Bench,bench,bench,,,,,,False,-37.7831876,144.8914534
node/11896697739,Bench,bench,bench,,,,,,False,-37.7832038,144.8914652
node/11896697740,Bench,bench,bench,,,,,,False,-37.7827364,144.8915406
node/11896697741,Bench,bench,bench,,,,,,False,-37.7827523,144.8915208
node/11896697742,Bench,bench,bench,,,,,,False,-37.7827708,144.8915051
node/11896697743,Bench,bench,bench,,,,,,False,-37.782496,144.8922068
node/11896697744,Bench,bench,bench,,,,,,False,-37.7825162,144.8921853
node/11896697745,Bench,bench,bench,,,,,,False,-37.7825339,144.8922095
node/11900066203,Bench,bench,bench,,,,,,False,-37.9063833,145.3285385
node/11906278218,Bench,bench,bench,,,,,,False,-37.6769315,145.1520776
node/11906278227,Bench,bench,bench,,,,,,False,-37.6766099,145.1525539
node/11906497999,Bench,bench,bench,,,,,,False,-37.9249353,144.9859576
node/11906498001,Bench,bench,bench,,,,,,False,-37.9270115,144.9875807
node/11906498007,Bench,bench,bench,,,,,,False,-37.9266415,144.9871054
node/11906498008,Bench,bench,bench,,,,,,False,-37.9261499,144.9863603
node/11906498011,Bench,bench,bench,,,,,,False,-37.9263912,144.9867802
node/11906498013,Bench,bench,bench,,,,,,False,-37.9277437,144.9899826
node/11906498016,Bench,bench,bench,,,,,,False,-37.9281549,144.9933766
node/11906498020,Bench,bench,bench,,,,,,False,-37.9189974,144.9874797
node/11906498021,Bench,bench,bench,,,,,,False,-37.9242826,144.9862996
node/11908747048,Bench,bench,bench,,,,,,False,-37.9254294,144.9989865
node/11909067951,Bench,bench,bench,,,,,,False,-37.8812309,145.3657516
node/11909206046,Bench,bench,bench,,,,,,False,-37.8812133,145.3650596
node/11909206049,Bench,bench,bench,,,,,,False,-37.8810654,145.3648232
node/11909289274,Bench,bench,bench,,,,,,False,-37.900206,145.357274
node/11911013798,Bench,bench,bench,,,,,,False,-37.7845392,144.8952152
node/11911013799,Bench,bench,bench,,,,,,False,-37.7839378,144.8950229
node/11911013801,Bench,bench,bench,,,,,,False,-37.7842802,144.8950532
node/11911765983,Bench,bench,bench,,,,,,False,-37.9289221,144.9897455
node/11911765990,Bench,bench,bench,,,,,,False,-37.9326876,144.9931686
node/11911765991,Bench,bench,bench,,,,,,False,-37.9328333,144.9933126
node/11916984792,Bench,bench,bench,,,,,,False,-37.7750224,144.9017707
node/11916984793,Bench,bench,bench,,,,,,False,-37.7751345,144.9015449
node/11916984795,Bench,bench,bench,,,,,,False,-37.7752757,144.9016538
node/11916984796,Bench,bench,bench,,,,,,False,-37.77526,144.9015065
node/11917099698,Bench,bench,bench,,,,,,False,-37.9143552,144.9948001
node/11917099709,Bench,bench,bench,,,,,,False,-37.9150924,144.9956096
node/11917099711,Bench,bench,bench,,,,,,False,-37.9152388,144.9957752
node/11917099713,Bench,bench,bench,,,,,,False,-37.9158299,144.9964695
node/11918973717,Bench,bench,bench,,,,,,False,-37.8729759,145.069295
node/11919022726,Bench,bench,bench,,,,,,False,-37.9176506,145.0012876
node/11919022727,Bench,bench,bench,,,,,,False,-37.9176417,145.0013037
node/11919022728,Bench,bench,bench,,,,,,False,-37.917624,145.0013296
node/11919022729,Bench,bench,bench,,,,,,False,-37.9176667,145.0013749
node/11919022730,Bench,bench,bench,,,,,,False,-37.9176833,145.001351
node/11919022731,Bench,bench,bench,,,,,,False,-37.917694,145.0013349
node/11919393386,Bench,bench,bench,,,,,,False,-37.93333,144.9938967
node/11919393387,Bench,bench,bench,,,,,,False,-37.9357285,144.9960719
node/11919393388,Bench,bench,bench,,,,,,False,-37.9325409,144.9931428
node/11919393389,Bench,bench,bench,,,,,,False,-37.9348655,144.9953135
node/11919393390,Bench,bench,bench,,,,,,False,-37.9310666,144.9936062
node/11919393391,Bench,bench,bench,,,,,,False,-37.9362733,144.9965471
node/11921088060,Bench,bench,bench,,,,,,False,-37.9375822,144.9976948
node/11921090476,Bench,bench,bench,,,,,,False,-37.9384773,144.9984473
node/11921090477,Bench,bench,bench,,,,,,False,-37.9389314,144.9988755
node/11921090481,Bench,bench,bench,,,,Bayside City Council,,False,-37.9392504,144.9987747
node/11921090483,Bench,bench,bench,,,,,,False,-37.9398536,144.9991048
node/11922514714,Bench,bench,bench,,,,,,False,-37.7885225,144.8181768
node/11922514733,Bench,bench,bench,,,,,,False,-37.7974546,144.8204326
node/11922555869,Bench,bench,bench,,,,,,False,-37.7991481,144.8291246
node/11922555901,Bench,bench,bench,,,,,,False,-37.7987115,144.8303369
node/11922555902,Bench,bench,bench,,,,,,False,-37.7985509,144.83121
node/11922555903,Bench,bench,bench,,,,,,False,-37.7979728,144.8311349
node/11922555904,Bench,bench,bench,,,,,,False,-37.7982304,144.8297267
node/11922555905,Bench,bench,bench,,,,,,False,-37.7989038,144.8289603
node/11922555970,Bench,bench,bench,,,,,,False,-37.798979,144.8286049
node/11922556021,Bench,bench,bench,,,,,,False,-37.8017954,144.8275689
node/11922556094,Bench,bench,bench,,,,,,False,-37.7969574,144.8252146
node/11922556095,Bench,bench,bench,,,,,,False,-37.7971306,144.8250325
node/11923711357,Bench,bench,bench,,,,,,False,-37.8436837,145.0986755
node/11923711358,Bench,bench,bench,,,,,,False,-37.8436911,145.0987895
node/11923713188,Bench,bench,bench,,,,,,False,-37.8439135,145.0988941
node/11923713189,Bench,bench,bench,,,,,,False,-37.8442068,145.0990274
node/11923922105,Bench,bench,bench,,,,,,False,-37.9147842,144.9952775
node/11923922107,Bench,bench,bench,,,,,,False,-37.9148486,144.9953577
node/11924029312,Bench,bench,bench,,,,,,False,-37.7889579,144.8308332
node/11924029319,Bench,bench,bench,,,,,,False,-37.7890866,144.8305133
node/11924029320,Bench,bench,bench,,,,,,False,-37.7891677,144.8304375
node/11924715592,Bench,bench,bench,,,,,,False,-37.8015498,144.8154802
node/11924715593,Bench,bench,bench,,,,,,False,-37.801615,144.8156143
node/11924939495,Bench,bench,bench,,,,,,False,-37.9366451,144.9967652
node/11925035756,Bench,bench,bench,,,,,,False,-37.9363016,144.996449
node/11925035757,Bench,bench,bench,,,,,,False,-37.9360323,144.9962156
node/11925035759,Bench,bench,bench,,,,,,False,-37.9354902,144.9957436
node/11925035760,Bench,bench,bench,,,,,,False,-37.935226,144.9955132
node/11925035762,Bench,bench,bench,,,,,,False,-37.9347652,144.9951119
node/11925035763,Bench,bench,bench,,,,,,False,-37.9344948,144.9948717
node/11925035764,Bench,bench,bench,,,,,,False,-37.9340992,144.99451
node/11925035765,Bench,bench,bench,,,,,,False,-37.9339654,144.9943877
node/11925035766,Bench,bench,bench,,,,,,False,-37.9337652,144.9942027
node/11925035767,Bench,bench,bench,,,,,,False,-37.9334061,144.9938721
node/11925038869,Bench,bench,bench,,,,,,False,-37.9325468,144.9930245
node/11925038871,Bench,bench,bench,,,,,,False,-37.9321481,144.9926512
node/11925038873,Bench,bench,bench,,,,,,False,-37.9311726,144.9917599
node/11925038874,Bench,bench,bench,,,,,,False,-37.9304558,144.9911072
node/11925038875,Bench,bench,bench,,,,,,False,-37.9301819,144.9908637
node/11925038876,Bench,bench,bench,,,,,,False,-37.9299185,144.9906731
node/11925038877,Bench,bench,bench,,,,,,False,-37.9296615,144.9904535
node/11925038878,Bench,bench,bench,,,,,,False,-37.9294117,144.9902234
node/11925038879,Bench,bench,bench,,,,,,False,-37.929164,144.989985
node/11925038880,Bench,bench,bench,,,,,,False,-37.9287896,144.9896345
node/11925038881,Bench,bench,bench,,,,,,False,-37.9286782,144.9894982
node/11925038882,Bench,bench,bench,,,,,,False,-37.9285188,144.9893382
node/11925038883,Bench,bench,bench,,,,,,False,-37.9283663,144.9892113
node/11925038884,Bench,bench,bench,,,,,,False,-37.9282204,144.9890257
node/11925038885,Bench,bench,bench,,,,,,False,-37.9276103,144.9883518
node/11925038886,Bench,bench,bench,,,,,,False,-37.9273749,144.9880488
node/11927321336,Bench,bench,bench,,,,,,False,-37.8412504,144.9541602
node/11927321337,Bench,bench,bench,,,,,,False,-37.8412471,144.9541735
node/11927507920,Bench,bench,bench,,,,,,False,-37.7878041,144.894915
node/11927507921,Bench,bench,bench,,,,,,False,-37.7878199,144.8948654
node/11927507922,Bench,bench,bench,,,,,,False,-37.7876694,144.8948945
node/11927507923,Bench,bench,bench,,,,,,False,-37.7876851,144.8948454
node/11927507930,Bench,bench,bench,,,,,,False,-37.7881105,144.8949413
node/11927507949,Bench,bench,bench,,,,,,False,-37.7858239,144.8925052
node/11927507951,Bench,bench,bench,,,,,,False,-37.7863331,144.8922148
node/11927507958,Bench,bench,bench,,,,,,False,-37.7864688,144.8920928
node/11927507959,Bench,bench,bench,,,,,,False,-37.7865796,144.892188
node/11927507960,Bench,bench,bench,,,,,,False,-37.7867322,144.8921089
node/11927507961,Bench,bench,bench,,,,,,False,-37.7857921,144.8922222
node/11927508034,Bench,bench,bench,,,,,,False,-37.7955349,144.8149203
node/11927508035,Bench,bench,bench,,,,,,False,-37.795465,144.8145019
node/11927508036,Bench,bench,bench,,,,,,False,-37.7960341,144.814416
node/11927508062,Bench,bench,bench,,,,,,False,-37.7871323,144.80935
node/11927508070,Bench,bench,bench,,,,,,False,-37.7844211,144.8096886
node/11927508072,Bench,bench,bench,,,,,,False,-37.7859746,144.8095834
node/11927508106,Bench,bench,bench,,,,,,False,-37.7860157,144.8097939
node/11927508123,Bench,bench,bench,,,,,,False,-37.7990784,144.8117315
node/11927508140,Bench,bench,bench,,,,,,False,-37.7998379,144.8114381
node/11927508141,Bench,bench,bench,,,,,,False,-37.7998692,144.8114515
node/11927508142,Bench,bench,bench,,,,,,False,-37.7999439,144.8129234
node/11927508143,Bench,bench,bench,,,,,,False,-37.80015,144.812682
node/11927508144,Bench,bench,bench,,,,,,False,-37.800155,144.8117093
node/11927508237,Bench,bench,bench,,,,,,False,-37.7979257,144.8085587
node/11929741989,Bench,bench,bench,,,,,,False,-37.7701397,144.9746711
node/11929932208,Bench,bench,bench,,,,,,False,-37.583879,144.9024445
node/11929942915,Bench,bench,bench,,,,,,False,-37.583731,144.9024262
node/11929945514,Bench,bench,bench,,,,,,False,-37.5838127,144.902645
node/11929976445,Bench,bench,bench,,,,,,False,-37.583691,144.9027322
node/11929978864,Bench,bench,bench,,,,,,False,-37.5837967,144.9027826
node/11930471981,Bench,bench,bench,,,,,,False,-37.8184065,144.8685487
node/11930471984,Bench,bench,bench,,,,,,False,-37.8172194,144.8823389
node/11930472009,Bench,bench,bench,,,,,,False,-37.8144262,144.8835392
node/11930472010,Bench,bench,bench,,,,,,False,-37.8148844,144.8847918
node/11930472011,Bench,bench,bench,,,,,,False,-37.8152775,144.8846832
node/11930472015,Bench,bench,bench,,,,,,False,-37.8157696,144.884135
node/11930472016,Bench,bench,bench,,,,,,False,-37.8158065,144.8841568
node/11930472021,Bench,bench,bench,,,,,,False,-37.8156928,144.883784
node/11930472022,Bench,bench,bench,,,,,,False,-37.8157855,144.8840847
node/11930472054,Bench,bench,bench,,,,,,False,-37.8159144,144.8688788
node/11930472084,Bench,bench,bench,,,,,,False,-37.8211255,144.8714492
node/11930472086,Bench,bench,bench,,,,,,False,-37.8211085,144.8718344
node/11930472087,Bench,bench,bench,,,,,,False,-37.8211466,144.8718086
node/11930472091,Bench,bench,bench,,,,,,False,-37.8241277,144.8787139
node/11930472134,Bench,bench,bench,,,,,,False,-37.8181194,144.8779787
node/11930472135,Bench,bench,bench,,,,,,False,-37.8182963,144.8782201
node/11930472136,Bench,bench,bench,,,,,,False,-37.8181332,144.8781886
node/11930472149,Bench,bench,bench,,,,,,False,-37.8159788,144.8815779
node/11930472150,Bench,bench,bench,,,,,,False,-37.8158729,144.8821183
node/11930472151,Bench,bench,bench,,,,,,False,-37.8160795,144.8820922
node/11930472152,Bench,bench,bench,,,,,,False,-37.8160535,144.8821217
node/11930472153,Bench,bench,bench,,,,,,False,-37.8161065,144.8820586
node/11930472170,Bench,bench,bench,,,,,,False,-37.8129773,144.8715994
node/11930472171,Bench,bench,bench,,,,,,False,-37.8126915,144.8716456
node/11930472172,Bench,bench,bench,,,,,,False,-37.8127615,144.8716728
node/11930592623,Bench,bench,bench,,,,,,False,-37.8060744,144.8793705
node/11932470572,Bench,bench,bench,,,,,,False,-37.8411799,144.9913242
node/11932536714,Bench,bench,bench,,,,,,False,-37.8408966,144.991983
node/11932536715,Bench,bench,bench,,,,,,False,-37.8407674,144.9918441
node/11932536716,Bench,bench,bench,,,,,,False,-37.840661,144.9920272
node/11932536717,Bench,bench,bench,,,,,,False,-37.8407272,144.9923995
node/11932536718,Bench,bench,bench,,,,,,False,-37.8405956,144.9920906
node/11932785614,Bench,bench,bench,,,,,,False,-37.8402745,144.9920966
node/11932942987,Bench,bench,bench,,,,,,False,-37.8400636,144.9915451
node/11932942988,Bench,bench,bench,,,,,,False,-37.8396305,144.9916329
node/11934501511,Bench,bench,bench,,,,,,False,-37.9914837,145.0425376
node/11934501512,Bench,bench,bench,,,,,,False,-37.9926158,145.0420129
node/11934501514,Bench,bench,bench,,,,,,False,-37.9905915,145.0440995
node/11934501515,Bench,bench,bench,,,,,,False,-37.9913389,145.0425962
node/11934501516,Bench,bench,bench,,,,,,False,-37.9926575,145.0419095
node/11936057389,Bench,bench,bench,,,,,,False,-37.8097945,144.8667204
node/11936057391,Bench,bench,bench,,,,,,False,-37.8097389,144.8670651
node/11936057392,Bench,bench,bench,,,,,,False,-37.8097861,144.8673682
node/11936057423,Bench,bench,bench,,,,,,False,-37.8079091,144.8903708
node/11936057424,Bench,bench,bench,,,,,,False,-37.8078942,144.8903976
node/11936057429,Bench,bench,bench,,,,,,False,-37.8078365,144.8908053
node/11936057435,Bench,bench,bench,,,,,,False,-37.8080802,144.8903386
node/11936057436,Bench,bench,bench,,,,,,False,-37.8080918,144.8903339
node/11936057445,Bench,bench,bench,,,,,,False,-37.8081575,144.890568
node/11936057447,Bench,bench,bench,,,,,,False,-37.8079406,144.8906115
node/11936057449,Bench,bench,bench,,,,,,False,-37.8077941,144.8904533
node/11936057479,Bench,bench,bench,,,,,,False,-37.8080182,144.8906001
node/11936057531,Bench,bench,bench,,,,,,False,-37.8043515,144.8890136
node/11936057532,Bench,bench,bench,,,,,,False,-37.8045258,144.8888976
node/11936057539,Bench,bench,bench,,,,,,False,-37.8047414,144.8893087
node/11936057540,Bench,bench,bench,,,,,,False,-37.8099482,144.8677182
node/11936057541,Bench,bench,bench,,,,,,False,-37.8099937,144.8669484
node/11936057544,Bench,bench,bench,,,,,,False,-37.8098761,144.8708101
node/11936220683,Bench,bench,bench,,,,,,False,-37.7786896,144.8965519
node/11936247465,Bench,bench,bench,,,,,,False,-37.8083663,144.8806974
node/11941035179,Bench,bench,bench,,,,,,False,-37.92499,144.9966993
node/11941400009,Bench,bench,bench,,,,,,False,-37.8500876,145.3720134
node/11943947271,Bench,bench,bench,,,,,,False,-37.9359123,145.0259775
node/11943947272,Bench,bench,bench,,,,,,False,-37.9357899,145.0260541
node/11944275050,Bench,bench,bench,,,,,,False,-37.9156156,144.9867477
node/11944275051,Bench,bench,bench,,,,,,False,-37.915512,144.9867292
node/11944275052,Bench,bench,bench,,,,,,False,-37.915382,144.9866808
node/11944275053,Bench,bench,bench,,,,,,False,-37.9152138,144.9866728
node/11944275054,Bench,bench,bench,,,,,,False,-37.9148467,144.986597
node/11944275055,Bench,bench,bench,,,,,,False,-37.9147216,144.9865865
node/11944275056,Bench,bench,bench,,,,,,False,-37.9142767,144.9864287
node/11944275057,Bench,bench,bench,,,,,,False,-37.9141071,144.9863459
node/11944275058,Bench,bench,bench,,,,,,False,-37.9137461,144.9861574
node/11944275059,Bench,bench,bench,,,,,,False,-37.9136177,144.9860832
node/11944275060,Bench,bench,bench,,,,,,False,-37.9132792,144.9858549
node/11944275061,Bench,bench,bench,,,,,,False,-37.913303,144.9859624
node/11944275062,Bench,bench,bench,,,,,,False,-37.9127457,144.9854433
node/11944275063,Bench,bench,bench,,,,,,False,-37.9126399,144.9853921
node/11944275064,Bench,bench,bench,,,,,,False,-37.9121903,144.985087
node/11949027322,Bench,bench,bench,,,,,,False,-37.8282971,144.9852345
node/11949191116,Bench,bench,bench,,,,Bayside City Council,,False,-37.9121774,144.9853479
node/11949191122,Bench,bench,bench,,,,,,False,-37.9119764,144.9850967
node/11949191125,Bench,bench,bench,,,,Bayside City Council,,False,-37.9123553,144.9852287
node/11949340401,Bench,bench,bench,,,,Bayside City Council,,False,-37.9160042,144.9866455
node/11949340403,Bench,bench,bench,,,,Bayside City Council,,False,-37.9158474,144.9866452
node/11949587145,Bench,bench,bench,,,,,,False,-37.9526399,145.2574551
node/11953016864,Bench,bench,bench,,,,,,False,-37.7431521,144.9657468
node/11953018340,Bench,bench,bench,,,,,,False,-37.8068926,144.959376
node/11954914342,Bench,bench,bench,,,,,,False,-37.7522129,144.9545878
node/11957718676,Bench,bench,bench,,,,Bayside City Council,,False,-37.9426897,144.9996548
node/11957718678,Bench,bench,bench,,,,Bayside City Council,,False,-37.9430216,144.9996822
node/11957718683,Bench,bench,bench,,,,Bayside City Council,,False,-37.9392874,144.9987854
node/11962171056,Bench,bench,bench,,,,,,False,-37.8154113,144.9905883
node/11962827545,Bench,bench,bench,,,,,,False,-37.9254291,144.9867653
node/11964547892,Bench,bench,bench,,,,Bayside City Council,,False,-37.9109023,144.9865939
node/11964547893,Bench,bench,bench,,,,Bayside City Council,,False,-37.9169357,144.997671
node/11968071954,Bench,bench,bench,,,,,,False,-37.7687758,144.8424786
node/11968071959,Bench,bench,bench,,,,,,False,-37.768762,144.8424941
node/11968071960,Bench,bench,bench,,,,,,False,-37.7689873,144.8424652
node/11972276030,Bench,bench,bench,,,,,,False,-37.7620128,145.0617284
node/11974315194,Bench,bench,bench,,,,,,False,-37.8056377,144.8801951
node/11974768520,Bench,bench,bench,,,,,,False,-37.9260496,144.9861362
node/11975317310,Bench,bench,bench,,,,,,False,-38.0659532,145.4471273
node/11975317311,Bench,bench,bench,,,,,,False,-38.0659761,145.4471266
node/11975317312,Bench,bench,bench,,,,,,False,-38.0660048,145.4470907
node/11975317313,Bench,bench,bench,,,,,,False,-38.0660038,145.4470604
node/11976947032,Bench,bench,bench,,,,,,False,-37.9115633,144.9853556
node/11976947047,Bench,bench,bench,,,,,,False,-37.9112751,144.9854145
node/11976947049,Bench,bench,bench,,,,,,False,-37.9108617,144.9854933
node/11978328080,Bench,bench,bench,,,,,,False,-37.8745071,145.3589364
node/11980489622,Bench,bench,bench,,,,,,False,-37.9787834,145.0796808
node/11980502506,Bench,bench,bench,,,,,,False,-37.978284,145.0793927
node/11980507486,Bench,bench,bench,,,,,,False,-37.9788312,145.0797637
node/11980521356,Bench,bench,bench,,,,,,False,-37.9785422,145.0795235
node/11980525045,Bench,bench,bench,,,,,,False,-37.9788245,145.0797088
node/11986397636,Bench,bench,bench,,,,,,False,-37.7857932,144.9001012
node/11986397637,Bench,bench,bench,,,,,,False,-37.7857776,144.9000989
node/11986397638,Bench,bench,bench,,,,,,False,-37.7858039,144.9001027
node/11986397639,Bench,bench,bench,,,,,,False,-37.7858152,144.9001039
node/11986683367,Bench,bench,bench,,,,,,False,-37.7851469,144.8930652
node/11986683368,Bench,bench,bench,,,,,,False,-37.785192,144.893438
node/11989717082,Bench,bench,bench,,,,Bayside City Council,,False,-37.945702,144.9982125
node/12000307203,Bench,bench,bench,,,,,,False,-38.1271524,145.1288375
node/12000307230,Bench,bench,bench,,,,,,False,-37.9136707,145.0326737
node/12000307242,Bench,bench,bench,,,,,,False,-37.9131406,145.0327373
node/12000307254,Bench,bench,bench,,,,,,False,-37.9128596,145.0322907
node/12000307255,Bench,bench,bench,,,,,,False,-37.9129775,145.0324534
node/12000307256,Bench,bench,bench,,,,,,False,-37.9126724,145.0322551
node/12002276381,Bench,bench,bench,,,,,,False,-37.9793121,145.0791125
node/12002325596,Bench,bench,bench,,,,,,False,-37.9792882,145.0785577
node/12002325936,Bench,bench,bench,,,,,,False,-37.9785871,145.0780067
node/12022218249,Bench,bench,bench,,,,,,False,-37.7240967,145.0111643
node/12024615349,Bench,bench,bench,,,,,,False,-37.7075503,145.045048
node/12024615363,Bench,bench,bench,,,,,,False,-37.707997,145.0451199
node/12024615367,Bench,bench,bench,,,,,,False,-37.7093921,145.0469596
node/12037282215,Bench,bench,bench,,,,,,False,-37.8152189,145.1128946
node/12037282216,Bench,bench,bench,,,,,,False,-37.8155858,145.1138234
node/12037282222,Bench,bench,bench,,,,,,False,-37.815939,145.112775
node/12045050862,Bench,bench,bench,,,,,,False,-37.9096831,144.9855312
node/12045138707,Bench,bench,bench,,,,,,False,-37.8350277,145.2535676
node/12045138724,Bench,bench,bench,,,,,,False,-37.8397697,145.251054
node/12045138748,Bench,bench,bench,,,,,,False,-37.8367194,145.254306
node/12045138750,Bench,bench,bench,,,,,,False,-37.8357542,145.2557906
node/12045138765,Bench,bench,bench,,,,,,False,-37.835269,145.2535368
node/12045138768,Bench,bench,bench,,,,,,False,-37.8361747,145.2569796
node/12045143518,Bench,bench,bench,,,,,,False,-37.7126081,145.0451226
node/12045143526,Bench,bench,bench,,,,,,False,-37.7125384,145.0445626
node/12045143561,Bench,bench,bench,,,,,,False,-37.713006,145.0444914
node/12046634650,Bench,bench,bench,,,,,,False,-37.8041711,145.0696398
node/12046634796,Bench,bench,bench,,,,,,False,-37.8070412,145.0663089
node/12046634801,Bench,bench,bench,,,,,,False,-37.806562,145.0664134
node/12047093442,Bench,bench,bench,,,,,,False,-37.7528573,145.1830985
node/12047093447,Bench,bench,bench,,,,,,False,-37.761613,145.1849531
node/12047093462,Bench,bench,bench,,,,,,False,-37.7612113,145.1836003
node/12047136574,Bench,bench,bench,,,,,,False,-37.7620427,145.18299
node/12047136580,Bench,bench,bench,,,,,,False,-37.7614777,145.183695
node/12047136589,Bench,bench,bench,,,,,,False,-37.7601972,145.1833262
node/12047136592,Bench,bench,bench,,,,,,False,-37.7605852,145.1847104
node/12047136596,Bench,bench,bench,,,,,,False,-37.7606779,145.1827893
node/12047226188,Bench,bench,bench,,,,,,False,-37.8043227,145.1250526
node/12047226189,Bench,bench,bench,,,,,,False,-37.8045793,145.1247413
node/12047226190,Bench,bench,bench,,,,,,False,-37.8038789,145.1245625
node/12047226191,Bench,bench,bench,,,,,,False,-37.8041783,145.1248784
node/12047226192,Bench,bench,bench,,,,,,False,-37.8041393,145.1244975
node/12047228552,Bench,bench,bench,,,,,,False,-37.8035143,145.123808
node/12050687976,Bench,bench,bench,,,,,,False,-37.8232494,145.0998831
node/12050703503,Bench,bench,bench,,,,,,False,-37.8234404,145.0992146
node/12054102334,Bench,bench,bench,,,,,,False,-37.7847835,144.9010721
node/12054102335,Bench,bench,bench,,,,,,False,-37.7850464,144.9010694
node/12054102336,Bench,bench,bench,,,,,,False,-37.7860873,144.8949164
node/12054106398,Bench,bench,bench,,,,,,False,-37.7918093,145.3029593
node/12054106408,Bench,bench,bench,,,,,,False,-37.7918441,145.3028414
node/12054106414,Bench,bench,bench,,,,,,False,-37.7922297,145.303506
node/12054106415,Bench,bench,bench,,,,,,False,-37.7923426,145.3034812
node/12054106416,Bench,bench,bench,,,,,,False,-37.7924034,145.3034753
node/12058508183,Bench,bench,bench,,,,,,False,-37.9002839,145.0878508
node/12058508184,Bench,bench,bench,,,,,,False,-37.9002463,145.0878139
node/12058508211,Bench,bench,bench,,,,,,False,-37.9004929,145.0883775
node/12058508212,Bench,bench,bench,,,,,,False,-37.900722,145.0886675
node/12058508215,Bench,bench,bench,,,,,,False,-37.9005979,145.0885163
node/12058508216,Bench,bench,bench,,,,,,False,-37.9005524,145.0884566
node/12058508220,Bench,bench,bench,,,,,,False,-37.9003278,145.0881542
node/12058508222,Bench,bench,bench,,,,,,False,-37.9003989,145.0882483
node/12058508255,Bench,bench,bench,,,,,,False,-37.9001188,145.0878572
node/12058508256,Bench,bench,bench,,,,,,False,-37.9001627,145.0879112
node/12058508259,Bench,bench,bench,,,,,,False,-37.9002577,145.0880199
node/12058508260,Bench,bench,bench,,,,,,False,-37.9002663,145.0880097
node/12058508261,Bench,bench,bench,,,,,,False,-37.9002535,145.0880138
node/12058508262,Bench,bench,bench,,,,,,False,-37.9002623,145.0880035
node/12060775562,Bench,bench,bench,,,,,,False,-37.824712,145.0977148
node/12060780711,Bench,bench,bench,,,,,,False,-37.8243062,145.0989487
node/12060825575,Bench,bench,bench,,,,,,False,-37.8244165,145.0977969
node/12060828444,Bench,bench,bench,,,,,,False,-37.8227948,145.0999663
node/12060828446,Bench,bench,bench,,,,,,False,-37.8227773,145.1001497
node/12060838493,Bench,bench,bench,,,,,,False,-37.8240983,145.0979442
node/12060846441,Bench,bench,bench,,,,,,False,-37.82338,145.100699
node/12060860301,Bench,bench,bench,,,,,,False,-37.8231256,145.1005433
node/12060860302,Bench,bench,bench,,,,,,False,-37.823138,145.1005364
node/12060860303,Bench,bench,bench,,,,,,False,-37.8231698,145.1004709
node/12060860304,Bench,bench,bench,,,,,,False,-37.8231846,145.1005184
node/12062366789,Bench,bench,bench,,,,,,False,-37.9003086,145.0884815
node/12062366790,Bench,bench,bench,,,,,,False,-37.9002893,145.0884593
node/12064336404,Bench,bench,bench,,,,,,False,-37.8235876,145.1005741
node/12065886333,Bench,bench,bench,,,,,,False,-37.825177,145.1157011
node/12065886334,Bench,bench,bench,,,,,,False,-37.825212,145.1156753
node/12065907070,Bench,bench,bench,,,,,,False,-37.825029,145.1158887
node/12065907071,Bench,bench,bench,,,,,,False,-37.8248785,145.1160213
node/12065907072,Bench,bench,bench,,,,,,False,-37.8249002,145.1161254
node/12065907073,Bench,bench,bench,,,,,,False,-37.8249445,145.1160368
node/12067532808,Bench,bench,bench,,,,,,False,-37.8233315,145.1010511
node/12067532809,Bench,bench,bench,,,,,,False,-37.8233316,145.1009659
node/12067532810,Bench,bench,bench,,,,,,False,-37.8232961,145.1007987
node/12067536099,Bench,bench,bench,,,,,,False,-37.8235072,145.1004061
node/12067536100,Bench,bench,bench,,,,,,False,-37.8235521,145.1004033
node/12067544678,Bench,bench,bench,,,,,,False,-37.8236275,145.1002781
node/12067609012,Bench,bench,bench,,,,,,False,-37.8240326,145.0995793
node/12067615838,Bench,bench,bench,,,,,,False,-37.8239622,145.0997422
node/12067657726,Bench,bench,bench,,,,,,False,-37.8496326,145.1667351
node/12067657727,Bench,bench,bench,,,,,,False,-37.8497221,145.1665672
node/12067657728,Bench,bench,bench,,,,,,False,-37.8497297,145.1665376
node/12067747071,Bench,bench,bench,,,,,,False,-37.8377686,145.1748591
node/12067749920,Bench,bench,bench,,,,,,False,-37.8373437,145.1741897
node/12067749921,Bench,bench,bench,,,,,,False,-37.8373746,145.1740967
node/12067749922,Bench,bench,bench,,,,,,False,-37.8373886,145.1739498
node/12067917963,Bench,bench,bench,,,,,,False,-37.852765,145.1795073
node/12067917964,Bench,bench,bench,,,,,,False,-37.8527816,145.1795779
node/12067962569,Bench,bench,bench,,,,,,False,-37.8498242,145.1697379
node/12067962570,Bench,bench,bench,,,,,,False,-37.8498665,145.1697282
node/12067962571,Bench,bench,bench,,,,,,False,-37.8499151,145.1697175
node/12073055866,Bench,bench,bench,,,,,,False,-37.8231643,145.1009674
node/12073055867,Bench,bench,bench,,,,,,False,-37.8232451,145.1008633
node/12073103498,Bench,bench,bench,,,,,,False,-37.8243583,145.0977093
node/12073108692,Bench,bench,bench,,,,,,False,-37.8242556,145.0975103
node/12074381257,Bench,bench,bench,,,,,,False,-37.881934,145.1639038
node/12076367265,Bench,bench,bench,,,,,,False,-37.9070583,145.311227
node/12076427960,Bench,bench,bench,,,,,,False,-37.9058511,145.325013
node/12076427961,Bench,bench,bench,,,,,,False,-37.9058037,145.3248997
node/12076430378,Bench,bench,bench,,,,,,False,-37.8950764,145.2992498
node/12076659331,Bench,bench,bench,,,,,,False,-37.7997382,144.9568952
node/12076659332,Bench,bench,bench,,,,,,False,-37.799756,144.9570703
node/12076659347,Bench,bench,bench,,,,,,False,-37.7998691,144.9581318
node/12076659348,Bench,bench,bench,,,,,,False,-37.7998749,144.9581778
node/12076659349,Bench,bench,bench,,,,,,False,-37.7998971,144.9583849
node/12076659350,Bench,bench,bench,,,,,,False,-37.799902,144.95843
node/12076659357,Bench,bench,bench,,,,,,False,-37.7999818,144.9591874
node/12076659358,Bench,bench,bench,,,,,,False,-37.7999877,144.9592449
node/12077979639,Bench,bench,bench,,,,,,False,-37.8248459,145.115872
node/12079271323,Bench,bench,bench,,,,,,False,-37.8147637,145.1291165
node/12082843418,Bench,bench,bench,,,,,,False,-37.8632377,144.8513913
node/12082843422,Bench,bench,bench,,,,,,False,-37.8709708,144.8330207
node/12082843424,Bench,bench,bench,,,,,,False,-37.8682948,144.8445004
node/12082843425,Bench,bench,bench,,,,,,False,-37.8624635,144.8554895
node/12082843427,Bench,bench,bench,,,,,,False,-37.8713638,144.8403662
node/12082843432,Bench,bench,bench,,,,,,False,-37.8647879,144.8492378
node/12082843433,Bench,bench,bench,,,,,,False,-37.8670805,144.8464073
node/12082843434,Bench,bench,bench,,,,,,False,-37.8670064,144.8464342
node/12082843442,Bench,bench,bench,,,,,,False,-37.8686003,144.8439304
node/12082843448,Bench,bench,bench,,,,,,False,-37.8713267,144.8383881
node/12082843452,Bench,bench,bench,,,,,,False,-37.8711673,144.8384504
node/12082843454,Bench,bench,bench,,,,,,False,-37.8690756,144.84327
node/12082843461,Bench,bench,bench,,,,,,False,-37.8713857,144.8391585
node/12082843465,Bench,bench,bench,,,,,,False,-37.8712639,144.8339795
node/12082843468,Bench,bench,bench,,,,,,False,-37.8710716,144.8335037
node/12082877720,Bench,bench,bench,,,,,,False,-37.6053167,144.9342265
node/12082878770,Bench,bench,bench,,,,,,False,-37.8711652,144.8383875
node/12082878771,Bench,bench,bench,,,,,,False,-37.8650975,144.8488852
node/12082878772,Bench,bench,bench,,,,,,False,-37.870902,144.8325105
node/12082878781,Bench,bench,bench,,,,,,False,-37.8639431,144.8500523
node/12082878785,Bench,bench,bench,,,,,,False,-37.8710721,144.8406325
node/12082878787,Bench,bench,bench,,,,,,False,-37.8713199,144.8344734
node/12082878791,Bench,bench,bench,,,,,,False,-37.8707966,144.8408883
node/12083028973,Bench,bench,bench,,,,,,False,-37.5908083,144.9348614
node/12083028974,Bench,bench,bench,,,,,,False,-37.5910446,144.9348583
node/12084485183,Bench,bench,bench,,,,,,False,-37.6097847,144.9355594
node/12084485184,Bench,bench,bench,,,,,,False,-37.6099701,144.9355163
node/12084485185,Bench,bench,bench,,,,,,False,-37.6099943,144.9355943
node/12084579169,Bench,bench,bench,,,,,,False,-37.6038456,144.925053
node/12084830982,Bench,bench,bench,,,,,,False,-37.9653379,145.1742339
node/12084830983,Bench,bench,bench,,,,,,False,-37.9652805,145.1740622
node/12088361193,Bench,bench,bench,,,,,,False,-37.7997751,144.9594688
node/12088361194,Bench,bench,bench,,,,,,False,-37.7997548,144.9592865
node/12088361195,Bench,bench,bench,,,,,,False,-37.7997568,144.9593079
node/12088361196,Bench,bench,bench,,,,,,False,-37.7997738,144.9594461
node/12088460988,Bench,bench,bench,,,,,,False,-37.6792222,145.0538939
node/12088460989,Bench,bench,bench,,,,,,False,-37.6792421,145.0540224
node/12089825925,Bench,bench,bench,,,,,,False,-37.8108423,144.9675847
node/12091422067,Bench,bench,bench,,,,,,False,-37.8220616,145.1188319
node/12091422068,Bench,bench,bench,,,,,,False,-37.8220579,145.1187539
node/12091429529,Bench,bench,bench,,,,,,False,-37.8249276,145.1154484
node/12091473222,Bench,bench,bench,,,,,,False,-37.8248251,145.1155919
node/12091488506,Bench,bench,bench,,,,,,False,-37.824842,145.1161516
node/12091488507,Bench,bench,bench,,,,,,False,-37.8248585,145.1161441
node/12091489358,Bench,bench,bench,,,,,,False,-37.8247552,145.1163413
node/12091489359,Bench,bench,bench,,,,,,False,-37.824744,145.1164034
node/12091498351,Bench,bench,bench,,,,,,False,-37.8249136,145.1167958
node/12091526869,Bench,bench,bench,,,,,,False,-37.8221933,145.1187325
node/12091526870,Bench,bench,bench,,,,,,False,-37.8221731,145.1188751
node/12098131097,Bench,bench,bench,,,,,,False,-37.8271294,145.0964953
node/12098131237,Bench,bench,bench,,,,,,False,-37.8270104,145.0955849
node/12098134510,Bench,bench,bench,,,,,,False,-37.8266263,145.0956238
node/12098143459,Bench,bench,bench,,,,,,False,-37.8269481,145.0965732
node/12098143541,Bench,bench,bench,,,,,,False,-37.8268906,145.0960933
node/12098148391,Bench,bench,bench,,,,,,False,-37.8266199,145.0964496
node/12109309496,Bench,bench,bench,,,,,,False,-37.8036911,145.1175723
node/12109398332,Bench,bench,bench,,,,,,False,-37.7184222,145.0536764
node/12109398333,Bench,bench,bench,,,,,,False,-37.7176137,145.0541769
node/12109398334,Bench,bench,bench,,,,,,False,-37.716737,145.0521963
node/12109398335,Bench,bench,bench,,,,,,False,-37.718355,145.0535852
node/12111602236,Bench,bench,bench,,,,,,False,-37.7978483,144.9626181
node/12111602242,Bench,bench,bench,,,,,,False,-37.7978475,144.9625678
node/12111602243,Bench,bench,bench,,,,,,False,-37.7978348,144.9625333
node/12115971492,Bench,bench,bench,,,,,,False,-37.7964381,144.961734
node/12115971582,Bench,bench,bench,,,,,,False,-37.7967156,144.9640027
node/12115971583,Bench,bench,bench,,,,,,False,-37.7967075,144.9639408
node/12117602106,Bench,bench,bench,,,,Bayside City Council,,False,-37.9333197,144.9978612
node/12117689135,Bench,bench,bench,,,,,,False,-37.9265447,145.071576
node/12117689136,Bench,bench,bench,,,,,,False,-37.9265514,145.0716245
node/12117689137,Bench,bench,bench,,,,,,False,-37.926557,145.0716752
node/12117712293,Bench,bench,bench,,,,,,False,-37.8966572,145.0100939
node/12117841346,Bench,bench,bench,,,,,,False,-37.8963511,145.009424
node/12117841358,Bench,bench,bench,,,,,,False,-37.8966733,145.0097197
node/12119379121,Bench,bench,bench,,,,,,False,-38.2710039,145.0295258
node/12121735082,Bench,bench,bench,,,,,,False,-37.9734694,145.2165741
node/12123457170,Bench,bench,bench,,,,,,False,-38.0728672,145.4443179
node/12123457171,Bench,bench,bench,,,,,,False,-38.0729043,145.4443055
node/12123568656,Bench,bench,bench,,,,Bayside City Council,,False,-37.9305254,144.99137
node/12123568657,Bench,bench,bench,,,,Bayside City Council,,False,-37.9309268,144.991723
node/12126085625,Bench,bench,bench,,,,,,False,-37.8195168,145.1054241
node/12131249236,Bench,bench,bench,,,,,,False,-37.6441366,144.9672921
node/12132062462,Bench,bench,bench,,,,,,False,-37.6577735,145.001143
node/12133544944,Bench,bench,bench,,,,,,False,-37.8742871,145.358968
node/12133740217,Bench,bench,bench,,,,,,False,-37.8480838,145.0493788
node/12133740218,Bench,bench,bench,,,,,,False,-37.8481093,145.049338
node/12135462518,Bench,bench,bench,,,,,,False,-38.0560725,145.1298208
node/12139194017,Bench,bench,bench,,,,,,False,-37.8113197,145.1285511
node/12139296377,Bench,bench,bench,,,,,,False,-37.808887,145.1082016
node/12139296378,Bench,bench,bench,,,,,,False,-37.8088781,145.1081379
node/12143311739,Bench,bench,bench,,,,Bayside City Council,,False,-37.9220474,144.9876609
node/12146857327,Bench,bench,bench,,,,,,False,-37.8147011,144.9619489
node/12146857328,Bench,bench,bench,,,,,,False,-37.8145385,144.9618745
node/12147240164,Bench,bench,bench,,,,,,False,-37.8509818,145.3726165
node/12147240165,Bench,bench,bench,,,,,,False,-37.8509954,145.3727439
node/12147240181,Bench,bench,bench,,,,,,False,-37.851056,145.3725137
node/12147259833,Bench,bench,bench,,,,,,False,-37.8510396,145.3725579
node/12149193065,Bench,bench,bench,,,,,,False,-37.8258324,145.1164013
node/12149272576,Bench,bench,bench,,,,,,False,-37.8258116,145.1163341
node/12149274192,Bench,bench,bench,,,,,,False,-37.8255207,145.1168514
node/12149279665,Bench,bench,bench,,,,,,False,-37.8252549,145.1170509
node/12152943548,Bench,bench,bench,,,,,,False,-37.8281789,145.0497768
node/12153028870,Bench,bench,bench,,,,,,False,-37.8283461,145.0570432
node/12153038089,Bench,bench,bench,,,,,,False,-37.8283353,145.0569601
node/12153038093,Bench,bench,bench,,,,,,False,-37.8272369,145.0585752
node/12153053068,Bench,bench,bench,,,,,,False,-37.827241,145.0586303
node/12153061538,Bench,bench,bench,,,,,,False,-37.8283417,145.057005
node/12153073032,Bench,bench,bench,,,,,,False,-37.8273385,145.0586236
node/12153086127,Bench,bench,bench,,,,,,False,-37.8273346,145.0585719
node/12153092792,Bench,bench,bench,,,,,,False,-38.0100259,145.1927283
node/12153092793,Bench,bench,bench,,,,,,False,-38.010271,145.1939222
node/12153092794,Bench,bench,bench,,,,,,False,-38.0105467,145.1928769
node/12153092795,Bench,bench,bench,,,,,,False,-38.0105859,145.1929124
node/12153092796,Bench,bench,bench,,,,,,False,-38.0105947,145.1929521
node/12154718623,Bench,bench,bench,,,,,,False,-37.8178096,145.0844745
node/12154731349,Bench,bench,bench,,,,,,False,-37.8181143,145.0846235
node/12154732619,Bench,bench,bench,,,,,,False,-37.817276,145.0843228
node/12154737228,Bench,bench,bench,,,,,,False,-37.8175824,145.0839763
node/12154744628,Bench,bench,bench,,,,,,False,-37.8171633,145.0847443
node/12155569584,Bench,bench,bench,,,,,,False,-37.8249533,145.0399126
node/12160507598,Bench,bench,bench,,,,,,False,-37.7238328,145.0756183
node/12160514656,Bench,bench,bench,,,,,,False,-37.7227979,145.0769965
node/12160514658,Bench,bench,bench,,,,,,False,-37.7227973,145.0769604
node/12161296100,Bench,bench,bench,,,,,,False,-37.866217,145.2441935
node/12161360098,Bench,bench,bench,,,,,,False,-37.8510989,145.2110435
node/12164461738,Bench,bench,bench,,,,,,False,-38.0908862,145.1964958
node/12164461739,Bench,bench,bench,,,,,,False,-38.0909763,145.1969011
node/12165308516,Bench,bench,bench,,,,,,False,-38.3035062,145.170684
node/12165308517,Bench,bench,bench,,,,,,False,-38.3036909,145.1709598
node/12165308518,Bench,bench,bench,,,,,,False,-38.3039242,145.1712738
node/12169093701,Bench,bench,bench,,,,,,False,-37.8011156,144.9694873
node/12169093729,Bench,bench,bench,,,,,,False,-37.8004138,144.9648232
node/12169093754,Bench,bench,bench,,,,,,False,-37.8005752,144.9645795
node/12169278073,Bench,bench,bench,,,,,,False,-37.9173578,144.9868212
node/12169583169,Bench,bench,bench,,,,,,False,-37.8562682,145.0749629
node/12171053074,Bench,bench,bench,,,,,,False,-38.3033821,144.6521341
node/12171093254,Bench,bench,bench,,,,,,False,-37.8251231,145.0793555
node/12171132863,Bench,bench,bench,,,,,,False,-37.8244496,145.0798721
node/12171159924,Bench,bench,bench,,,,,,False,-37.8248541,145.0778981
node/12171168978,Bench,bench,bench,,,,,,False,-37.8244609,145.0797863
node/12171171752,Bench,bench,bench,,,,,,False,-37.8245381,145.079572
node/12171179946,Bench,bench,bench,,,,,,False,-37.8247003,145.0788877
node/12171181221,Bench,bench,bench,,,,,,False,-37.8247942,145.0792338
node/12171181842,Bench,bench,bench,,,,,,False,-37.8245938,145.0794714
node/12171184334,Bench,bench,bench,,,,,,False,-37.8246943,145.0786367
node/12171184335,Bench,bench,bench,,,,,,False,-37.8248047,145.0775958
node/12171186341,Bench,bench,bench,,,,,,False,-37.8248488,145.0795764
node/12171186927,Bench,bench,bench,,,,,,False,-37.8239626,145.0791523
node/12171194404,Bench,bench,bench,,,,,,False,-37.8242071,145.0786611
node/12176122144,Bench,bench,bench,,,,,,False,-37.9199927,145.0014085
node/12176757873,Bench,bench,bench,,,,,,False,-37.8016662,144.9799857
node/12176802581,Bench,bench,bench,,,,,,False,-37.8023072,144.9806943
node/12176802625,Bench,bench,bench,,,,,,False,-37.8034565,144.9787189
node/12176802626,Bench,bench,bench,,,,,,False,-37.8032051,144.9787608
node/12176802627,Bench,bench,bench,,,,,,False,-37.8032121,144.9787908
node/12176802634,Bench,bench,bench,,,,,,False,-37.8031984,144.9785901
node/12176802637,Bench,bench,bench,,,,,,False,-37.80357,144.9786461
node/12176802638,Bench,bench,bench,,,,,,False,-37.8035686,144.9786138
node/12176802639,Bench,bench,bench,,,,,,False,-37.8035529,144.9784692
node/12176802640,Bench,bench,bench,,,,,,False,-37.8035515,144.9784462
node/12176802657,Bench,bench,bench,,,,,,False,-37.8040544,144.9779812
node/12176802704,Bench,bench,bench,,,,,,False,-37.8039809,144.9787275
node/12176802705,Bench,bench,bench,,,,,,False,-37.8040026,144.9787228
node/12176802706,Bench,bench,bench,,,,,,False,-37.8040434,144.9787168
node/12176802707,Bench,bench,bench,,,,,,False,-37.8040625,144.9787148
node/12176802715,Bench,bench,bench,,,,,,False,-37.8045404,144.978405
node/12176802727,Bench,bench,bench,,,,,,False,-37.804814,144.978283
node/12176802730,Bench,bench,bench,,,,,,False,-37.8054264,144.9779907
node/12176802731,Bench,bench,bench,,,,,,False,-37.8054677,144.977876
node/12179638244,Bench,bench,bench,,,,,,False,-37.8384113,145.1047136
node/12179673762,Bench,bench,bench,,,,,,False,-37.8382459,145.1048451
node/12179686983,Bench,bench,bench,,,,,,False,-37.8380425,145.104439
node/12179688515,Bench,bench,bench,,,,,,False,-37.838004,145.1054247
node/12179691129,Bench,bench,bench,,,,,,False,-37.8383396,145.1044768
node/12179692886,Bench,bench,bench,,,,,,False,-37.8382836,145.1047668
node/12179694631,Bench,bench,bench,,,,,,False,-37.83816,145.1047711
node/12179695517,Bench,bench,bench,,,,,,False,-37.8379294,145.1057329
node/12179697425,Bench,bench,bench,,,,,,False,-37.8373323,145.1048444
node/12179698829,Bench,bench,bench,,,,,,False,-37.8375859,145.1045868
node/12179699464,Bench,bench,bench,,,,,,False,-37.8379784,145.1050608
node/12179707215,Bench,bench,bench,,,,,,False,-37.8370896,145.1045631
node/12179742513,Bench,bench,bench,,,,,,False,-37.8388759,145.1045836
node/12181333132,Bench,bench,bench,,,,,,False,-37.7192636,144.9345492
node/12181333133,Bench,bench,bench,,,,,,False,-37.7196983,144.935942
node/12181333135,Bench,bench,bench,,,,,,False,-37.7095754,144.9355999
node/12181476586,Bench,bench,bench,,,,,,False,-37.8152567,145.1135299
node/12181490092,Bench,bench,bench,,,,,,False,-37.8159621,145.1135973
node/12181493721,Bench,bench,bench,,,,,,False,-37.816154,145.1138702
node/12181496972,Bench,bench,bench,,,,,,False,-37.8155659,145.1130917
node/12181515733,Bench,bench,bench,,,,,,False,-37.8153227,145.1132784
node/12181517041,Bench,bench,bench,,,,,,False,-37.8153676,145.1137152
node/12181615513,Bench,bench,bench,,,,,,False,-37.8174217,145.1219194
node/12181619471,Bench,bench,bench,,,,,,False,-37.8174923,145.121911
node/12181619478,Bench,bench,bench,,,,,,False,-37.8199874,145.1209209
node/12181635218,Bench,bench,bench,,,,,,False,-37.8174962,145.121872
node/12181638347,Bench,bench,bench,,,,,,False,-37.8173647,145.1218882
node/12181650471,Bench,bench,bench,,,,,,False,-37.8199761,145.1208465
node/12189105821,Bench,bench,bench,,,,,,False,-37.810401,144.9643912
node/12189105822,Bench,bench,bench,,,,,,False,-37.8104382,144.9644578
node/12189351745,Bench,bench,bench,,,,,,False,-37.9255581,144.9858633
node/12189675572,Bench,bench,bench,,,,,,False,-37.8182943,145.1223037
node/12189704265,Bench,bench,bench,,,,,,False,-37.8186221,145.1222471
node/12189704266,Bench,bench,bench,,,,,,False,-37.8186687,145.1222098
node/12189724939,Bench,bench,bench,,,,,,False,-37.8189767,145.1222543
node/12189733209,Bench,bench,bench,,,,,,False,-37.8186707,145.1222379
node/12189738258,Bench,bench,bench,,,,,,False,-37.8186193,145.1222205
node/12189740732,Bench,bench,bench,,,,,,False,-37.8182435,145.1223165
node/12192189190,Bench,bench,bench,,,,,,False,-37.8390201,145.2147524
node/12192258415,Bench,bench,bench,,,,,,False,-37.8614383,145.2107392
node/12192291196,Bench,bench,bench,,,,,,False,-37.8762103,145.2162447
node/12192295180,Bench,bench,bench,,,,,,False,-37.8719729,145.2217256
node/12193736070,Bench,bench,bench,,,,,,False,-37.8617778,144.9043569
node/12193759721,Bench,bench,bench,,,,,,False,-37.8618663,144.9044767
node/12193759722,Bench,bench,bench,,,,,,False,-37.8620362,144.9048033
node/12193759723,Bench,bench,bench,,,,,,False,-37.8629312,144.9046833
node/12193759724,Bench,bench,bench,,,,,,False,-37.8620955,144.9049493
node/12193759725,Bench,bench,bench,,,,,,False,-37.8626989,144.9043722
node/12193759726,Bench,bench,bench,,,,,,False,-37.8628338,144.9044916
node/12193759727,Bench,bench,bench,,,,,,False,-37.8629076,144.9046084
node/12193759728,Bench,bench,bench,,,,,,False,-37.8629456,144.9048846
node/12193759729,Bench,bench,bench,,,,,,False,-37.8628968,144.9049088
node/12193759730,Bench,bench,bench,,,,,,False,-37.8628506,144.9049329
node/12193790842,Bench,bench,bench,,,,,,False,-37.8599977,144.9019047
node/12193880599,Bench,bench,bench,,,,,,False,-37.8066964,144.973069
node/12193934570,Bench,bench,bench,,,,,,False,-37.801532,144.9736932
node/12193937087,Bench,bench,bench,,,,,,False,-37.8017094,144.973466
node/12193940524,Bench,bench,bench,,,,,,False,-37.8051489,144.9733394
node/12193941564,Bench,bench,bench,,,,,,False,-37.8051641,144.9733341
node/12193943165,Bench,bench,bench,,,,,,False,-37.8070812,144.9726073
node/12193943654,Bench,bench,bench,,,,,,False,-37.8028983,144.9732746
node/12193949964,Bench,bench,bench,,,,,,False,-37.8019269,144.9729881
node/12193950675,Bench,bench,bench,,,,,,False,-37.8069411,144.9729282
node/12195907219,Bench,bench,bench,,,,,,False,-37.7801567,144.9191194
node/12196535191,Bench,bench,bench,,,,,,False,-37.8200016,145.119507
node/12196539282,Bench,bench,bench,,,,,,False,-37.8200502,145.1201885
node/12196552966,Bench,bench,bench,,,,,,False,-37.8182594,145.1248749
node/12196556435,Bench,bench,bench,,,,,,False,-37.8181516,145.1242829
node/12196561190,Bench,bench,bench,,,,,,False,-37.8200043,145.1194578
node/12196562275,Bench,bench,bench,,,,,,False,-37.8182208,145.1246966
node/12196562276,Bench,bench,bench,,,,,,False,-37.8181115,145.1242002
node/12196565040,Bench,bench,bench,,,,,,False,-37.8200069,145.1198149
node/12196565389,Bench,bench,bench,,,,,,False,-37.8182525,145.1271393
node/12196566338,Bench,bench,bench,,,,,,False,-37.8202499,145.1192483
node/12196569176,Bench,bench,bench,,,,,,False,-37.8180895,145.1241338
node/12197016264,Bench,bench,bench,,,,,,False,-37.696506,144.9220307
node/12199106298,Bench,bench,bench,,,,,,False,-37.7353455,144.9454883
node/12205242306,Bench,bench,bench,,,,,,False,-37.8149388,145.2314166
node/12205243140,Bench,bench,bench,,,,,,False,-37.8183199,145.2236965
node/12205243141,Bench,bench,bench,,,,,,False,-37.8183615,145.2234912
node/12207937532,Bench,bench,bench,,,,,,False,-37.7576665,144.8655329
node/12207937533,Bench,bench,bench,,,,,,False,-37.7576877,144.8657402
node/12210482897,Bench,bench,bench,,,,,,False,-37.8267615,145.1134502
node/12210546875,Bench,bench,bench,,,,,,False,-37.8273146,145.1157512
node/12210548092,Bench,bench,bench,,,,,,False,-37.8271187,145.1173214
node/12210550488,Bench,bench,bench,,,,,,False,-37.826849,145.1171644
node/12210550489,Bench,bench,bench,,,,,,False,-37.8255039,145.1157727
node/12210551660,Bench,bench,bench,,,,,,False,-37.8254832,145.1157534
node/12210555951,Bench,bench,bench,,,,,,False,-37.8269935,145.1134471
node/12210555952,Bench,bench,bench,,,,,,False,-37.8252705,145.1178841
node/12210556425,Bench,bench,bench,,,,,,False,-37.8264193,145.1182833
node/12210561245,Bench,bench,bench,,,,,,False,-37.8272125,145.1179311
node/12210568504,Bench,bench,bench,,,,,,False,-37.8279226,145.1179336
node/12210568689,Bench,bench,bench,,,,,,False,-37.8268858,145.1134361
node/12210570744,Bench,bench,bench,,,,,,False,-37.8263169,145.1182978
node/12212956701,Bench,bench,bench,,,,,,False,-37.9899807,145.2567885
node/12213486913,Bench,bench,bench,,,,,,False,-37.7755015,145.1081907
node/12213530643,Bench,bench,bench,,,,Bayside City Council,,False,-37.9220449,145.0007395
node/12213530644,Bench,bench,bench,,,,Bayside City Council,,False,-37.9216632,145.0003786
node/12213530646,Bench,bench,bench,,,,Bayside City Council,,False,-37.9216428,145.0001563
node/12215655895,Bench,bench,bench,,,,,,False,-38.0325124,145.3355727
node/12224055319,Bench,bench,bench,,,,,,False,-38.074509,145.2768509
node/12224055320,Bench,bench,bench,,,,,,False,-38.0743944,145.2769333
node/12224055321,Bench,bench,bench,,,,,,False,-38.0741264,145.2770049
node/12224055322,Bench,bench,bench,,,,,,False,-38.0739694,145.2769926
node/12230704771,Bench,bench,bench,,,,,,False,-37.818232,145.1367284
node/12230704772,Bench,bench,bench,,,,,,False,-37.8182718,145.1366824
node/12230704773,Bench,bench,bench,,,,,,False,-37.8183054,145.1366717
node/12231784282,Bench,bench,bench,,,,,,False,-37.8395408,145.2302633
node/12231800133,Bench,bench,bench,,,,,,False,-37.8348568,145.230237
node/12234031867,Bench,bench,bench,,,,,,False,-37.853601,145.3730584
node/12234031869,Bench,bench,bench,,,,,,False,-37.85367,145.3727487
node/12236446200,Bench,bench,bench,,,,,,False,-38.1940616,145.1605071
node/12236451901,Bench,bench,bench,,,,,,False,-38.1940756,145.1604918
node/12236451907,Bench,bench,bench,,,,,,False,-38.1940509,145.1605208
node/12236451909,Bench,bench,bench,,,,,,False,-38.1942653,145.1604705
node/12236676037,Bench,bench,bench,,,,,,False,-37.8053805,144.8772737
node/12236909199,Bench,bench,bench,,,,,,False,-37.8053322,144.8770033
node/12240580753,Bench,bench,bench,,,,,,False,-37.8053698,144.8772365
node/12245929238,Bench,bench,bench,,,,,,False,-37.9363506,145.0986203
node/12245929239,Bench,bench,bench,,,,,,False,-37.9364014,145.0986111
node/12247312200,Bench,bench,bench,,,,,,False,-38.1437532,145.1244074
node/12247635458,Bench,bench,bench,,,,Bayside City Council,,False,-37.9476289,144.9987164
node/12247635459,Bench,bench,bench,,,,Bayside City Council,,False,-37.9501529,145.0014744
node/12247868970,Bench,bench,bench,,,,,,False,-38.3058265,145.5212114
node/12247868971,Bench,bench,bench,,,,,,False,-38.3055728,145.5213163
node/12247868972,Bench,bench,bench,,,,,,False,-38.3063921,145.5209886
node/12247868973,Bench,bench,bench,,,,,,False,-38.3052317,145.5214476
node/12247868974,Bench,bench,bench,,,,,,False,-38.3061094,145.5211042
node/12248132083,Bench,bench,bench,,,,,,False,-38.0451144,145.2114048
node/12248132084,Bench,bench,bench,,,,,,False,-38.0455067,145.2130162
node/12248132085,Bench,bench,bench,,,,,,False,-38.0459397,145.2149661
node/12248170471,Bench,bench,bench,,,,,,False,-37.797661,145.1592969
node/12249180169,Bench,bench,bench,,,,,,False,-38.2044508,145.0992481
node/12249826029,Bench,bench,bench,,,,,,False,-37.762657,145.3182408
node/12251713591,Bench,bench,bench,,,,,,False,-37.7627009,145.3182264
node/12251990550,Bench,bench,bench,,,,,,False,-37.8172282,144.9602765
node/12254147634,Bench,bench,bench,,,,,,False,-38.1845061,145.0876889
node/12254147661,Bench,bench,bench,,,,,,False,-38.1841433,145.0889278
node/12254159944,Bench,bench,bench,,,,,,False,-38.1843873,145.0889778
node/12254177540,Bench,bench,bench,,,,,,False,-38.1848801,145.0890556
node/12258059326,Bench,bench,bench,,,,,,False,-37.5999893,145.1145954
node/12258059335,Bench,bench,bench,,,,,,False,-37.6005009,145.115385
node/12258059336,Bench,bench,bench,,,,,,False,-37.6002295,145.1154657
node/12258192943,Bench,bench,bench,,,,,,False,-38.0098499,145.32656
node/12259589349,Bench,bench,bench,,,,,,False,-37.81103,144.961564
node/12260792002,Bench,bench,bench,,,,,,False,-38.213895,145.1076792
node/12260792003,Bench,bench,bench,,,,,,False,-38.2138914,145.1077078
node/12260792006,Bench,bench,bench,,,,,,False,-38.2139249,145.1073191
node/12260792007,Bench,bench,bench,,,,,,False,-38.2139519,145.1073002
node/12260792008,Bench,bench,bench,,,,,,False,-38.2139645,145.1072515
node/12260792009,Bench,bench,bench,,,,,,False,-38.2139757,145.1071919
node/12260792010,Bench,bench,bench,,,,,,False,-38.213982,145.1071541
node/12260792018,Bench,bench,bench,,,,,,False,-38.2140989,145.106693
node/12260792019,Bench,bench,bench,,,,,,False,-38.2139398,145.1074111
node/12264891790,Bench,bench,bench,,,,,,False,-38.2190987,145.0398793
node/12264921188,Bench,bench,bench,,,,,,False,-38.2191495,145.0398014
node/12265247760,Bench,bench,bench,,,,,,False,-37.7041865,145.1021073
node/12272759966,Bench,bench,bench,,,,,,False,-37.8088104,144.9722371
node/12278513072,Bench,bench,bench,,,,,,False,-37.6273031,145.0093127
node/12278513073,Bench,bench,bench,,,,,,False,-37.6272792,145.0089052
node/12278513074,Bench,bench,bench,,,,,,False,-37.6271013,145.0096178
node/12278619129,Bench,bench,bench,,,,,,False,-37.7547604,144.7400389
node/12278619130,Bench,bench,bench,,,,,,False,-37.7547878,144.7400388
node/12278619143,Bench,bench,bench,,,,,,False,-37.7547336,144.7395709
node/12278619144,Bench,bench,bench,,,,,,False,-37.7547606,144.7395685
node/12280117386,Bench,bench,bench,,,,,,False,-37.9256733,145.0852071
node/12280154802,Bench,bench,bench,,,,,,False,-37.9257497,145.0854378
node/12289150063,Bench,bench,bench,,,,,,False,-37.7676817,144.9134666
node/12289440314,Bench,bench,bench,,,,,,False,-37.785213,145.3122549
node/12289441662,Bench,bench,bench,,,,,,False,-37.7852195,145.31127
node/12289442511,Bench,bench,bench,,,,,,False,-37.7852455,145.3114964
node/12291600963,Bench,bench,bench,,,,,,False,-37.8501103,145.2924271
node/12291600964,Bench,bench,bench,,,,,,False,-37.849939,145.2923764
node/12291601034,Bench,bench,bench,,,,,,False,-37.846587,145.2891518
node/12291601035,Bench,bench,bench,,,,,,False,-37.8466149,145.2892291
node/12291601036,Bench,bench,bench,,,,,,False,-37.8466217,145.2892532
node/12291601037,Bench,bench,bench,,,,,,False,-37.8465774,145.2893375
node/12291601059,Bench,bench,bench,,,,,,False,-37.8419081,145.2884829
node/12291601060,Bench,bench,bench,,,,,,False,-37.8419294,145.2884819
node/12291601062,Bench,bench,bench,,,,,,False,-37.8425356,145.2938532
node/12292933862,Bench,bench,bench,,,,,,False,-37.8020669,144.9627507
node/12293018887,Bench,bench,bench,,,,,,False,-37.7583224,145.3101156
node/12293018900,Bench,bench,bench,,,,,,False,-37.7578449,145.3105195
node/12293307748,Bench,bench,bench,,,,,,False,-37.7583862,145.3106378
node/12293313402,Bench,bench,bench,,,,,,False,-37.7579061,145.3105442
node/12293313428,Bench,bench,bench,,,,,,False,-37.7580663,145.31001
node/12293313444,Bench,bench,bench,,,,,,False,-37.7579386,145.310545
node/12293313446,Bench,bench,bench,,,,,,False,-37.7579827,145.3100165
node/12295722292,Bench,bench,bench,,,,,,False,-37.7581724,145.3105737
node/12295722297,Bench,bench,bench,,,,,,False,-37.7858264,145.3168158
node/12298089897,Bench,bench,bench,,,,,,False,-38.143574,145.1231305
node/12298151581,Bench,bench,bench,,,,,,False,-38.1435412,145.1229439
node/12298195396,Bench,bench,bench,,,,,,False,-38.143648,145.123527
node/12298199419,Bench,bench,bench,,,,,,False,-38.1435289,145.1228885
node/12298205202,Bench,bench,bench,,,,,,False,-38.1436691,145.1234428
node/12298425681,Bench,bench,bench,,,,,,False,-37.886095,145.368332
node/12298677724,Bench,bench,bench,,,,,,False,-37.8845579,145.353569
node/12300406258,Bench,bench,bench,,,,,,False,-37.838084,144.9172762
node/12300408595,Bench,bench,bench,,,,,,False,-37.8373275,144.9237252
node/12303140341,Bench,bench,bench,,,,,,False,-37.9467393,145.1888253
node/12303468613,Bench,bench,bench,,,,,,False,-37.8437972,145.102112
node/12303841079,Bench,bench,bench,,,,,,False,-37.8316461,145.0959586
node/12308492898,Bench,bench,bench,,,,,,False,-37.7966294,144.9115835
node/12308492899,Bench,bench,bench,,,,,,False,-37.7964889,144.9116626
node/12308492900,Bench,bench,bench,,,,,,False,-37.7964635,144.9108494
node/12308510901,Bench,bench,bench,,,,,,False,-37.7964697,144.9106632
node/12308510902,Bench,bench,bench,,,,,,False,-37.7970677,144.9097622
node/12309343394,Bench,bench,bench,,,,,,False,-37.9742325,145.1903419
node/12309382537,Bench,bench,bench,,,,,,False,-37.9748306,145.188143
node/12313747349,Bench,bench,bench,,,,,,False,-37.9136391,145.1311963
node/12313792818,Bench,bench,bench,,,,,,False,-37.6417114,144.8829775
node/12313792966,Bench,bench,bench,,,,,,False,-37.6435213,144.8848889
node/12313888141,Bench,bench,bench,,,,,,False,-37.6553005,144.8996055
node/12313888178,Bench,bench,bench,,,,,,False,-37.6553149,144.8988156
node/12313888212,Bench,bench,bench,,,,,,False,-37.6555029,144.8980672
node/12313888216,Bench,bench,bench,,,,,,False,-37.6550477,144.8977892
node/12313888217,Bench,bench,bench,,,,,,False,-37.6553311,144.8973666
node/12314029987,Bench,bench,bench,,,,,,False,-38.216715,145.3433013
node/12314029988,Bench,bench,bench,,,,,,False,-38.2168311,145.3432479
node/12314034606,Bench,bench,bench,,,,,,False,-37.9132786,145.1316965
node/12314034607,Bench,bench,bench,,,,,,False,-37.9132754,145.1316666
node/12314034638,Bench,bench,bench,,,,,,False,-37.9145042,145.1327948
node/12314034639,Bench,bench,bench,,,,,,False,-37.9143962,145.1328298
node/12314034640,Bench,bench,bench,,,,,,False,-37.9143456,145.1328528
node/12314034666,Bench,bench,bench,,,,,,False,-37.9136355,145.132128
node/12314034667,Bench,bench,bench,,,,,,False,-37.9136621,145.1321037
node/12314034678,Bench,bench,bench,,,,,,False,-37.9144206,145.1320865
node/12314034679,Bench,bench,bench,,,,,,False,-37.9144747,145.1322173
node/12314034680,Bench,bench,bench,,,,,,False,-37.914537,145.1323644
node/12314052614,Bench,bench,bench,,,,,,False,-38.2168993,145.3432083
node/12314052696,Bench,bench,bench,,,,,,False,-38.2168436,145.3426105
node/12314096761,Bench,bench,bench,,,,,,False,-37.6875411,144.9088972
node/12316465705,Bench,bench,bench,,,,,,False,-37.9142909,145.1333236
node/12316465706,Bench,bench,bench,,,,,,False,-37.9142543,145.1333377
node/12316465709,Bench,bench,bench,,,,,,False,-37.9140386,145.1330706
node/12316496911,Bench,bench,bench,,,,,,False,-37.9074418,145.1406697
node/12316727594,Bench,bench,bench,,,,,,False,-37.6903879,144.8951554
node/12317012234,Bench,bench,bench,,,,,,False,-37.6965091,144.8951126
node/12318285330,Bench,bench,bench,,,,,,False,-37.6550287,144.9047417
node/12318285339,Bench,bench,bench,,,,,,False,-37.65449,144.9046109
node/12323027850,Bench,bench,bench,,,,,,False,-37.8330791,145.0938022
node/12323027852,Bench,bench,bench,,,,,,False,-37.8320726,145.0947971
node/12323031117,Bench,bench,bench,,,,,,False,-37.8329323,145.0939592
node/12323037221,Bench,bench,bench,,,,,,False,-37.8328614,145.0936382
node/12323050391,Bench,bench,bench,,,,,,False,-37.8314747,145.09459
node/12323050576,Bench,bench,bench,,,,,,False,-37.8317176,145.0942604
node/12327859107,Bench,bench,bench,,,,,,False,-37.7978909,145.0229707
node/12327859108,Bench,bench,bench,,,,,,False,-37.7977993,145.0226307
node/12327859109,Bench,bench,bench,,,,,,False,-37.7976636,145.0225851
node/12330679192,Bench,bench,bench,,,,,,False,-37.7900987,145.2412626
node/12330679198,Bench,bench,bench,,,,,,False,-37.789879,145.2415396
node/12332498151,Bench,bench,bench,,,,,,False,-37.8193434,144.9639911
node/12332509590,Bench,bench,bench,,,,,,False,-37.8193258,144.9645092
node/12332560725,Bench,bench,bench,,,,,,False,-37.819371,144.964313
node/12332561546,Bench,bench,bench,,,,,,False,-37.8193959,144.9637968
node/12332565934,Bench,bench,bench,,,,,,False,-37.8194011,144.9641229
node/12332566412,Bench,bench,bench,,,,,,False,-37.8192805,144.9640693
node/12332567516,Bench,bench,bench,,,,,,False,-37.8198922,144.961604
node/12332570632,Bench,bench,bench,,,,,,False,-37.8197994,144.9624445
node/12332571061,Bench,bench,bench,,,,,,False,-37.819942,144.9615798
node/12332571698,Bench,bench,bench,,,,,,False,-37.8198881,144.962107
node/12332573147,Bench,bench,bench,,,,,,False,-37.8198213,144.9622739
node/12333990987,Bench,bench,bench,,,,,,False,-37.7592873,144.9595151
node/12333990988,Bench,bench,bench,,,,,,False,-37.7592714,144.9595318
node/12336480596,Bench,bench,bench,,,,,,False,-37.811143,145.1287056
node/12338118977,Bench,bench,bench,,,,,,False,-37.8190136,145.0025392
node/12338223632,Bench,bench,bench,,,,,,False,-37.7749641,145.3345735
node/12338223640,Bench,bench,bench,,,,,,False,-37.7743106,145.3336535
node/12338223655,Bench,bench,bench,,,,,,False,-37.7741867,145.3340721
node/12338223663,Bench,bench,bench,,,,,,False,-37.7745134,145.3332432
node/12338301860,Bench,bench,bench,,,,,,False,-37.7605129,145.3422247
node/12342539808,Bench,bench,bench,,,,,,False,-38.1536672,145.1851514
node/12342539916,Bench,bench,bench,,,,,,False,-38.1537114,145.1850006
node/12342545949,Bench,bench,bench,,,,,,False,-38.1460958,145.2012245
node/12347767023,Bench,bench,bench,,,,,,False,-38.0432448,145.1297654
node/12347767024,Bench,bench,bench,,,,,,False,-38.0431238,145.1297379
node/12349919257,Bench,bench,bench,,,,,,False,-37.8003039,145.0737791
node/12349925008,Bench,bench,bench,,,,,,False,-37.8009904,145.0738127
node/12349925009,Bench,bench,bench,,,,,,False,-37.8009221,145.0732698
node/12349925010,Bench,bench,bench,,,,,,False,-37.8008954,145.0731157
node/12349925011,Bench,bench,bench,,,,,,False,-37.8008815,145.0729593
node/12349925012,Bench,bench,bench,,,,,,False,-37.8008557,145.0728052
node/12349925036,Bench,bench,bench,,,,,,False,-37.80028,145.0716388
node/12349925037,Bench,bench,bench,,,,,,False,-37.8002588,145.0715781
node/12349925038,Bench,bench,bench,,,,,,False,-37.8003225,145.0720872
node/12349925039,Bench,bench,bench,,,,,,False,-37.8001186,145.0721946
node/12350303196,Bench,bench,bench,,,,,,False,-37.8376149,144.978341
node/12350819801,Bench,bench,bench,,,,,,False,-37.985296,145.2386866
node/12353654076,Bench,bench,bench,,,,,,False,-37.8862428,145.3280089
node/12357660496,Bench,bench,bench,,,,,,False,-37.782321,145.0972311
node/12361037445,Bench,bench,bench,,,,,,False,-37.7986046,145.3237439
node/12364289869,Bench,bench,bench,,,,,,False,-37.9695568,145.1882185
node/12364454803,Bench,bench,bench,,,,,,False,-37.954294,145.1933672
node/12364454804,Bench,bench,bench,,,,,,False,-37.9541311,145.1933187
node/12366299028,Bench,bench,bench,,,,,,False,-37.9479257,145.1934633
node/12366299029,Bench,bench,bench,,,,,,False,-37.9473794,145.1933757
node/12366299030,Bench,bench,bench,,,,,,False,-37.9476153,145.193483
node/12373107936,Bench,bench,bench,,,,,,False,-37.7873658,145.0595835
node/12373116819,Bench,bench,bench,,,,,,False,-37.787399,145.0596178
node/12373130645,Bench,bench,bench,,,,,,False,-37.7878651,145.0597897
node/12375921230,Bench,bench,bench,,,,,,False,-37.7797211,144.9769971
node/12375921231,Bench,bench,bench,,,,,,False,-37.779843,144.9770367
node/12376031873,Bench,bench,bench,,,,,,False,-37.9967926,145.1534177
node/12376031874,Bench,bench,bench,,,,,,False,-37.9970208,145.1533857
node/12376031875,Bench,bench,bench,,,,,,False,-37.9987038,145.1552547
node/12376031876,Bench,bench,bench,,,,,,False,-37.9991637,145.1551863
node/12376031877,Bench,bench,bench,,,,,,False,-37.9986741,145.1543966
node/12376031878,Bench,bench,bench,,,,,,False,-37.9984093,145.1544457
node/12376047024,Bench,bench,bench,,,,,,False,-38.0041168,145.1685277
node/12376047025,Bench,bench,bench,,,,,,False,-38.0024057,145.169846
node/12376053277,Bench,bench,bench,,,,,,False,-38.0042107,145.1687937
node/12377211789,Bench,bench,bench,,,,,,False,-37.821456,145.0027097
node/12381264466,Bench,bench,bench,,,,,,False,-37.7495348,145.3087321
node/12381264467,Bench,bench,bench,,,,,,False,-37.7495591,145.3087452
node/12381335809,Bench,bench,bench,,,,,,False,-37.7444928,145.3110167
node/12382007386,Bench,bench,bench,,,,,,False,-37.8077702,145.0622304
node/12382190769,Bench,bench,bench,,,,,,False,-37.8634953,144.8836603
node/12384761052,Bench,bench,bench,,,,,,False,-38.1995879,145.0639401
node/12385775106,Bench,bench,bench,,,,,,False,-37.7796779,144.9759346
node/12385775107,Bench,bench,bench,,,,,,False,-37.7796758,144.9759101
node/12387713061,Bench,bench,bench,,,,,,False,-37.85813,144.9025326
node/12387767076,Bench,bench,bench,,,,,,False,-37.85857,144.9023438
node/12387767077,Bench,bench,bench,,,,,,False,-37.8588913,144.9024492
node/12387767079,Bench,bench,bench,,,,,,False,-37.8590229,144.9024875
node/12387767080,Bench,bench,bench,,,,,,False,-37.8583941,144.9023811
node/12389223838,Bench,bench,bench,,,,,,False,-37.823676,145.0033854
node/12389288612,Bench,bench,bench,,,,,,False,-37.8524494,144.8997701
node/12389288613,Bench,bench,bench,,,,,,False,-37.852758,144.8999918
node/12389288614,Bench,bench,bench,,,,,,False,-37.8531394,144.9004687
node/12389288616,Bench,bench,bench,,,,,,False,-37.8536727,144.9008967
node/12389342293,Bench,bench,bench,,,,,,False,-37.8674375,144.9096591
node/12389473354,Bench,bench,bench,,,,,,False,-37.8663873,144.9747903
node/12392117412,Bench,bench,bench,,,,,,False,-37.8223212,144.9996266
node/12392117413,Bench,bench,bench,,,,,,False,-37.8223332,144.9997714
node/12392117414,Bench,bench,bench,,,,,,False,-37.8224766,144.9995741
node/12392877931,Bench,bench,bench,,,,,,False,-37.822542,144.99997
node/12392890699,Bench,bench,bench,,,,,,False,-37.8244674,144.9893586
node/12392890700,Bench,bench,bench,,,,,,False,-37.8243497,144.9892697
node/12393491899,Bench,bench,bench,,,,,,False,-37.6397056,144.9154312
node/12393491900,Bench,bench,bench,,,,,,False,-37.6397127,144.9153037
node/12395162537,Bench,bench,bench,,,,,,False,-37.8670515,144.7710932
node/12395162628,Bench,bench,bench,,,,,,False,-37.8674423,144.7664271
node/12395162629,Bench,bench,bench,,,,,,False,-37.8675944,144.7664252
node/12397936980,Bench,bench,bench,,,,,,False,-38.0281595,145.2722375
node/12403805891,Bench,bench,bench,,,,,,False,-37.7742055,145.2694164
node/12404244206,Bench,bench,bench,,,,,,False,-37.7700227,145.2662519
node/12404244207,Bench,bench,bench,,,,,,False,-37.7718176,145.2708572
node/12404244208,Bench,bench,bench,,,,,,False,-37.7700116,145.2630945
node/12404244209,Bench,bench,bench,,,,,,False,-37.7717153,145.2684498
node/12404244210,Bench,bench,bench,,,,,,False,-37.7703024,145.2639312
node/12414110303,Bench,bench,bench,,,,,,False,-38.364929,145.2031152
node/12414125676,Bench,bench,bench,,,,,,False,-38.3649285,145.203018
node/12414139223,Bench,bench,bench,,,,,,False,-37.6421234,144.8965255
node/12414139224,Bench,bench,bench,,,,,,False,-37.642142,144.8965422
node/12414139225,Bench,bench,bench,,,,,,False,-37.6421038,144.8963669
node/12414139316,Bench,bench,bench,,,,,,False,-37.6423581,144.8963408
node/12414139317,Bench,bench,bench,,,,,,False,-37.6421977,144.8962398
node/12414160461,Bench,bench,bench,,,,,,False,-37.875135,145.2853962
node/12418887633,Bench,bench,bench,,,,,,False,-37.8122865,144.9806225
node/12418887634,Bench,bench,bench,,,,,,False,-37.8139659,144.98073
node/12418888379,Bench,bench,bench,,,,,,False,-37.8117558,144.9798392
node/12418998227,Bench,bench,bench,,,,,,False,-37.8124968,144.9806003
node/12419017066,Bench,bench,bench,,,,,,False,-37.8147623,144.9814413
node/12419046226,Bench,bench,bench,,,,,,False,-37.8127157,144.9805394
node/12419048866,Bench,bench,bench,,,,,,False,-37.8120938,144.9806578
node/12419052893,Bench,bench,bench,,,,,,False,-37.81437,144.9810748
node/12419058816,Bench,bench,bench,,,,,,False,-37.8141335,144.9809115
node/12419063636,Bench,bench,bench,,,,,,False,-37.8136608,144.9805148
node/12419070911,Bench,bench,bench,,,,,,False,-37.8133627,144.9809907
node/12419491946,Bench,bench,bench,,,,,,False,-37.6504338,144.9046517
node/12419491947,Bench,bench,bench,,,,,,False,-37.650928,144.9044002
node/12422105194,Bench,bench,bench,,,,,,False,-37.8389892,144.9786283
node/12422106545,Bench,bench,bench,,,,,,False,-37.8407732,144.9788165
node/12422117998,Bench,bench,bench,,,,,,False,-37.8424215,144.9815915
node/12422125635,Bench,bench,bench,,,,,,False,-37.8423709,144.979663
node/12422130755,Bench,bench,bench,,,,,,False,-37.8390535,144.9785675
node/12422144079,Bench,bench,bench,,,,,,False,-37.8422655,144.9797765
node/12422149816,Bench,bench,bench,,,,,,False,-37.8419436,144.9795578
node/12422152977,Bench,bench,bench,,,,,,False,-37.8424847,144.9819773
node/12422161082,Bench,bench,bench,,,,,,False,-37.8419606,144.9796399
node/12422161617,Bench,bench,bench,,,,,,False,-37.8429489,144.9797373
node/12422161913,Bench,bench,bench,,,,,,False,-37.8375946,144.9778874
node/12422165958,Bench,bench,bench,,,,,,False,-37.8420547,144.9813667
node/12422169662,Bench,bench,bench,,,,,,False,-37.8401741,144.9785719
node/12422170562,Bench,bench,bench,,,,,,False,-37.8391027,144.9785036
node/12422171981,Bench,bench,bench,,,,,,False,-37.8427634,144.9820579
node/12422173831,Bench,bench,bench,,,,,,False,-37.8400333,144.9785314
node/12422173832,Bench,bench,bench,,,,,,False,-37.8380578,144.9782415
node/12422176226,Bench,bench,bench,,,,,,False,-37.8421114,144.9794229
node/12422176744,Bench,bench,bench,,,,,,False,-37.8441413,144.9824059
node/12422177628,Bench,bench,bench,,,,,,False,-37.8387488,144.978782
node/12423592425,Bench,bench,bench,,,,,,False,-37.8426923,144.981638
node/12423592426,Bench,bench,bench,,,,,,False,-37.8427858,144.9816005
node/12423592427,Bench,bench,bench,,,,,,False,-37.8428752,144.9815535
node/12423592428,Bench,bench,bench,,,,,,False,-37.8389966,144.9814828
node/12423592429,Bench,bench,bench,,,,,,False,-37.8393802,144.9814449
node/12423592430,Bench,bench,bench,,,,,,False,-37.8395113,144.9807599
node/12423592431,Bench,bench,bench,,,,,,False,-37.8390747,144.9802054
node/12423592432,Bench,bench,bench,,,,,,False,-37.8386833,144.9795523
node/12423592435,Bench,bench,bench,,,,,,False,-37.8432454,144.9798899
node/12423592436,Bench,bench,bench,,,,,,False,-37.8432938,144.9798627
node/12423592437,Bench,bench,bench,,,,,,False,-37.8449745,144.9822388
node/12423653078,Bench,bench,bench,,,,,,False,-37.8121689,144.9792718
node/12423912496,Bench,bench,bench,,,,,,False,-37.8134597,144.9799544
node/12423986045,Bench,bench,bench,,,,,,False,-37.813089,144.980008
node/12430120095,Bench,bench,bench,,,,,,False,-37.8218285,144.9730928
node/12430137899,Bench,bench,bench,,,,,,False,-37.8219123,144.973271
node/12432329248,Bench,bench,bench,,,,,,False,-37.9786437,145.2302723
node/12432943465,Bench,bench,bench,,,,,,False,-37.8232305,144.9727231
node/12432952013,Bench,bench,bench,,,,,,False,-37.8234527,144.9722672
node/12433020146,Bench,bench,bench,,,,,,False,-38.1936843,145.1575181
node/12433073588,Bench,bench,bench,,,,,,False,-38.1924625,145.0819623
node/12433118785,Bench,bench,bench,,,,,,False,-37.8001215,144.9970854
node/12433118786,Bench,bench,bench,,,,,,False,-37.8001129,144.9970858
node/12433282038,Bench,bench,bench,,,,,,False,-37.9837432,145.2178552
node/12433282039,Bench,bench,bench,,,,,,False,-37.9834636,145.2175737
node/12433282040,Bench,bench,bench,,,,,,False,-37.9835073,145.2179059
node/12433282041,Bench,bench,bench,,,,,,False,-37.9837221,145.2176397
node/12433282042,Bench,bench,bench,,,,,,False,-37.98373,145.2176975
node/12433282043,Bench,bench,bench,,,,,,False,-37.9837079,145.2175352
node/12435160139,Bench,bench,bench,,,,,,False,-38.1428656,145.1539958
node/12435160140,Bench,bench,bench,,,,,,False,-38.1428025,145.1541646
node/12435710854,Bench,bench,bench,,,,,,False,-37.7240901,144.87135
node/12435710855,Bench,bench,bench,,,,,,False,-37.7241966,144.8714222
node/12435710856,Bench,bench,bench,,,,,,False,-37.724242,144.8712068
node/12435710860,Bench,bench,bench,,,,,,False,-37.7237582,144.8568415
node/12448621132,Bench,bench,bench,,,,,,False,-37.8835644,145.06359
node/12448621133,Bench,bench,bench,,,,,,False,-37.8835866,145.0635846
node/12448621192,Bench,bench,bench,,,,,,False,-37.8820465,145.0637808
node/12448621193,Bench,bench,bench,,,,,,False,-37.8820584,145.0637806
node/12453049829,Bench,bench,bench,,,,,,False,-37.8811738,145.0894684
node/12455066971,Bench,bench,bench,,,,,,False,-37.8688856,145.074032
node/12455066972,Bench,bench,bench,,,,,,False,-37.8688576,145.0741021
node/12462506659,Bench,bench,bench,,,,,,False,-37.7569642,145.3695886
node/12462872253,Bench,bench,bench,,,,,,False,-37.8716077,145.0851286
node/12462872278,Bench,bench,bench,,,,,,False,-37.8681277,145.0853781
node/12462872279,Bench,bench,bench,,,,,,False,-37.8678395,145.0853716
node/12466388777,Bench,bench,bench,,,,,,False,-37.7618476,145.0617039
node/12466621856,Bench,bench,bench,,,,,,False,-37.9241009,145.3337702
node/12466722998,Bench,bench,bench,,,,,,False,-37.9100634,145.3549862
node/12466722999,Bench,bench,bench,,,,,,False,-37.9101199,145.3549917
node/12466753622,Bench,bench,bench,,,,,,False,-37.8845051,145.3704722
node/12466753623,Bench,bench,bench,,,,,,False,-37.8845351,145.3704603
node/12467680995,Bench,bench,bench,,,,,,False,-38.0064614,145.1586082
node/12467702802,Bench,bench,bench,,,,,,False,-38.0042196,145.1631943
node/12467702804,Bench,bench,bench,,,,,,False,-38.004416,145.1628189
node/12467702810,Bench,bench,bench,,,,,,False,-38.0019837,145.1593732
node/12467702812,Bench,bench,bench,,,,,,False,-38.0027496,145.1591066
node/12467702815,Bench,bench,bench,,,,,,False,-38.0068054,145.1562657
node/12467702818,Bench,bench,bench,,,,,,False,-38.0067888,145.1767281
node/12470784278,Bench,bench,bench,,,,,,False,-37.8710493,145.0886615
node/12470784282,Bench,bench,bench,,,,,,False,-37.871963,145.0907662
node/12471343735,Bench,bench,bench,,,,,,False,-38.0630831,145.296075
node/12473113783,Bench,bench,bench,,,,,,False,-38.0802951,145.3371723
node/12473113784,Bench,bench,bench,,,,,,False,-38.0803121,145.3374175
node/12473113785,Bench,bench,bench,,,,,,False,-38.0800695,145.3372138
node/12473113786,Bench,bench,bench,,,,,,False,-38.0798039,145.3370042
node/12473113787,Bench,bench,bench,,,,,,False,-38.0800026,145.3377589
node/12473113788,Bench,bench,bench,,,,,,False,-38.0799793,145.3377886
node/12473113809,Bench,bench,bench,,,,,,False,-38.0798938,145.338118
node/12473113816,Bench,bench,bench,,,,,,False,-38.080202,145.3378362
node/12473113817,Bench,bench,bench,,,,,,False,-38.0802626,145.3378127
node/12473113818,Bench,bench,bench,,,,,,False,-38.0802737,145.3379105
node/12473113819,Bench,bench,bench,,,,,,False,-38.080318,145.3378787
node/12473113851,Bench,bench,bench,,,,,,False,-38.0802206,145.3378814
node/12473170753,Bench,bench,bench,,,,,,False,-38.0975516,145.3328758
node/12473170754,Bench,bench,bench,,,,,,False,-38.0975443,145.3327564
node/12473170755,Bench,bench,bench,,,,,,False,-38.0975245,145.3326316
node/12474503745,Bench,bench,bench,,,,,,False,-38.123747,145.3321028
node/12474513855,Bench,bench,bench,,,,,,False,-38.1285134,145.330494
node/12474524494,Bench,bench,bench,,,,,,False,-38.1282936,145.3305223
node/12474524495,Bench,bench,bench,,,,,,False,-38.1280081,145.330694
node/12474539744,Bench,bench,bench,,,,,,False,-38.1245794,145.3318817
node/12474539802,Bench,bench,bench,,,,,,False,-38.1283199,145.3305839
node/12474540563,Bench,bench,bench,,,,,,False,-38.1243991,145.3313476
node/12474541335,Bench,bench,bench,,,,,,False,-38.1279552,145.3305916
node/12474548406,Bench,bench,bench,,,,,,False,-38.124447,145.3313409
node/12475098059,Bench,bench,bench,,,,,,False,-37.7275918,145.0293862
node/12475098078,Bench,bench,bench,,,,,,False,-37.7276337,145.0291868
node/12475206866,Bench,bench,bench,,,,,,False,-37.823202,145.0977048
node/12479660711,Bench,bench,bench,,,,,,False,-37.8704068,144.905701
node/12479660712,Bench,bench,bench,,,,,,False,-37.8697881,144.9075187
node/12479660713,Bench,bench,bench,,,,,,False,-37.8675551,144.9126071
node/12479660714,Bench,bench,bench,,,,,,False,-37.8675388,144.9126852
node/12479660715,Bench,bench,bench,,,,,,False,-37.867512,144.9127612
node/12479660716,Bench,bench,bench,,,,,,False,-37.8674806,144.9128301
node/12479660717,Bench,bench,bench,,,,,,False,-37.8674447,144.9128964
node/12479660718,Bench,bench,bench,,,,,,False,-37.8674013,144.9129568
node/12479660719,Bench,bench,bench,,,,,,False,-37.8673533,144.9130117
node/12479660720,Bench,bench,bench,,,,,,False,-37.8673009,144.9130602
node/12479660721,Bench,bench,bench,,,,,,False,-37.867247,144.9130996
node/12479660722,Bench,bench,bench,,,,,,False,-37.867188,144.9131326
node/12479809958,Bench,bench,bench,,,,,,False,-37.8893215,145.3173462
node/12479809964,Bench,bench,bench,,,,,,False,-37.8892995,145.3172263
node/12479809965,Bench,bench,bench,,,,,,False,-37.8892468,145.3172584
node/12479869555,Bench,bench,bench,,,,,,False,-37.9097096,145.1330637
node/12479869556,Bench,bench,bench,,,,,,False,-37.90974,145.1330795
node/12479869557,Bench,bench,bench,,,,,,False,-37.9097248,145.1329626
node/12479869558,Bench,bench,bench,,,,,,False,-37.9099112,145.1330891
node/12479869559,Bench,bench,bench,,,,,,False,-37.9099128,145.1330596
node/12479869560,Bench,bench,bench,,,,,,False,-37.9098599,145.1331125
node/12479911729,Bench,bench,bench,,,,,,False,-38.0612917,145.2852846
node/12479911730,Bench,bench,bench,,,,,,False,-38.0613906,145.2853747
node/12479911731,Bench,bench,bench,,,,,,False,-38.0613305,145.2854471
node/12479911732,Bench,bench,bench,,,,,,False,-38.0611977,145.2852276
node/12479911733,Bench,bench,bench,,,,,,False,-38.0609721,145.2853925
node/12479911734,Bench,bench,bench,,,,,,False,-38.060644,145.2850813
node/12479911735,Bench,bench,bench,,,,,,False,-38.0604948,145.2850674
node/12479911736,Bench,bench,bench,,,,,,False,-38.0602728,145.2850844
node/12479911737,Bench,bench,bench,,,,,,False,-38.0602813,145.2851891
node/12479911738,Bench,bench,bench,,,,,,False,-38.0609606,145.2852708
node/12480143172,Bench,bench,bench,,,,,,False,-37.9362488,145.2517482
node/12480143173,Bench,bench,bench,,,,,,False,-37.9346576,145.2520561
node/12480154984,Bench,bench,bench,,,,,,False,-37.9315774,145.2527897
node/12480159035,Bench,bench,bench,,,,,,False,-37.920841,145.2706544
node/12480159036,Bench,bench,bench,,,,,,False,-37.9238778,145.2698236
node/12480159051,Bench,bench,bench,,,,,,False,-37.9284277,145.2653592
node/12480164979,Bench,bench,bench,,,,,,False,-37.9077698,145.3071963
node/12488317467,Bench,bench,bench,,,,,,False,-37.7862916,145.1072239
node/12491805629,Bench,bench,bench,,,,,,False,-37.867111,145.3155548
node/12494027602,Bench,bench,bench,,,,,,False,-37.7211065,145.1107835
node/12502797752,Bench,bench,bench,,,,,,False,-37.8054651,144.8738284
node/12502899590,Bench,bench,bench,,,,,,False,-37.8051418,144.8739752
node/12502909831,Bench,bench,bench,,,,,,False,-37.8054436,144.8736298
node/12502916957,Bench,bench,bench,,,,,,False,-37.8053583,144.8737378
node/12502925207,Bench,bench,bench,,,,,,False,-37.8054758,144.8739279
node/12502927317,Bench,bench,bench,,,,,,False,-37.8054549,144.8737348
node/12503086405,Bench,bench,bench,,,,,,False,-37.8208519,144.9483569
node/12503151755,Bench,bench,bench,,,,,,False,-37.8209971,144.9478489
node/12505489625,Bench,bench,bench,,,,,,False,-37.8410341,145.1430683
node/12505489626,Bench,bench,bench,,,,,,False,-37.8408466,145.1374367
node/12505489638,Bench,bench,bench,,,,,,False,-37.8417673,145.1429796
node/12505489641,Bench,bench,bench,,,,,,False,-37.8408431,145.1381332
node/12505489643,Bench,bench,bench,,,,,,False,-37.8417549,145.1372412
node/12505598968,Bench,bench,bench,,,,,,False,-37.9382307,145.007497
node/12505671105,Bench,bench,bench,,,,,,False,-37.9375899,145.007411
node/12508646699,Bench,bench,bench,,,,,,False,-37.9047563,145.352401
node/12508680002,Bench,bench,bench,,,,,,False,-37.8872219,145.3521781
node/12508924227,Bench,bench,bench,,,,,,False,-37.8056503,145.3651384
node/12511094927,Bench,bench,bench,,,,,,False,-37.8154627,144.9406292
node/12511094928,Bench,bench,bench,,,,,,False,-37.8152471,144.9410256
node/12511094931,Bench,bench,bench,,,,,,False,-37.8152,144.9411509
node/12511148478,Bench,bench,bench,,,,,,False,-37.840632,145.1060198
node/12511148479,Bench,bench,bench,,,,,,False,-37.8398499,145.1102928
node/12513058229,Bench,bench,bench,,,,,,False,-37.7462631,145.0890206
node/12513058231,Bench,bench,bench,,,,,,False,-37.7463628,145.088847
node/12513156565,Bench,bench,bench,,,,,,False,-37.786869,145.2419367
node/12513156566,Bench,bench,bench,,,,,,False,-37.7874053,145.2435381
node/12513156571,Bench,bench,bench,,,,,,False,-37.7905413,145.2425556
node/12517076831,Bench,bench,bench,,,,,,False,-37.7890077,145.1503679
node/12517314245,Bench,bench,bench,,,,,,False,-37.8511061,145.3363725
node/12517392678,Bench,bench,bench,,,,,,False,-37.8760323,145.3190233
node/12517750242,Bench,bench,bench,,,,,,False,-37.8599562,145.3820051
node/12519180283,Bench,bench,bench,,,,,,False,-37.8520239,145.3812602
node/12519194221,Bench,bench,bench,,,,,,False,-37.8599854,145.381799
node/12521018353,Bench,bench,bench,,,,,,False,-37.8269609,145.1620696
node/12521018355,Bench,bench,bench,,,,,,False,-37.8279885,145.1619818
node/12521018358,Bench,bench,bench,,,,,,False,-37.827365,145.1605835
node/12521018360,Bench,bench,bench,,,,,,False,-37.8245068,145.1615123
node/12521018361,Bench,bench,bench,,,,,,False,-37.8274228,145.1604791
node/12521852722,Bench,bench,bench,,,,,,False,-37.8561784,145.3883141
node/12525060543,Bench,bench,bench,,,,,,False,-37.7764707,145.136593
node/12525063984,Bench,bench,bench,,,,,,False,-37.7787289,145.1446841
node/12525420131,Bench,bench,bench,,,,,,False,-37.9999285,145.159465
node/12525833114,Bench,bench,bench,,,,,,False,-37.7928264,145.15875
node/12528691324,Bench,bench,bench,,,,,,False,-37.8058471,145.2800848
node/12528691326,Bench,bench,bench,,,,,,False,-37.8085047,145.2774902
node/12528691327,Bench,bench,bench,,,,,,False,-37.8099778,145.2792824
node/12528691331,Bench,bench,bench,,,,,,False,-37.8052154,145.2804744
node/12528691333,Bench,bench,bench,,,,,,False,-37.8052353,145.2804381
node/12528691335,Bench,bench,bench,,,,,,False,-37.8058663,145.2800649
node/12528691336,Bench,bench,bench,,,,,,False,-37.805241,145.2804185
node/12528691337,Bench,bench,bench,,,,,,False,-37.8058543,145.2800693
node/12528711097,Bench,bench,bench,,,,,,False,-37.8085167,145.2801297
node/12528711098,Bench,bench,bench,,,,,,False,-37.8086676,145.2800231
node/12531362259,Bench,bench,bench,,,,,,False,-37.8051726,145.1714053
node/12532819133,Bench,bench,bench,,,,,,False,-37.7664289,145.3547002
node/12532920279,Bench,bench,bench,,,,,,False,-37.7626751,145.352165
node/12532964610,Bench,bench,bench,,,,,,False,-37.7646921,145.3562883
node/12532964628,Bench,bench,bench,,,,,,False,-37.7630919,145.3539495
node/12536513615,Bench,bench,bench,,,,,,False,-37.7030574,144.725505
node/12536513616,Bench,bench,bench,,,,,,False,-37.703153,144.7255662
node/12536513617,Bench,bench,bench,,,,,,False,-37.7031912,144.7257131
node/12536513618,Bench,bench,bench,,,,,,False,-37.70313,144.7258645
node/12536760312,Bench,bench,bench,,,,,,False,-37.707841,144.7241303
node/12537260690,Bench,bench,bench,,,,,,False,-37.7653558,145.1632442
node/12537260696,Bench,bench,bench,,,,,,False,-37.7667987,145.1619106
node/12537260698,Bench,bench,bench,,,,,,False,-37.7667648,145.1619175
node/12537260699,Bench,bench,bench,,,,,,False,-37.7652988,145.1626093
node/12538612412,Bench,bench,bench,,,,,,False,-37.7190882,144.7361789
node/12538612457,Bench,bench,bench,,,,,,False,-37.713963,144.7293883
node/12538714968,Bench,bench,bench,,,,,,False,-37.7189628,144.7207928
node/12538714969,Bench,bench,bench,,,,,,False,-37.7182463,144.7209263
node/12538714970,Bench,bench,bench,,,,,,False,-37.7175252,144.7210774
node/12538714971,Bench,bench,bench,,,,,,False,-37.7167413,144.721216
node/12538714972,Bench,bench,bench,,,,,,False,-37.7155902,144.72175
node/12540033717,Bench,bench,bench,,,,,,False,-37.8426179,145.1457688
node/12541742061,Bench,bench,bench,,,,,,False,-37.7195499,144.73351
node/12541742062,Bench,bench,bench,,,,,,False,-37.7195793,144.733507
node/12542983581,Bench,bench,bench,,,,,,False,-37.8393995,145.0954048
node/12542983582,Bench,bench,bench,,,,,,False,-37.839349,145.0954278
node/12542983583,Bench,bench,bench,,,,,,False,-37.83915,145.0959152
node/12542983584,Bench,bench,bench,,,,,,False,-37.8395202,145.0953658
node/12542983585,Bench,bench,bench,,,,,,False,-37.8394586,145.0953876
node/12542983589,Bench,bench,bench,,,,,,False,-37.839258,145.0955934
node/12542983592,Bench,bench,bench,,,,,,False,-37.8392277,145.0956324
node/12544976715,Bench,bench,bench,,,,,,False,-37.7766793,145.142144
node/12544976720,Bench,bench,bench,,,,,,False,-37.7741247,145.1356803
node/12544976732,Bench,bench,bench,,,,,,False,-37.7769988,145.143346
node/12545738119,Bench,bench,bench,,,,,,False,-37.7142885,144.7287064
node/12545738120,Bench,bench,bench,,,,,,False,-37.7142716,144.728868
node/12545738121,Bench,bench,bench,,,,,,False,-37.7142866,144.7291077
node/12545818086,Bench,bench,bench,,,,,,False,-37.7141429,144.7299123
node/12545818087,Bench,bench,bench,,,,,,False,-37.7144314,144.7295596
node/12545818094,Bench,bench,bench,,,,,,False,-37.713848,144.7298774
node/12547809136,Bench,bench,bench,,,,,,False,-37.9466532,145.2204954
node/12547809140,Bench,bench,bench,,,,,,False,-37.9485409,145.2227799
node/12547809142,Bench,bench,bench,,,,,,False,-37.9502083,145.2238541
node/12547809144,Bench,bench,bench,,,,,,False,-37.9466991,145.2209656
node/12547809146,Bench,bench,bench,,,,,,False,-37.9472562,145.2225694
node/12547809149,Bench,bench,bench,,,,,,False,-37.94584,145.2198203
node/12547809152,Bench,bench,bench,,,,,,False,-37.9444672,145.2203843
node/12547809157,Bench,bench,bench,,,,,,False,-37.9482143,145.2228393
node/12547809159,Bench,bench,bench,,,,,,False,-37.9461693,145.2233062
node/12547809163,Bench,bench,bench,,,,,,False,-37.9502955,145.2261332
node/12547809165,Bench,bench,bench,,,,,,False,-37.9480727,145.2244339
node/12547809176,Bench,bench,bench,,,,,,False,-37.9461247,145.2204012
node/12547809183,Bench,bench,bench,,,,,,False,-37.9498601,145.2227777
node/12547809184,Bench,bench,bench,,,,,,False,-37.943414,145.2218788
node/12547809185,Bench,bench,bench,,,,,,False,-37.9476149,145.2231449
node/12547809186,Bench,bench,bench,,,,,,False,-37.9467559,145.2213144
node/12549861593,Bench,bench,bench,,,,,,False,-37.8429241,145.1162036
node/12549861596,Bench,bench,bench,,,,,,False,-37.8434829,145.116558
node/12550069683,Bench,bench,bench,,,,,,False,-38.2185079,145.0388671
node/12550093045,Bench,bench,bench,,,,,,False,-38.2184573,145.0387279
node/12550100114,Bench,bench,bench,,,,,,False,-38.2185798,145.0388592
node/12551617716,Bench,bench,bench,,,,,,False,-37.7107116,144.7293668
node/12553402667,Bench,bench,bench,,,,,,False,-37.8370514,145.1012722
node/12553421088,Bench,bench,bench,,,,,,False,-37.8370228,145.0988864
node/12553514786,Bench,bench,bench,,,,,,False,-37.8823665,144.9856154
node/12553589917,Bench,bench,bench,,,,,,False,-37.8817024,144.9848451
node/12553589918,Bench,bench,bench,,,,,,False,-37.881755,144.9848401
node/12553589919,Bench,bench,bench,,,,,,False,-37.8818151,144.9848252
node/12553589920,Bench,bench,bench,,,,,,False,-37.8819043,144.9848025
node/12553589931,Bench,bench,bench,,,,,,False,-37.8819426,144.9857377
node/12553589932,Bench,bench,bench,,,,,,False,-37.8818982,144.9857515
node/12554798947,Bench,bench,bench,,,,,,False,-37.8242804,145.1607848
node/12557506143,Bench,bench,bench,,,,,,False,-37.8258292,145.0681711
node/12557506144,Bench,bench,bench,,,,,,False,-37.8258579,145.0680247
node/12560769928,Bench,bench,bench,,,,,,False,-37.7010587,144.9793453
node/12560769929,Bench,bench,bench,,,,,,False,-37.8872586,145.352193
node/12564817676,Bench,bench,bench,,,,,,False,-37.8713618,144.766358
node/12564817677,Bench,bench,bench,,,,,,False,-37.8713046,144.7664257
node/12564817678,Bench,bench,bench,,,,,,False,-37.8712379,144.7664626
node/12564817766,Bench,bench,bench,,,,,,False,-37.872921,144.7666224
node/12565428654,Bench,bench,bench,,,,,,False,-38.0328915,145.2732803
node/12565428655,Bench,bench,bench,,,,,,False,-38.0328586,145.273302
node/12565428656,Bench,bench,bench,,,,,,False,-38.032609,145.2732972
node/12565428657,Bench,bench,bench,,,,,,False,-38.0326807,145.2733648
node/12566733664,Bench,bench,bench,,,,,,False,-37.8606633,144.7515834
node/12566733665,Bench,bench,bench,,,,,,False,-37.8606796,144.7516013
node/12566733809,Bench,bench,bench,,,,,,False,-37.8642752,144.7561917
node/12567479837,Bench,bench,bench,,,,,,False,-37.8846132,145.3692049
node/12568011460,Bench,bench,bench,,,,,,False,-37.8852794,145.318216
node/12568215822,Bench,bench,bench,,,,,,False,-37.9066673,144.7667788
node/12570636299,Bench,bench,bench,,,,,,False,-37.8662118,144.7706877
node/12570765900,Bench,bench,bench,,,,,,False,-37.9096424,144.7778598
node/12570765901,Bench,bench,bench,,,,,,False,-37.9096907,144.7777651
node/12580966912,Bench,bench,bench,,,,,,False,-37.824567,144.9716627
node/12580966913,Bench,bench,bench,,,,,,False,-37.8240731,144.9713381
node/12580966914,Bench,bench,bench,,,,,,False,-37.8236647,144.9708454
node/12582361423,Bench,bench,bench,,,,,,False,-37.903791,144.7645034
node/12582460971,Bench,bench,bench,,,,,,False,-37.8845809,144.7611151
node/12582460972,Bench,bench,bench,,,,,,False,-37.8845266,144.7611026
node/12582460973,Bench,bench,bench,,,,,,False,-37.8846884,144.7608513
node/12582460974,Bench,bench,bench,,,,,,False,-37.8845026,144.7604394
node/12589901077,Bench,bench,bench,,,,,,False,-37.8736627,145.4018268
node/12589950821,Bench,bench,bench,,,,,,False,-37.8752825,145.3781529
node/12589950822,Bench,bench,bench,,,,,,False,-37.8752616,145.3782055
node/12593390703,Bench,bench,bench,,,,,,False,-37.9122661,144.7657013
node/12593390704,Bench,bench,bench,,,,,,False,-37.9120026,144.7650348
node/12593779662,Bench,bench,bench,,,,,,False,-37.9116693,144.7810066
node/12593779663,Bench,bench,bench,,,,,,False,-37.9115866,144.7811729
node/12594222007,Bench,bench,bench,,,,,,False,-37.9177598,144.7818418
node/12594222008,Bench,bench,bench,,,,,,False,-37.9171358,144.7811746
node/12594222115,Bench,bench,bench,,,,,,False,-37.9179954,144.787629
node/12594222117,Bench,bench,bench,,,,,,False,-37.9161341,144.7886946
node/12596344499,Bench,bench,bench,,,,,,False,-37.9081102,144.7548686
node/12596344500,Bench,bench,bench,,,,,,False,-37.9075998,144.7535922
node/12596344501,Bench,bench,bench,,,,,,False,-37.9070278,144.7537062
node/12596344502,Bench,bench,bench,,,,,,False,-37.9067776,144.7549804
node/12596344503,Bench,bench,bench,,,,,,False,-37.9069972,144.7551614
node/12596344504,Bench,bench,bench,,,,,,False,-37.9072094,144.7552483
node/12597012089,Bench,bench,bench,,,,,,False,-37.9048714,144.7643949
node/12597129082,Bench,bench,bench,,,,,,False,-37.908743,144.7512799
node/12597130115,Bench,bench,bench,,,,,,False,-37.9081684,144.7507173
node/12597130126,Bench,bench,bench,,,,,,False,-37.9075029,144.7509666
node/12603812158,Bench,bench,bench,,,,,,False,-37.6658937,144.7664646
node/12603812159,Bench,bench,bench,,,,,,False,-37.6652574,144.7685749
node/12603812160,Bench,bench,bench,,,,,,False,-37.6644484,144.7674888
node/12603812161,Bench,bench,bench,,,,,,False,-37.6650685,144.7654402
node/12603812163,Bench,bench,bench,,,,,,False,-37.6645093,144.7713444
node/12603812164,Bench,bench,bench,,,,,,False,-37.6641565,144.7715804
node/12603812165,Bench,bench,bench,,,,,,False,-37.6653275,144.7702807
node/12603812166,Bench,bench,bench,,,,,,False,-37.6668359,144.7685501
node/12606129333,Bench,bench,bench,,,,,,False,-37.8823106,144.9855419
node/12606425407,Bench,bench,bench,,,,,,False,-37.7739151,145.1889072
node/12606428819,Bench,bench,bench,,,,,,False,-37.7736234,145.1869733
node/12606433129,Bench,bench,bench,,,,,,False,-37.7711995,145.1868921
node/12609289395,Bench,bench,bench,,,,,,False,-37.7075622,145.6824097
node/12609318711,Bench,bench,bench,,,,,,False,-37.7074969,145.6825681
node/12609319004,Bench,bench,bench,,,,,,False,-37.7074016,145.6828136
node/12609319069,Bench,bench,bench,,,,,,False,-37.7074741,145.6826117
node/12611717728,Bench,bench,bench,,,,,,False,-38.0546164,145.1171575
node/12613958419,Bench,bench,bench,,,,,,False,-37.8938382,144.7335687
node/12613958420,Bench,bench,bench,,,,,,False,-37.8938886,144.733732
node/12613958421,Bench,bench,bench,,,,,,False,-37.8939105,144.7330703
node/12613958422,Bench,bench,bench,,,,,,False,-37.89384,144.7327022
node/12613958423,Bench,bench,bench,,,,,,False,-37.8936771,144.7324202
node/12613958424,Bench,bench,bench,,,,,,False,-37.8936023,144.732136
node/12613958425,Bench,bench,bench,,,,,,False,-37.8936029,144.7321083
node/12620000184,Bench,bench,bench,,,,,,False,-37.8906444,144.7467808
node/12635284906,Bench,bench,bench,,,,,,False,-38.0287911,145.3682743
node/12635284907,Bench,bench,bench,,,,,,False,-38.0287809,145.368367
node/12635284913,Bench,bench,bench,,,,,,False,-38.0264576,145.3670036
node/12635609948,Bench,bench,bench,,,,,,False,-37.8308006,144.6782619
node/12637783361,Bench,bench,bench,,,,,,False,-37.9753877,145.2591411
node/12637809013,Bench,bench,bench,,,,,,False,-37.9817283,145.2631696
node/12637809015,Bench,bench,bench,,,,,,False,-37.9783224,145.2592795
node/12637809016,Bench,bench,bench,,,,,,False,-37.978339,145.2594535
node/12639757049,Bench,bench,bench,,,,,,False,-37.8075389,144.9645836
node/12639763712,Bench,bench,bench,,,,,,False,-37.8075074,144.9645678
node/12640042637,Bench,bench,bench,,,,,,False,-37.8396162,144.9185365
node/12640042638,Bench,bench,bench,,,,,,False,-37.8396501,144.9181798
node/12643310348,Bench,bench,bench,,,,,,False,-37.9784824,145.2595424
node/12646869340,Bench,bench,bench,,,,,,False,-37.8033766,145.3427369
node/12646907466,Bench,bench,bench,,,,,,False,-37.8042152,145.3415808
node/12646909915,Bench,bench,bench,,,,,,False,-37.8027531,145.3414991
node/12646927831,Bench,bench,bench,,,,,,False,-37.8027101,145.340619
node/12647381341,Bench,bench,bench,,,,,,False,-37.9299851,145.1926732
node/12647381342,Bench,bench,bench,,,,,,False,-37.929939,145.1926307
node/12647381343,Bench,bench,bench,,,,,,False,-37.9297813,145.1929488
node/12647381344,Bench,bench,bench,,,,,,False,-37.9300182,145.1930444
node/12648223405,Bench,bench,bench,,,,,,False,-37.9091944,144.6068024
node/12650958753,Bench,bench,bench,,,,,,False,-37.8030135,145.3275817
node/12650958782,Bench,bench,bench,,,,,,False,-37.8026483,145.3273529
node/12651124150,Bench,bench,bench,,,,,,False,-37.8020617,145.3571273
node/12651159163,Bench,bench,bench,,,,,,False,-37.8486901,144.9918441
node/12651159164,Bench,bench,bench,,,,,,False,-37.8486689,144.991813
node/12651159165,Bench,bench,bench,,,,,,False,-37.8486636,144.9917302
node/12655564296,Bench,bench,bench,,,,,,False,-37.8110586,145.3426618
node/12657609369,Bench,bench,bench,,,,,,False,-37.8171669,144.9905286
node/12657620338,Bench,bench,bench,,,,,,False,-37.9748463,145.1880627
node/12658231138,Bench,bench,bench,,,,,,False,-37.904971,144.6285161
node/12662113563,Bench,bench,bench,,,,,,False,-37.8071091,145.3339879
node/12666268365,Bench,bench,bench,,,,,,False,-37.9138515,144.6457807
node/12666268366,Bench,bench,bench,,,,,,False,-37.9138748,144.6457794
node/12666268367,Bench,bench,bench,,,,,,False,-37.9140128,144.6457736
node/12666268368,Bench,bench,bench,,,,,,False,-37.9140353,144.6457729
node/12671269081,Bench,bench,bench,,,,,,False,-37.8108693,145.0923848
node/12671269082,Bench,bench,bench,,,,,,False,-37.8108693,145.0924191
node/12672145587,Bench,bench,bench,,,,,,False,-37.668727,145.1575403
node/12672234175,Bench,bench,bench,,,,,,False,-37.6683602,145.1573586
node/12672234243,Bench,bench,bench,,,,,,False,-37.6682944,145.1565807
node/12672234244,Bench,bench,bench,,,,,,False,-37.6684276,145.1565727
node/12672234245,Bench,bench,bench,,,,,,False,-37.668512,145.1572862
node/12672234246,Bench,bench,bench,,,,,,False,-37.6684133,145.1571051
node/12672245868,Bench,bench,bench,,,,,,False,-37.6684913,145.1570228
node/12678170879,Bench,bench,bench,,,,,,False,-37.7931743,145.0647659
node/12687089136,Bench,bench,bench,,,,,,False,-37.9847883,145.2618303
node/12687089140,Bench,bench,bench,,,,,,False,-37.982851,145.2627599
node/12695628167,Bench,bench,bench,,,,,,False,-37.7679393,145.356983
node/12695750072,Bench,bench,bench,,,,,,False,-37.7767184,145.3590968
node/12695786593,Bench,bench,bench,,,,,,False,-37.7784368,145.3610593
node/12695786598,Bench,bench,bench,,,,,,False,-37.7791189,145.3608872
node/12695786599,Bench,bench,bench,,,,,,False,-37.780666,145.362142
node/12695786600,Bench,bench,bench,,,,,,False,-37.781905,145.3625017
node/12695798503,Bench,bench,bench,,,,,,False,-37.7897825,145.3603434
node/12695798504,Bench,bench,bench,,,,,,False,-37.7868363,145.3612255
node/12706200198,Bench,bench,bench,,,,,,False,-37.9827834,145.2581986
node/12706210290,Bench,bench,bench,,,,,,False,-37.9836843,145.2601228
node/12706303670,Bench,bench,bench,,,,,,False,-37.9838958,145.260499
node/12706327425,Bench,bench,bench,,,,,,False,-37.9832074,145.2587105
node/12706327501,Bench,bench,bench,,,,,,False,-37.9840137,145.2608113
node/12709672657,Bench,bench,bench,,,,,,False,-37.881477,144.8080844
node/12709800889,Bench,bench,bench,,,,,,False,-37.8701511,144.828985
node/12709800892,Bench,bench,bench,,,,,,False,-37.8700132,144.8290216
node/12709800893,Bench,bench,bench,,,,,,False,-37.8702288,144.829216
node/12709800894,Bench,bench,bench,,,,,,False,-37.8702525,144.8288531
node/12724635920,Bench,bench,bench,,,,,,False,-37.9247966,145.1203632
node/12728858885,Bench,bench,bench,,,,,,False,-37.744012,144.9087384
node/12735503488,Bench,bench,bench,,,,,,False,-37.8312299,145.134549
node/12735532734,Bench,bench,bench,,,,,,False,-37.8329497,145.1312147
node/12743820110,Bench,bench,bench,,,,,,False,-37.8948238,145.0536923
node/12743820111,Bench,bench,bench,,,,,,False,-37.895586,145.0548292
node/12743820114,Bench,bench,bench,,,,,,False,-37.8948374,145.0480589
node/12743820115,Bench,bench,bench,,,,,,False,-37.8949301,145.0488386
node/12743820117,Bench,bench,bench,,,,,,False,-37.8950994,145.0505353
node/12749414060,Bench,bench,bench,,,,,,False,-37.8439681,145.3726704
node/12749853694,Bench,bench,bench,,,,,,False,-37.8696384,144.8297753
node/12749853695,Bench,bench,bench,,,,,,False,-37.8702181,144.8298247
node/12768164663,Bench,bench,bench,,,,,,False,-37.8655075,144.8386738
node/12768242427,Bench,bench,bench,,,,,,False,-37.9246527,145.0011598
node/12768242442,Bench,bench,bench,,,,,,False,-37.9247212,145.0010046
node/12768242443,Bench,bench,bench,,,,,,False,-37.9246836,145.0009952
node/12768332182,Bench,bench,bench,,,,,,False,-37.8181815,145.1089857
node/12768332183,Bench,bench,bench,,,,,,False,-37.8181698,145.1087471
node/12787472269,Bench,bench,bench,,,,,,False,-37.8868563,145.3174365
node/12787472270,Bench,bench,bench,,,,,,False,-37.8868842,145.3173577
node/12787472284,Bench,bench,bench,,,,,,False,-37.8867528,145.3172775
node/12787472285,Bench,bench,bench,,,,,,False,-37.8867263,145.317307
node/12787488795,Bench,bench,bench,,,,,,False,-37.8807041,145.3187552
node/12787515595,Bench,bench,bench,,,,,,False,-37.8775242,145.3193742
node/12787521008,Bench,bench,bench,,,,,,False,-37.8761635,145.3204145
node/12787521009,Bench,bench,bench,,,,,,False,-37.8761456,145.3204634
node/12787521024,Bench,bench,bench,,,,,,False,-37.8787434,145.3190327
node/12790648772,Bench,bench,bench,,,,,,False,-37.8334963,145.092309
node/12799700619,Bench,bench,bench,,,,,,False,-37.8769121,144.686315
node/12799700620,Bench,bench,bench,,,,,,False,-37.8769408,144.6863179
node/12799700623,Bench,bench,bench,,,,,,False,-37.8771411,144.6861575
node/12799700624,Bench,bench,bench,,,,,,False,-37.8771441,144.6861884
node/12799700631,Bench,bench,bench,,,,,,False,-37.8755189,144.6888396
node/12799700636,Bench,bench,bench,,,,,,False,-37.8726232,144.6854846
node/12799700637,Bench,bench,bench,,,,,,False,-37.872645,144.685501
node/12799700638,Bench,bench,bench,,,,,,False,-37.877813,144.6930645
node/12799700639,Bench,bench,bench,,,,,,False,-37.8778077,144.6930055
node/12799700640,Bench,bench,bench,,,,,,False,-37.8778066,144.6929486
node/12799700641,Bench,bench,bench,,,,,,False,-37.8778121,144.6928893
node/12799700642,Bench,bench,bench,,,,,,False,-37.8777897,144.6927833
node/12799700643,Bench,bench,bench,,,,,,False,-37.8777861,144.6927555
node/12799700644,Bench,bench,bench,,,,,,False,-37.8777836,144.6927306
node/12799700717,Bench,bench,bench,,,,,,False,-37.8777088,144.6920483
node/12799700718,Bench,bench,bench,,,,,,False,-37.877713,144.6920805
node/12799700719,Bench,bench,bench,,,,,,False,-37.8777156,144.6921035
node/12799700720,Bench,bench,bench,,,,,,False,-37.877653,144.6916712
node/12799700721,Bench,bench,bench,,,,,,False,-37.8762673,144.6912747
node/12799700722,Bench,bench,bench,,,,,,False,-37.8764163,144.6921464
node/12799700723,Bench,bench,bench,,,,,,False,-37.8763879,144.6928879
node/12799700724,Bench,bench,bench,,,,,,False,-37.8764208,144.6932142
node/12800386144,Bench,bench,bench,,,,,,False,-37.8682531,144.68733
node/12800386145,Bench,bench,bench,,,,,,False,-37.8680874,144.687268
node/12800386146,Bench,bench,bench,,,,,,False,-37.8681303,144.6874477
node/12800386147,Bench,bench,bench,,,,,,False,-37.8683784,144.6874765
node/12800386153,Bench,bench,bench,,,,,,False,-37.8684985,144.6873326
node/12800386365,Bench,bench,bench,,,,,,False,-37.8650821,144.6873484
node/12800386366,Bench,bench,bench,,,,,,False,-37.8650784,144.6873871
node/12800386454,Bench,bench,bench,,,,,,False,-37.8656001,144.7001886
node/12800386455,Bench,bench,bench,,,,,,False,-37.8656602,144.6999329
node/12800386456,Bench,bench,bench,,,,,,False,-37.8658229,144.7000719
node/12800386467,Bench,bench,bench,,,,,,False,-37.8727827,144.6855941
node/12801225673,Bench,bench,bench,,,,,,False,-37.8173247,145.0008714
node/12801225674,Bench,bench,bench,,,,,,False,-37.8162936,145.0010445
node/12805090251,Bench,bench,bench,,,,,,False,-37.8172436,144.9823838
node/12805153789,Bench,bench,bench,,,,,,False,-37.816566,144.9819951
node/12805165682,Bench,bench,bench,,,,,,False,-37.8164911,144.9820671
node/12805205161,Bench,bench,bench,,,,,,False,-37.8195146,144.9867493
node/12805213454,Bench,bench,bench,,,,,,False,-37.8163621,144.9799795
node/12805215277,Bench,bench,bench,,,,,,False,-37.8219726,144.9869214
node/12805220729,Bench,bench,bench,,,,,,False,-37.8172346,144.9824417
node/12805220730,Bench,bench,bench,,,,,,False,-37.819499,144.9867298
node/12805223029,Bench,bench,bench,,,,,,False,-37.8164285,144.9805564
node/12805224681,Bench,bench,bench,,,,,,False,-37.8165149,144.9812283
node/12805227132,Bench,bench,bench,,,,,,False,-37.8163398,144.9801727
node/12805230227,Bench,bench,bench,,,,,,False,-37.821731,144.9869201
node/12805232916,Bench,bench,bench,,,,,,False,-37.8193239,144.9866022
node/12805233205,Bench,bench,bench,,,,,,False,-37.823741,144.9904087
node/12805235013,Bench,bench,bench,,,,,,False,-37.817551,144.9824983
node/12805235297,Bench,bench,bench,,,,,,False,-37.8164816,144.9820827
node/12805237455,Bench,bench,bench,,,,,,False,-37.8191733,144.9863736
node/12805238982,Bench,bench,bench,,,,,,False,-37.8181644,144.9825983
node/12818340321,Bench,bench,bench,,,,,,False,-37.7724602,145.0993218
node/12822547990,Bench,bench,bench,,,,,,False,-37.8765561,145.3770939
node/12822547991,Bench,bench,bench,,,,,,False,-37.8764029,145.3773542
node/12822547992,Bench,bench,bench,,,,,,False,-37.8761469,145.3773735
node/12822547993,Bench,bench,bench,,,,,,False,-37.875987,145.3776831
node/12822547994,Bench,bench,bench,,,,,,False,-37.8754794,145.3784534
node/12822547995,Bench,bench,bench,,,,,,False,-37.8753717,145.3785066
node/12822551509,Bench,bench,bench,,,,,,False,-37.8603341,145.3763848
node/12836462274,Bench,bench,bench,,,,,,False,-37.8390541,144.9803314
node/12836631466,Bench,bench,bench,,,,,,False,-37.8206946,145.1049799
node/12836632132,Bench,bench,bench,,,,,,False,-37.8207135,145.104976
node/12836633504,Bench,bench,bench,,,,,,False,-37.8204661,145.1050883
node/12836634177,Bench,bench,bench,,,,,,False,-37.8196484,145.1056458
node/12836641618,Bench,bench,bench,,,,,,False,-37.8198319,145.1051118
node/12836641980,Bench,bench,bench,,,,,,False,-37.8194292,145.1059781
node/12836642016,Bench,bench,bench,,,,,,False,-37.8196393,145.1053639
node/12836642716,Bench,bench,bench,,,,,,False,-37.8203704,145.1051079
node/12842033820,Bench,bench,bench,,,,,,False,-37.8667221,144.7243394
node/12842033839,Bench,bench,bench,,,,,,False,-37.8617926,144.7335703
node/12842033840,Bench,bench,bench,,,,,,False,-37.8620984,144.7330178
node/12842033841,Bench,bench,bench,,,,,,False,-37.8621272,144.7330509
node/12842033842,Bench,bench,bench,,,,,,False,-37.8618161,144.7336587
node/12842033844,Bench,bench,bench,,,,,,False,-37.8637684,144.7301512
node/12842033845,Bench,bench,bench,,,,,,False,-37.8634157,144.7306519
node/12842033847,Bench,bench,bench,,,,,,False,-37.8644888,144.7282601
node/12842033848,Bench,bench,bench,,,,,,False,-37.8671878,144.7213468
node/12842033849,Bench,bench,bench,,,,,,False,-37.8643069,144.7286068
node/12842033850,Bench,bench,bench,,,,,,False,-37.864725,144.7283084
node/12842033853,Bench,bench,bench,,,,,,False,-37.8672811,144.7236846
node/12842033855,Bench,bench,bench,,,,,,False,-37.8667474,144.7241653
node/12842033856,Bench,bench,bench,,,,,,False,-37.8647349,144.7276721
node/12842033857,Bench,bench,bench,,,,,,False,-37.8671589,144.7213984
node/12842033859,Bench,bench,bench,,,,,,False,-37.8650509,144.72776
node/12842033860,Bench,bench,bench,,,,,,False,-37.8675543,144.7232229
node/12842033861,Bench,bench,bench,,,,,,False,-37.8672099,144.7213135
node/12842033862,Bench,bench,bench,,,,,,False,-37.8642461,144.7286962
node/12842033863,Bench,bench,bench,,,,,,False,-37.8660118,144.725996
node/12842033865,Bench,bench,bench,,,,,,False,-37.8643631,144.728544
node/12842033866,Bench,bench,bench,,,,,,False,-37.8664981,144.7250732
node/12842033867,Bench,bench,bench,,,,,,False,-37.8678309,144.7226473
node/12842033868,Bench,bench,bench,,,,,,False,-37.8671009,144.7234027
node/12842033870,Bench,bench,bench,,,,,,False,-37.8655187,144.7268343
node/12842033871,Bench,bench,bench,,,,,,False,-37.8652522,144.7273114
node/12842033875,Bench,bench,bench,,,,,,False,-37.8644586,144.7283073
node/12842033878,Bench,bench,bench,,,,,,False,-37.8643887,144.7290804
node/12842033879,Bench,bench,bench,,,,,,False,-37.8670245,144.7241311
node/12842033880,Bench,bench,bench,,,,,,False,-37.8644452,144.7283667
node/12842033881,Bench,bench,bench,,,,,,False,-37.8652564,144.7267039
node/12842033882,Bench,bench,bench,,,,,,False,-37.8657608,144.7264328
node/12842033884,Bench,bench,bench,,,,,,False,-37.8628452,144.7314317
node/12842033885,Bench,bench,bench,,,,,,False,-37.864287,144.7287051
node/12842033886,Bench,bench,bench,,,,,,False,-37.8657199,144.7258767
node/12842033887,Bench,bench,bench,,,,,,False,-37.8644041,144.7284645
node/12842033888,Bench,bench,bench,,,,,,False,-37.8663222,144.7247904
node/12842033889,Bench,bench,bench,,,,,,False,-37.866765,144.7246366
node/12843593350,Bench,bench,bench,,,,,,False,-37.8697451,144.7476009
node/12849752649,Bench,bench,bench,,,,,,False,-37.8725403,144.7213787
node/12852197504,Bench,bench,bench,,,,,,False,-37.8389315,144.9804818
node/12856671569,Bench,bench,bench,,,,,,False,-38.3370895,144.9559479
node/12856677037,Bench,bench,bench,,,,,,False,-38.3377151,144.9528198
node/12856678696,Bench,bench,bench,,,,,,False,-38.3360443,144.9571533
node/12856697941,Bench,bench,bench,,,,,,False,-38.3375397,144.953949
node/12856698724,Bench,bench,bench,,,,,,False,-38.3348198,144.9598083
node/12856701247,Bench,bench,bench,,,,,,False,-38.3369598,144.9552765
node/12856702534,Bench,bench,bench,,,,,,False,-38.3370323,144.9551544
node/12856702712,Bench,bench,bench,,,,,,False,-38.3348007,144.9597168
node/12856705565,Bench,bench,bench,,,,,,False,-38.337368,144.9537048
node/12856706474,Bench,bench,bench,,,,,,False,-38.3360481,144.9580841
node/12856708696,Bench,bench,bench,,,,,,False,-38.3358917,144.9585419
node/12856718233,Bench,bench,bench,,,,,,False,-38.3363304,144.9567413
node/12856725047,Bench,bench,bench,,,,,,False,-38.3367348,144.9554443
node/12856726137,Bench,bench,bench,,,,,,False,-38.3361702,144.956955
node/12856733275,Bench,bench,bench,,,,,,False,-38.3367691,144.9566193
node/12856905228,Bench,bench,bench,,,,,,False,-38.3383349,144.9565995
node/12856905234,Bench,bench,bench,,,,,,False,-38.3375384,144.9562514
node/12856905240,Bench,bench,bench,,,,,,False,-38.3377395,144.9563514
node/12856905241,Bench,bench,bench,,,,,,False,-38.3379559,144.95658
node/12860018313,Bench,bench,bench,,,,,,False,-38.3806178,145.0268994
node/12860119176,Bench,bench,bench,,,,,,False,-38.3325189,144.9644393
node/12860119180,Bench,bench,bench,,,,,,False,-38.3321859,144.9648145
node/12860119181,Bench,bench,bench,,,,,,False,-38.3322058,144.964768
node/12860119183,Bench,bench,bench,,,,,,False,-38.3326294,144.9645308
node/12860119189,Bench,bench,bench,,,,,,False,-38.3329933,144.9631585
node/12860119190,Bench,bench,bench,,,,,,False,-38.3328833,144.9642236
node/12860119194,Bench,bench,bench,,,,,,False,-38.3334785,144.9623463
node/12860119198,Bench,bench,bench,,,,,,False,-38.3328172,144.9635864
node/12860156401,Bench,bench,bench,,,,,,False,-38.3325198,144.9647848
node/12860168030,Bench,bench,bench,,,,,,False,-38.3316715,144.9658771
node/12860168044,Bench,bench,bench,,,,,,False,-38.3303884,144.9687639
node/12860168054,Bench,bench,bench,,,,,,False,-38.3292246,144.9713735
node/12860168057,Bench,bench,bench,,,,,,False,-38.3306255,144.9681733
node/12860168065,Bench,bench,bench,,,,,,False,-38.3308054,144.9681517
node/12860168067,Bench,bench,bench,,,,,,False,-38.3291212,144.9713975
node/12860168070,Bench,bench,bench,,,,,,False,-38.3304808,144.9686661
node/12860191938,Bench,bench,bench,,,,,,False,-38.3317632,144.9669652
node/12860191939,Bench,bench,bench,,,,,,False,-38.3332309,144.9639763
node/12860191943,Bench,bench,bench,,,,,,False,-38.3321114,144.9663694
node/12860191944,Bench,bench,bench,,,,,,False,-38.3340324,144.9622561
node/12860191947,Bench,bench,bench,,,,,,False,-38.3317306,144.9670388
node/12860191951,Bench,bench,bench,,,,,,False,-38.3310557,144.968421
node/12860191954,Bench,bench,bench,,,,,,False,-38.3310329,144.9684729
node/12860191955,Bench,bench,bench,,,,,,False,-38.3323615,144.9656192
node/12860191956,Bench,bench,bench,,,,,,False,-38.3312594,144.9680094
node/12860191957,Bench,bench,bench,,,,,,False,-38.3326071,144.9654313
node/12860191959,Bench,bench,bench,,,,,,False,-38.3319759,144.9664306
node/12860191960,Bench,bench,bench,,,,,,False,-38.3329884,144.9658096
node/12860191962,Bench,bench,bench,,,,,,False,-38.3312682,144.9679905
node/12860191964,Bench,bench,bench,,,,,,False,-38.3334319,144.9634797
node/12860191965,Bench,bench,bench,,,,,,False,-38.3331459,144.9641516
node/12860191968,Bench,bench,bench,,,,,,False,-38.3322125,144.9660317
node/12860191971,Bench,bench,bench,,,,,,False,-38.3318991,144.9665843
node/12860191972,Bench,bench,bench,,,,,,False,-38.3335441,144.9632293
node/12860191974,Bench,bench,bench,,,,,,False,-38.3327131,144.9649748
node/12865769920,Bench,bench,bench,,,,,,False,-37.7147445,144.9900773
node/12865769921,Bench,bench,bench,,,,,,False,-37.712892,144.9914666
node/12865769924,Bench,bench,bench,,,,,,False,-37.7142776,144.9901763
node/12865769925,Bench,bench,bench,,,,,,False,-37.7145155,144.9901345
node/12865769926,Bench,bench,bench,,,,,,False,-37.7458488,145.0362224
node/12872480749,Bench,bench,bench,,,,,,False,-37.7168954,145.145474
node/12872533194,Bench,bench,bench,,,,,,False,-38.3471977,144.9307078
node/12872544255,Bench,bench,bench,,,,,,False,-38.3441581,144.93757
node/12872545538,Bench,bench,bench,,,,,,False,-38.3468186,144.931632
node/12872545542,Bench,bench,bench,,,,,,False,-38.3477875,144.929295
node/12872545543,Bench,bench,bench,,,,,,False,-38.3453358,144.9351257
node/12872545545,Bench,bench,bench,,,,,,False,-38.3479772,144.9291483
node/12872545547,Bench,bench,bench,,,,,,False,-38.3468377,144.9316024
node/12872545548,Bench,bench,bench,,,,,,False,-38.3452241,144.9354022
node/12872545552,Bench,bench,bench,,,,,,False,-38.3478048,144.9289508
node/12872545554,Bench,bench,bench,,,,,,False,-38.3479322,144.9290378
node/12872545558,Bench,bench,bench,,,,,,False,-38.3470419,144.9309881
node/12872545560,Bench,bench,bench,,,,,,False,-38.346863,144.9316268
node/12872545562,Bench,bench,bench,,,,,,False,-38.3483978,144.9293502
node/12872551248,Bench,bench,bench,,,,,,False,-38.3379716,144.9523121
node/12875000480,Bench,bench,bench,,,,,,False,-37.9709121,145.0822378
node/12875046529,Bench,bench,bench,,,,,,False,-37.976466,145.0722578
node/12875046532,Bench,bench,bench,,,,,,False,-37.9761938,145.072348
node/12875046533,Bench,bench,bench,,,,,,False,-37.9763489,145.0723238
node/12875050915,Bench,bench,bench,,,,,,False,-37.9745977,145.0684598
node/12875053646,Bench,bench,bench,,,,,,False,-37.9708827,145.0715269
node/12875055011,Bench,bench,bench,,,,,,False,-37.9722371,145.0687052
node/12880804976,Bench,bench,bench,,,,,,False,-37.8086598,145.1403286
node/12880804977,Bench,bench,bench,,,,,,False,-37.8089697,145.1402774
node/12880804978,Bench,bench,bench,,,,,,False,-37.8084005,145.1403795
node/12880804979,Bench,bench,bench,,,,,,False,-37.8082429,145.1404035
node/12894093158,Bench,bench,bench,,,,,,False,-37.8232197,145.0979243
node/12894100318,Bench,bench,bench,,,,,,False,-37.8232022,145.0979274
node/12894103468,Bench,bench,bench,,,,,,False,-37.8232117,145.0979876
node/12894112611,Bench,bench,bench,,,,,,False,-37.8232158,145.0979246
node/12898524938,Bench,bench,bench,,,,,,False,-37.8127874,145.2371647
node/12898524939,Bench,bench,bench,,,,,,False,-37.8123242,145.2365986
node/12898524941,Bench,bench,bench,,,,,,False,-37.8128856,145.2374891
node/12898524942,Bench,bench,bench,,,,,,False,-37.8136816,145.2390924
node/12898524947,Bench,bench,bench,,,,,,False,-37.8127412,145.2370321
node/12898524950,Bench,bench,bench,,,,,,False,-37.8136526,145.2395589
node/12900857475,Bench,bench,bench,,,,,,False,-37.6696682,144.983304
node/12900857478,Bench,bench,bench,,,,,,False,-37.668897,144.9848548
node/12900857480,Bench,bench,bench,,,,,,False,-37.668986,144.9822596
node/12900857494,Bench,bench,bench,,,,,,False,-37.6699501,144.9843362
node/12900857499,Bench,bench,bench,,,,,,False,-37.668695,144.9848956
node/12900970402,Bench,bench,bench,,,,,,False,-37.6692505,144.9825087
node/12913811722,Bench,bench,bench,,,,,,False,-38.3370294,144.9552457
node/12921121347,Bench,bench,bench,,,,,,False,-37.7344348,145.0115335
node/12921121348,Bench,bench,bench,,,,,,False,-37.7344276,145.0115773
node/12921121350,Bench,bench,bench,,,,,,False,-37.7346426,145.0116349
node/12921121372,Bench,bench,bench,,,,,,False,-37.7348073,145.011711
node/12921121373,Bench,bench,bench,,,,,,False,-37.7346337,145.0114219
node/12921121374,Bench,bench,bench,,,,,,False,-37.7348365,145.0109642
node/12921121375,Bench,bench,bench,,,,,,False,-37.7348005,145.0106704
node/12921121376,Bench,bench,bench,,,,,,False,-37.7343522,145.0106482
node/12922499349,Bench,bench,bench,,,,,,False,-37.8310839,144.9729983
node/12922499350,Bench,bench,bench,,,,,,False,-37.8311751,144.9732826
node/12922499352,Bench,bench,bench,,,,,,False,-37.8323062,144.9731139
node/12928826611,Bench,bench,bench,,,,,,False,-37.8706964,144.9807458
node/12928826612,Bench,bench,bench,,,,,,False,-37.8706961,144.9806932
node/12928826614,Bench,bench,bench,,,,,,False,-37.8706501,144.9806553
node/12950685949,Bench,bench,bench,,,,,,False,-37.6190677,144.9153521
node/12950685950,Bench,bench,bench,,,,,,False,-37.6188735,144.9155693
node/12950975556,Bench,bench,bench,,,,,,False,-37.8327825,144.9728219
node/12951192627,Bench,bench,bench,,,,,,False,-37.6196286,144.91811
node/12951192628,Bench,bench,bench,,,,,,False,-37.6196479,144.9181073
node/12953157550,Bench,bench,bench,,,,Bayside City Council,,False,-37.9226667,145.0005504
node/12953157551,Bench,bench,bench,,,,Bayside City Council,,False,-37.9226706,145.0005347
node/12953157552,Bench,bench,bench,,,,Bayside City Council,,False,-37.9226687,145.0006446
node/12953157553,Bench,bench,bench,,,,Bayside City Council,,False,-37.9225254,145.0006752
node/12953157554,Bench,bench,bench,,,,Bayside City Council,,False,-37.9225904,145.0006403
node/12953157555,Bench,bench,bench,,,,Bayside City Council,,False,-37.922581,145.0006369
node/12953157556,Bench,bench,bench,,,,Bayside City Council,,False,-37.9225732,145.0006381
node/12953157557,Bench,bench,bench,,,,Bayside City Council,,False,-37.9225656,145.0006435
node/12953157558,Bench,bench,bench,,,,Bayside City Council,,False,-37.9225478,145.0006671
node/12953157559,Bench,bench,bench,,,,Bayside City Council,,False,-37.9225408,145.0006713
node/12953157560,Bench,bench,bench,,,,Bayside City Council,,False,-37.9225329,145.0006741
node/12953157561,Bench,bench,bench,,,,Bayside City Council,,False,-37.9225154,145.0006731
node/12953157562,Bench,bench,bench,,,,Bayside City Council,,False,-37.9225075,145.0006705
node/12953157563,Bench,bench,bench,,,,Bayside City Council,,False,-37.9224212,145.0005952
node/12953157564,Bench,bench,bench,,,,Bayside City Council,,False,-37.9224106,145.0006225
node/12953157565,Bench,bench,bench,,,,Bayside City Council,,False,-37.9224134,145.0006059
node/12953157566,Bench,bench,bench,,,,Bayside City Council,,False,-37.9225074,145.0004842
node/12953157567,Bench,bench,bench,,,,Bayside City Council,,False,-37.922489,145.0004988
node/12953157568,Bench,bench,bench,,,,Bayside City Council,,False,-37.9224967,145.0004872
node/12953157569,Bench,bench,bench,,,,Bayside City Council,,False,-37.9224767,145.0005328
node/12953157570,Bench,bench,bench,,,,Bayside City Council,,False,-37.922445,145.0005702
node/12953157571,Bench,bench,bench,,,,Bayside City Council,,False,-37.9224651,145.000562
node/12953157572,Bench,bench,bench,,,,Bayside City Council,,False,-37.9226625,145.0006462
node/12953157573,Bench,bench,bench,,,,Bayside City Council,,False,-37.9226721,145.0006374
node/12953157574,Bench,bench,bench,,,,Bayside City Council,,False,-37.9226683,145.0005278
node/12953157575,Bench,bench,bench,,,,Bayside City Council,,False,-37.9226622,145.000557
node/12953157576,Bench,bench,bench,,,,Bayside City Council,,False,-37.9226609,145.0006016
node/12953157577,Bench,bench,bench,,,,Bayside City Council,,False,-37.9226694,145.0005439
node/12953157583,Bench,bench,bench,,,,Bayside City Council,,False,-37.9226673,145.000621
node/12953157584,Bench,bench,bench,,,,Bayside City Council,,False,-37.922654,145.0006348
node/12953157585,Bench,bench,bench,,,,Bayside City Council,,False,-37.922658,145.0005231
node/12955560364,Bench,bench,bench,,,,,,False,-37.9861935,145.2670723
node/12959010632,Bench,bench,bench,,,,,,False,-37.9014625,145.363794
node/12959058640,Bench,bench,bench,,,,,,False,-37.8862801,145.359676
node/12959488842,Bench,bench,bench,,,,,,False,-37.9560583,145.0685673
node/12959488843,Bench,bench,bench,,,,,,False,-37.9561072,145.0685544
node/12959488844,Bench,bench,bench,,,,,,False,-37.9559806,145.0679262
node/12959488845,Bench,bench,bench,,,,,,False,-37.9560105,145.0681726
node/12959488846,Bench,bench,bench,,,,,,False,-37.9560609,145.0681578
node/12959488847,Bench,bench,bench,,,,,,False,-37.9560308,145.0679117
node/12959488848,Bench,bench,bench,,,,,,False,-37.9559154,145.0674231
node/12959488849,Bench,bench,bench,,,,,,False,-37.9559666,145.0674127
node/12959488850,Bench,bench,bench,,,,,,False,-37.9559492,145.0676836
node/12959488851,Bench,bench,bench,,,,,,False,-37.9560023,145.0676788
node/12966108313,Bench,bench,bench,,,,,,False,-37.7705268,145.2648853
node/12972155129,Bench,bench,bench,,,,,,False,-37.7477988,144.9595967
node/12972185641,Bench,bench,bench,,,,,,False,-37.7475093,144.9595597
node/12972275694,Bench,bench,bench,,,,,,False,-37.7576038,144.7794179
node/12972337983,Bench,bench,bench,,,,,,False,-37.7539067,144.781395
node/12972367237,Bench,bench,bench,,,,,,False,-37.7538922,144.781282
node/12972367464,Bench,bench,bench,,,,,,False,-37.7549921,144.7817915
node/12972367465,Bench,bench,bench,,,,,,False,-37.7550705,144.7828849
node/12973035821,Bench,bench,bench,,,,,,False,-38.4943825,144.887991
node/12973035833,Bench,bench,bench,,,,,,False,-38.4918989,144.8925182
node/12973059338,Bench,bench,bench,,,,,,False,-38.4906659,144.8994335
node/12973488950,Bench,bench,bench,,,,,,False,-37.7733663,145.2706078
node/12973488958,Bench,bench,bench,,,,,,False,-37.775167,145.2700395
node/12976128235,Bench,bench,bench,,,,,,False,-37.753704,144.962131
node/12976129629,Bench,bench,bench,,,,,,False,-37.7538009,144.9620126
node/12976155940,Bench,bench,bench,,,,,,False,-37.7515593,144.9621335
node/12976554318,Bench,bench,bench,,,,,,False,-37.8263455,144.979463
node/12976768049,Bench,bench,bench,,,,,,False,-37.7904402,145.0854012
node/12981672429,Bench,bench,bench,,,,,,False,-37.7563675,145.0666149
node/12981672430,Bench,bench,bench,,,,,,False,-37.7563812,145.0666477
node/12981672431,Bench,bench,bench,,,,,,False,-37.7563543,145.0665172
node/12981858598,Bench,bench,bench,,,,,,False,-37.8560098,144.6515008
node/12981858599,Bench,bench,bench,,,,,,False,-37.8558337,144.65153
node/12985083055,Bench,bench,bench,,,,,,False,-37.6816465,144.8772369
node/12985704952,Bench,bench,bench,,,,,,False,-37.757026,145.0669137
node/12985704971,Bench,bench,bench,,,,,,False,-37.7565563,145.0659026
node/12985704972,Bench,bench,bench,,,,,,False,-37.756601,145.0659053
node/12985717219,Bench,bench,bench,,,,,,False,-37.7561954,145.0656537
node/12985717220,Bench,bench,bench,,,,,,False,-37.7562232,145.0658899
node/12986915630,Bench,bench,bench,,,,,,False,-37.6802731,144.8967673
node/12986915696,Bench,bench,bench,,,,,,False,-37.6787591,144.9004308
node/12986924441,Bench,bench,bench,,,,,,False,-37.6737978,144.9059526
node/12986924442,Bench,bench,bench,,,,,,False,-37.6739976,144.905359
node/12986924443,Bench,bench,bench,,,,,,False,-37.6735615,144.9058357
node/12986924444,Bench,bench,bench,,,,,,False,-37.6736158,144.9058607
node/12986924445,Bench,bench,bench,,,,,,False,-37.6734404,144.9063101
node/12986924446,Bench,bench,bench,,,,,,False,-37.6734608,144.9063058
node/12986924494,Bench,bench,bench,,,,,,False,-37.6705496,144.9083135
node/12986924495,Bench,bench,bench,,,,,,False,-37.6712637,144.9084841
node/12986964785,Bench,bench,bench,,,,,,False,-37.9978547,144.647131
node/12986964786,Bench,bench,bench,,,,,,False,-37.997843,144.6470948
node/12987699293,Bench,bench,bench,,,,,,False,-37.7561192,145.0648718
node/12999461319,Bench,bench,bench,,,,,,False,-37.8880658,144.6282839
node/12999461320,Bench,bench,bench,,,,,,False,-37.8880673,144.6283078
node/13004689165,Bench,bench,bench,,,,,,False,-37.8164649,144.6781694
node/13004689166,Bench,bench,bench,,,,,,False,-37.816516,144.6782535
node/13005572061,Bench,bench,bench,,,,,,False,-37.8171518,144.8768907
node/13005573089,Bench,bench,bench,,,,,,False,-37.8182791,144.8766292
node/13005594919,Bench,bench,bench,,,,,,False,-37.8177693,144.8771313
node/13005604467,Bench,bench,bench,,,,,,False,-37.8182475,144.8778865
node/13005625830,Bench,bench,bench,,,,,,False,-37.8175474,144.8767717
node/13005640602,Bench,bench,bench,,,,,,False,-37.8143333,144.8725881
node/13005669131,Bench,bench,bench,,,,,,False,-37.8128606,144.8712346
node/13005717446,Bench,bench,bench,,,,,,False,-37.8145273,144.8738701
node/13008474815,Bench,bench,bench,,,,,,False,-37.7167389,145.0509882
node/13008474851,Bench,bench,bench,,,,,,False,-37.7097112,145.0350217
node/13014210989,Bench,bench,bench,,,,,,False,-37.8587426,144.6579271
node/13014210996,Bench,bench,bench,,,,,,False,-37.8597374,144.6580768
node/13014215106,Bench,bench,bench,,,,,,False,-37.8598226,144.658974
node/13014215135,Bench,bench,bench,,,,,,False,-37.858293,144.658917
node/13014215136,Bench,bench,bench,,,,,,False,-37.8583059,144.6589846
node/13014215137,Bench,bench,bench,,,,,,False,-37.8583265,144.6590616
node/13014215138,Bench,bench,bench,,,,,,False,-37.858353,144.6591342
node/13014215139,Bench,bench,bench,,,,,,False,-37.8583803,144.6591948
node/13014744367,Bench,bench,bench,,,,,,False,-37.8030789,144.9652077
node/13014751497,Bench,bench,bench,,,,,,False,-37.8027893,144.9661631
node/13014770035,Bench,bench,bench,,,,,,False,-37.8068721,144.9709843
node/13014787832,Bench,bench,bench,,,,,,False,-37.8029079,144.9655879
node/13014789195,Bench,bench,bench,,,,,,False,-37.8031266,144.9663527
node/13014796082,Bench,bench,bench,,,,,,False,-37.8030475,144.9663718
node/13014805251,Bench,bench,bench,,,,,,False,-37.8066122,144.9713312
node/13014807493,Bench,bench,bench,,,,,,False,-37.8029296,144.9660225
node/13014808797,Bench,bench,bench,,,,,,False,-37.8032796,144.9654127
node/13014809608,Bench,bench,bench,,,,,,False,-37.8033581,144.9660793
node/13014809824,Bench,bench,bench,,,,,,False,-37.8029072,144.9664021
node/13014810812,Bench,bench,bench,,,,,,False,-37.8031491,144.9660198
node/13014819189,Bench,bench,bench,,,,,,False,-37.8066942,144.9710022
node/13014821116,Bench,bench,bench,,,,,,False,-37.8028666,144.9652511
node/13014821922,Bench,bench,bench,,,,,,False,-37.8030938,144.9655835
node/13014823564,Bench,bench,bench,,,,,,False,-37.80644,144.971061
node/13020623914,Bench,bench,bench,,,,,,False,-37.8514132,145.0805194
node/13020623915,Bench,bench,bench,,,,,,False,-37.8516911,145.0806972
node/13022129330,Bench,bench,bench,,,,,,False,-37.7774206,144.7711608
node/13022161552,Bench,bench,bench,,,,,,False,-37.7772042,144.7712462
node/13022207091,Bench,bench,bench,,,,,,False,-37.7773539,144.7712609
node/13022208032,Bench,bench,bench,,,,,,False,-37.7773443,144.7712338
node/13022209060,Bench,bench,bench,,,,,,False,-37.7775212,144.7710175
node/13022226946,Bench,bench,bench,,,,,,False,-37.7772383,144.7712853
node/13026023130,Bench,bench,bench,,,,,,False,-37.8604681,144.7501167
node/13026023131,Bench,bench,bench,,,,,,False,-37.860492,144.7501167
node/13026023132,Bench,bench,bench,,,,,,False,-37.8605173,144.7501157
node/13026023133,Bench,bench,bench,,,,,,False,-37.8605391,144.7501152
node/13026023134,Bench,bench,bench,,,,,,False,-37.8608888,144.748407
node/13026023135,Bench,bench,bench,,,,,,False,-37.8609155,144.7484056
node/13026023136,Bench,bench,bench,,,,,,False,-37.8604573,144.7484197
node/13026023137,Bench,bench,bench,,,,,,False,-37.8604833,144.7484194
node/13026023138,Bench,bench,bench,,,,,,False,-37.8600521,144.7484331
node/13026023139,Bench,bench,bench,,,,,,False,-37.8600767,144.7484321
node/13026023140,Bench,bench,bench,,,,,,False,-37.8607615,144.750358
node/13026023141,Bench,bench,bench,,,,,,False,-37.8607424,144.7503705
node/13026023142,Bench,bench,bench,,,,,,False,-37.8613938,144.7518667
node/13026023143,Bench,bench,bench,,,,,,False,-37.8614173,144.7518618
node/13026023349,Bench,bench,bench,,,,,,False,-37.8598948,144.7504723
node/13032519195,Bench,bench,bench,,,,,,False,-37.7413118,144.9633923
node/13032519370,Bench,bench,bench,,,,,,False,-37.7408948,144.9634467
node/13032524936,Bench,bench,bench,,,,,,False,-37.7411635,144.9634064
node/13033186394,Bench,bench,bench,,,,,,False,-37.7943399,144.9348912
node/13033187235,Bench,bench,bench,,,,,,False,-37.7944614,144.9348879
node/13033284516,Bench,bench,bench,,,,,,False,-37.8993534,144.6613002
node/13033284517,Bench,bench,bench,,,,,,False,-37.8993477,144.6612967
node/13033284518,Bench,bench,bench,,,,,,False,-37.8996501,144.6605698
node/13033284519,Bench,bench,bench,,,,,,False,-37.8996444,144.6605663
node/13033284520,Bench,bench,bench,,,,,,False,-37.8997463,144.6603467
node/13033284521,Bench,bench,bench,,,,,,False,-37.8997406,144.6603432
node/13033816981,Bench,bench,bench,,,,,,False,-37.8071151,144.9860751
node/13033824110,Bench,bench,bench,,,,,,False,-37.8071981,144.98606
node/13036247267,Bench,bench,bench,,,,,,False,-37.7415074,144.9635774
node/13036262689,Bench,bench,bench,,,,,,False,-37.7412917,144.9636263
node/13036273048,Bench,bench,bench,,,,,,False,-37.7412208,144.9636263
node/13036276499,Bench,bench,bench,,,,,,False,-37.7414277,144.9635913
node/13036484726,Bench,bench,bench,,,,,,False,-37.7221404,145.0484529
node/13046790491,Bench,bench,bench,,,,,,False,-37.7209727,145.0476168
node/13046854031,Bench,bench,bench,,,,,,False,-37.721032,145.0468351
node/13046854662,Bench,bench,bench,,,,,,False,-37.721028,145.0462036
node/13046855125,Bench,bench,bench,,,,,,False,-37.8531757,145.3735788
node/13046863099,Bench,bench,bench,,,,,,False,-37.7210555,145.0465445
node/13046866160,Bench,bench,bench,,,,,,False,-37.7210427,145.0466775
node/13046987651,Bench,bench,bench,,,,,,False,-37.7412146,144.9637363
node/13047063808,Bench,bench,bench,,,,,,False,-37.7411916,144.9636869
node/13047408012,Bench,bench,bench,,,,,,False,-37.7415389,144.9637034
node/13047410492,Bench,bench,bench,,,,,,False,-37.7415537,144.9635985
node/13047699237,Bench,bench,bench,,,,,,False,-37.8366068,144.6638825
node/13047699238,Bench,bench,bench,,,,,,False,-37.8366141,144.6639318
node/13047699239,Bench,bench,bench,,,,,,False,-37.8366273,144.6639785
node/13049174178,Bench,bench,bench,,,,,,False,-37.9224624,145.1155841
node/13049174179,Bench,bench,bench,,,,,,False,-37.9222952,145.115636
node/13049570826,Bench,bench,bench,,,,,,False,-37.8116279,145.2617166
node/13051081676,Bench,bench,bench,,,,,,False,-37.716527,145.0081613
node/13051327084,Bench,bench,bench,,,,,,False,-37.7762466,145.0185136
node/13062819725,Bench,bench,bench,,,,,,False,-37.7989423,144.8714211
node/13062836107,Bench,bench,bench,,,,,,False,-37.7989256,144.8716043
node/13063710130,Bench,bench,bench,,,,,,False,-37.8698995,144.6557923
node/13063710131,Bench,bench,bench,,,,,,False,-37.8699196,144.6557887
node/13063710132,Bench,bench,bench,,,,,,False,-37.8702313,144.6557399
node/13063710133,Bench,bench,bench,,,,,,False,-37.8702523,144.6557364
node/13064669783,Bench,bench,bench,,,,,,False,-37.7428884,144.9644305
node/13067796096,Bench,bench,bench,,,,,,False,-37.7212137,145.0463192
node/13067900434,Bench,bench,bench,,,,,,False,-37.7211748,145.0462862
node/13070053170,Bench,bench,bench,,,,,,False,-37.7161182,145.0047506
node/13070056851,Bench,bench,bench,,,,,,False,-37.7167597,145.0088917
node/13072543286,Bench,bench,bench,,,,,,False,-37.6654985,144.9331563
node/13072543287,Bench,bench,bench,,,,,,False,-37.6661016,144.933258
node/13072543288,Bench,bench,bench,,,,,,False,-37.6660846,144.9331285
node/13072543291,Bench,bench,bench,,,,,,False,-37.6669827,144.9322459
node/13072543292,Bench,bench,bench,,,,,,False,-37.6668953,144.9321578
node/13072543293,Bench,bench,bench,,,,,,False,-37.6667724,144.931947
node/13072543294,Bench,bench,bench,,,,,,False,-37.6667052,144.931783
node/13072543295,Bench,bench,bench,,,,,,False,-37.66666,144.9315448
node/13072543296,Bench,bench,bench,,,,,,False,-37.6666634,144.931577
node/13072543297,Bench,bench,bench,,,,,,False,-37.6666561,144.931275
node/13072543298,Bench,bench,bench,,,,,,False,-37.6667325,144.9309857
node/13072543299,Bench,bench,bench,,,,,,False,-37.6670475,144.9306828
node/13072543300,Bench,bench,bench,,,,,,False,-37.6693034,144.9301269
node/13072550201,Bench,bench,bench,,,,,,False,-37.6686367,144.9313473
node/13072550202,Bench,bench,bench,,,,,,False,-37.6686602,144.9315199
node/13073839591,Bench,bench,bench,,,,,,False,-37.5630473,144.6914532
node/13073852280,Bench,bench,bench,,,,,,False,-37.5658551,144.6904942
node/13076844812,Bench,bench,bench,,,,,,False,-37.7167159,145.0085135
node/13081073658,Bench,bench,bench,,,,,,False,-37.7305575,144.9282915
node/13081170652,Bench,bench,bench,,,,,,False,-37.7305222,144.9282834
node/13081202431,Bench,bench,bench,,,,,,False,-37.7304976,144.9282772
node/13081226325,Bench,bench,bench,,,,,,False,-37.7305753,144.928296
node/13083975557,Bench,bench,bench,,,,,,False,-38.0060895,145.0873946
node/13083975558,Bench,bench,bench,,,,,,False,-38.0060844,145.0874065
node/13083975559,Bench,bench,bench,,,,,,False,-38.005692,145.0871373
node/13083975560,Bench,bench,bench,,,,,,False,-38.005697,145.0871254
node/13086093685,Bench,bench,bench,,,,,,False,-37.8368699,144.6864676
node/13086093694,Bench,bench,bench,,,,,,False,-37.8364569,144.6868264
node/13096944318,Bench,bench,bench,,,,,,False,-37.8653599,144.6107533
node/13096944319,Bench,bench,bench,,,,,,False,-37.8655263,144.6113853
node/13096944355,Bench,bench,bench,,,,,,False,-37.8650753,144.6110301
node/13096944358,Bench,bench,bench,,,,,,False,-37.8658204,144.6105675
node/13105246412,Bench,bench,bench,,,,,,False,-37.9996627,145.3254656
node/13105246423,Bench,bench,bench,,,,,,False,-38.0001597,145.3267158
node/13109471925,Bench,bench,bench,,,,,,False,-37.7690753,144.9750911
node/13109564994,Bench,bench,bench,,,,,,False,-37.880716,144.66749
node/13109587398,Bench,bench,bench,,,,,,False,-37.8810485,144.6683214
node/13109587399,Bench,bench,bench,,,,,,False,-37.8810722,144.6683285
node/13109891612,Bench,bench,bench,,,,,,False,-37.7425966,145.0000458
node/13113469949,Bench,bench,bench,,,,,,False,-37.8068088,144.9712992
node/13113909353,Bench,bench,bench,,,,,,False,-37.8065779,144.9717123
node/13113931071,Bench,bench,bench,,,,,,False,-37.8065321,144.9722855
node/13116292837,Bench,bench,bench,,,,,,False,-37.8101131,144.8675497
node/13118663197,Bench,bench,bench,,,,,,False,-37.807158,144.9513547
node/13118666994,Bench,bench,bench,,,,,,False,-37.8106235,144.9522584
node/13118672388,Bench,bench,bench,,,,,,False,-37.8070019,144.9512743
node/13119323679,Bench,bench,bench,,,,,,False,-38.3683536,144.8726462
node/13119323680,Bench,bench,bench,,,,,,False,-38.3682737,144.8725684
node/13125243491,Bench,bench,bench,,,,,,False,-37.8726795,144.762756
node/13125243503,Bench,bench,bench,,,,,,False,-37.8727543,144.7620113
node/13126399896,Bench,bench,bench,,,,,,False,-37.9952447,145.2505856
node/13127471534,Bench,bench,bench,,,,,,False,-37.8214699,145.0377112
node/13127472866,Bench,bench,bench,,,,,,False,-37.8214893,145.0379503
node/13127481106,Bench,bench,bench,,,,,,False,-37.821512,145.0380919
node/13127484021,Bench,bench,bench,,,,,,False,-37.8214431,145.0376223
node/13130052781,Bench,bench,bench,,,,,,False,-37.8101717,144.9639934
node/13130052782,Bench,bench,bench,,,,,,False,-37.8083125,144.9615915
node/13130053060,Bench,bench,bench,,,,,,False,-37.8100624,144.9639302
node/13130074776,Bench,bench,bench,,,,,,False,-37.8089185,144.9581801
node/13130077929,Bench,bench,bench,,,,,,False,-37.8119061,144.9647837
node/13130077930,Bench,bench,bench,,,,,,False,-37.8109179,144.9643222
node/13130085954,Bench,bench,bench,,,,,,False,-37.8082059,144.9606424
node/13130098562,Bench,bench,bench,,,,,,False,-37.8100842,144.9639447
node/13130098917,Bench,bench,bench,,,,,,False,-37.8114141,144.9645537
node/13130098918,Bench,bench,bench,,,,,,False,-37.8101888,144.9640003
node/13130099296,Bench,bench,bench,,,,,,False,-37.8117862,144.9647217
node/13130106203,Bench,bench,bench,,,,,,False,-37.8088379,144.9576939
node/13130116408,Bench,bench,bench,,,,,,False,-37.808147,144.9615837
node/13130116409,Bench,bench,bench,,,,,,False,-37.808174,144.9607574
node/13130116411,Bench,bench,bench,,,,,,False,-37.8087851,144.9578192
node/13130121244,Bench,bench,bench,,,,,,False,-37.8102826,144.9640419
node/13130121402,Bench,bench,bench,,,,,,False,-37.8082455,144.9615597
node/13130121923,Bench,bench,bench,,,,,,False,-37.8117327,144.9645216
node/13130121924,Bench,bench,bench,,,,,,False,-37.8099323,144.9638831
node/13130121925,Bench,bench,bench,,,,,,False,-37.808097,144.9615591
node/13130122623,Bench,bench,bench,,,,,,False,-37.8118918,144.9647758
node/13130122625,Bench,bench,bench,,,,,,False,-37.8109439,144.9643349
node/13130122626,Bench,bench,bench,,,,,,False,-37.808377,144.9616229
node/13130123846,Bench,bench,bench,,,,,,False,-37.8102569,144.964024
node/13130123847,Bench,bench,bench,,,,,,False,-37.8099149,144.963877
node/13130124501,Bench,bench,bench,,,,,,False,-37.8112731,144.9644896
node/13130124503,Bench,bench,bench,,,,,,False,-37.8087041,144.9576635
node/13130370566,Bench,bench,bench,,,,,,False,-38.4202986,144.9554202
node/13130370567,Bench,bench,bench,,,,,,False,-38.4214133,144.9549531
node/13132223381,Bench,bench,bench,,,,,,False,-37.8145171,144.9471421
node/13132250579,Bench,bench,bench,,,,,,False,-37.8198672,144.9405283
node/13132250580,Bench,bench,bench,,,,,,False,-37.8199183,144.9403469
node/13132267137,Bench,bench,bench,,,,,,False,-37.818905,144.9427775
node/13132267534,Bench,bench,bench,,,,,,False,-37.8185987,144.9441781
node/13132268404,Bench,bench,bench,,,,,,False,-37.8189133,144.9427451
node/13132269405,Bench,bench,bench,,,,,,False,-37.8199426,144.9402647
node/13132270134,Bench,bench,bench,,,,,,False,-37.8198975,144.9404246
node/13132275305,Bench,bench,bench,,,,,,False,-37.8204929,144.9401807
node/13132513395,Bench,bench,bench,,,,,,False,-38.0000502,145.2439637
node/13133448054,Bench,bench,bench,,,,,,False,-37.8434818,144.6840451
node/13133448055,Bench,bench,bench,,,,,,False,-37.8435045,144.6840686
node/13133448056,Bench,bench,bench,,,,,,False,-37.8428932,144.6841254
node/13133448057,Bench,bench,bench,,,,,,False,-37.8429118,144.6841007
node/13133448058,Bench,bench,bench,,,,,,False,-37.841416,144.6848712
node/13133448059,Bench,bench,bench,,,,,,False,-37.8412906,144.6850359
node/13133448060,Bench,bench,bench,,,,,,False,-37.8431746,144.6847744
node/13133448061,Bench,bench,bench,,,,,,False,-37.8431952,144.6847637
node/13135579019,Bench,bench,bench,,,,,,False,-37.8186459,144.9489322
node/13137380320,Bench,bench,bench,,,,,,False,-37.7818371,144.9509601
node/13137381017,Bench,bench,bench,,,,,,False,-37.7818422,144.9509293
node/13148461943,Bench,bench,bench,,,,,,False,-37.7974069,144.9595139
node/13148480347,Bench,bench,bench,,,,,,False,-37.7974152,144.9596245
node/13148502986,Bench,bench,bench,,,,,,False,-37.7974186,144.9596853
node/13148523452,Bench,bench,bench,,,,,,False,-37.797398,144.9593911
node/13148528543,Bench,bench,bench,,,,,,False,-37.7974194,144.9597462
node/13148528980,Bench,bench,bench,,,,,,False,-37.7974293,144.9597781
node/13148536217,Bench,bench,bench,,,,,,False,-37.7979649,144.9583238
node/13148536914,Bench,bench,bench,,,,,,False,-37.7974034,144.9594619
node/13151990225,Bench,bench,bench,,,,,,False,-37.6855685,145.5824311
node/13151990226,Bench,bench,bench,,,,,,False,-37.6855793,145.5812798
node/13151990227,Bench,bench,bench,,,,,,False,-37.6868023,145.5759436
node/13154920725,Bench,bench,bench,,,,,,False,-37.7849028,144.9830036
node/13154920726,Bench,bench,bench,,,,,,False,-37.7849691,144.9829929
node/13154920727,Bench,bench,bench,,,,,,False,-37.7849784,144.9830909
node/13154920728,Bench,bench,bench,,,,,,False,-37.7849125,144.9831028
node/13157298832,Bench,bench,bench,,,,,,False,-37.810034,144.9641394
node/13157298833,Bench,bench,bench,,,,,,False,-37.8102357,144.9642375
node/13157298834,Bench,bench,bench,,,,,,False,-37.8098753,144.9640659
node/13157298835,Bench,bench,bench,,,,,,False,-37.8099523,144.9641044
node/13157298836,Bench,bench,bench,,,,,,False,-37.8102904,144.9642595
node/13157298837,Bench,bench,bench,,,,,,False,-37.8099082,144.9640804
node/13157298838,Bench,bench,bench,,,,,,False,-37.8102401,144.964226
node/13157298839,Bench,bench,bench,,,,,,False,-37.8101884,144.9642046
node/13157298840,Bench,bench,bench,,,,,,False,-37.8099543,144.9640958
node/13157298841,Bench,bench,bench,,,,,,False,-37.8099998,144.9641246
node/13157298842,Bench,bench,bench,,,,,,False,-37.8101561,144.9641894
node/13157298843,Bench,bench,bench,,,,,,False,-37.8103274,144.9642771
node/13157309993,Bench,bench,bench,,,,,,False,-37.8096955,144.9641827
node/13157309994,Bench,bench,bench,,,,,,False,-37.809769,144.964012
node/13157309995,Bench,bench,bench,,,,,,False,-37.8097609,144.964129
node/13157309996,Bench,bench,bench,,,,,,False,-37.8097932,144.964023
node/13157473961,Bench,bench,bench,,,,,,False,-37.8012796,144.9598807
node/13157478103,Bench,bench,bench,,,,,,False,-37.8014244,144.9598506
node/13159266345,Bench,bench,bench,,,,,,False,-37.8118959,144.9541718
node/13159280111,Bench,bench,bench,,,,,,False,-37.8095372,144.954599
node/13159281332,Bench,bench,bench,,,,,,False,-37.8091057,144.9543687
node/13159443586,Bench,bench,bench,,,,,,False,-38.0834011,145.2391932
node/13161635942,Bench,bench,bench,,,,,,False,-37.8131002,144.9408069
node/13161650542,Bench,bench,bench,,,,,,False,-37.813355,144.9409594
node/13161651083,Bench,bench,bench,,,,,,False,-37.8097313,144.9486863
node/13161655646,Bench,bench,bench,,,,,,False,-37.8126951,144.9423174
node/13161655647,Bench,bench,bench,,,,,,False,-37.8133606,144.9411603
node/13161656083,Bench,bench,bench,,,,,,False,-37.812244,144.9352408
node/13164555188,Bench,bench,bench,,,,,,False,-37.8048953,144.9603244
node/13164610348,Bench,bench,bench,,,,,,False,-37.7444835,144.8012403
node/13172751013,Bench,bench,bench,,,,,,False,-38.0047907,145.2477854
node/13182714179,Bench,bench,bench,,,,,,False,-37.7575471,145.0614949
node/13183367801,Bench,bench,bench,,,,,,False,-37.7168996,145.0077299
node/13183454899,Bench,bench,bench,,,,,,False,-37.812243,144.9593015
node/13183454900,Bench,bench,bench,,,,,,False,-37.8127892,144.95954
node/13187434945,Bench,bench,bench,,,,,,False,-37.8189522,144.9740125
node/13187676753,Bench,bench,bench,,,,,,False,-37.8189134,144.9739626
node/13189781098,Bench,bench,bench,,,,,,False,-37.8211095,145.0390118
node/13189794615,Bench,bench,bench,,,,,,False,-37.821101,145.0389447
node/13189796131,Bench,bench,bench,,,,,,False,-37.8210586,145.0385978
node/13189806240,Bench,bench,bench,,,,,,False,-37.8211369,145.0385892
node/13189806830,Bench,bench,bench,,,,,,False,-37.8210516,145.0388488
node/13189808825,Bench,bench,bench,,,,,,False,-37.820995,145.0381054
node/13189811032,Bench,bench,bench,,,,,,False,-37.8211323,145.0385487
node/13189814767,Bench,bench,bench,,,,,,False,-37.8210439,145.0388685
node/13189817935,Bench,bench,bench,,,,,,False,-37.8209926,145.038074
node/13200192080,Bench,bench,bench,,,,,,False,-37.9101042,145.1372345
node/13200192082,Bench,bench,bench,,,,,,False,-37.9101188,145.137145
node/13200192083,Bench,bench,bench,,,,,,False,-37.9102309,145.1369609
node/13200373070,Bench,bench,bench,,,,,,False,-37.8138185,144.9603042
node/13200410825,Bench,bench,bench,,,,,,False,-37.8133921,144.9598285
node/13201699343,Bench,bench,bench,,,,,,False,-37.8161822,144.9697974
node/13201710456,Bench,bench,bench,,,,,,False,-37.8151139,144.9605137
node/13201716378,Bench,bench,bench,,,,,,False,-37.8182775,144.9620806
node/13201735256,Bench,bench,bench,,,,,,False,-37.8160703,144.9697479
node/13201740413,Bench,bench,bench,,,,,,False,-37.8168702,144.9690595
node/13201744950,Bench,bench,bench,,,,,,False,-37.8137642,144.9687482
node/13201745727,Bench,bench,bench,,,,,,False,-37.8161987,144.9611123
node/13201748168,Bench,bench,bench,,,,,,False,-37.8185289,144.9634068
node/13201757529,Bench,bench,bench,,,,,,False,-37.8166739,144.961345
node/13203803229,Bench,bench,bench,,,,,,False,-37.8083207,144.9744633
node/13203920737,Bench,bench,bench,,,,,,False,-37.8098282,144.9696756
node/13203927810,Bench,bench,bench,,,,,,False,-37.8098821,144.9696996
node/13206120459,Bench,bench,bench,,,,,,False,-37.8164631,144.9526107
node/13206121650,Bench,bench,bench,,,,,,False,-37.8160081,144.952478
node/13206122344,Bench,bench,bench,,,,,,False,-37.8160379,144.9524898
node/13206122346,Bench,bench,bench,,,,,,False,-37.8166153,144.9526779
node/13206122347,Bench,bench,bench,,,,,,False,-37.8165168,144.9526343
node/13206122449,Bench,bench,bench,,,,,,False,-37.8157626,144.9523775
node/13206122585,Bench,bench,bench,,,,,,False,-37.815998,144.952473
node/13206122954,Bench,bench,bench,,,,,,False,-37.8165676,144.952654
node/13206123042,Bench,bench,bench,,,,,,False,-37.8160654,144.9525007
node/13206124534,Bench,bench,bench,,,,,,False,-37.8160576,144.9524967
node/13206124805,Bench,bench,bench,,,,,,False,-37.816031,144.9524871
node/13206450295,Bench,bench,bench,,,,,,False,-37.9916939,145.0405425
node/13206502595,Bench,bench,bench,,,,,,False,-37.8870672,145.1547146
node/13206502597,Bench,bench,bench,,,,,,False,-37.8884332,145.1564646
node/13206502598,Bench,bench,bench,,,,,,False,-37.8884371,145.1564944
node/13208011280,Bench,bench,bench,,,,,,False,-37.8117008,144.9677369
node/13228665508,Bench,bench,bench,,,,,,False,-37.7768815,144.9929368
node/13228736176,Bench,bench,bench,,,,,,False,-37.7781279,144.9894501
node/13228751786,Bench,bench,bench,,,,,,False,-37.7862474,144.981438
node/13228768434,Bench,bench,bench,,,,,,False,-37.7858778,144.9817775
node/13228770248,Bench,bench,bench,,,,,,False,-37.7870194,144.9808238
node/13228773193,Bench,bench,bench,,,,,,False,-37.7868461,144.9809532
node/13228778695,Bench,bench,bench,,,,,,False,-37.78667,144.9816652
node/13233970126,Bench,bench,bench,,,,,,False,-37.8209626,144.9616827
node/13233972697,Bench,bench,bench,,,,,,False,-37.8209491,144.9616146
node/13240151200,Bench,bench,bench,,,,,,False,-37.8016197,144.9709711
node/13240219901,Bench,bench,bench,,,,,,False,-37.8014825,144.9708106
node/13240219902,Bench,bench,bench,,,,,,False,-37.8017961,144.9708447
node/13244888299,Bench,bench,bench,,,,,,False,-37.8063775,144.971375
node/13245021243,Bench,bench,bench,,,,,,False,-37.8021096,144.9731551
node/13245034396,Bench,bench,bench,,,,,,False,-37.8071469,144.9704479
node/13245070314,Bench,bench,bench,,,,,,False,-37.8059239,144.9716995
node/13245070315,Bench,bench,bench,,,,,,False,-37.8023308,144.9709067
node/13245070316,Bench,bench,bench,,,,,,False,-37.8020885,144.9731511
node/13245070317,Bench,bench,bench,,,,,,False,-37.802902,144.9727868
node/13245070578,Bench,bench,bench,,,,,,False,-37.8062978,144.9719939
node/13245073899,Bench,bench,bench,,,,,,False,-37.8021281,144.9731576
node/13245079415,Bench,bench,bench,,,,,,False,-37.8021713,144.9712118
node/13245081377,Bench,bench,bench,,,,,,False,-37.802438,144.9720815
node/13245082017,Bench,bench,bench,,,,,,False,-37.8057544,144.9716727
node/13245083346,Bench,bench,bench,,,,,,False,-37.8071344,144.9699168
node/13245083348,Bench,bench,bench,,,,,,False,-37.8027799,144.9726548
node/13245087534,Bench,bench,bench,,,,,,False,-37.8061075,144.9701817
node/13245087535,Bench,bench,bench,,,,,,False,-37.8059829,144.9711391
node/13245088429,Bench,bench,bench,,,,,,False,-37.8059409,144.9699783
node/13245088435,Bench,bench,bench,,,,,,False,-37.8061124,144.9718482
node/13245093159,Bench,bench,bench,,,,,,False,-37.8020328,144.971403
node/13245093241,Bench,bench,bench,,,,,,False,-37.8058496,144.9699181
node/13245093242,Bench,bench,bench,,,,,,False,-37.8024895,144.9732432
node/13245095537,Bench,bench,bench,,,,,,False,-37.8022207,144.9721187
node/13245095538,Bench,bench,bench,,,,,,False,-37.8021437,144.9731613
node/13245096515,Bench,bench,bench,,,,,,False,-37.8061587,144.9714169
node/13245097718,Bench,bench,bench,,,,,,False,-37.8021871,144.9723473
node/13245099301,Bench,bench,bench,,,,,,False,-37.802116,144.9716105
node/13245099302,Bench,bench,bench,,,,,,False,-37.8024745,144.9732412
node/13245114207,Bench,bench,bench,,,,,,False,-37.8164382,144.9584503
node/13258961942,Bench,bench,bench,,,,,,False,-38.0342615,145.3072912
node/13258961943,Bench,bench,bench,,,,,,False,-38.0342826,145.3074021
node/13260197629,Bench,bench,bench,,,,,,False,28.1469261,-80.6628284
node/13266310359,Bench,bench,bench,,,,,,False,-37.8085757,144.9578331
node/13266328256,Bench,bench,bench,,,,,,False,-37.8085878,144.9578764
node/13266334496,Bench,bench,bench,,,,,,False,-37.8086082,144.9576536
node/13266368250,Bench,bench,bench,,,,,,False,-37.8085153,144.9578519
node/13266388067,Bench,bench,bench,,,,,,False,-37.8086239,144.95787
node/13266393204,Bench,bench,bench,,,,,,False,-37.8084667,144.9578594
node/13270190175,Bench,bench,bench,,,,,,False,-38.053747,145.3656441
node/13270190293,Bench,bench,bench,,,,,,False,-38.0457413,145.3676515
node/13270190294,Bench,bench,bench,,,,,,False,-38.0512135,145.3699502
node/13273621433,Bench,bench,bench,,,,,,False,-38.0509823,145.3661937
node/13273621434,Bench,bench,bench,,,,,,False,-38.0510912,145.3665109
node/13273621435,Bench,bench,bench,,,,,,False,-38.0511935,145.3668039
node/13273621441,Bench,bench,bench,,,,,,False,-38.0509158,145.3659142
node/13273621444,Bench,bench,bench,,,,,,False,-38.0509804,145.3660788
node/13273621445,Bench,bench,bench,,,,,,False,-38.050968,145.3660461
node/13273621446,Bench,bench,bench,,,,,,False,-38.0509177,145.366106
node/13273621451,Bench,bench,bench,,,,,,False,-38.0508597,145.3657593
node/13273621606,Bench,bench,bench,,,,,,False,-38.0512021,145.3698855
node/13274827758,Bench,bench,bench,,,,,,False,-38.002892,145.1798587
node/13275458100,Bench,bench,bench,,,,,,False,-38.0027011,145.2636131
node/13277662569,Bench,bench,bench,,,,,,False,-38.049019,145.3697457
node/13278634113,Bench,bench,bench,,,,,,False,-37.9359618,144.6627924
node/13283021201,Bench,bench,bench,,,,,,False,-38.0512465,145.3669638
node/13288313272,Bench,bench,bench,,,,,,False,-37.8219873,144.9444844
node/13288637788,Bench,bench,bench,,,,,,False,-38.0449692,145.367196
node/13288692873,Bench,bench,bench,,,,,,False,-38.0457061,145.3676395
node/13290006178,Bench,bench,bench,,,,,,False,-37.7447727,144.9648726
node/13290418025,Bench,bench,bench,,,,,,False,-38.1712386,145.1629027
node/13290592075,Bench,bench,bench,,,,,,False,-37.8137073,144.9652473
node/13290665914,Bench,bench,bench,,,,,,False,-37.813695,144.9652115
node/13294197915,Bench,bench,bench,,,,,,False,-38.0437754,145.3670524
node/13295353226,Bench,bench,bench,,,,,,False,-37.869635,145.1594792
node/13295816037,Bench,bench,bench,,,,,,False,-37.7631731,144.9522475
node/13295816038,Bench,bench,bench,,,,,,False,-37.7632565,144.9520688
node/13295816039,Bench,bench,bench,,,,,,False,-37.7634867,144.9522811
node/13295816040,Bench,bench,bench,,,,,,False,-37.763348,144.9523897
node/13295816042,Bench,bench,bench,,,,,,False,-37.7633955,144.952114
node/13295817087,Bench,bench,bench,,,,,,False,-37.7646403,144.9496836
node/13295817088,Bench,bench,bench,,,,,,False,-37.7646591,144.9498466
node/13295817091,Bench,bench,bench,,,,,,False,-37.7648293,144.9495464
node/13295817092,Bench,bench,bench,,,,,,False,-37.7650334,144.9495174
node/13295817093,Bench,bench,bench,,,,,,False,-37.7652303,144.9494853
node/13295817094,Bench,bench,bench,,,,,,False,-37.7654042,144.9495856
node/13295817095,Bench,bench,bench,,,,,,False,-37.7654249,144.9497613
node/13295817096,Bench,bench,bench,,,,,,False,-37.7654466,144.9499191
node/13295817099,Bench,bench,bench,,,,,,False,-37.7651378,144.9500928
node/13295957379,Bench,bench,bench,,,,,,False,-37.7631592,144.9509136
node/13295957380,Bench,bench,bench,,,,,,False,-37.7631395,144.951033
node/13295957381,Bench,bench,bench,,,,,,False,-37.7631391,144.9511563
node/13300655904,Bench,bench,bench,,,,,,False,-37.7627555,144.9617584
node/13300655905,Bench,bench,bench,,,,,,False,-37.7627657,144.9618483
node/13303135722,Bench,bench,bench,,,,,,False,-37.8101392,144.8676399
node/13303136383,Bench,bench,bench,,,,,,False,-37.8101868,144.8676455
node/13303145284,Bench,bench,bench,,,,,,False,-37.8101706,144.8675075
node/13315750910,Bench,bench,bench,,,,,,False,-37.8357571,145.3732699
node/13318660463,Bench,bench,bench,,,,,,False,-37.7575783,144.9639218
node/13323126607,Bench,bench,bench,,,,,,False,-37.8902287,145.31008
node/13323126615,Bench,bench,bench,,,,,,False,-37.8799621,145.3144339
node/13327913371,Bench,bench,bench,,,,,,False,-37.8181811,144.9575682
node/13327913372,Bench,bench,bench,,,,,,False,-37.8181585,144.957643
node/13329176571,Bench,bench,bench,,,,,,False,-37.8833568,145.3448441
node/13330299337,Bench,bench,bench,,,,,,False,-37.8866469,145.0219401
node/13332969259,Bench,bench,bench,,,,,,False,-37.7563512,144.8868962
node/13337053901,Bench,bench,bench,,,,,,False,-37.7328722,144.798544
node/13337053902,Bench,bench,bench,,,,,,False,-37.7327318,144.7984544
node/13337747576,Bench,bench,bench,,,,,,False,-37.8407668,145.1053792
node/13337762580,Bench,bench,bench,,,,,,False,-37.8375636,145.1090655
node/13337763552,Bench,bench,bench,,,,,,False,-37.8360329,145.1017816
node/13337774241,Bench,bench,bench,,,,,,False,-37.840835,145.1052845
node/13337774242,Bench,bench,bench,,,,,,False,-37.8393311,145.1047461
node/13337774244,Bench,bench,bench,,,,,,False,-37.83532,145.1013489
node/13337778676,Bench,bench,bench,,,,,,False,-37.8408529,145.1052585
node/13337779211,Bench,bench,bench,,,,,,False,-37.8395092,145.1052989
node/13337780065,Bench,bench,bench,,,,,,False,-37.8397029,145.1041495
node/13337782010,Bench,bench,bench,,,,,,False,-37.8393351,145.1048882
node/13337783101,Bench,bench,bench,,,,,,False,-37.8392979,145.106239
node/13337998654,Bench,bench,bench,,,,,,False,-37.9867961,145.2664089
node/13347433329,Bench,bench,bench,,,,,,False,-37.7995354,144.9503976
node/13347433330,Bench,bench,bench,,,,,,False,-37.7995854,144.950389
node/13348996536,Bench,bench,bench,,,,,,False,-37.9807543,145.2619511
node/13354857421,Bench,bench,bench,,,,,,False,-37.8021764,144.8839977
node/13354876994,Bench,bench,bench,,,,,,False,-37.7996632,144.874561
node/13354891231,Bench,bench,bench,,,,,,False,-37.7996619,144.8742318
node/13354891761,Bench,bench,bench,,,,,,False,-37.7997537,144.8742636
node/13354897037,Bench,bench,bench,,,,,,False,-37.7995087,144.8733667
node/13355086418,Bench,bench,bench,,,,,,False,-37.8055057,144.9988318
node/13356433092,Bench,bench,bench,,,,,,False,-37.7490471,144.9994637
node/13356433093,Bench,bench,bench,,,,,,False,-37.749378,144.9995419
node/13358417954,Bench,bench,bench,,,,,,False,-37.9970767,145.1554367
node/13358417960,Bench,bench,bench,,,,,,False,-37.9984897,145.1600878
node/13358570554,Bench,bench,bench,,,,,,False,-38.0016712,145.1589669
node/13358570556,Bench,bench,bench,,,,,,False,-38.0063529,145.1564649
node/13358570557,Bench,bench,bench,,,,,,False,-38.0061185,145.1567769
node/13358570561,Bench,bench,bench,,,,,,False,-38.0068241,145.1573703
node/13358579465,Bench,bench,bench,,,,,,False,-37.9993703,145.1518884
node/13358579470,Bench,bench,bench,,,,,,False,-38.0011205,145.1543725
node/13358579472,Bench,bench,bench,,,,,,False,-38.0001225,145.1533422
node/13358579473,Bench,bench,bench,,,,,,False,-38.0017939,145.1547071
node/13358579475,Bench,bench,bench,,,,,,False,-38.0012158,145.1544548
node/13358579476,Bench,bench,bench,,,,,,False,-38.0007469,145.1534888
node/13358579477,Bench,bench,bench,,,,,,False,-37.9981592,145.1525498
node/13358579479,Bench,bench,bench,,,,,,False,-38.0013201,145.1540208
node/13358579480,Bench,bench,bench,,,,,,False,-38.0014258,145.1541726
node/13358579483,Bench,bench,bench,,,,,,False,-38.0001362,145.1535333
node/13358579484,Bench,bench,bench,,,,,,False,-38.002851,145.1557014
node/13358579488,Bench,bench,bench,,,,,,False,-37.9994212,145.152649
node/13371471476,Bench,bench,bench,,,,,,False,-38.0487875,145.3698889
node/13375612895,Bench,bench,bench,,,,,,False,-38.0592685,145.388566
node/13375612896,Bench,bench,bench,,,,,,False,-38.0592716,145.3885222
node/13375612977,Bench,bench,bench,,,,,,False,-38.0635704,145.3882104
node/13375612978,Bench,bench,bench,,,,,,False,-38.0635959,145.3881909
node/13377964079,Bench,bench,bench,,,,,,False,-37.9832004,145.2582284
node/13377964081,Bench,bench,bench,,,,,,False,-37.9831946,145.2578073
node/13378011903,Bench,bench,bench,,,,,,False,-37.9790782,145.2598801
node/13379286990,Bench,bench,bench,,,,,,False,-37.9763508,145.2584414
node/13379286995,Bench,bench,bench,,,,,,False,-37.9766006,145.25824
node/13385786892,Bench,bench,bench,,,,,,False,-37.765078,144.9528463
node/13385786893,Bench,bench,bench,,,,,,False,-37.7650439,144.9523686
node/13385793439,Bench,bench,bench,,,,,,False,-37.7634692,144.9504168
node/13385793440,Bench,bench,bench,,,,,,False,-37.7640757,144.9504606
node/13385793441,Bench,bench,bench,,,,,,False,-37.7640958,144.9504792
node/13385793442,Bench,bench,bench,,,,,,False,-37.7642698,144.9507929
node/13385793443,Bench,bench,bench,,,,,,False,-37.7642895,144.9508479
node/13385793444,Bench,bench,bench,,,,,,False,-37.764324,144.950997
node/13385793445,Bench,bench,bench,,,,,,False,-37.7643339,144.9510468
node/13385793446,Bench,bench,bench,,,,,,False,-37.7643438,144.9510994
node/13385793447,Bench,bench,bench,,,,,,False,-37.7643696,144.9513363
node/13385793448,Bench,bench,bench,,,,,,False,-37.764371,144.9514107
node/13385803187,Bench,bench,bench,,,,,,False,-37.765712,144.9524057
node/13385803188,Bench,bench,bench,,,,,,False,-37.7657704,144.9527279
node/13385803189,Bench,bench,bench,,,,,,False,-37.7655736,144.9530114
node/13385803190,Bench,bench,bench,,,,,,False,-37.7653782,144.9530288
node/13387974901,Bench,bench,bench,,,,,,False,-37.8813095,145.1748679
node/13390655286,Bench,bench,bench,,,,,,False,-38.0420435,145.3672718
node/13394236387,Bench,bench,bench,,,,,,False,-37.7845391,144.9517232
node/13394240007,Bench,bench,bench,,,,,,False,-37.7845613,144.9518041
node/13396639391,Bench,bench,bench,,,,,,False,-37.8409961,144.9314891
node/13396653774,Bench,bench,bench,,,,,,False,-37.8410282,144.9316367
node/13396671697,Bench,bench,bench,,,,,,False,-37.8410184,144.931587
node/13399190760,Bench,bench,bench,,,,,,False,-38.1161116,145.2409577
node/13399190835,Bench,bench,bench,,,,,,False,-38.1159006,145.2410003
node/13399196612,Bench,bench,bench,,,,,,False,-38.1160038,145.2409727
node/13401363687,Bench,bench,bench,,,,,,False,-38.0808273,145.4639837
node/13401377948,Bench,bench,bench,,,,,,False,-38.081203,145.4570938
node/13403732459,Bench,bench,bench,,,,,,False,-37.8374128,145.2503437
node/13403732492,Bench,bench,bench,,,,,,False,-37.8344117,145.2519423
node/13403736806,Bench,bench,bench,,,,,,False,-37.8344841,145.2518343
node/13403736814,Bench,bench,bench,,,,,,False,-37.8364808,145.2537867
node/13411761749,Bench,bench,bench,,,,,,False,-37.8594315,145.2330346
node/13411761755,Bench,bench,bench,,,,,,False,-37.8648467,145.2286965
node/13411761756,Bench,bench,bench,,,,,,False,-37.862863,145.2319877
node/13411761757,Bench,bench,bench,,,,,,False,-37.8648797,145.2285779
node/13411761758,Bench,bench,bench,,,,,,False,-37.8595165,145.2328653
node/13411761761,Bench,bench,bench,,,,,,False,-37.8587261,145.2302121
node/13411794796,Bench,bench,bench,,,,,,False,-37.7917915,144.9562851
node/13411870244,Bench,bench,bench,,,,,,False,-38.3805154,145.0267349
node/13411870245,Bench,bench,bench,,,,,,False,-38.3804901,145.0267977
node/13411870249,Bench,bench,bench,,,,,,False,-38.3817408,145.0241045
node/13411870251,Bench,bench,bench,,,,,,False,-38.3816602,145.024339
node/13414781122,Bench,bench,bench,,,,,,False,-37.7620155,144.9800821
node/13414789268,Bench,bench,bench,,,,,,False,-37.7619559,144.9798904
node/13415416601,Bench,bench,bench,,,,,,False,-37.8253579,144.9603465
node/13415416701,Bench,bench,bench,,,,,,False,-37.8254345,144.9603833
node/13416757201,Bench,bench,bench,,,,,,False,-37.8591032,144.9679527
node/13416757301,Bench,bench,bench,,,,,,False,-37.8591654,144.9685859
node/13416757901,Bench,bench,bench,,,,,,False,-37.8592082,144.9688732
node/13416758002,Bench,bench,bench,,,,,,False,-37.8588069,144.9690823
node/13416782701,Bench,bench,bench,,,,,,False,-37.8498729,144.9621987
node/13417009501,Bench,bench,bench,,,,,,False,-37.7584323,145.0830767
node/13417278001,Bench,bench,bench,,,,,,False,-37.7648524,145.0731543
node/13417284401,Bench,bench,bench,,,,,,False,-37.7620718,145.074539
node/13424740187,Bench,bench,bench,,,,,,False,-37.8561767,145.2398453
node/13424740192,Bench,bench,bench,,,,,,False,-37.8605989,145.2364242
node/13424764006,Bench,bench,bench,,,,,,False,-37.8572091,145.2338252
node/13424764009,Bench,bench,bench,,,,,,False,-37.8606132,145.2364097
node/13424764013,Bench,bench,bench,,,,,,False,-37.857725,145.2399358
node/13425520701,Bench,bench,bench,,,,,,False,-37.8853583,145.1943772
node/13425520801,Bench,bench,bench,,,,,,False,-37.8851776,145.1959655
node/13428190828,Bench,bench,bench,,,,,,False,-37.8197063,144.9675481
node/13428190829,Bench,bench,bench,,,,,,False,-37.8196927,144.9676656
node/13428190830,Bench,bench,bench,,,,,,False,-37.8196917,144.9677481
node/13428190831,Bench,bench,bench,,,,,,False,-37.8196767,144.967861
node/13428190832,Bench,bench,bench,,,,,,False,-37.8196772,144.9679376
node/13429779497,Bench,bench,bench,,,,,,False,-37.9312925,144.6728697
node/13429792739,Bench,bench,bench,,,,,,False,-37.8873905,145.0582386
node/13429796800,Bench,bench,bench,,,,,,False,-37.8873954,145.0581789
node/13429812817,Bench,bench,bench,,,,,,False,-37.8873961,145.0581334
node/13432084907,Bench,bench,bench,,,,,,False,-37.7884992,144.9976963
node/13432161833,Bench,bench,bench,,,,,,False,-37.7942191,144.9984015
node/13433692060,Bench,bench,bench,,,,,,False,-37.8588344,144.9676893
node/13438675750,Bench,bench,bench,,,,,,False,-37.9094337,145.1309638
node/13438707562,Bench,bench,bench,,,,,,False,-37.909588,145.1310539
node/13439146861,Bench,bench,bench,,,,,,False,-37.8170992,145.1923785
node/13439163003,Bench,bench,bench,,,,,,False,-37.8172522,145.1924358
node/13439186191,Bench,bench,bench,,,,,,False,-37.891269,145.0747635
node/13439232018,Bench,bench,bench,,,,,,False,-37.8927899,145.0750868
node/13439241639,Bench,bench,bench,,,,,,False,-37.8929908,145.075092
node/13439242234,Bench,bench,bench,,,,,,False,-37.89237,145.0749923
node/13441734943,Bench,bench,bench,,,,,,False,-37.9219658,145.045781
node/13441769001,Bench,bench,bench,,,,,,False,-37.8936774,145.0757927
node/13451811737,Bench,bench,bench,,,,,,False,-37.8737543,145.0245799
node/13451811756,Bench,bench,bench,,,,,,False,-37.8748641,145.0243731
node/13451811757,Bench,bench,bench,,,,,,False,-37.8741888,145.0245056
node/13451855402,Bench,bench,bench,,,,,,False,-37.884434,145.3686745
node/13451866890,Bench,bench,bench,,,,,,False,-37.8732793,145.0245145
node/13451866892,Bench,bench,bench,,,,,,False,-37.8729143,145.0245901
node/13451866898,Bench,bench,bench,,,,,,False,-37.8735479,145.0244551
node/13454350727,Bench,bench,bench,,,,,,False,-37.7846639,144.8296456
node/13454350728,Bench,bench,bench,,,,,,False,-37.7845124,144.8288994
node/13454350729,Bench,bench,bench,,,,,,False,-37.7837605,144.8288925
node/13454350730,Bench,bench,bench,,,,,,False,-37.7832185,144.8284843
node/13454350731,Bench,bench,bench,,,,,,False,-37.7839592,144.8282335
node/13454350732,Bench,bench,bench,,,,,,False,-37.7839179,144.8278958
node/13454350733,Bench,bench,bench,,,,,,False,-37.7837904,144.8278157
node/13454350735,Bench,bench,bench,,,,,,False,-37.7841574,144.8291897
node/13454350736,Bench,bench,bench,,,,,,False,-37.783603,144.8278443
node/13456971627,Bench,bench,bench,,,,,,False,-37.7600185,144.9811803
node/13461453333,Bench,bench,bench,,,,,,False,-37.8848646,145.0579253
node/13461807306,Bench,bench,bench,,,,,,False,-37.8901578,145.0725173
node/13463220632,Bench,bench,bench,,,,,,False,-37.7264415,145.1448105
node/13463590870,Bench,bench,bench,,,,,,False,-37.8486535,145.3615001
node/13463805239,Bench,bench,bench,,,,,,False,-37.8165831,145.3807527
node/13478408047,Bench,bench,bench,,,,,,False,-37.8172281,145.3796364
node/13478408070,Bench,bench,bench,,,,,,False,-37.8167817,145.3796376
node/13478444429,Bench,bench,bench,,,,,,False,-38.3072517,145.1945903
node/13482901336,Bench,bench,bench,,,,,,False,-38.0684776,145.3258806
node/13482901345,Bench,bench,bench,,,,,,False,-38.0661505,145.3263673
node/13485139783,Bench,bench,bench,,,,,,False,-37.7593346,145.1296401
node/13485139784,Bench,bench,bench,,,,,,False,-37.7595029,145.1297634
node/13504080951,Bench,bench,bench,,,,,,False,-37.8055996,144.8721388
node/13505294440,Bench,bench,bench,,,,,,False,-37.692594,145.1519121
node/13505976715,Bench,bench,bench,,,,,,False,-37.7632741,145.1211062
node/13516041348,Bench,bench,bench,,,,,,False,-38.0358821,145.1077061
node/13516053969,Bench,bench,bench,,,,,,False,-37.8871002,145.3102281
node/13516085468,Bench,bench,bench,,,,,,False,-38.0280371,145.1164951
node/13520422198,Bench,bench,bench,,,,,,False,-37.8947948,145.1472146
node/13520422199,Bench,bench,bench,,,,,,False,-37.8948374,145.1472785
node/13520422200,Bench,bench,bench,,,,,,False,-37.8947547,145.1471522
node/13520447652,Bench,bench,bench,,,,,,False,-37.8903613,145.1429954
node/13525380425,Bench,bench,bench,,,,,,False,-37.7995125,144.9252159
node/13525380426,Bench,bench,bench,,,,,,False,-37.7995291,144.9253377
node/13525380427,Bench,bench,bench,,,,,,False,-37.7994922,144.9250779
node/13525380428,Bench,bench,bench,,,,,,False,-37.7994665,144.9249063
node/13525380429,Bench,bench,bench,,,,,,False,-37.7994723,144.9249505
node/13525380434,Bench,bench,bench,,,,,,False,-37.7996363,144.9252861
node/13525380435,Bench,bench,bench,,,,,,False,-37.7996432,144.9253228
node/13525380436,Bench,bench,bench,,,,,,False,-37.7995923,144.9249911
node/13525380437,Bench,bench,bench,,,,,,False,-37.7995503,144.9247072
node/13531796437,Bench,bench,bench,,,,,,False,-37.92022,145.4352584
node/13531796441,Bench,bench,bench,,,,,,False,-37.9213413,145.4310049
node/13531796442,Bench,bench,bench,,,,,,False,-37.9213233,145.4306428
node/13531796443,Bench,bench,bench,,,,,,False,-37.9288775,145.425162
node/13531796444,Bench,bench,bench,,,,,,False,-37.9264097,145.4217775
node/13531816810,Bench,bench,bench,,,,,,False,-37.7943311,144.9662035
node/13531816819,Bench,bench,bench,,,,,,False,-37.7944038,144.9661192
node/13533137554,Bench,bench,bench,,,,,,False,28.1639907,-80.661465
node/13535333885,Bench,bench,bench,,,,,,False,28.1589927,-80.660206
node/13541997570,Bench,bench,bench,,,,,,False,-37.9125712,145.1315445
node/13555869926,Andrew's Seat,bench,bench,,,,,,False,-37.8290767,144.9833516
node/13555869930,Bench,bench,bench,,,,,,False,-37.8290648,144.9836084
node/13574995874,Bench,bench,bench,,,,,,False,-37.7731351,144.8863084
node/13574995875,Bench,bench,bench,,,,,,False,-37.7731259,144.8863823
node/13574995876,Bench,bench,bench,,,,,,False,-37.7730884,144.8864349
node/13574995877,Bench,bench,bench,,,,,,False,-37.773042,144.8864552
node/13579129302,Bench,bench,bench,,,,,,False,-37.7033842,144.756196
node/13579129303,Bench,bench,bench,,,,,,False,-37.7035073,144.7551721
node/13579129304,Bench,bench,bench,,,,,,False,-37.7023608,144.7560947
node/13579129305,Bench,bench,bench,,,,,,False,-37.7023523,144.7560666
node/13583516184,Bench,bench,bench,,,,,,False,-37.8119032,145.2500869
node/13583516185,Bench,bench,bench,,,,,,False,-37.8119797,145.2501222
node/13583516186,Bench,bench,bench,,,,,,False,-37.8120112,145.2500974
node/13583516187,Bench,bench,bench,,,,,,False,-37.8119073,145.250047
node/13583516188,Bench,bench,bench,,,,,,False,-37.8119346,145.2500546
node/13584212213,Bench,bench,bench,,,,,,False,-37.774035,145.1282952
node/13585884910,Bench,bench,bench,,,,,,False,-38.2616707,145.1900929
node/13585888858,Bench,bench,bench,,,,,,False,-38.2614584,145.1900992
node/13585893946,Bench,bench,bench,,,,,,False,-37.9485732,145.042137
node/13585910525,Bench,bench,bench,,,,,,False,-38.2617965,145.1900886
node/13585922924,Bench,bench,bench,,,,,,False,-37.948546,145.0421306
node/13586402642,Bench,bench,bench,,,,,,False,-37.764223,145.2843433
node/13586402657,Bench,bench,bench,,,,,,False,-37.7644591,145.281459
node/13591510608,Bench,bench,bench,,,,,,False,-37.8848039,145.1896045
node/13591721894,Bench,bench,bench,,,,,,False,-38.0554403,145.4707104
node/13592267422,Bench,bench,bench,,,,,,False,-37.8514624,145.3692814
node/13592271145,Bench,bench,bench,,,,,,False,-37.8481282,145.3730152
node/13592274231,Bench,bench,bench,,,,,,False,-37.8518652,145.3687443
node/13592281760,Bench,bench,bench,,,,,,False,-37.8513416,145.3696189
node/13592282794,Bench,bench,bench,,,,,,False,-37.8501133,145.370564
node/13592285850,Bench,bench,bench,,,,,,False,-37.8466919,145.3723938
node/13595286783,Bench,bench,bench,,,,,,False,-37.8172232,144.9341157
node/13595286784,Bench,bench,bench,,,,,,False,-37.8172179,144.9341433
node/13596850206,Bench,bench,bench,,,,,,False,-37.8519507,144.9933093
node/13596866815,Bench,bench,bench,,,,,,False,-37.8479124,144.9939061
node/13596913532,Bench,bench,bench,,,,,,False,-37.8386395,144.9893534
node/13596927162,Bench,bench,bench,,,,,,False,-37.8444739,144.9905916
node/13596948238,Bench,bench,bench,,,,,,False,-37.8444342,144.9906445
node/13596982318,Bench,bench,bench,,,,,,False,-37.8385222,144.989152
node/13604849218,Bench,bench,bench,,,,,,False,-38.0706267,145.4462588
node/13604849219,Bench,bench,bench,,,,,,False,-38.0706469,145.4462119
node/13604849220,Bench,bench,bench,,,,,,False,-38.0706506,145.4464018
node/13604849221,Bench,bench,bench,,,,,,False,-38.070687,145.4464279
node/13604849222,Bench,bench,bench,,,,,,False,-38.0707278,145.4467097
node/13604849223,Bench,bench,bench,,,,,,False,-38.0707818,145.4466248
node/13604849224,Bench,bench,bench,,,,,,False,-38.0707703,145.4468519
node/13604849225,Bench,bench,bench,,,,,,False,-38.0706501,145.4463422
node/13604849226,Bench,bench,bench,,,,,,False,-38.0705731,145.4451223
node/13604907361,Bench,bench,bench,,,,,,False,-38.0702429,145.4435569
node/13606820297,Bench,bench,bench,,,,,,False,-37.8392267,145.007585
node/13606834261,Bench,bench,bench,,,,,,False,-37.8346333,145.0054066
node/13606850785,Bench,bench,bench,,,,,,False,-37.8344535,145.004967
node/13606860031,Bench,bench,bench,,,,,,False,-37.8340912,144.9944811
node/13606861261,Bench,bench,bench,,,,,,False,-37.8343588,145.002551
node/13606869497,Bench,bench,bench,,,,,,False,-37.8343858,145.0025643
node/13606872474,Bench,bench,bench,,,,,,False,-37.8346089,145.0051613
node/13606884073,Bench,bench,bench,,,,,,False,-37.8409685,145.0081659
node/13606884103,Bench,bench,bench,,,,,,False,-37.8399618,145.0075924
node/13606886627,Bench,bench,bench,,,,,,False,-37.8401774,145.0087124
node/13606887204,Bench,bench,bench,,,,,,False,-37.8401894,145.0088043
node/13606898433,Bench,bench,bench,,,,,,False,-37.8411094,145.009626
node/13606912027,Bench,bench,bench,,,,,,False,-37.84097,145.0082048
node/13606941522,Bench,bench,bench,,,,,,False,-37.8365877,145.0043027
node/13606949169,Bench,bench,bench,,,,,,False,-37.8408863,145.0076082
node/13606987211,Bench,bench,bench,,,,,,False,-37.8352156,145.0032432
node/13606987212,Bench,bench,bench,,,,,,False,-37.8354128,145.003034
node/13606994131,Bench,bench,bench,,,,,,False,-37.8408965,145.0076633
node/13607273792,Bench,bench,bench,,,,,,False,-37.8410085,145.0086755
node/13609167358,Bench,bench,bench,,,,,,False,-38.0689979,145.4498594
node/13609167359,Bench,bench,bench,,,,,,False,-38.0689856,145.4498884
node/13609167360,Bench,bench,bench,,,,,,False,-38.0689603,145.4502884
node/13609167361,Bench,bench,bench,,,,,,False,-38.0689558,145.4503188
node/13609167362,Bench,bench,bench,,,,,,False,-38.0692611,145.450179
node/13609167363,Bench,bench,bench,,,,,,False,-38.0692498,145.450216
node/13610786014,Bench,bench,bench,,,,,,False,-38.067604,145.4555222
node/13610786015,Bench,bench,bench,,,,,,False,-38.0676455,145.4555399
node/13610786016,Bench,bench,bench,,,,,,False,-38.0676167,145.4555631
node/13610786017,Bench,bench,bench,,,,,,False,-38.0676339,145.4555118
node/13610786030,Bench,bench,bench,,,,,,False,-38.0676826,145.4554826
node/13610786031,Bench,bench,bench,,,,,,False,-38.0677026,145.4554928
node/13610973688,Bench,bench,bench,,,,,,False,-37.9079555,145.1873667
node/13617042765,Bench,bench,bench,,,,,,False,-37.7369493,145.265777
node/13621706336,Bench,bench,bench,,,,,,False,-37.729214,144.7938831
node/13621706337,Bench,bench,bench,,,,,,False,-37.7293508,144.7939729
node/13621706339,Bench,bench,bench,,,,,,False,-37.7292034,144.7938591
node/13621706340,Bench,bench,bench,,,,,,False,-37.7291408,144.7938452
node/13622004543,Bench,bench,bench,,,,,,False,-38.2661286,145.0180657
node/13622004551,Bench,bench,bench,,,,,,False,-38.2644211,145.0236066
node/13622004552,Bench,bench,bench,,,,,,False,-38.2651618,145.0225839
node/13622004554,Bench,bench,bench,,,,,,False,-38.2648365,145.0228924
node/13628875474,Bench,bench,bench,,,,,,False,-38.0742843,145.4229028
node/13631975696,Bench,bench,bench,,,,,,False,-38.0688197,145.4171626
node/13631975697,Bench,bench,bench,,,,,,False,-38.0685595,145.4172438
node/13633838083,Bench,bench,bench,,,,,,False,-38.0684124,145.4165016
node/13633838088,Bench,bench,bench,,,,,,False,-38.0686795,145.41642
node/13633944702,Bench,bench,bench,,,,,,False,-38.0689626,145.4163028
node/13644158245,Bench,bench,bench,,,,,,False,-37.7597771,145.0004467
node/13644170736,Bench,bench,bench,,,,,,False,-37.7576995,145.0022844
node/13644170746,Bench,bench,bench,,,,,,False,-37.763948,145.0087472
node/13644184164,Bench,bench,bench,,,,,,False,-37.758431,145.0019741
node/13644184408,Bench,bench,bench,,,,,,False,-37.7584601,145.0019561
node/13644199002,Bench,bench,bench,,,,,,False,-37.7570061,145.0031786
node/13644209497,Bench,bench,bench,,,,,,False,-37.7635627,145.0033731
node/13644254217,Bench,bench,bench,,,,,,False,-37.7601254,145.0053637
node/13644261086,Bench,bench,bench,,,,,,False,-37.7606715,145.0092765
node/13646788648,Bench,bench,bench,,,,,,False,-37.8337624,144.9925921
node/13648710058,Bench,bench,bench,,,,,,False,-37.7985303,144.981037
node/13648756061,Bench,bench,bench,,,,,,False,-37.8448748,144.9418612
node/13648757727,Bench,bench,bench,,,,,,False,-37.844747,144.9410721
node/13648809021,Bench,bench,bench,,,,,,False,-37.8448232,144.9414942
node/13648815844,Bench,bench,bench,,,,,,False,-37.8448003,144.9412838
node/13648825609,Bench,bench,bench,,,,,,False,-37.8448541,144.9416948
node/13648850112,Bench,bench,bench,,,,,,False,-37.8452975,144.9429045
node/13648881155,Bench,bench,bench,,,,,,False,-37.8488057,144.9501409
node/13648881161,Bench,bench,bench,,,,,,False,-37.8506331,144.9541139
node/13648885183,Bench,bench,bench,,,,,,False,-37.8492029,144.9509693
node/13648885852,Bench,bench,bench,,,,,,False,-37.8475589,144.9476731
node/13648886285,Bench,bench,bench,,,,,,False,-37.8492672,144.9511004
node/13648886317,Bench,bench,bench,,,,,,False,-37.8502471,144.9533191
node/13653475770,Bench,bench,bench,,,,,,False,28.1613698,-80.6608021
node/13657618300,Bench,bench,bench,,,,,,False,-37.7866318,145.132142
node/13660591391,Bench,bench,bench,,,,,,False,-37.7549158,145.0013215
node/13660602594,Bench,bench,bench,,,,,,False,-37.7614823,145.0092917
node/13666116787,Bench,bench,bench,,,,,,False,-37.8283591,144.9954993
node/13666116788,Bench,bench,bench,,,,,,False,-37.8355545,145.0029876
node/13666128268,Bench,bench,bench,,,,,,False,-37.8382148,144.9969444
node/13666128269,Bench,bench,bench,,,,,,False,-37.838165,144.9968736
node/13666188756,Bench,bench,bench,,,,,,False,-37.8355796,145.0029837
node/13666189785,Bench,bench,bench,,,,,,False,-37.8386414,144.9968491
node/13666189786,Bench,bench,bench,,,,,,False,-37.8340553,144.9942999
node/13666189787,Bench,bench,bench,,,,,,False,-37.8337102,144.9924317
node/13666191700,Bench,bench,bench,,,,,,False,-37.8380807,144.9967564
node/13666193376,Bench,bench,bench,,,,,,False,-37.8287857,144.9946102
node/13666193377,Bench,bench,bench,,,,,,False,-37.8256943,144.997637
node/13666193378,Bench,bench,bench,,,,,,False,-37.8350377,145.0048793
node/13666202877,Bench,bench,bench,,,,,,False,-37.826384,144.9977262
node/13666202878,Bench,bench,bench,,,,,,False,-37.8342592,145.0050383
node/13666202879,Bench,bench,bench,,,,,,False,-37.833656,144.9922445
node/13666204524,Bench,bench,bench,,,,,,False,-37.8362084,145.0050114
node/13666211616,Bench,bench,bench,,,,,,False,-37.8340027,144.9940637
node/13666213160,Bench,bench,bench,,,,,,False,-37.8363551,145.0046499
node/13666216845,Bench,bench,bench,,,,,,False,-37.8350785,145.0032818
node/13666217185,Bench,bench,bench,,,,,,False,-37.8286666,144.9954497
node/13666217186,Bench,bench,bench,,,,,,False,-37.8360414,145.0051471
node/13666217571,Bench,bench,bench,,,,,,False,-37.8285619,144.9954702
node/13666223882,Bench,bench,bench,,,,,,False,-37.8282685,144.9955151
node/13666223883,Bench,bench,bench,,,,,,False,-37.8384319,144.9968862
node/13666223884,Bench,bench,bench,,,,,,False,-37.8354896,145.0029785
node/13666224947,Bench,bench,bench,,,,,,False,-37.8384469,144.9964473
node/13666225435,Bench,bench,bench,,,,,,False,-37.8254476,144.9954745
node/13666228965,Bench,bench,bench,,,,,,False,-37.8362504,145.0049077
node/13666232768,Bench,bench,bench,,,,,,False,-37.8265765,144.9959741
node/13666236383,Bench,bench,bench,,,,,,False,-37.8286982,144.9946264
node/13666236385,Bench,bench,bench,,,,,,False,-37.8386561,144.9963271
node/13666236386,Bench,bench,bench,,,,,,False,-37.834375,145.0025547
node/13666236387,Bench,bench,bench,,,,,,False,-37.833971,144.9939131
node/13666237303,Bench,bench,bench,,,,,,False,-37.8379735,144.9966212
node/13666237304,Bench,bench,bench,,,,,,False,-37.8383194,144.9963714
node/13666237305,Bench,bench,bench,,,,,,False,-37.835832,145.0052161
node/13666237817,Bench,bench,bench,,,,,,False,-37.8349648,145.0044671
node/13666239704,Bench,bench,bench,,,,,,False,-37.8256261,144.9971655
node/13666241601,Bench,bench,bench,,,,,,False,-37.82647,144.9961483
node/13670433949,Bench,bench,bench,,,,,,False,-37.8838143,144.7007428
node/13680934838,Bench,bench,bench,,,,,,False,-37.7701593,145.1429766
node/13680934839,Bench,bench,bench,,,,,,False,-37.7702181,145.1427802
node/13680934876,Bench,bench,bench,,,,,,False,-37.769131,145.1357728
node/13680934902,Bench,bench,bench,,,,,,False,-37.7690114,145.1359089
node/13680934906,Bench,bench,bench,,,,,,False,-37.7689253,145.136117
node/13684337967,Bench,bench,bench,,,,,,False,-37.7818471,144.9614279
node/13684337968,Bench,bench,bench,,,,,,False,-37.7815227,144.9617967
node/13685705323,Bench,bench,bench,,,,,,False,-37.8308951,144.9880272
node/13687719943,Bench,bench,bench,,,,,,False,-37.8829791,144.7848557
node/13695001539,Bench,bench,bench,,,,,,False,-37.8201764,144.9592889
node/13700403415,Bench,bench,bench,,,,,,False,-37.8191401,144.9571504
node/13702581609,Bench,bench,bench,,,,,,False,-37.82254,144.9586332
node/13702857872,Bench,bench,bench,,,,,,False,-37.9869443,145.1312682
node/13702857874,Bench,bench,bench,,,,,,False,-37.9871239,145.1312569
node/13702912883,Bench,bench,bench,,,,,,False,-37.7970922,144.980859
node/13704595701,Bench,bench,bench,,,,,,False,-37.8150703,144.9798855
node/13704677306,Bench,bench,bench,,,,,,False,-37.7540507,145.6894184
node/13704854650,Bench,bench,bench,,,,,,False,-37.773311,145.7059091
node/13704870960,Bench,bench,bench,,,,,,False,-37.7758593,145.7082616
node/13706957101,Bench,bench,bench,,,,,,False,-37.8714566,145.3154028
node/13706973401,Bench,bench,bench,,,,,,False,-37.8839483,145.3092453
node/13707049332,Bench,bench,bench,,,,,,False,-37.8925294,145.307244
node/13707049337,Bench,bench,bench,,,,,,False,-37.8925368,145.3072419
node/13708502733,Bench,bench,bench,,,,,,False,-37.7033813,145.0792369
node/13708502734,Bench,bench,bench,,,,,,False,-37.7033804,145.0791709
node/13708503802,Bench,bench,bench,,,,,,False,-37.7044738,145.0805635
node/13708503803,Bench,bench,bench,,,,,,False,-37.7045277,145.0801923
node/13708503804,Bench,bench,bench,,,,,,False,-37.7042911,145.0796271
node/13708503805,Bench,bench,bench,,,,,,False,-37.7042926,145.0796606
node/13710487075,Bench,bench,bench,,,,,,False,-37.7045376,145.079748
node/13710487076,Bench,bench,bench,,,,,,False,-37.7045743,145.0798895
node/13710588110,Bench,bench,bench,,,,,,False,-37.8301684,144.9741117
node/13713362499,Bench,bench,bench,,,,,,False,-37.9062859,145.311609
node/13714861772,Bench,bench,bench,,,,,,False,-37.82068,144.9666355
node/13714861774,Bench,bench,bench,,,,,,False,-37.8198413,144.9672628
node/13714861775,Bench,bench,bench,,,,,,False,-37.8198079,144.9673431
node/13714861776,Bench,bench,bench,,,,,,False,-37.8206923,144.9666588
node/13714861779,Bench,bench,bench,,,,,,False,-37.8206607,144.9666451
node/13715633714,Bench,bench,bench,,,,,,False,-37.72279,145.0673581
node/13715633715,Bench,bench,bench,,,,,,False,-37.7236481,145.0675784
node/13715633716,Bench,bench,bench,,,,,,False,-37.7224023,145.0673313
node/13727220899,Bench,bench,bench,,,,,,False,-38.0201061,145.3008296
node/13727220900,Bench,bench,bench,,,,,,False,-38.0200949,145.3009091
node/13727855842,Bench,bench,bench,,,,,,False,-37.815298,145.2828527
node/13727855860,Bench,bench,bench,,,,,,False,-37.8141689,145.2807595
node/13732541006,Bench,bench,bench,,,,,,False,-37.8243856,145.2333174
node/13732541009,Bench,bench,bench,,,,,,False,-37.8230059,145.233528
node/13733906845,Bench,bench,bench,,,,,,False,-37.8371582,144.9882322
node/13734137266,Bench,bench,bench,,,,,,False,-37.8225281,145.1074037
node/13736289399,Bench,bench,bench,,,,,,False,-37.8112483,144.9752692
node/13736289400,Bench,bench,bench,,,,,,False,-37.8112529,144.9752963
node/13736295101,Bench,bench,bench,,,,,,False,-37.811343,144.9752363
node/13736295102,Bench,bench,bench,,,,,,False,-37.8113485,144.9752609
node/13739130123,Bench,bench,bench,,,,,,False,-37.878388,145.1624563
node/13739133137,Bench,bench,bench,,,,,,False,-37.8790142,145.1623445
node/13741811741,Bench,bench,bench,,,,,,False,-37.8391648,144.9996511
node/13751814187,Bench,bench,bench,,,,,,False,-37.8081491,144.8989059
node/13753961733,Bench,bench,bench,,,,,,False,-37.7576037,145.0615353
node/13754314909,Bench,bench,bench,,,,,,False,-37.8077992,145.039514
node/13754379368,Bench,bench,bench,,,,,,False,-37.9992464,145.3259653
node/13754379373,Bench,bench,bench,,,,,,False,-37.9993493,145.32494
node/13754379375,Bench,bench,bench,,,,,,False,-38.0000261,145.3258981
node/13754379376,Bench,bench,bench,,,,,,False,-37.999868,145.3260985
node/13754855044,Bench,bench,bench,,,,,,False,-37.845831,144.636095
node/13754855059,Bench,bench,bench,,,,,,False,-37.8458484,144.6360796
node/13754855060,Bench,bench,bench,,,,,,False,-37.8458795,144.6361034
node/13754855061,Bench,bench,bench,,,,,,False,-37.8458674,144.6360405
node/13754855062,Bench,bench,bench,,,,,,False,-37.8458987,144.6360657
node/13760287375,Bench,bench,bench,,,,,,False,-37.9552311,145.2143461
node/13760287376,Bench,bench,bench,,,,,,False,-37.9553398,145.2142345
node/13765453732,Bench,bench,bench,,,,,,False,-37.8238699,144.9906921
node/13769217226,Bench,bench,bench,,,,,,False,-37.7210771,145.0464979
node/13769388033,Bench,bench,bench,,,,,,False,-37.8092646,144.9719339
node/13773017598,Bench,bench,bench,,,,,,False,-37.8354697,145.1141655
node/13773017599,Bench,bench,bench,,,,,,False,-37.8355853,145.1142427
node/13773018440,Bench,bench,bench,,,,,,False,-37.8554318,145.1873917
node/13773018535,Bench,bench,bench,,,,,,False,-37.8326936,145.1532424
node/13774807965,Mercury Rising,bench,bench,,,,,,False,-37.8148741,144.9633274
node/13778140376,Bench,bench,bench,,,,,,False,-37.8047006,144.8742413
node/13778140994,Bench,bench,bench,,,,,,False,-37.8040409,144.8741086
node/13778148592,Bench,bench,bench,,,,,,False,-37.80392,144.8733462
node/13778176451,Bench,bench,bench,,,,,,False,-37.8050836,144.8725547
node/13783971519,Bench,bench,bench,,,,,,False,-37.8200576,145.0458643
node/13783971520,Bench,bench,bench,,,,,,False,-37.8196907,145.0449469
node/13783971555,Bench,bench,bench,,,,,,False,-37.7931039,145.0252836
node/13784517859,Bench,bench,bench,,,,,,False,-37.7241284,144.8848895
node/13784517867,Bench,bench,bench,,,,,,False,-37.7237607,144.8852656
node/13784517868,Bench,bench,bench,,,,,,False,-37.7237848,144.8852447
node/13784532495,Bench,bench,bench,,,,,,False,-38.0051675,145.2980211
node/13784725901,Bench,bench,bench,,,,,,False,-37.8146961,144.958663
node/13784725902,Bench,bench,bench,,,,,,False,-37.8147549,144.9586884
node/13784725903,Bench,bench,bench,,,,,,False,-37.8148087,144.9587129
node/13785499189,Bench,bench,bench,,,,,,False,-38.0406609,145.3438378
node/13785826108,Bench,bench,bench,,,,,,False,-37.8117785,144.9618957
node/13785919743,Bench,bench,bench,,,,,,False,-37.9018838,145.0191629
node/13798275898,Bench,bench,bench,,,,,,False,-37.8303956,145.2952033
node/13799961533,Bench,bench,bench,,,,,,False,-37.8549418,144.7527837
node/13799961534,Bench,bench,bench,,,,,,False,-37.8548923,144.7527365
node/13799963507,Bench,bench,bench,,,,,,False,-37.8075356,145.1645505
node/13810134498,Bench,bench,bench,,,,,,False,-37.8391431,144.9993568
node/13810155889,Bench,bench,bench,,,,,,False,-37.8397305,144.9990259
node/13810155890,Bench,bench,bench,,,,,,False,-37.8394231,145.0001395
node/13810156028,Bench,bench,bench,,,,,,False,-37.8392223,144.9998509
node/13810157277,Bench,bench,bench,,,,,,False,-37.8391671,144.9989721
node/13810160784,Bench,bench,bench,,,,,,False,-38.3662089,144.863577
node/13810160786,Bench,bench,bench,,,,,,False,-38.3662584,144.863363
node/13810160787,Bench,bench,bench,,,,,,False,-38.3664515,144.8632153
node/13810160789,Bench,bench,bench,,,,,,False,-38.3665794,144.8632011
node/13810160792,Bench,bench,bench,,,,,,False,-38.3662227,144.8634816
node/13810160797,Bench,bench,bench,,,,,,False,-38.3665231,144.8630506
node/13810160798,Bench,bench,bench,,,,,,False,-38.3662756,144.8632675
node/13810163539,Bench,bench,bench,,,,,,False,-37.8396381,144.9993082
node/13810167694,Bench,bench,bench,,,,,,False,-37.8397178,144.9996143
node/13810169217,Bench,bench,bench,,,,,,False,-38.3613947,144.8814517
node/13810169219,Bench,bench,bench,,,,,,False,-38.3611957,144.8815493
node/13810169401,Bench,bench,bench,,,,,,False,-38.3662648,144.8633154
node/13810169410,Bench,bench,bench,,,,,,False,-38.3662207,144.8635322
node/13810169411,Bench,bench,bench,,,,,,False,-37.8393981,144.9996806
node/13810169933,Bench,bench,bench,,,,,,False,-37.8397433,144.9991932
node/13810170024,Bench,bench,bench,,,,,,False,-37.8397544,144.999301
node/13810171290,Bench,bench,bench,,,,,,False,-37.8371999,144.9999186
node/13810171291,Bench,bench,bench,,,,,,False,-37.8394155,144.9990087
node/13810172011,Bench,bench,bench,,,,,,False,-37.8397339,144.9997659
node/13813351256,Bench,bench,bench,,,,,,False,-37.8154392,145.3523449
node/13816352920,Bench,bench,bench,,,,,,False,-37.7558658,145.0629206
node/13817263064,Bench,bench,bench,,,,,,False,-37.8774949,145.2934938
node/13818383221,Bench,bench,bench,,,,,,False,-37.8728607,144.8175054
node/13818383222,Bench,bench,bench,,,,,,False,-37.8728841,144.8176293
node/13819910646,Bench,bench,bench,,,,,,False,-37.812307,145.2476512
node/13823058423,Bench,bench,bench,,,,,,False,-37.8014923,144.9022239
node/13823064476,Bench,bench,bench,,,,,,False,-37.8014996,144.9021493
node/13823068835,Bench,bench,bench,,,,,,False,-37.8015018,144.9021901
node/13823086926,Bench,bench,bench,,,,,,False,-37.8014859,144.9021819
