osm_id,name,amenity_type,amenity,wheelchair,toilets:wheelchair,opening_hours,operator,description,is_accessible,latitude,longitude
way/28919769,Accessible Toilet,accessible_toilet,toilets,designated,,,,,True,-37.807832,144.9579622
node/30230114,Accessible Toilet,accessible_toilet,toilets,limited,,,,,True,-37.8802018,145.1641177
way/34000511,Accessible Toilet,accessible_toilet,toilets,,,,,,True,-37.7013434,144.9545865
way/34285481,Accessible Toilet,accessible_toilet,toilets,,,,,,True,-37.7150821,144.9603245
way/34947532,Demolished,accessible_toilet,toilets,yes,,,,,True,-37.7439459,144.8974801
way/38226973,Accessible Toilet,accessible_toilet,toilets,,,,,,True,-37.8093804,145.2785927
way/38614008,Accessible Toilet,accessible_toilet,toilets,yes,,,,,True,-37.8203441,144.9733164
way/39575384,Accessible Toilet,accessible_toilet,toilets,,,,,,True,-37.9091715,145.2245936
way/44486683,Accessible Toilet,accessible_toilet,toilets,,,,,,True,-37.827557,145.3526974
way/44552489,Accessible Toilet,accessible_toilet,toilets,,,,,,True,-37.8820039,145.2282694
way/45379972,Accessible Toilet,accessible_toilet,toilets,,,,,,True,-37.8422995,144.9633396
way/46500346,Accessible Toilet,accessible_toilet,toilets,,,,,,True,-37.8942694,145.1982538
way/46980974,Accessible Toilet,accessible_toilet,toilets,,,,,,True,-37.6675754,144.7663791
way/48035767,Accessible Toilet,accessible_toilet,toilets,,,,,,True,-37.8931964,145.3108171
way/48332402,Accessible Toilet,accessible_toilet,toilets,,,,,,True,-37.8746948,145.2856069
way/48332403,Accessible Toilet,accessible_toilet,toilets,,,,,,True,-37.875986,145.2871129
way/49238814,Accessible Toilet,accessible_toilet,toilets,,,,,,True,-37.8589884,145.2408724
way/49960558,Accessible Toilet,accessible_toilet,toilets,,,,,,True,-38.1033524,145.1250343
way/51529810,Accessible Toilet,accessible_toilet,toilets,,,,,,True,-37.927476,144.772269
way/51530301,Accessible Toilet,accessible_toilet,toilets,,,,,,True,-37.9279515,144.7708226
way/57007463,Accessible Toilet,accessible_toilet,toilets,,,,,,True,-37.8068188,144.9587385
way/61017218,Accessible Toilet,accessible_toilet,toilets,yes,,,,,True,-37.7760076,145.1401201
way/62224702,Accessible Toilet,accessible_toilet,toilets,,,,,,True,-37.7452078,145.1344186
way/62224704,Accessible Toilet,accessible_toilet,toilets,no,,,Parks Victoria,,True,-37.7424594,145.1352334
way/62224708,Accessible Toilet,accessible_toilet,toilets,limited,,,,,True,-37.7509158,145.1299009
way/68678551,Accessible Toilet,accessible_toilet,toilets,yes,,,,,True,-37.8812742,145.2948567
way/85246931,Accessible Toilet,accessible_toilet,toilets,yes,,,,,True,-37.76858,144.8717061
way/85247180,Accessible Toilet,accessible_toilet,toilets,,,,,,True,-37.7340566,144.8317424
way/86370001,Accessible Toilet,accessible_toilet,toilets,,,,,,True,-37.8948119,145.2496332
way/96935006,Accessible Toilet,accessible_toilet,toilets,,,,,,True,-37.950275,145.5484956
way/97195436,Accessible Toilet,accessible_toilet,toilets,,,,,,True,-38.0629148,145.2878131
way/97195444,Accessible Toilet,accessible_toilet,toilets,,,,,,True,-38.0628598,145.2878381
way/97917640,Accessible Toilet,accessible_toilet,toilets,yes,,,,,True,-37.9332479,145.1107606
way/102675272,Accessible Toilet,accessible_toilet,toilets,,,,,,True,-37.9073726,145.356859
way/102771309,Accessible Toilet,accessible_toilet,toilets,,,,,,True,-37.5577757,145.1253949
way/103401904,Accessible Toilet,accessible_toilet,toilets,,,,,,True,-38.1748254,145.1417594
way/103401907,Accessible Toilet,accessible_toilet,toilets,yes,,,,,True,-38.174493,145.1404763
way/104449889,Accessible Toilet,accessible_toilet,toilets,,,,,,True,-37.9256786,145.349058
way/104449893,Accessible Toilet,accessible_toilet,toilets,,,,,,True,-37.927046,145.3485903
way/111779978,Accessible Toilet,accessible_toilet,toilets,,,,,,True,-37.755665,144.9768768
way/113662857,Accessible Toilet,accessible_toilet,toilets,,,,,,True,-37.9084411,145.3560968
way/115824211,Accessible Toilet,accessible_toilet,toilets,yes,,24/7,Moreland City Council,,True,-37.7744723,144.9766545
way/115941161,Accessible Toilet,accessible_toilet,toilets,,,,Moreland City Council,,True,-37.7699133,144.9827466
way/117904625,Accessible Toilet,accessible_toilet,toilets,,,,,,True,-37.767298,144.9806977
way/117907079,Public Toilets,accessible_toilet,toilets,,,,,,True,-37.7660784,144.9848706
way/120144274,Toilets,accessible_toilet,toilets,,,,,,True,-37.9479062,145.5307954
node/122635024,Accessible Toilet,accessible_toilet,toilets,,,,,,True,-37.8981008,145.1133574
way/136466950,Accessible Toilet,accessible_toilet,toilets,yes,,,,,True,-37.7521549,145.0988472
node/137010639,Accessible Toilet,accessible_toilet,toilets,yes,,,,,True,-37.8907122,145.1441694
way/147610145,Accessible Toilet,accessible_toilet,toilets,yes,,,,,True,-38.3193267,144.7131589
way/148936208,Accessible Toilet,accessible_toilet,toilets,yes,,,,,True,-37.9264795,145.3543952
way/154270225,Accessible Toilet,accessible_toilet,toilets,,,,,,True,-37.8389798,144.9711956
way/154529390,Beaurepaire Pavillion,accessible_toilet,toilets,,,,,,True,-37.8477948,144.9682384
way/154532559,Accessible Toilet,accessible_toilet,toilets,,,,,,True,-37.8490607,144.9664406
way/154620601,Accessible Toilet,accessible_toilet,toilets,,,,,,True,-38.1999459,145.4899698
way/154705283,Accessible Toilet,accessible_toilet,toilets,,,,,,True,-37.8457282,144.9674202
way/156140715,Accessible Toilet,accessible_toilet,toilets,,,,,,True,-38.4472855,144.8595653
way/156140767,Accessible Toilet,accessible_toilet,toilets,,,,,,True,-38.4450949,144.8564464
way/160098928,Accessible Toilet,accessible_toilet,toilets,yes,,,,,True,-38.3539511,144.9500446
way/169733224,Accessible Toilet,accessible_toilet,toilets,no,,,,,True,-37.7057669,145.097526
way/169733226,Accessible Toilet,accessible_toilet,toilets,no,,24/7,,,True,-37.7065567,145.0996655
way/172237653,Accessible Toilet,accessible_toilet,toilets,yes,,,,,True,-38.4932054,144.8887927
way/172243388,Accessible Toilet,accessible_toilet,toilets,,,,,,True,-38.47677,144.8933626
way/173759102,Accessible Toilet,accessible_toilet,toilets,yes,,24/7,,,True,-37.8804815,144.7349845
way/178265664,Accessible Toilet,accessible_toilet,toilets,no,,,,,True,-37.7121578,145.0414954
way/178265677,Accessible Toilet,accessible_toilet,toilets,yes,,,,,True,-37.7128738,145.043659
way/178268570,Public Toilets,accessible_toilet,toilets,yes,,,,,True,-37.7103269,145.0459643
way/178268571,Public Toilets,accessible_toilet,toilets,yes,,,,,True,-37.7086407,145.0462668
way/178572479,Accessible Toilet,accessible_toilet,toilets,,,,,,True,-37.9202116,144.9878446
way/180072718,Accessible Toilet,accessible_toilet,toilets,,,,,,True,-37.7553758,144.8910581
way/190672819,Accessible Toilet,accessible_toilet,toilets,yes,,,,,True,-37.7773112,145.1444334
node/191053943,Accessible Toilet,accessible_toilet,toilets,,,,,,True,-37.8536789,144.9879699
way/193631400,Accessible Toilet,accessible_toilet,toilets,yes,,,,,True,28.079436,-80.6007732
way/198108152,Accessible Toilet,accessible_toilet,toilets,yes,,,,,True,-37.8387303,145.1042537
way/200535707,Accessible Toilet,accessible_toilet,toilets,,,,,,True,-37.7965566,145.2569692
way/201345291,Accessible Toilet,accessible_toilet,toilets,,,,,,True,-37.9059148,145.2128288
way/207256011,Accessible Toilet,accessible_toilet,toilets,,,,,,True,-37.883257,144.9778517
way/217703970,Accessible Toilet,accessible_toilet,toilets,yes,,,,,True,-37.779313,144.9669206
way/218625474,Accessible Toilet,accessible_toilet,toilets,limited,,,Moreland Council,,True,-37.7019738,144.9662639
node/220672394,Accessible Toilet,accessible_toilet,toilets,yes,,,,,True,-37.7896509,144.9722775
way/221694906,Accessible Toilet,accessible_toilet,toilets,,,,,,True,-37.8946151,145.3014996
way/222110697,Accessible Toilet,accessible_toilet,toilets,,,,,,True,-37.8314698,145.0245496
way/222403468,Accessible Toilet,accessible_toilet,toilets,,,,,,True,-37.7728514,145.0325062
way/226042303,Accessible Toilet,accessible_toilet,toilets,yes,,,,,True,-37.7205636,145.0461341
way/226705369,Accessible Toilet,accessible_toilet,toilets,yes,,,,,True,-37.765755,145.3579957
way/229129061,Accessible Toilet,accessible_toilet,toilets,,,,,,True,-37.8565923,145.1607684
way/229692264,Accessible Toilet,accessible_toilet,toilets,,,,,,True,-37.9916742,145.0405512
way/231408116,Accessible Toilet,accessible_toilet,toilets,,,,,,True,-38.278079,145.1029779
way/231442511,Accessible Toilet,accessible_toilet,toilets,yes,,,,,True,-38.3451977,144.7266712
way/231700672,Accessible Toilet,accessible_toilet,toilets,yes,,,,,True,-37.7138683,144.9609385
way/231778718,Accessible Toilet,accessible_toilet,toilets,,,,,,True,-38.0574724,145.2507716
way/231790923,Accessible Toilet,accessible_toilet,toilets,,,,,,True,-38.3405077,144.9466623
way/231790924,Accessible Toilet,accessible_toilet,toilets,,,,,,True,-38.3326464,144.9643224
way/231886820,Accessible Toilet,accessible_toilet,toilets,,,,,,True,-38.3505803,144.9217142
way/231886824,Accessible Toilet,accessible_toilet,toilets,,,,,,True,-38.3354883,144.9586182
way/231886828,Accessible Toilet,accessible_toilet,toilets,,,,,,True,-38.3464198,144.9324079
way/231886829,Accessible Toilet,accessible_toilet,toilets,,,,,,True,-38.3517645,144.9166012
way/231983224,Accessible Toilet,accessible_toilet,toilets,yes,,,,,True,-38.314046,145.0075435
way/232301232,Accessible Toilet,accessible_toilet,toilets,,,,,,True,-38.3304697,144.9687778
way/232303029,Accessible Toilet,accessible_toilet,toilets,,,,,,True,-38.341323,144.9454595
way/232303031,Accessible Toilet,accessible_toilet,toilets,,,,,,True,-38.3369083,144.9555682
way/240807522,Accessible Toilet,accessible_toilet,toilets,,,,,,True,-38.2062976,145.11232
node/242541845,Accessible Toilet,accessible_toilet,toilets,yes,,,Melbourne City Council,,True,-37.8174779,144.9602846
node/242809858,Accessible Toilet,accessible_toilet,toilets,no,,,,,True,-37.8134523,144.9629216
node/242823114,Accessible Toilet,accessible_toilet,toilets,,,,Melbourne City Council,,True,-37.8026701,144.969847
node/245494315,Accessible Toilet,accessible_toilet,toilets,yes,,,,,True,-37.7789227,144.9604998
node/245915476,Accessible Toilet,accessible_toilet,toilets,yes,,,,,True,-37.7914432,144.9619657
node/245916608,Accessible Toilet,accessible_toilet,toilets,yes,,,,,True,-37.7855345,144.9663802
way/246270449,Accessible Toilet,accessible_toilet,toilets,,,,,,True,-37.8930101,145.1611789
node/248214933,Accessible Toilet,accessible_toilet,toilets,,,,,,True,-37.7896454,144.9685968
node/248838847,Accessible Toilet,accessible_toilet,toilets,no,,,,,True,-37.8046186,144.9629473
way/250734725,Accessible Toilet,accessible_toilet,toilets,,,,,,True,-37.767731,144.9921396
node/256778169,Accessible Toilet,accessible_toilet,toilets,,,,,,True,-37.8997897,145.0907155
node/257891287,Accessible Toilet,accessible_toilet,toilets,yes,,,,,True,-37.866332,145.2492765
way/261249082,Accessible Toilet,accessible_toilet,toilets,,,,Whittlesea Council,,True,-37.671877,145.0166112
node/262901265,Accessible Toilet,accessible_toilet,toilets,,,,,,True,-37.9112392,145.1036504
way/263221663,Accessible Toilet,accessible_toilet,toilets,,,,,,True,-37.7162238,144.9931662
way/263221665,Accessible Toilet,accessible_toilet,toilets,,,,,,True,-37.7151304,144.9933203
way/263221666,Accessible Toilet,accessible_toilet,toilets,limited,,,Darebin Council,,True,-37.7137655,144.9947935
way/265055742,Accessible Toilet,accessible_toilet,toilets,limited,,,Darebin Council,,True,-37.7124696,144.9951345
way/265323765,Accessible Toilet,accessible_toilet,toilets,limited,,,,,True,-37.7754907,144.9017225
way/265744858,Accessible Toilet,accessible_toilet,toilets,,,,,,True,-37.8616199,144.8516279
way/277180584,Accessible Toilet,accessible_toilet,toilets,yes,,,,,True,-37.7564619,145.0659539
node/279534193,Accessible Toilet,accessible_toilet,toilets,yes,,,,,True,-37.7844924,144.9515761
node/279539450,Accessible Toilet,accessible_toilet,toilets,,,,,,True,-37.7859805,144.9501675
node/279540995,Accessible Toilet,accessible_toilet,toilets,yes,,,,,True,-37.7825097,144.9511105
node/281186121,Accessible Toilet,accessible_toilet,toilets,,,,,,True,-37.7285908,144.9262591
node/281347583,Accessible Toilet,accessible_toilet,toilets,,,,,,True,-37.726131,144.932106
node/281351020,Accessible Toilet,accessible_toilet,toilets,,,,,,True,-37.721854,144.9392274
node/281355192,Accessible Toilet,accessible_toilet,toilets,,,,,,True,-37.7069913,144.9188975
way/282436724,Accessible Toilet,accessible_toilet,toilets,yes,,,,,True,-37.7301989,144.8362815
way/284000128,Accessible Toilet,accessible_toilet,toilets,,,,,,True,-38.4170862,144.8228373
way/284010614,Accessible Toilet,accessible_toilet,toilets,,,,,,True,-38.3201048,144.985457
way/284010616,Accessible Toilet,accessible_toilet,toilets,,,,,,True,-38.3150134,144.9902145
way/285378369,Accessible Toilet,accessible_toilet,toilets,yes,,,,,True,-37.7331171,144.9668846
way/285382587,Accessible Toilet,accessible_toilet,toilets,,,,,,True,-37.7031149,144.7935185
node/293576445,Accessible Toilet,accessible_toilet,toilets,,,,,,True,-37.7759388,144.9387143
way/293852712,Accessible Toilet,accessible_toilet,toilets,,,,,,True,-37.7221498,144.9661089
node/294542135,Accessible Toilet,accessible_toilet,toilets,,,,,,True,-37.7996877,145.0086867
node/296846628,Accessible Toilet,accessible_toilet,toilets,yes,,,,,True,-37.7669552,144.9530465
way/296873830,Accessible Toilet,accessible_toilet,toilets,,,,,,True,-38.1478468,145.1444705
way/297571495,Accessible Toilet,accessible_toilet,toilets,,,,,,True,-37.6208465,145.1345994
node/297661149,Accessible Toilet,accessible_toilet,toilets,,,,,,True,-37.7301541,144.942933
node/299027321,Accessible Toilet,accessible_toilet,toilets,,,,,,True,-37.8007393,145.0097319
way/299627795,Female,accessible_toilet,toilets,,,,,,True,-37.7007991,145.0206535
way/300233066,Accessible Toilet,accessible_toilet,toilets,,,,,,True,-38.2677938,145.0138783
way/301067065,Binnak Park Toilets,accessible_toilet,toilets,,,,City of Banyule,,True,-37.6963038,145.0807514
way/301069832,Accessible Toilet,accessible_toilet,toilets,,,,City of Banyule,,True,-37.6919335,145.081216
node/301363626,Accessible Toilet,accessible_toilet,toilets,yes,,,,,True,-37.7252588,144.9575255
node/301373712,Accessible Toilet,accessible_toilet,toilets,yes,,,,,True,-37.7202532,144.9604833
node/302210905,Accessible Toilet,accessible_toilet,toilets,yes,,,,,True,-37.8294449,144.9799076
node/302571953,Accessible Toilet,accessible_toilet,toilets,yes,,24/7,,,True,-37.802418,144.979111
node/305075011,Toilet 124,accessible_toilet,toilets,no,,24/7,,,True,-37.80944,144.973057
node/306574653,Accessible Toilet,accessible_toilet,toilets,,,,,,True,-37.7195302,145.1424335
node/307365728,Accessible Toilet,accessible_toilet,toilets,yes,,,,,True,-37.7267549,145.1127258
way/307404819,Accessible Toilet,accessible_toilet,toilets,,,,,,True,-37.7859335,144.9822493
node/307956749,Accessible Toilet,accessible_toilet,toilets,yes,,,,,True,-37.7536214,145.1158797
node/308435391,Accessible Toilet,accessible_toilet,toilets,yes,,,,,True,-37.8347557,144.9657978
way/308550427,Accessible Toilet,accessible_toilet,toilets,yes,,,,,True,-38.1464227,145.1173703
node/310165002,Accessible Toilet,accessible_toilet,toilets,,,,,,True,-37.9770038,145.0315842
node/311429156,Accessible Toilet,accessible_toilet,toilets,,,,,,True,-37.8362651,145.0860377
node/311673325,Accessible Toilet,accessible_toilet,toilets,,,,,,True,-37.7549863,145.0080644
way/311847069,Accessible Toilet,accessible_toilet,toilets,,,,,,True,-37.7907645,145.0128265
node/311908912,Accessible Toilet,accessible_toilet,toilets,no,,,,,True,-37.8040188,144.9590003
node/312111605,Accessible Toilet,accessible_toilet,toilets,limited,,,,,True,-37.7566148,145.0742291
node/313108214,Accessible Toilet,accessible_toilet,toilets,designated,,,,,True,-37.86,145.3809263
node/313108216,Accessible Toilet,accessible_toilet,toilets,designated,,,,,True,-37.8262376,145.4057546
node/313429707,Accessible Toilet,accessible_toilet,toilets,yes,,Mo-Su 06:00-21:00,,,True,-37.7046506,144.9145448
way/313934006,Simpson Park Community Facility,accessible_toilet,toilets,yes,,09:00-17:00,,,True,-37.8244392,145.200483
node/315676319,Accessible Toilet,accessible_toilet,toilets,,,,,,True,-37.8463767,145.1436812
node/319157917,Accessible Toilet,accessible_toilet,toilets,yes,,,Melbourne City Council,,True,-37.8062577,144.969196
node/323857221,Public Toilets,accessible_toilet,toilets,yes,,,,,True,-37.7590831,145.0011583
way/324163655,Accessible Toilet,accessible_toilet,toilets,,,,,,True,-37.7341038,145.139944
way/324163657,Accessible Toilet,accessible_toilet,toilets,yes,,,,,True,-37.7343143,145.1421438
node/324209644,Accessible Toilet,accessible_toilet,toilets,,,,,,True,-37.9057058,145.2011184
node/331120780,Tirhatuan Park Public Restroom,accessible_toilet,toilets,yes,,,,,True,-37.9462289,145.2228649
way/338795091,Accessible Toilet,accessible_toilet,toilets,,,,,,True,-37.8251394,144.9969532
way/339312070,Accessible Toilet,accessible_toilet,toilets,,,,,,True,-38.4508309,144.9142271
node/340189977,Accessible Toilet,accessible_toilet,toilets,,,,,,True,-37.731941,145.2414224
node/348140972,Accessible Toilet,accessible_toilet,toilets,,,,,,True,-37.8738609,145.1479275
node/348189212,Accessible Toilet,accessible_toilet,toilets,,,,,,True,-37.6284001,144.720969
node/354163710,Accessible Toilet,accessible_toilet,toilets,,,,,,True,-37.9224621,145.043359
node/356493973,Accessible Toilet,accessible_toilet,toilets,,,,,,True,-37.8736472,145.3772031
node/356631072,Accessible Toilet,accessible_toilet,toilets,yes,,,,,True,-37.8816485,145.359314
node/357080124,Accessible Toilet,accessible_toilet,toilets,yes,,,,,True,-38.3290893,144.6955876
way/358304352,Accessible Toilet,accessible_toilet,toilets,,,,,,True,-37.740606,145.0021151
way/361657332,Accessible Toilet,accessible_toilet,toilets,,,,,,True,-37.7036831,145.0392094
way/361748843,Accessible Toilet,accessible_toilet,toilets,limited,,,moreland city council,,True,-37.759928,144.9642269
way/362189952,Accessible Toilet,accessible_toilet,toilets,,,,,,True,-37.7458381,144.998319
way/362402963,Accessible Toilet,accessible_toilet,toilets,,,,,,True,-37.7660267,144.9804473
way/362402964,Accessible Toilet,accessible_toilet,toilets,,,,,,True,-37.766031,144.9804802
node/365531940,Accessible Toilet,accessible_toilet,toilets,limited,,24/7,,,True,-37.8871538,145.3701571
node/366885817,Accessible Toilet,accessible_toilet,toilets,,,,,,True,-37.7656884,144.9519303
node/368131639,Public Urinals,accessible_toilet,toilets,,no,,,Urinals only,True,-37.7930152,144.9740095
way/382986490,Accessible Toilet,accessible_toilet,toilets,,,,,,True,-37.6497993,145.1180633
node/389440327,Accessible Toilet,accessible_toilet,toilets,yes,,Mo-Su 08:00-18:00,,,True,-37.7050795,144.9536716
way/391821605,Accessible Toilet,accessible_toilet,toilets,,,,,,True,-37.8241713,144.8495496
node/393127355,Accessible Toilet,accessible_toilet,toilets,,,,,,True,-37.7090733,144.960173
node/401507879,Accessible Toilet,accessible_toilet,toilets,yes,,"Mo-Su,PH 07:00-19:00",,,True,-37.7972669,144.9842867
way/404194029,Accessible Toilet,accessible_toilet,toilets,,,,,,True,-37.9163708,145.3267787
node/408109046,Toilet 14,accessible_toilet,toilets,,,,Melbourne City Council,,True,-37.8159838,144.9728004
node/411290389,Accessible Toilet,accessible_toilet,toilets,,,,,,True,-37.8974242,145.1941245
node/414613148,Accessible Toilet,accessible_toilet,toilets,yes,,,,,True,-37.7830322,144.941865
node/419632512,Accessible Toilet,accessible_toilet,toilets,,,,,,True,-37.8179534,144.9945481
node/420022660,Accessible Toilet,accessible_toilet,toilets,,,,,,True,-37.8102061,144.9984425
node/427550980,Accessible Toilet,accessible_toilet,toilets,,,,,,True,-37.7855765,144.9528937
node/429409145,Accessible Toilet,accessible_toilet,toilets,,,,,,True,-38.3335111,144.7040744
way/437414961,Accessible Toilet,accessible_toilet,toilets,,,,,,True,-37.9753615,145.0153217
way/437414962,Accessible Toilet,accessible_toilet,toilets,,,,,,True,-37.9751496,145.0152043
node/442409053,Accessible Toilet,accessible_toilet,toilets,,,,,,True,-37.9366967,145.3891778
way/443362023,Accessible Toilet,accessible_toilet,toilets,yes,,,,,True,-37.7391846,145.269717
node/443559990,Accessible Toilet,accessible_toilet,toilets,,,,,,True,-37.688172,144.8993014
node/445411886,Comfort Station,accessible_toilet,toilets,,,,,,True,-38.1440875,145.1203638
way/447604595,Accessible Toilet,accessible_toilet,toilets,yes,,Mo-Su 09:00-17:00; Dec 25 off,,,True,-38.130539,145.2692483
way/452611058,Accessible Toilet,accessible_toilet,toilets,yes,,,,,True,-37.6138593,145.6044784
way/465844908,Accessible Toilet,accessible_toilet,toilets,no,,24/7,,,True,-37.7114314,145.1091056
node/467008860,Accessible Toilet,accessible_toilet,toilets,,,,,,True,-37.7648164,144.9512994
node/469738469,Accessible Toilet,accessible_toilet,toilets,,,,,,True,-37.9913648,145.1263757
way/470112596,Accessible Toilet,accessible_toilet,toilets,,,,,,True,-37.7225445,144.9966299
node/470222911,Accessible Toilet,accessible_toilet,toilets,,,,,,True,-37.9511233,145.2506204
node/472236182,Public Toilets,accessible_toilet,toilets,yes,,,,,True,-37.8020642,144.9664322
way/474357821,Accessible Toilet,accessible_toilet,toilets,,,,,,True,-37.8141392,144.8984377
node/474424117,Accessible Toilet,accessible_toilet,toilets,,,,,,True,-37.9788156,145.0453278
node/477290060,Accessible Toilet,accessible_toilet,toilets,,,,,,True,-37.7969738,145.0190034
node/479754804,Accessible Toilet,accessible_toilet,toilets,yes,,,,,True,-37.7850873,145.0113339
node/480641704,Accessible Toilet,accessible_toilet,toilets,,,,,,True,-38.007117,145.1339009
way/480772043,Accessible Toilet,accessible_toilet,toilets,yes,,,,,True,-37.972466,144.6876481
way/480776712,Accessible Toilet,accessible_toilet,toilets,yes,,,,,True,-37.5207001,145.1106826
node/481586175,Accessible Toilet,accessible_toilet,toilets,yes,,,,,True,-37.7414894,145.2096066
way/484517989,Accessible Toilet,accessible_toilet,toilets,,,,,,True,-37.7692277,145.0428131
way/489212322,Accessible Toilet,accessible_toilet,toilets,yes,,,,,True,-38.1826664,145.0915269
way/490254372,Accessible Toilet,accessible_toilet,toilets,,,,,,True,-37.8285549,144.8469521
node/493878999,Accessible Toilet,accessible_toilet,toilets,yes,,,,,True,-37.7937172,144.930359
node/496447183,Accessible Toilet,accessible_toilet,toilets,,,sunrise-sunset,,,True,-37.7711794,144.9444271
node/498652054,Accessible Toilet,accessible_toilet,toilets,,,,,,True,-37.7367931,145.223029
way/501388723,Accessible Toilet,accessible_toilet,toilets,,,,,,True,-37.9334224,145.4402969
way/503050422,Accessible Toilet,accessible_toilet,toilets,,,,,,True,-37.9268266,145.3503794
way/503287065,Accessible Toilet,accessible_toilet,toilets,,,,,,True,-37.7892726,145.045765
way/515522836,Accessible Toilet,accessible_toilet,toilets,,,,,,True,-37.7921275,144.9933977
way/531018973,Accessible Toilet,accessible_toilet,toilets,yes,,"""from sunrise to sunset""",moreland city council,,True,-37.7623308,144.9792247
way/531020349,Accessible Toilet,accessible_toilet,toilets,,,,,,True,-37.6552212,144.8984542
node/531390733,Accessible Toilet,accessible_toilet,toilets,yes,,24/7,City of Melbourne,,True,-37.8217324,144.9474251
node/535017181,Accessible Toilet,accessible_toilet,toilets,,,,,,True,-37.8390176,144.987417
way/538981000,Accessible Toilet,accessible_toilet,toilets,,,,,,True,-37.9666285,145.1756134
way/543294970,Accessible Toilet,accessible_toilet,toilets,,,,,,True,-37.9829582,145.2026229
way/543418853,Public Toilets,accessible_toilet,toilets,yes,,,,,True,-37.6666844,145.064223
way/544120126,Accessible Toilet,accessible_toilet,toilets,,,,,,True,-37.9630126,145.1536486
way/544664789,Accessible Toilet,accessible_toilet,toilets,yes,,,,,True,-37.9009217,144.6644089
node/551549095,Accessible Toilet,accessible_toilet,toilets,,,,,,True,-37.8764376,145.128372
way/552095041,Accessible Toilet,accessible_toilet,toilets,,,,,,True,-37.6531184,145.521977
node/555696508,Accessible Toilet,accessible_toilet,toilets,limited,,,,,True,-37.8354328,144.9734189
way/556683232,Accessible Toilet,accessible_toilet,toilets,,,,,,True,-37.8645759,145.2848239
way/557278770,Toilet,accessible_toilet,toilets,,,,,,True,-37.8551856,145.3641941
way/560618751,Accessible Toilet,accessible_toilet,toilets,,,,,,True,-37.8559838,145.3739503
way/560618752,Accessible Toilet,accessible_toilet,toilets,yes,,,,,True,-37.8559753,145.3740176
way/560618754,Accessible Toilet,accessible_toilet,toilets,,,,,,True,-37.8559987,145.3741968
node/563762682,Accessible Toilet,accessible_toilet,toilets,no,,,,,True,-37.8422436,144.9359947
node/563762764,Accessible Toilet,accessible_toilet,toilets,yes,,,,,True,-37.842557,144.93652
node/565859987,Accessible Toilet,accessible_toilet,toilets,,,,,,True,-37.7325439,145.2360498
node/565867404,Accessible Toilet,accessible_toilet,toilets,,,,,,True,-37.8822274,145.2290615
way/566268064,Public Toilets,accessible_toilet,toilets,yes,,,,,True,-37.7756249,145.2194298
node/566872413,Accessible Toilet,accessible_toilet,toilets,no,,,,,True,-37.8385092,144.9446271
way/568998327,Accessible Toilet,accessible_toilet,toilets,,,,,,True,-37.7755555,145.0716468
node/571113422,Accessible Toilet,accessible_toilet,toilets,yes,,,,,True,-37.8621996,144.9722015
way/573824833,Accessible Toilet,accessible_toilet,toilets,,,,,,True,-37.6390785,144.8678218
node/575455086,Accessible Toilet,accessible_toilet,toilets,,,,,,True,-37.8526737,145.0002268
node/576843553,Accessible Toilet,accessible_toilet,toilets,,,,,,True,-37.8560042,144.9923935
node/577243373,Accessible Toilet,accessible_toilet,toilets,yes,,,,,True,-37.8504843,144.9732146
way/578836056,Accessible Toilet,accessible_toilet,toilets,yes,,,,,True,-37.8450181,144.9418802
node/582477989,Closed,accessible_toilet,toilets,,,,,,True,-37.9097786,145.0858561
way/584815519,Accessible Toilet,accessible_toilet,toilets,no,,,,,True,-37.7177433,145.0526329
node/585128211,Accessible Toilet,accessible_toilet,toilets,,,,,,True,-37.6955602,145.0220626
node/586508340,Accessible Toilet,accessible_toilet,toilets,limited,,,,,True,-37.839989,144.9813236
node/587597015,Accessible Toilet,accessible_toilet,toilets,,,,,,True,-37.8533841,145.3690593
node/589396597,Accessible Toilet,accessible_toilet,toilets,no,,,Melbourne City Council,,True,-37.8122563,144.9738619
node/589516620,Accessible Toilet,accessible_toilet,toilets,no,,,Melbourne City Council,,True,-37.8152281,144.9668997
node/591416771,Accessible Toilet,accessible_toilet,toilets,yes,,,Melbourne City Council,,True,-37.819412,144.961285
way/591924836,Accessible Toilet,accessible_toilet,toilets,,,,,,True,-37.7403082,145.0005635
way/592541830,Accessible Toilet,accessible_toilet,toilets,,,,,,True,-37.7162293,145.0081477
node/594158872,Accessible Toilet,accessible_toilet,toilets,,,,,,True,-37.8967257,145.1962944
node/595594342,Accessible Toilet,accessible_toilet,toilets,yes,,,Melbourne City Council,,True,-37.8100362,144.9699065
node/596263048,Accessible Toilet,accessible_toilet,toilets,yes,,,,,True,-37.8535967,145.0598754
node/606379186,Accessible Toilet,accessible_toilet,toilets,,,,,,True,-37.9089752,145.3548115
way/609934989,Accessible Toilet,accessible_toilet,toilets,,,,,,True,-37.8692379,145.2626403
node/610279391,Accessible Toilet,accessible_toilet,toilets,,,,,,True,-37.6646907,144.7710209
node/612771755,Accessible Toilet,accessible_toilet,toilets,yes,,,,,True,-37.7360389,145.199534
node/612842982,Accessible Toilet,accessible_toilet,toilets,,,,,,True,-37.8627923,145.3541579
node/612940805,Accessible Toilet,accessible_toilet,toilets,,,,,,True,-37.9287099,145.4452509
way/612972934,Public Toilets,accessible_toilet,toilets,,,,,,True,-37.7812039,144.9968682
node/614503137,Accessible Toilet,accessible_toilet,toilets,yes,,,Melbourne City Council,,True,-37.8129204,144.9600238
node/615241067,Accessible Toilet,accessible_toilet,toilets,yes,,,,,True,-37.8399914,144.8709657
node/615994541,Accessible Toilet,accessible_toilet,toilets,,,,,,True,-37.670193,145.0881127
way/616339966,Accessible Toilet,accessible_toilet,toilets,yes,,,,,True,-37.7136919,145.1495329
node/617532026,Accessible Toilet,accessible_toilet,toilets,,,,,,True,-38.3741939,145.1258816
node/617539967,Accessible Toilet,accessible_toilet,toilets,,,,,,True,-38.4228625,145.0708681
node/617540033,Accessible Toilet,accessible_toilet,toilets,,,,,,True,-38.423191,145.0708614
way/617746923,Accessible Toilet,accessible_toilet,toilets,,,,,,True,-37.5414347,144.9542361
node/617931515,Accessible Toilet,accessible_toilet,toilets,,,,,,True,-37.8475209,145.3438266
node/620511806,Accessible Toilet,accessible_toilet,toilets,,,,,,True,-37.9838973,145.5956409
way/620856456,Accessible Toilet,accessible_toilet,toilets,,,,,,True,-38.0387076,145.2088491
way/620856457,Accessible Toilet,accessible_toilet,toilets,,,,,,True,-38.0384964,145.2094853
node/621011165,Accessible Toilet,accessible_toilet,toilets,,,,,,True,-37.9501508,145.6624632
node/623898293,Accessible Toilet,accessible_toilet,toilets,,,,,,True,-38.0312949,145.3464657
way/625867160,Accessible Toilet,accessible_toilet,toilets,,,,,,True,-37.8886417,144.9940699
way/630419694,Accessible Toilet,accessible_toilet,toilets,,,,,,True,-37.7023041,144.73502
node/631457292,Accessible Toilet,accessible_toilet,toilets,,,,,,True,-38.0718477,145.66338
node/632277182,Accessible Toilet,accessible_toilet,toilets,,,,,,True,-37.9700832,145.3945819
way/634561007,Toilet,accessible_toilet,toilets,,,,,,True,-38.0656831,145.1950465
way/634766833,Accessible Toilet,accessible_toilet,toilets,,,,,,True,-37.7423686,144.8008911
node/635705922,Accessible Toilet,accessible_toilet,toilets,yes,,,,,True,-37.8217408,144.9556032
way/638919929,Accessible Toilet,accessible_toilet,toilets,,,,,,True,-38.2307049,145.1749622
way/639690012,Accessible Toilet,accessible_toilet,toilets,yes,,,,,True,-37.893763,145.0775799
way/640166523,Accessible Toilet,accessible_toilet,toilets,,,,,,True,-37.783214,145.0303301
way/642053281,Accessible Toilet,accessible_toilet,toilets,,,,,,True,-38.2245786,145.175978
way/643089655,Accessible Toilet,accessible_toilet,toilets,,,,,,True,-38.052349,145.1134128
way/645463135,Accessible Toilet,accessible_toilet,toilets,,,,,,True,-37.8711356,144.9831442
way/651847272,Accessible Toilet,accessible_toilet,toilets,,,,,,True,-38.008274,145.084224
way/652155694,Accessible Toilet,accessible_toilet,toilets,yes,,,,,True,-38.1488469,145.1904588
way/652155697,Accessible Toilet,accessible_toilet,toilets,,,,,,True,-38.148533,145.1885452
way/659271063,Accessible Toilet,accessible_toilet,toilets,,,,,,True,-37.9456481,144.9973889
way/659630132,Accessible Toilet,accessible_toilet,toilets,,,,,,True,-37.9266995,144.9873649
way/659644275,Accessible Toilet,accessible_toilet,toilets,yes,,,,,True,-38.3442386,144.9519409
way/664750764,Accessible Toilet,accessible_toilet,toilets,no,,,,,True,-38.093863,145.1254071
way/664750765,Accessible Toilet,accessible_toilet,toilets,,,,,,True,-38.0886057,145.124848
way/664949938,Accessible Toilet,accessible_toilet,toilets,yes,,,,2 Flush Toilets,True,-38.121192,145.1246696
way/665242468,Accessible Toilet,accessible_toilet,toilets,yes,,24/7,Werribee South Caravan Park,,True,-37.9725573,144.690281
way/665242470,Accessible Toilet,accessible_toilet,toilets,yes,,24/7,Werribee South Caravan Park,,True,-37.9733147,144.6898842
node/665555689,Accessible Toilet,accessible_toilet,toilets,,,,,,True,-38.0393004,145.3654566
node/666846428,Accessible Toilet,accessible_toilet,toilets,,,,,,True,-37.7760306,144.9622929
node/666846435,Accessible Toilet,accessible_toilet,toilets,yes,,,,,True,-37.7756891,144.960905
node/667224582,Accessible Toilet,accessible_toilet,toilets,yes,,,Melbourne City Council,,True,-37.8143428,144.9551331
way/668598720,Accessible Toilet,accessible_toilet,toilets,yes,,,,,True,-38.3446063,144.9803928
node/673851229,Public Toilets,accessible_toilet,toilets,limited,,,,,True,-37.8396817,144.9166335
way/674532771,Accessible Toilet,accessible_toilet,toilets,Yes,,,,,True,28.1637028,-80.6601239
way/674532788,Accessible Toilet,accessible_toilet,toilets,,,,,,True,28.1589823,-80.6610538
node/675499355,Accessible Toilet,accessible_toilet,toilets,yes,,,,,True,-37.732131,144.966921
way/675793807,Accessible Toilet,accessible_toilet,toilets,,,,,,True,-37.7357068,145.0860623
way/676178475,Accessible Toilet,accessible_toilet,toilets,yes,,,,,True,-37.9739067,144.6928405
node/676421043,Accessible Toilet,accessible_toilet,toilets,yes,,,,,True,-37.6992223,145.1536188
node/678444685,Accessible Toilet,accessible_toilet,toilets,,,,,,True,-37.9543489,145.2834764
way/679136833,Accessible Toilet,accessible_toilet,toilets,,,,,,True,-38.1835452,145.1779367
way/679138510,Accessible Toilet,accessible_toilet,toilets,yes,,24/7,,,True,-37.8657113,145.0497171
way/679361088,Accessible Toilet,accessible_toilet,toilets,,,,,,True,-38.2480732,145.1055151
way/686066383,Accessible Toilet,accessible_toilet,toilets,yes,,,,,True,-37.8089207,144.9550425
node/690986013,Accessible Toilet,accessible_toilet,toilets,,,,,,True,-37.6983252,145.102148
way/693474236,Accessible Toilet,accessible_toilet,toilets,,,,,,True,-37.8923135,145.1982921
way/703275426,Accessible Toilet,accessible_toilet,toilets,,,,,,True,-37.5749844,144.7250272
way/705538803,Accessible Toilet,accessible_toilet,toilets,,,,,,True,-37.9165086,145.3598565
node/706917237,Accessible Toilet,accessible_toilet,toilets,yes,,24/7,,,True,-37.8176756,144.9683598
node/710382297,Accessible Toilet,accessible_toilet,toilets,,,,,,True,-37.9317847,145.1073012
node/710383136,Accessible Toilet,accessible_toilet,toilets,,,,,,True,-37.9264053,145.1038465
node/711360511,Accessible Toilet,accessible_toilet,toilets,,,,,,True,-37.806377,144.9589866
node/711360774,Accessible Toilet,accessible_toilet,toilets,yes,,"Mo,We 05:00-15:00; Tu,Th 03:00-16:30; Fr 03:00-16:00; Sa 03:00-17:30; Su 03:00-18:00",,,True,-37.806138,144.9566275
way/715716463,Accessible Toilet,accessible_toilet,toilets,,,,,,True,-37.7961664,144.9993812
node/716718236,Accessible Toilet,accessible_toilet,toilets,,,,,,True,-37.9044508,145.0629003
node/718375329,Accessible Toilet,accessible_toilet,toilets,,,,,,True,-37.6313657,144.8497521
node/718382075,Accessible Toilet,accessible_toilet,toilets,,,,,,True,-37.6395905,144.8429168
node/718666582,Accessible Toilet,accessible_toilet,toilets,,,,,,True,-37.7686737,145.0374391
way/721066241,Accessible Toilet,accessible_toilet,toilets,yes,,Mo-Su 07:00-23:00,,,True,-37.800662,144.984113
way/726068596,Accessible Toilet,accessible_toilet,toilets,,,,,,True,-37.7424624,145.7367383
way/742760074,Accessible Toilet,accessible_toilet,toilets,,,,,bluestone,True,-38.1289516,145.1237574
way/752877884,Accessible Toilet,accessible_toilet,toilets,yes,,,,,True,-37.8977625,145.0725098
node/768404951,Accessible Toilet,accessible_toilet,toilets,,,,,,True,-37.6601788,145.3827155
node/772366476,Accessible Toilet,accessible_toilet,toilets,yes,,,,,True,-38.1522694,145.1599099
node/775655134,Accessible Toilet,accessible_toilet,toilets,,,,,,True,-37.7129461,145.6863513
node/775655136,Accessible Toilet,accessible_toilet,toilets,yes,,,,,True,-37.7070859,145.6821308
way/775886738,Accessible Toilet,accessible_toilet,toilets,yes,,,,,True,-37.9402464,145.0316232
way/779429803,Accessible Toilet,accessible_toilet,toilets,,,,,,True,-37.936571,145.0020556
node/786642187,Accessible Toilet,accessible_toilet,toilets,,,,,,True,-37.8783403,145.1985296
node/789382279,Accessible Toilet,accessible_toilet,toilets,,,,,,True,-37.883877,145.190751
node/792252457,Accessible Toilet,accessible_toilet,toilets,,,,,,True,-37.8876042,145.3169392
way/795580819,Accessible Toilet,accessible_toilet,toilets,,,,,,True,-37.8240529,145.2305844
way/798286668,Accessible Toilet,accessible_toilet,toilets,yes,,,,,True,-37.7758983,145.5278796
way/799302938,Accessible Toilet,accessible_toilet,toilets,yes,,,,,True,-37.7955223,144.9521661
node/802008379,Accessible Toilet,accessible_toilet,toilets,,,,,,True,-37.7813935,145.6119294
node/803825177,Accessible Toilet,accessible_toilet,toilets,,,,,,True,-37.6695842,145.886545
node/805025707,Accessible Toilet,accessible_toilet,toilets,,,,,,True,-37.6697909,145.8889685
way/806296972,Accessible Toilet,accessible_toilet,toilets,no,,,,,True,-37.7981174,144.926422
node/811333124,Accessible Toilet,accessible_toilet,toilets,,,,City of Boroondara,,True,-37.8134181,145.0851235
node/812733168,Accessible Toilet,accessible_toilet,toilets,,,,,,True,-37.9663886,145.3013216
way/813574517,Accessible Toilet,accessible_toilet,toilets,yes,,,,,True,-37.9013397,144.6574926
way/815749491,Accessible Toilet,accessible_toilet,toilets,,,,,,True,-37.7656528,144.9192934
node/816428652,Accessible Toilet,accessible_toilet,toilets,,,,,,True,-37.7987568,145.2852138
way/819430223,Accessible Toilet,accessible_toilet,toilets,limited,,,,Wheelchair access is locked via MLAK key system,True,-37.7967889,144.9519543
way/820336234,Accessible Toilet,accessible_toilet,toilets,,,,,,True,-38.1310044,145.1526146
way/823795262,Accessible Toilet,accessible_toilet,toilets,yes,,,,,True,-37.8492682,144.950933
node/823926678,Accessible Toilet,accessible_toilet,toilets,no,,,,,True,-37.8735426,145.0916105
way/829091980,Accessible Toilet,accessible_toilet,toilets,,,,,,True,-38.1851963,145.0880809
node/829650929,Accessible Toilet,accessible_toilet,toilets,,,,,,True,-37.8013841,145.2860342
way/834243346,Accessible Toilet,accessible_toilet,toilets,yes,,,,,True,-38.4238481,145.0761443
way/834246842,Accessible Toilet,accessible_toilet,toilets,limited,,,,,True,-38.4821727,145.0172699
way/834628693,Accessible Toilet,accessible_toilet,toilets,,,,,,True,-38.4348095,145.0460637
way/834673289,Accessible Toilet,accessible_toilet,toilets,,,,,,True,-37.8960962,144.7700891
node/835059499,Accessible Toilet,accessible_toilet,toilets,,,,,,True,-37.7549049,145.6538735
way/837262629,Accessible Toilet,accessible_toilet,toilets,,,,,,True,-38.1323884,145.1488616
way/837271835,Accessible Toilet,accessible_toilet,toilets,,,,,,True,-38.136643,145.1604293
way/845215232,Accessible Toilet,accessible_toilet,toilets,yes,,,,,True,-37.7932434,144.9056452
node/846731849,Accessible Toilet,accessible_toilet,toilets,,,,,,True,-37.754136,145.6847484
node/846732021,Accessible Toilet,accessible_toilet,toilets,no,,,,,True,-37.7509094,145.6959334
way/846783693,Accessible Toilet,accessible_toilet,toilets,,,,,,True,-37.794885,145.3828185
node/846788385,Accessible Toilet,accessible_toilet,toilets,,,,,,True,-37.7534808,145.6878252
node/846788440,Accessible Toilet,accessible_toilet,toilets,yes,,,,,True,-37.75524,145.6796785
node/849535531,Accessible Toilet,accessible_toilet,toilets,,,,,,True,-37.7424666,145.7367362
node/849558222,Accessible Toilet,accessible_toilet,toilets,,,,,,True,-37.754477,145.7075435
node/850371812,Accessible Toilet,accessible_toilet,toilets,,,,,,True,-37.751323,145.6462894
way/853351300,Accessible Toilet,accessible_toilet,toilets,,,,,,True,-37.7858913,145.0088748
node/860810777,Accessible Toilet,accessible_toilet,toilets,,,,,,True,-37.773649,145.650382
way/862444093,Accessible Toilet,accessible_toilet,toilets,yes,,,,,True,-37.8800842,145.0392198
way/866785241,Accessible Toilet,accessible_toilet,toilets,,,,,,True,-37.920684,145.2006274
node/870077926,Accessible Toilet,accessible_toilet,toilets,,,,,,True,-37.946403,145.1755339
way/871826897,Accessible Toilet,accessible_toilet,toilets,,,,,,True,-38.2129032,145.0331648
way/871886040,Accessible Toilet,accessible_toilet,toilets,,,,,,True,-38.4167495,145.0780555
way/874655770,Accessible Toilet,accessible_toilet,toilets,,,,,,True,-38.1493935,145.1886687
way/877539127,Accessible Toilet,accessible_toilet,toilets,,,,,,True,-37.7374357,145.1551024
way/881193964,Accessible Toilet,accessible_toilet,toilets,,,,,,True,-38.4228629,145.0708609
way/885471299,Accessible Toilet,accessible_toilet,toilets,yes,,,,,True,-38.1012458,145.1287251
node/887960983,Accessible Toilet,accessible_toilet,toilets,yes,,,,,True,-37.7885185,144.9310599
node/890217697,Public Toilets,accessible_toilet,toilets,,,,,,True,-37.8304713,145.1351359
node/891277654,Accessible Toilet,accessible_toilet,toilets,yes,,24/7,,,True,-37.8050518,144.9834162
node/893718839,Accessible Toilet,accessible_toilet,toilets,,,,,,True,-37.9206044,145.5762674
node/893718843,Accessible Toilet,accessible_toilet,toilets,,,,,,True,-37.9204003,145.5768625
node/900141412,Accessible Toilet,accessible_toilet,toilets,yes,,,,Out of service 2024-02,True,-37.834294,145.3704861
way/901182963,Accessible Toilet,accessible_toilet,toilets,,,,,,True,-38.4280373,145.0569768
way/907664804,Accessible Toilet,accessible_toilet,toilets,,,,,,True,-37.784632,145.3785069
way/909178223,Accessible Toilet,accessible_toilet,toilets,yes,,,,,True,-37.8366824,144.9206
way/909413124,Accessible Toilet,accessible_toilet,toilets,,,,,,True,-37.6868148,144.8666607
way/909767725,Accessible Toilet,accessible_toilet,toilets,yes,,,,,True,-37.836735,144.9306991
way/909825250,Accessible Toilet,accessible_toilet,toilets,no,,,,,True,-37.8371171,144.9350636
way/911211961,Accessible Toilet,accessible_toilet,toilets,,,,,,True,-37.6799621,145.0667537
node/930150274,Accessible Toilet,accessible_toilet,toilets,,,,,,True,-38.133189,145.2642963
way/931948633,Accessible Toilet,accessible_toilet,toilets,yes,,,,,True,-37.7711106,144.9727913
way/933905481,Accessible Toilet,accessible_toilet,toilets,yes,,,,,True,-37.7593559,144.9596434
way/937543652,Accessible Toilet,accessible_toilet,toilets,yes,,,,,True,-37.7667616,144.9615677
node/941365107,Accessible Toilet,accessible_toilet,toilets,,,,,,True,-37.9295063,145.4579759
node/941365108,Accessible Toilet,accessible_toilet,toilets,,,,,,True,-37.9311984,145.4596624
way/946440271,Accessible Toilet,accessible_toilet,toilets,yes,,,,,True,-37.5189522,145.1081638
way/952176697,Accessible Toilet,accessible_toilet,toilets,,,,,,True,-37.6707483,144.5668736
way/952176728,Accessible Toilet,accessible_toilet,toilets,,,,,,True,-37.6754373,144.5532304
way/958620187,Accessible Toilet,accessible_toilet,toilets,,,,,,True,-38.3413337,144.7476353
way/965836999,Accessible Toilet,accessible_toilet,toilets,,,,,,True,-37.6281202,144.8928251
way/965837008,Accessible Toilet,accessible_toilet,toilets,,,,,,True,-37.6284356,144.8915513
node/967796164,Accessible Toilet,accessible_toilet,toilets,,,,,,True,-37.8763253,145.3571129
node/967796173,Accessible Toilet,accessible_toilet,toilets,,,,,,True,-37.8757005,145.3469562
way/968846861,Accessible Toilet,accessible_toilet,toilets,,,,,,True,-37.8311966,144.9099881
way/968846925,Accessible Toilet,accessible_toilet,toilets,yes,,,,,True,-37.822943,144.9709874
way/969571975,Accessible Toilet,accessible_toilet,toilets,limited,,,,,True,-37.830841,144.9751856
node/970245197,Accessible Toilet,accessible_toilet,toilets,yes,,,,,True,-37.761756,145.1840938
way/975397199,Accessible Toilet,accessible_toilet,toilets,,,,,,True,-37.8233055,144.9418312
way/978303643,Accessible Toilet,accessible_toilet,toilets,,,,,,True,-37.7739522,144.9154168
way/979916282,Accessible Toilet,accessible_toilet,toilets,,,,,,True,-37.8203605,145.1500019
node/980066974,Accessible Toilet,accessible_toilet,toilets,no,,,,,True,-37.845613,145.3461016
way/980642552,Accessible Toilet,accessible_toilet,toilets,,,,,,True,-38.2452966,145.0682102
way/980652245,Accessible Toilet,accessible_toilet,toilets,,,,,,True,-38.2382202,145.0494054
way/983888199,Accessible Toilet,accessible_toilet,toilets,yes,,,,,True,-37.7389903,145.2172062
way/985822461,Accessible Toilet,accessible_toilet,toilets,,,,,,True,-37.6778293,145.1636314
node/986213229,Accessible Toilet,accessible_toilet,toilets,yes,,,,,True,-37.7670267,144.9218678
way/986525401,Accessible Toilet,accessible_toilet,toilets,,,,,,True,-37.6663353,145.182567
way/986525402,Accessible Toilet,accessible_toilet,toilets,,,,,,True,-37.6663219,145.1826286
way/986588505,Accessible Toilet,accessible_toilet,toilets,,,,,,True,-37.7767269,145.1330001
node/988275584,Accessible Toilet,accessible_toilet,toilets,,,,,,True,-37.9407126,145.1039287
way/989034030,Accessible Toilet,accessible_toilet,toilets,yes,,,,,True,-37.8152779,144.9776044
way/989034045,Accessible Toilet,accessible_toilet,toilets,,,,,,True,-37.8120314,144.9830874
way/991047939,Accessible Toilet,accessible_toilet,toilets,limited,,,,,True,-37.8301259,144.9650122
way/991624387,Accessible Toilet,accessible_toilet,toilets,yes,,,,,True,-37.8210052,144.9759316
way/991663716,Accessible Toilet,accessible_toilet,toilets,,,,,,True,-37.8294366,145.0008256
way/991677915,Accessible Toilet,accessible_toilet,toilets,yes,,Mo-Su 06:00-21:00,,,True,-37.8162803,145.0013077
way/992336275,Accessible Toilet,accessible_toilet,toilets,yes,,,,,True,-37.9199731,145.2396498
way/996772763,Accessible Toilet,accessible_toilet,toilets,,,,,,True,-37.9842187,145.1976341
way/998344422,Accessible Toilet,accessible_toilet,toilets,,,,,,True,-38.1113703,145.2416841
way/998751253,Accessible Toilet,accessible_toilet,toilets,limited,,,,,True,-38.121048,145.3129396
way/998980279,Demolished,accessible_toilet,toilets,,,,,,True,-38.0593669,145.3605086
way/998985701,Accessible Toilet,accessible_toilet,toilets,yes,,,,,True,-37.875124,144.8135503
way/1000265845,Accessible Toilet,accessible_toilet,toilets,yes,,,,,True,-37.8445273,145.2988479
way/1000388495,Accessible Toilet,accessible_toilet,toilets,,,24/7,,,True,-38.0282787,145.3479976
way/1000392946,Accessible Toilet,accessible_toilet,toilets,,,,,,True,-38.0256033,145.3385782
way/1000420429,Accessible Toilet,accessible_toilet,toilets,yes,,,,,True,-37.8689842,145.0541927
way/1000788637,Accessible Toilet,accessible_toilet,toilets,yes,,,,,True,-37.7836703,145.0983236
way/1001469612,Accessible Toilet,accessible_toilet,toilets,yes,,,,,True,-38.147709,145.1157091
way/1002165858,Accessible Toilet,accessible_toilet,toilets,,,,,,True,-38.2262968,145.0293396
way/1002271538,Accessible Toilet,accessible_toilet,toilets,,,,,,True,-38.1086847,145.3271568
node/1002318439,Accessible Toilet,accessible_toilet,toilets,yes,,,,,True,-37.7747102,144.952982
node/1003623594,Accessible Toilet,accessible_toilet,toilets,,,,,,True,-37.7726077,144.7772259
way/1006933138,Accessible Toilet,accessible_toilet,toilets,yes,,,,,True,-38.0259596,145.3039654
way/1011624528,Accessible Toilet,accessible_toilet,toilets,yes,,,,,True,-37.8323646,144.9796381
way/1012643159,Accessible Toilet,accessible_toilet,toilets,yes,,,,,True,-37.7959638,145.2809537
way/1013430545,Greenwood Park Public Toilets,accessible_toilet,toilets,,,,,,True,-37.8186364,145.2309339
way/1014240468,Accessible Toilet,accessible_toilet,toilets,,,,,,True,-37.8203133,145.1413725
node/1014254769,Accessible Toilet,accessible_toilet,toilets,no,,24/7,Melbourne City Council,,True,-37.8089361,144.96572
way/1017036303,Accessible Toilet,accessible_toilet,toilets,,,,,,True,-37.8043354,145.0103056
way/1017827128,Accessible Toilet,accessible_toilet,toilets,,,,,,True,-38.0258944,145.3365645
way/1021349284,Accessible Toilet,accessible_toilet,toilets,,,,,,True,-38.3480122,144.9287896
way/1021870743,Accessible Toilet,accessible_toilet,toilets,yes,,,,,True,-37.8829595,145.2961441
way/1024140231,Accessible Toilet,accessible_toilet,toilets,yes,,,,,True,-37.795961,145.1763042
way/1025027514,Accessible Toilet,accessible_toilet,toilets,yes,,,,,True,-38.3935316,145.1571019
way/1025738401,Accessible Toilet,accessible_toilet,toilets,,,,,,True,-37.7777713,145.4609325
way/1025738406,Accessible Toilet,accessible_toilet,toilets,,,,,,True,-37.7788363,145.4613878
node/1025866086,Accessible Toilet,accessible_toilet,toilets,,,,,Untreated water available,True,-37.9466574,145.6727162
way/1027701220,Accessible Toilet,accessible_toilet,toilets,,,,,,True,-38.0875556,145.1463935
way/1033655034,Accessible Toilet,accessible_toilet,toilets,,,,,,True,-37.9151808,144.9949688
way/1035860621,Accessible Toilet,accessible_toilet,toilets,,,,,,True,-37.8746594,145.359527
way/1036185139,Accessible Toilet,accessible_toilet,toilets,,,,,,True,-37.6778548,145.1518272
way/1036259637,Accessible Toilet,accessible_toilet,toilets,,,,,,True,-37.6734431,145.1524558
way/1037961907,Accessible Toilet,accessible_toilet,toilets,yes,,,,,True,-37.929326,145.1890497
way/1039544080,Accessible Toilet,accessible_toilet,toilets,,,,,,True,28.1504064,-80.6591769
way/1039548766,Accessible Toilet,accessible_toilet,toilets,,,,,,True,28.1655826,-80.6643258
way/1039569835,Accessible Toilet,accessible_toilet,toilets,no,,,,,True,-37.9590831,145.0705134
way/1040072644,Accessible Toilet,accessible_toilet,toilets,yes,,,,,True,-37.7561646,145.352434
way/1040084051,Accessible Toilet,accessible_toilet,toilets,,,,,,True,-37.7571966,145.3495762
way/1040120972,Accessible Toilet,accessible_toilet,toilets,,,,,,True,-37.8068595,145.0318922
node/1040735028,Accessible Toilet,accessible_toilet,toilets,,,,,,True,-37.8039382,144.9933889
way/1044419052,Accessible Toilet,accessible_toilet,toilets,,,,,,True,-38.1502854,145.1142347
way/1044611853,Accessible Toilet,accessible_toilet,toilets,,,,,,True,-37.7808828,145.4275809
way/1044735619,Accessible Toilet,accessible_toilet,toilets,limited,,,,,True,-37.858338,144.9695263
way/1044735620,Public Toilets,accessible_toilet,toilets,,,,,exeloo,True,-37.8676306,144.9783361
way/1047368716,Accessible Toilet,accessible_toilet,toilets,yes,,,,,True,-38.3082409,145.1965443
way/1047538158,Accessible Toilet,accessible_toilet,toilets,,,,,,True,-37.788785,145.4247022
way/1054935823,Accessible Toilet,accessible_toilet,toilets,,,,,,True,-37.9961268,145.0711624
way/1054935829,Accessible Toilet,accessible_toilet,toilets,,,,,,True,-37.9930565,145.0668954
way/1056130501,Accessible Toilet,accessible_toilet,toilets,,,,,,True,-37.8705019,144.6945229
way/1058284242,Accessible Toilet,accessible_toilet,toilets,limited,,,,,True,-38.263491,145.1688269
way/1058284257,Accessible Toilet,accessible_toilet,toilets,yes,,,,,True,-38.2625564,145.1687843
way/1058284258,Accessible Toilet,accessible_toilet,toilets,yes,,,,,True,-38.2625294,145.1689307
way/1058284262,Accessible Toilet,accessible_toilet,toilets,limited,,,,,True,-38.2627422,145.1702404
way/1063498953,Accessible Toilet,accessible_toilet,toilets,,,,,,True,-37.8243818,144.985666
way/1063760489,Accessible Toilet,accessible_toilet,toilets,yes,,,,,True,-38.1032904,145.1264764
way/1063990098,Accessible Toilet,accessible_toilet,toilets,,,,,,True,-38.3594483,144.8875237
way/1063990100,Accessible Toilet,accessible_toilet,toilets,,,,,,True,-38.3596766,144.8866751
way/1065803654,Accessible Toilet,accessible_toilet,toilets,,,,,,True,-37.9255409,145.0677898
way/1065803655,Accessible Toilet,accessible_toilet,toilets,,,,,,True,-37.925492,145.0677948
node/1067157379,Accessible Toilet,accessible_toilet,toilets,,,,,,True,-37.860711,145.060226
way/1067822067,Accessible Toilet,accessible_toilet,toilets,,,,,,True,-37.892929,145.2359149
way/1068902016,Accessible Toilet,accessible_toilet,toilets,,,,,,True,-38.0516703,145.6772286
way/1069467157,Accessible Toilet,accessible_toilet,toilets,,,,,,True,-37.6465667,145.0569733
way/1073030313,Accessible Toilet,accessible_toilet,toilets,,,,,,True,-37.6088824,145.1203682
way/1073694419,Accessible Toilet,accessible_toilet,toilets,,,,,,True,-37.8119989,145.345296
way/1073731330,Accessible Toilet,accessible_toilet,toilets,yes,,,,,True,-37.8099936,145.3436592
way/1073791626,Accessible Toilet,accessible_toilet,toilets,yes,,,,,True,-37.6356879,144.8712632
node/1074602289,Accessible Toilet,accessible_toilet,toilets,,,,,,True,-38.361418,144.7528526
way/1074997243,Accessible Toilet,accessible_toilet,toilets,yes,,,,,True,-37.5193634,145.1117143
node/1080345291,Public Toilets,accessible_toilet,toilets,,,,,,True,-37.806995,145.2033757
way/1081956542,Accessible Toilet,accessible_toilet,toilets,,,,,,True,-37.8431256,144.9817173
way/1083911833,Public Toilets Eastfield Park,accessible_toilet,toilets,yes,,,,,True,-37.8115816,145.2791969
way/1087422478,Accessible Toilet,accessible_toilet,toilets,,,,,,True,-38.3822374,144.8971157
way/1087617708,Accessible Toilet,accessible_toilet,toilets,,,,,,True,-38.3805364,144.9024129
way/1088950387,Accessible Toilet,accessible_toilet,toilets,,,,,,True,-38.1227718,145.3695794
way/1090140298,Accessible Toilet,accessible_toilet,toilets,,,,,,True,-37.7872124,144.9091469
way/1091932017,Accessible Toilet,accessible_toilet,toilets,,,,,,True,-37.6803973,145.3029168
way/1093776317,Accessible Toilet,accessible_toilet,toilets,yes,,,,,True,-37.7980625,144.9211054
way/1093785316,Accessible Toilet,accessible_toilet,toilets,yes,,,,,True,-37.7901744,144.943669
way/1098708955,Accessible Toilet,accessible_toilet,toilets,yes,,,,,True,-37.8122743,145.2363277
way/1102316109,Accessible Toilet,accessible_toilet,toilets,,,,,,True,-37.8524185,145.3709585
way/1102479008,Accessible Toilet,accessible_toilet,toilets,limited,,,,,True,-37.8161718,145.2068678
way/1103968911,Accessible Toilet,accessible_toilet,toilets,yes,,,,,True,-37.7801225,145.285603
way/1105406460,Accessible Toilet,accessible_toilet,toilets,yes,,,,,True,-37.8865097,145.0218911
way/1106319899,Accessible Toilet,accessible_toilet,toilets,,,,,,True,-38.3239249,144.9994472
way/1110152161,Accessible Toilet,accessible_toilet,toilets,,,,,,True,-37.6546566,145.0584852
way/1110152162,Accessible Toilet,accessible_toilet,toilets,,,,,,True,-37.6546896,145.0586273
way/1111065089,Accessible Toilet,accessible_toilet,toilets,no,,,,,True,-37.7154357,145.1050556
way/1112162936,Accessible Toilet,accessible_toilet,toilets,,,,,,True,-37.7390154,144.8702598
way/1112162937,Accessible Toilet,accessible_toilet,toilets,,,,,,True,-37.7390206,144.8703221
way/1112162938,Accessible Toilet,accessible_toilet,toilets,no,,,,,True,-37.7388441,144.8707436
way/1112162940,Accessible Toilet,accessible_toilet,toilets,yes,,,,,True,-37.7389663,144.8703628
way/1112162941,Accessible Toilet,accessible_toilet,toilets,yes,,,,,True,-37.7389693,144.8703858
way/1112162942,Accessible Toilet,accessible_toilet,toilets,no,,,,,True,-37.7389558,144.8702671
way/1112162943,Accessible Toilet,accessible_toilet,toilets,no,,,,,True,-37.7388624,144.8707407
way/1112162944,Accessible Toilet,accessible_toilet,toilets,no,,,,,True,-37.7388807,144.8707385
way/1112162945,Accessible Toilet,accessible_toilet,toilets,no,,,,,True,-37.7389248,144.87073
way/1112162946,Accessible Toilet,accessible_toilet,toilets,yes,,,,,True,-37.7390635,144.8708636
way/1112162947,Accessible Toilet,accessible_toilet,toilets,yes,,,,,True,-37.7390379,144.8708672
way/1112162948,Accessible Toilet,accessible_toilet,toilets,yes,,,,,True,-37.7390896,144.8708592
way/1112162958,Accessible Toilet,accessible_toilet,toilets,,,,,,True,-37.738457,144.8706017
way/1112162959,Accessible Toilet,accessible_toilet,toilets,,,,,,True,-37.7384489,144.8705253
way/1112162962,Accessible Toilet,accessible_toilet,toilets,yes,,,,,True,-37.7389201,144.8701252
way/1112162963,Accessible Toilet,accessible_toilet,toilets,yes,,,,,True,-37.738925,144.8701679
way/1112162964,Accessible Toilet,accessible_toilet,toilets,yes,,,,,True,-37.7389141,144.8700693
way/1112415185,Accessible Toilet,accessible_toilet,toilets,,,,,,True,-37.6723497,145.1564864
way/1112433705,Public Toilets Ringwood East,accessible_toilet,toilets,yes,,,,,True,-37.8124213,145.2516386
way/1112473796,Accessible Toilet,accessible_toilet,toilets,,,,,,True,-38.355187,144.906671
way/1112638713,Accessible Toilet,accessible_toilet,toilets,,,,,,True,-38.3572463,144.8966912
way/1112638714,Accessible Toilet,accessible_toilet,toilets,,,,,,True,-38.3569261,144.8975466
way/1113212055,Accessible Toilet,accessible_toilet,toilets,,,,,,True,-38.3551803,144.9024729
way/1113212064,Accessible Toilet,accessible_toilet,toilets,,,,,,True,-38.3534087,144.9083558
way/1113332207,Accessible Toilet,accessible_toilet,toilets,,,,,,True,-38.3585367,144.8929119
way/1113341395,Accessible Toilet,accessible_toilet,toilets,,,,,,True,-38.3575072,144.8954124
way/1114776322,Accessible Toilet,accessible_toilet,toilets,,,,,,True,-37.8149179,145.2826491
way/1114881727,Accessible Toilet,accessible_toilet,toilets,,,,,,True,-38.3590953,144.8894145
way/1117019110,Accessible Toilet,accessible_toilet,toilets,yes,,,,,True,-37.8474518,145.2318829
way/1118278429,Accessible Toilet,accessible_toilet,toilets,limited,,,,,True,-37.8109289,144.9868657
way/1118567381,Accessible Toilet,accessible_toilet,toilets,limited,,,,,True,-37.7858138,145.3177973
way/1119271936,Accessible Toilet,accessible_toilet,toilets,,,,Cherry Hill Orchards,,True,-37.6784134,145.4592861
node/1121661168,Accessible Toilet,accessible_toilet,toilets,,,,,,True,-38.117311,145.2957229
node/1123204745,Accessible Toilet,accessible_toilet,toilets,,,,,,True,-38.1063377,145.2826747
node/1123340517,Accessible Toilet,accessible_toilet,toilets,,,,,,True,-37.9519345,145.5496099
way/1126458778,Accessible Toilet,accessible_toilet,toilets,yes,,,,,True,-37.7391242,144.8708518
way/1126458779,Accessible Toilet,accessible_toilet,toilets,yes,,,,,True,-37.7390887,144.8704016
node/1127671566,Accessible Toilet,accessible_toilet,toilets,,,,,,True,-37.965012,145.1936362
node/1131779520,Accessible Toilet,accessible_toilet,toilets,,,,,,True,-37.876415,145.4021994
node/1132494145,Accessible Toilet,accessible_toilet,toilets,,,,,,True,28.081516,-80.6501398
way/1134026509,Accessible Toilet,accessible_toilet,toilets,designated,,,,,True,-37.8797662,145.1351527
way/1134179468,Accessible Toilet,accessible_toilet,toilets,,,,,,True,-37.8712986,144.6963096
way/1134179469,Accessible Toilet,accessible_toilet,toilets,,,,,,True,-37.8713255,144.6964002
way/1134179486,Accessible Toilet,accessible_toilet,toilets,,,,,,True,-37.8705397,144.6963686
way/1134179487,Accessible Toilet,accessible_toilet,toilets,,,,,,True,-37.8705235,144.6963161
way/1134179531,Accessible Toilet,accessible_toilet,toilets,,,,,,True,-37.8708626,144.6973617
way/1135836127,Accessible Toilet,accessible_toilet,toilets,,,,,,True,-37.8410124,144.9659644
way/1136379298,Accessible Toilet,accessible_toilet,toilets,yes,,,,,True,-37.6882375,145.224828
way/1137960059,Accessible Toilet,accessible_toilet,toilets,yes,,,,,True,-37.7384467,144.8704438
way/1150851018,Accessible Toilet,accessible_toilet,toilets,yes,,,Knox City Council,,True,-37.888855,145.2999482
way/1153095151,Accessible Toilet,accessible_toilet,toilets,yes,,,,,True,-37.8276688,145.1947612
way/1156483468,Accessible Toilet,accessible_toilet,toilets,,,,,,True,-37.9500121,145.5482429
way/1156521465,Accessible Toilet,accessible_toilet,toilets,yes,,,,,True,-37.7951863,145.2398027
way/1157306689,Accessible Toilet,accessible_toilet,toilets,,,,,,True,-37.8153834,145.2064426
way/1157574199,Accessible Toilet,accessible_toilet,toilets,,,,,,True,-37.9339815,145.439752
way/1158105964,Accessible Toilet,accessible_toilet,toilets,,,,,,True,-37.9318362,145.4408242
way/1159379649,Accessible Toilet,accessible_toilet,toilets,yes,,Apr Su[1]-Oct Su[1] 08:00-18:00 || 07:00-21:00,Banyule city council,"Public toilets open 7am-9pm during daylight savings times, and 8am-6pm during non daylight savings times",True,-37.714965,145.1132903
way/1164810852,Accessible Toilet,accessible_toilet,toilets,,,,,,True,-38.3900259,145.0886872
way/1167339158,Accessible Toilet,accessible_toilet,toilets,yes,,24/7,,,True,-37.8107673,145.0578086
way/1167895569,Accessible Toilet,accessible_toilet,toilets,,,,,,True,-37.8983803,145.0890329
way/1168423951,Accessible Toilet,accessible_toilet,toilets,,,,,,True,-37.8041358,145.3077612
way/1169234160,Accessible Toilet,accessible_toilet,toilets,yes,,,,,True,-37.853755,144.9604066
way/1170008265,Accessible Toilet,accessible_toilet,toilets,,,,,,True,-37.7705201,144.8651954
way/1172983956,Accessible Toilet,accessible_toilet,toilets,,,,,,True,-37.7308669,144.8320172
way/1173008986,Accessible Toilet,accessible_toilet,toilets,,,,,,True,-37.7292927,144.8447352
way/1175045813,Accessible Toilet,accessible_toilet,toilets,,,,,,True,-38.1468732,145.1201242
way/1177772971,Accessible Toilet,accessible_toilet,toilets,,,,,,True,-37.8306618,145.083127
way/1181266820,Accessible Toilet,accessible_toilet,toilets,,,,,,True,-37.6372446,145.1932157
way/1182848041,Accessible Toilet,accessible_toilet,toilets,,,,,,True,-37.9468675,144.997603
way/1183375785,Accessible Toilet,accessible_toilet,toilets,,,,,,True,-38.2154198,145.3775275
way/1183375803,Accessible Toilet,accessible_toilet,toilets,,,,,,True,-38.213021,145.3808416
way/1184922363,Accessible Toilet,accessible_toilet,toilets,,,,,,True,-37.6604103,145.1800304
way/1184951936,Accessible Toilet,accessible_toilet,toilets,,,,,,True,-37.883826,145.3573521
node/1190920567,Accessible Toilet,accessible_toilet,toilets,,,,,,True,-37.9358404,145.4903594
way/1191971558,Accessible Toilet,accessible_toilet,toilets,,,,,,True,-38.2288499,145.1750459
way/1192012532,Accessible Toilet,accessible_toilet,toilets,no,,,,,True,-37.7289813,145.1061673
way/1193790490,Accessible Toilet,accessible_toilet,toilets,yes,,,City of Melbourne,,True,-37.8082356,144.960187
way/1199664718,Accessible Toilet,accessible_toilet,toilets,,,,,,True,-37.9042837,145.3304011
way/1200761362,Female Change Rooms,accessible_toilet,toilets,yes,,,Peninsula Hot Springs,,True,-38.4074841,144.8418424
way/1200764045,Male Change Rooms,accessible_toilet,toilets,yes,,,Peninsula Hot Springs,,True,-38.4074254,144.8421168
node/1201408136,Accessible Toilet,accessible_toilet,toilets,,,,,,True,-37.669657,145.8865357
way/1202449009,Accessible Toilet,accessible_toilet,toilets,yes,,,,,True,-37.7829912,144.8360189
way/1202786735,Toilets,accessible_toilet,toilets,,,,,,True,-38.1390517,145.4462927
way/1203423313,Accessible Toilet,accessible_toilet,toilets,,,,,,True,-37.7874541,144.832435
way/1203964240,Accessible Toilet,accessible_toilet,toilets,,,,,,True,-37.5839073,145.2065818
way/1208983167,Accessible Toilet,accessible_toilet,toilets,,,,,,True,-37.7006495,145.1058872
way/1209074778,Accessible Toilet,accessible_toilet,toilets,no,,24/7,,,True,-37.7032045,145.1087989
way/1213440019,Accessible Toilet,accessible_toilet,toilets,yes,,,,,True,-37.9458327,145.1324903
way/1217118530,Accessible Toilet,accessible_toilet,toilets,yes,,,,,True,-37.9173969,145.5702223
way/1217241587,C Block Toilet,accessible_toilet,toilets,,,,,,True,-37.9145669,145.569889
way/1217241589,B Block Toilet,accessible_toilet,toilets,,,,,,True,-37.9159243,145.5687478
way/1217241590,D Block toilet,accessible_toilet,toilets,,,,,,True,-37.9162275,145.5722255
way/1220963268,Accessible Toilet,accessible_toilet,toilets,yes,,,,,True,-37.9482993,145.1012194
way/1222650963,Accessible Toilet,accessible_toilet,toilets,,,,,,True,-37.7205156,145.1439507
way/1223712091,Accessible Toilet,accessible_toilet,toilets,,,,,,True,-37.6373519,145.204486
node/1223970636,Accessible Toilet,accessible_toilet,toilets,,,,,,True,-37.6047291,145.4166721
node/1224821979,Accessible Toilet,accessible_toilet,toilets,,,,,,True,-37.8123851,144.9384721
way/1225375780,Accessible Toilet,accessible_toilet,toilets,yes,,"""I don't see posted hours but I don't think it closes. There is no obvious gate.""",,,True,-37.8295518,144.9818514
node/1226702996,Accessible Toilet,accessible_toilet,toilets,,,,,,True,-37.9533512,145.5544498
node/1229993223,Accessible Toilet,accessible_toilet,toilets,yes,,,,,True,-38.2192697,145.03751
way/1230814345,Accessible Toilet,accessible_toilet,toilets,,,,,,True,-37.8276355,144.981813
way/1232568814,Accessible Toilet,accessible_toilet,toilets,no,,,,,True,-37.7033975,145.0968965
way/1236483197,Accessible Toilet,accessible_toilet,toilets,yes,,,,,True,-37.6683034,144.9846783
way/1237457727,Accessible Toilet,accessible_toilet,toilets,,,,,,True,-37.9207688,145.4048338
node/1240896820,Accessible Toilet,accessible_toilet,toilets,,,,,,True,-38.1426896,145.1222792
way/1241445643,Accessible Toilet,accessible_toilet,toilets,,,,,,True,-38.2206337,145.0404927
way/1245231118,Accessible Toilet,accessible_toilet,toilets,,,,,,True,-37.6052994,145.1377225
node/1248169185,Accessible Toilet,accessible_toilet,toilets,yes,,,,,True,-37.8706801,144.8307977
node/1248169942,Accessible Toilet,accessible_toilet,toilets,,,,,,True,-37.8700783,144.8288551
way/1248925728,Accessible Toilet,accessible_toilet,toilets,,,,,,True,-37.5671944,145.1237587
way/1250068232,Accessible Toilet,accessible_toilet,toilets,,,,,,True,-38.092349,145.6768822
way/1250069990,Accessible Toilet,accessible_toilet,toilets,,,,,,True,-38.0972218,145.7189401
node/1260367364,Accessible Toilet,accessible_toilet,toilets,,,,,,True,-37.6876943,145.1083935
way/1261404364,Accessible Toilet,accessible_toilet,toilets,yes,,,,,True,-37.9538455,145.2125056
way/1265995361,Accessible Toilet,accessible_toilet,toilets,,,,,,True,-38.2138918,145.0440209
way/1266662324,Accessible Toilet,accessible_toilet,toilets,yes,,,,,True,-37.7857586,145.3141664
way/1268124767,Accessible Toilet,accessible_toilet,toilets,,,,,,True,-37.966019,145.2095133
way/1270312731,Accessible Toilet,accessible_toilet,toilets,,,,,,True,-38.082266,145.5697442
node/1271843682,Public Toilets,accessible_toilet,toilets,,,,,,True,-37.7391039,145.0292812
node/1271843683,Public Toilets,accessible_toilet,toilets,,,,,,True,-37.7380735,145.0303675
node/1271843685,Public Toilets,accessible_toilet,toilets,,,,,,True,-37.7391294,145.0307135
way/1273091400,Accessible Toilet,accessible_toilet,toilets,yes,,,,,True,-37.8154444,145.1216513
way/1274797508,Accessible Toilet,accessible_toilet,toilets,,,,,,True,-37.8500492,145.3724854
node/1276933021,Accessible Toilet,accessible_toilet,toilets,yes,,,,,True,-37.6948036,145.0468612
way/1277826186,Public Toilets,accessible_toilet,toilets,limited,,24/7,,Wheelchair access is locked via MLAK key system,True,-37.7855952,144.9630425
way/1277828416,Accessible Toilet,accessible_toilet,toilets,limited,,24/7,,Wheelchair access is locked via MLAK key system,True,-37.787896,144.9594992
way/1278402776,Accessible Toilet,accessible_toilet,toilets,yes,,,,,True,-37.5922882,145.1000363
way/1278438343,Accessible Toilet,accessible_toilet,toilets,,,,,,True,-38.2115398,145.2512253
way/1278438365,Accessible Toilet,accessible_toilet,toilets,,,,,,True,-38.2134668,145.2509372
way/1278446485,Accessible Toilet,accessible_toilet,toilets,,,,,,True,-37.8413912,144.9325823
way/1278446492,Accessible Toilet,accessible_toilet,toilets,,,,,tram drivers only,True,-37.8409824,144.9329335
way/1278787206,Accessible Toilet,accessible_toilet,toilets,,,,,,True,-37.8821148,144.9858394
way/1278787207,Accessible Toilet,accessible_toilet,toilets,,,,,,True,-37.8821217,144.9858746
node/1279106976,Accessible Toilet,accessible_toilet,toilets,yes,,,,,True,-37.768533,145.041797
way/1279261057,Accessible Toilet,accessible_toilet,toilets,yes,,sunrise-sunset,Bayside City Council,,True,-37.9225774,144.9999229
way/1279352643,Accessible Toilet,accessible_toilet,toilets,,,,,,True,-38.2149302,145.0341715
way/1279352650,Accessible Toilet,accessible_toilet,toilets,,,,,,True,-38.2158426,145.0336475
way/1279873768,Accessible Toilet,accessible_toilet,toilets,yes,,24/7,,,True,-37.7552934,145.0723087
way/1281318288,Accessible Toilet,accessible_toilet,toilets,,,,,,True,-37.8835779,145.2758293
way/1281884696,Accessible Toilet,accessible_toilet,toilets,yes,,,,,True,-37.9189011,144.6439365
way/1281884697,Accessible Toilet,accessible_toilet,toilets,,,,,,True,-37.8952168,144.5945901
node/1282432064,Accessible Toilet,accessible_toilet,toilets,,,,,,True,-37.8278702,145.0238683
way/1283534671,Accessible Toilet,accessible_toilet,toilets,,,,,,True,-37.9177052,145.00166
way/1285227742,Accessible Toilet,accessible_toilet,toilets,,,,,,True,-37.7991954,144.8292536
way/1286234214,Accessible Toilet,accessible_toilet,toilets,,,,,,True,-37.8183923,144.8782415
way/1291176934,Accessible Toilet,accessible_toilet,toilets,,,sunrise-sunset,Bayside City Council,,True,-37.9096889,144.9856835
node/1291288060,Accessible Toilet,accessible_toilet,toilets,,,,,,True,-37.91058,145.132304
way/1291510824,Accessible Toilet,accessible_toilet,toilets,,,,,,True,-38.0658997,145.4472315
way/1291993407,Accessible Toilet,accessible_toilet,toilets,,,,,,True,-37.735888,144.8893719
way/1296754517,Accessible Toilet,accessible_toilet,toilets,,,,,,True,-38.3701576,144.8956379
node/1297229651,Accessible Toilet,accessible_toilet,toilets,,,,,,True,-37.6530653,145.5225727
node/1297244959,Accessible Toilet,accessible_toilet,toilets,,,,,,True,-37.6282403,145.5350487
way/1298341146,Accessible Toilet,accessible_toilet,toilets,,,,,,True,-37.7253362,145.3709776
node/1300533481,Accessible Toilet,accessible_toilet,toilets,,,,,,True,-37.9200706,145.101126
way/1301208117,Accessible Toilet,accessible_toilet,toilets,,,,,,True,-37.7067746,144.9007444
way/1301897655,Accessible Toilet,accessible_toilet,toilets,yes,,,,,True,-37.9007388,145.0886494
way/1304345835,Accessible Toilet,accessible_toilet,toilets,yes,,,,,True,-38.0860502,145.1870664
way/1305673571,Accessible Toilet,accessible_toilet,toilets,,,,,,True,-37.8903529,145.2912113
node/1306530067,Public Toilets,accessible_toilet,toilets,,,,Darebin City Council,,True,-37.7590815,144.9875884
node/1306530211,Public Toilets,accessible_toilet,toilets,,,,Darebin City Council,,True,-37.7590756,144.9875407
way/1306695127,Accessible Toilet,accessible_toilet,toilets,yes,,,,,True,-37.7701548,144.9771846
way/1306983183,Accessible Toilet,accessible_toilet,toilets,,,,,,True,-37.5701755,144.892879
way/1307481116,Accessible Toilet,accessible_toilet,toilets,,,,,,True,-38.3665407,144.8635763
way/1322035910,Accessible Toilet,accessible_toilet,toilets,yes,,,,,True,-37.8536531,145.3723554
way/1323573171,Accessible Toilet,accessible_toilet,toilets,,,,,,True,-38.3064105,145.5215717
node/1327221477,Accessible Toilet,accessible_toilet,toilets,,,,,,True,-38.1533672,145.1320687
node/1327221478,Accessible Toilet,accessible_toilet,toilets,,,,,,True,-38.1533247,145.129424
way/1329295539,Accessible Toilet,accessible_toilet,toilets,designated,,,,,True,-37.8869742,145.3702242
way/1329766352,Accessible Toilet,accessible_toilet,toilets,,,,,,True,-37.9465212,145.1888198
way/1331525672,Accessible Toilet,accessible_toilet,toilets,yes,,,,,True,-37.8081641,144.890305
way/1331576987,Accessible Toilet,accessible_toilet,toilets,yes,,,,,True,-37.6538429,145.5166932
way/1335335136,Accessible Toilet,accessible_toilet,toilets,,,,,,True,-37.8725982,145.3199652
node/1336162061,Laurimar Public Toilet,accessible_toilet,toilets,,,,,,True,-37.5869303,145.127056
way/1338894699,Accessible Toilet,accessible_toilet,toilets,,,,,,True,-38.2000106,145.0632547
way/1338894734,Accessible Toilet,accessible_toilet,toilets,,,,,,True,-38.2236138,145.0320013
way/1339189122,Accessible Toilet,accessible_toilet,toilets,yes,,,,,True,-37.85739,144.9027027
way/1339980395,Accessible Toilet,accessible_toilet,toilets,yes,,,,,True,-37.8665613,144.7708816
way/1343268496,Accessible Toilet,accessible_toilet,toilets,yes,,,,,True,-37.7574839,145.3133097
way/1346841607,Accessible Toilet,accessible_toilet,toilets,yes,,,,,True,-37.9237797,145.3373854
way/1349123254,Accessible Toilet,accessible_toilet,toilets,,,,,,True,-37.8704414,144.9045642
way/1354870122,Accessible Toilet,accessible_toilet,toilets,yes,,,,,True,-37.7141349,144.7291316
way/1355601974,Accessible Toilet,accessible_toilet,toilets,yes,,,,,True,-37.7142372,144.7293493
way/1357084336,Accessible Toilet,accessible_toilet,toilets,,,,,,True,-37.7999722,145.1163277
way/1360285693,Accessible Toilet,accessible_toilet,toilets,,,,,,True,-38.2907557,145.0057805
node/1363204565,Accessible Toilet,accessible_toilet,toilets,,,,,,True,-37.9858944,145.0335573
way/1365699976,Accessible Toilet,accessible_toilet,toilets,,,,,,True,-37.964113,145.1744753
way/1368279027,Accessible Toilet,accessible_toilet,toilets,yes,,,,,True,-37.6687004,145.1571756
way/1368516623,Accessible Toilet,accessible_toilet,toilets,,,,Mornington Peninsula Astronomical Society,,True,-38.2732161,145.0410756
node/1368583914,Accessible Toilet,accessible_toilet,toilets,,,,,,True,-38.3740858,145.1270946
way/1372565970,Accessible Toilet,accessible_toilet,toilets,,,,,,True,-38.1260776,145.233809
way/1375183932,Accessible Toilet,accessible_toilet,toilets,,,,,,True,-37.8732221,144.8170128
node/1375714630,Accessible Toilet,accessible_toilet,toilets,yes,,,,,True,-37.8288811,145.2458826
way/1377344546,Accessible Toilet,accessible_toilet,toilets,yes,,,,,True,-37.8672045,144.8297048
way/1377689380,Accessible Toilet,accessible_toilet,toilets,,,,,,True,-37.8655624,144.8470565
node/1381294504,Accessible Toilet,accessible_toilet,toilets,,,,,,True,-37.7060383,144.9167999
way/1382520203,Accessible Toilet,accessible_toilet,toilets,,,,,,True,-37.682321,144.9355586
way/1382520204,Accessible Toilet,accessible_toilet,toilets,,,,,,True,-37.6862264,144.9363456
way/1382520206,Accessible Toilet,accessible_toilet,toilets,,,,,,True,-37.6882148,144.9378161
node/1382865219,Accessible Toilet,accessible_toilet,toilets,yes,,Mo-Su 09:00-17:00; Dec 25 off,,,True,-38.1377619,145.2830224
way/1388715164,Accessible Toilet,accessible_toilet,toilets,,,Dec-Apr 00:00-24:00; Sa-Su 00:00-24:00,,,True,-38.3282446,144.9732321
node/1389552274,Public Toilets,accessible_toilet,toilets,yes,,,,,True,-37.7686059,145.0060061
way/1390622207,Accessible Toilet,accessible_toilet,toilets,yes,,24/7,,"""Changing Places"" room with Wheelchair access is locked via MLAK key system",True,-37.7168565,145.1454348
node/1398618755,Accessible Toilet,accessible_toilet,toilets,,,,,,True,-37.7318085,145.444774
node/1399688680,Accessible Toilet,accessible_toilet,toilets,yes,,,,,True,-37.6431575,145.5499546
node/1399722250,Accessible Toilet,accessible_toilet,toilets,,,,,,True,-37.6687856,145.5369551
node/1406600270,Accessible Toilet,accessible_toilet,toilets,,,,,,True,-37.8627668,144.9048036
node/1406762367,Public Toilets,accessible_toilet,toilets,,,,,,True,-37.867812,144.893679
way/1414421121,Public Toilets,accessible_toilet,toilets,yes,,24/7,,,True,-37.7671742,145.1845978
node/1416810048,Accessible Toilet,accessible_toilet,toilets,,,,,,True,-37.6611939,145.2919223
way/1416899343,Accessible Toilet,accessible_toilet,toilets,yes,,,,,True,-37.7621972,144.9226463
way/1421669542,Accessible Toilet,accessible_toilet,toilets,,,,,,True,-37.8266456,145.0593516
node/1422760875,Accessible Toilet,accessible_toilet,toilets,yes,,,,,True,-38.2156671,145.3413001
node/1422961923,Public Toilets,accessible_toilet,toilets,yes,,,,,True,-37.7495644,145.0422626
node/1426013261,Accessible Toilet,accessible_toilet,toilets,,,,,,True,-37.8204631,144.9656863
way/1427048699,Accessible Toilet,accessible_toilet,toilets,yes,,,,,True,-37.8895792,145.3174384
node/1428927244,Accessible Toilet,accessible_toilet,toilets,yes,,,,,True,-37.8032289,145.3117778
node/1430614862,Accessible Toilet,accessible_toilet,toilets,yes,,,,,True,-37.8451877,144.9826187
way/1430765862,Accessible Toilet,accessible_toilet,toilets,,,,,,True,-37.6855249,145.5723402
node/1432590899,Accessible Toilet,accessible_toilet,toilets,,,,,,True,-37.635589,145.0979851
node/1433505999,Accessible Toilet,accessible_toilet,toilets,,,,,Toilets currently closed (locked),True,-37.558735,145.8872778
node/1433986465,Accessible Toilet,accessible_toilet,toilets,,,,,,True,-37.8891318,144.9839785
way/1434540117,Accessible Toilet,accessible_toilet,toilets,yes,,24/7,,,True,-37.7124327,145.147063
node/1439321285,Accessible Toilet,accessible_toilet,toilets,yes,,,,"3 cubicles (1 has disabled access), pit drop system, rain water tank with tap",True,-37.900109,145.5753638
node/1439321313,Accessible Toilet,accessible_toilet,toilets,limited,,,,,True,-37.897921,145.5839234
way/1445098369,Accessible Toilet,accessible_toilet,toilets,yes,,,,,True,-38.034206,145.3072717
way/1445211577,Accessible Toilet,accessible_toilet,toilets,no,no,24/7,,,True,28.1478914,-80.6616677
way/1445211578,Accessible Toilet,accessible_toilet,toilets,no,,,,,True,28.1479328,-80.6616685
way/1446673604,Accessible Toilet,accessible_toilet,toilets,,,,,,True,-38.0510304,145.3663552
way/1447378867,Accessible Toilet,accessible_toilet,toilets,yes,,Mo-Su 09:00-17:00; Dec 25 off,,,True,-38.129341,145.27087
node/1447778360,Accessible Toilet,accessible_toilet,toilets,,,,,,True,-38.3606901,144.7796566
node/1448098626,Accessible Toilet,accessible_toilet,toilets,,,,,,True,-38.3701021,144.8591634
way/1448103848,Accessible Toilet,accessible_toilet,toilets,yes,,Mo-Su 07:00-18:30,,"Opening hours:- Summer 6:30am-10:00pm, Winter 7:00am-6:30pm",True,-38.1286069,145.330196
way/1448195932,Accessible Toilet,accessible_toilet,toilets,,,,,,True,-38.0454423,145.3675173
way/1448571760,Accessible Toilet,accessible_toilet,toilets,,,,,,True,-38.1710792,145.1609641
node/1449395214,Accessible Toilet,accessible_toilet,toilets,yes,,,,,True,-38.3697507,145.0131984
way/1450816535,Accessible Toilet,accessible_toilet,toilets,yes,,,,,True,-37.7972282,145.282813
way/1451857703,Accessible Toilet,accessible_toilet,toilets,yes,,,,,True,-37.8195531,145.3676188
way/1453335724,Accessible Toilet,accessible_toilet,toilets,yes,,24/7,,,True,-37.8026959,144.9622826
way/1455900598,Accessible Toilet,accessible_toilet,toilets,yes,,sunrise-sunset,Manningham City Council,,True,-37.7678111,145.1061169
way/1456185403,Accessible Toilet,accessible_toilet,toilets,,,,,,True,-37.8679794,144.8451975
way/1467195912,Accessible Toilet,accessible_toilet,toilets,,,,,,True,-37.8207984,145.0389249
way/1468136120,Gumbaya Beach Hut,accessible_toilet,toilets,,,,,,True,-38.0699343,145.6610762
way/1469691368,Accessible Toilet,accessible_toilet,toilets,,,,,,True,-37.8172607,145.3793196
node/1470174564,Accessible Toilet,accessible_toilet,toilets,,,,,,True,-37.8194508,144.9849415
node/1473872954,Accessible Toilet,accessible_toilet,toilets,,,,,,True,-37.8800295,145.0469908
node/1474075473,Accessible Toilet,accessible_toilet,toilets,,,,,,True,-37.8844324,145.5971451
way/1482509415,Accessible Toilet,accessible_toilet,toilets,,,,,,True,-38.0590919,145.410646
node/1486593394,Accessible Toilet,accessible_toilet,toilets,,,,,,True,-37.7162307,145.0081478
node/1494299993,Accessible Toilet,accessible_toilet,toilets,,,,,,True,28.1245083,-80.6253384
way/1497273519,Gracedale Park Toilets,accessible_toilet,toilets,,,,,,True,-37.8218129,145.262543
node/1498111331,Accessible Toilet,accessible_toilet,toilets,,,,,,True,-38.0277757,145.3371102
way/1498378827,Accessible Toilet,accessible_toilet,toilets,,,,,,True,-37.9384647,145.0029693
way/1500237307,Accessible Toilet,accessible_toilet,toilets,yes,,Mo-Su 06:00-21:00,,,True,-37.7165517,145.1216799
way/1500240814,Accessible Toilet,accessible_toilet,toilets,yes,,Mo-Su 06:00-21:00,,,True,-37.7108074,145.0829572
way/1500720484,Accessible Toilet,accessible_toilet,toilets,,,,,,True,-37.8217014,144.9527792
way/1500950129,Accessible Toilet,accessible_toilet,toilets,,,,,,True,-37.6844157,145.5301805
way/1501663484,Accessible Toilet,accessible_toilet,toilets,yes,,,,,True,-37.8118437,145.2113645
node/1503133901,Accessible Toilet,accessible_toilet,toilets,,,,,,True,-38.1408851,145.1243528
node/1503133902,Accessible Toilet,accessible_toilet,toilets,,,,,,True,-38.1425282,145.1207696
node/1505786601,Accessible Toilet,accessible_toilet,toilets,,,,,,True,-37.9057256,145.0112346
way/1509455100,Accessible Toilet,accessible_toilet,toilets,designated,,,,,True,-37.8310315,145.2934364
way/1509653669,Accessible Toilet,accessible_toilet,toilets,,,,,,True,-37.8590885,144.7432074
node/1517692005,Accessible Toilet,accessible_toilet,toilets,,,,,,True,-38.3759965,144.8615553
node/1526166383,Accessible Toilet,accessible_toilet,toilets,,,,,,True,-38.3620323,144.764408
node/1532401714,Accessible Toilet,accessible_toilet,toilets,yes,,,,,True,-37.8607106,145.7447943
node/1532401992,Accessible Toilet,accessible_toilet,toilets,limited,,,,,True,-37.863823,145.7525011
node/1532445359,Accessible Toilet,accessible_toilet,toilets,,,,,,True,-37.7709,145.7563489
node/1540329534,Accessible Toilet,accessible_toilet,toilets,yes,,,,,True,-37.7883638,145.1487902
node/1561162706,Accessible Toilet,accessible_toilet,toilets,,,,,,True,-37.9435655,145.0805749
node/1561197123,Accessible Toilet,accessible_toilet,toilets,yes,,,,,True,-37.9527972,145.004081
node/1562157879,Accessible Toilet,accessible_toilet,toilets,,,,,,True,-37.9903265,145.0284336
node/1564877000,Accessible Toilet,accessible_toilet,toilets,,,,,,True,-38.3899228,145.1642712
node/1564961539,Accessible Toilet,accessible_toilet,toilets,,,,,,True,-38.3346076,144.7052826
node/1600670853,Accessible Toilet,accessible_toilet,toilets,,,,,,True,-37.8712782,145.0851982
node/1606015075,Accessible Toilet,accessible_toilet,toilets,yes,,,,There is exactly one toilet.,True,-37.6840016,145.1165317
node/1608195235,Accessible Toilet,accessible_toilet,toilets,,,,,,True,-37.6975278,145.0967222
node/1631764942,Bentleigh Sunday Market Exeloo,accessible_toilet,toilets,yes,,,,,True,-37.9175956,145.0376179
node/1631770447,Public Library Exeloo,accessible_toilet,toilets,yes,,,,,True,-37.9192801,145.0414033
node/1646788132,Accessible Toilet,accessible_toilet,toilets,,,,,,True,-37.6447634,145.5518156
node/1653675104,Accessible Toilet,accessible_toilet,toilets,yes,,,,,True,-37.867566,144.9050545
node/1666782908,Public Toilets,accessible_toilet,toilets,yes,,,,,True,-37.7204768,145.0486618
node/1670091532,Accessible Toilet,accessible_toilet,toilets,,,,,,True,-37.9306118,145.4597534
node/1671657800,Accessible Toilet,accessible_toilet,toilets,,,,,,True,-37.7771723,145.3044693
node/1682313109,Accessible Toilet,accessible_toilet,toilets,,,,,,True,-37.9278713,145.0391577
node/1682313198,Accessible Toilet,accessible_toilet,toilets,,,,,,True,-37.9278841,145.0390771
node/1694249233,Accessible Toilet,accessible_toilet,toilets,,,,,,True,-37.7426191,145.0638632
node/1701123047,Accessible Toilet,accessible_toilet,toilets,,,,,,True,-38.3649741,144.7983659
node/1705310831,Accessible Toilet,accessible_toilet,toilets,,,,,,True,-38.1925271,145.1444163
node/1709525542,Accessible Toilet,accessible_toilet,toilets,,,,,,True,-37.845849,145.0456089
node/1709525545,Accessible Toilet,accessible_toilet,toilets,,,,,,True,-37.8509576,145.0535429
node/1709816326,Accessible Toilet,accessible_toilet,toilets,,,,,,True,-38.2655552,145.0161326
node/1710026203,Accessible Toilet,accessible_toilet,toilets,,,,,,True,-38.2682588,145.0431422
node/1717721673,Accessible Toilet,accessible_toilet,toilets,,,,,,True,-38.2677144,145.0188534
node/1720439314,Accessible Toilet,accessible_toilet,toilets,,,,,,True,-38.2632194,145.0168817
node/1726401505,Accessible Toilet,accessible_toilet,toilets,yes,,,,,True,-38.358218,144.9477907
node/1730219036,Accessible Toilet,accessible_toilet,toilets,,,,,,True,-37.8537335,145.0675685
node/1733878864,Accessible Toilet,accessible_toilet,toilets,,,,,,True,-37.819542,145.016086
node/1734852016,Accessible Toilet,accessible_toilet,toilets,,,,,,True,-37.9801322,145.2083595
node/1744157736,Accessible Toilet,accessible_toilet,toilets,,,,,,True,-38.386597,145.140082
node/1744157746,Accessible Toilet,accessible_toilet,toilets,yes,,,,,True,-38.387374,145.140882
node/1749638367,Accessible Toilet,accessible_toilet,toilets,yes,,,,,True,-38.3092718,144.6795977
node/1749638368,Accessible Toilet,accessible_toilet,toilets,yes,,,,,True,-38.3091115,144.6796187
node/1749638437,Accessible Toilet,accessible_toilet,toilets,yes,,,,,True,-38.3030992,144.6527684
node/1805611683,Accessible Toilet,accessible_toilet,toilets,no,,,,,True,-37.6693344,145.328264
node/1813160416,Accessible Toilet,accessible_toilet,toilets,,,Mo-Su 06:30-18:30,,,True,-37.787658,144.927856
node/1813483575,Accessible Toilet,accessible_toilet,toilets,,,,,,True,-37.7466592,144.944055
node/1828495239,Accessible Toilet,accessible_toilet,toilets,,,,,,True,-37.9310795,145.4586209
node/1862660729,Accessible Toilet,accessible_toilet,toilets,,,,,,True,-38.2653303,145.5627113
node/1864187452,Public Toilets,accessible_toilet,toilets,,,,,,True,-37.823155,145.2540274
node/1877111742,Accessible Toilet,accessible_toilet,toilets,,,,,,True,-37.8214632,145.0414934
node/1881747643,Accessible Toilet,accessible_toilet,toilets,,,,,,True,-38.2528385,145.0427191
node/1886300607,Accessible Toilet,accessible_toilet,toilets,yes,,,,,True,-37.8882063,145.3171703
node/1889074995,Accessible Toilet,accessible_toilet,toilets,limited,,,,,True,-37.9867602,145.0548367
node/1892871097,Accessible Toilet,accessible_toilet,toilets,limited,,,,,True,-37.8661977,144.9741912
node/1893013576,Accessible Toilet,accessible_toilet,toilets,,,,,,True,-37.7581977,145.0844019
node/1893013694,Accessible Toilet,accessible_toilet,toilets,,,,,,True,-37.758553,145.0811819
node/1896017998,Accessible Toilet,accessible_toilet,toilets,,,,,,True,-38.0102424,145.0936894
node/1901714591,Accessible Toilet,accessible_toilet,toilets,no,,,,,True,-37.9697209,145.3010197
node/1905073551,Accessible Toilet,accessible_toilet,toilets,yes,,,Boroondara City Council,,True,-37.811044,145.0914677
node/1928209665,Accessible Toilet,accessible_toilet,toilets,,,,,,True,-37.8094522,144.9697711
node/1935139518,Accessible Toilet,accessible_toilet,toilets,,,,,,True,-37.5386716,144.6499057
node/1940739958,Accessible Toilet,accessible_toilet,toilets,,,,,,True,-37.9935271,145.0311337
node/1940758958,Accessible Toilet,accessible_toilet,toilets,,,,,,True,-38.009531,145.0857193
node/1962333582,Accessible Toilet,accessible_toilet,toilets,,,,,,True,-37.799432,144.9007336
node/1969747364,Accessible Toilet,accessible_toilet,toilets,,,,,,True,-37.7587337,144.7954875
node/2017694397,Accessible Toilet,accessible_toilet,toilets,yes,,,,,True,-37.8688242,145.0738586
node/2034042023,Accessible Toilet,accessible_toilet,toilets,,,,,,True,-37.7850387,145.2689236
node/2038238519,Accessible Toilet,accessible_toilet,toilets,,,,,,True,-37.8679028,145.1323029
node/2038238520,Accessible Toilet,accessible_toilet,toilets,,,,,,True,-37.8677799,145.1323164
node/2038238531,Accessible Toilet,accessible_toilet,toilets,,,,,,True,-37.8688365,145.1331532
node/2038238540,Accessible Toilet,accessible_toilet,toilets,,,,,,True,-37.8678435,145.1327616
node/2041590408,Public Toilets,accessible_toilet,toilets,yes,,,,,True,-37.8358174,145.1655242
node/2047481618,The village @ Carrum Downs Rest Rooms,accessible_toilet,toilets,,,,,,True,-38.0887455,145.1826885
node/2049059875,Accessible Toilet,accessible_toilet,toilets,,,,,,True,-37.7371976,145.0033276
node/2052391119,Accessible Toilet,accessible_toilet,toilets,,,,,,True,-37.9054956,145.1626914
node/2055880389,Accessible Toilet,accessible_toilet,toilets,yes,,,,,True,-37.8373072,145.1840038
node/2090602754,Accessible Toilet,accessible_toilet,toilets,,,,,,True,-37.79903,144.978622
node/2155274957,Accessible Toilet,accessible_toilet,toilets,,,,,,True,-37.7146433,144.9004567
node/2155463928,Accessible Toilet,accessible_toilet,toilets,,,24/7,,,True,-37.7555742,144.9324376
node/2156912196,Accessible Toilet,accessible_toilet,toilets,,,,,,True,-37.8669846,145.0852457
node/2158647622,Accessible Toilet,accessible_toilet,toilets,,,,,,True,-37.6575877,145.3741329
node/2160285703,Accessible Toilet,accessible_toilet,toilets,,,,,,True,-37.8753462,145.4077345
node/2162438776,Accessible Toilet,accessible_toilet,toilets,,,,,,True,-37.7948647,145.3828724
node/2176332851,Accessible Toilet,accessible_toilet,toilets,,,,,,True,-38.3388918,144.7401393
node/2187985872,Accessible Toilet,accessible_toilet,toilets,,,,,,True,-37.9956153,145.0381516
node/2190697205,Accessible Toilet,accessible_toilet,toilets,,,,Melbourne Polytechnic,,True,-37.7414684,144.9950061
node/2241665136,Accessible Toilet,accessible_toilet,toilets,,,,,,True,-37.9554461,145.5503094
node/2245737806,Accessible Toilet,accessible_toilet,toilets,,,,,,True,-37.90324,145.0400343
node/2251903469,Accessible Toilet,accessible_toilet,toilets,,,,,,True,-38.0222751,145.1179
node/2261279076,Accessible Toilet,accessible_toilet,toilets,,,,,,True,-37.8564143,145.1818072
node/2274645088,Accessible Toilet,accessible_toilet,toilets,,,,,,True,-37.8748203,145.4086589
node/2275180675,Accessible Toilet,accessible_toilet,toilets,,,,,,True,-37.946485,145.6876144
node/2278040241,Toilet 46,accessible_toilet,toilets,yes,,,City of Melbourne,,True,-37.8132343,144.966902
node/2288769470,Accessible Toilet,accessible_toilet,toilets,,,,,,True,-37.8027251,145.0032426
node/2288833542,Accessible Toilet,accessible_toilet,toilets,,,,,,True,-37.885744,144.6321903
node/2292034250,Accessible Toilet,accessible_toilet,toilets,,,,,,True,-37.6786157,145.005959
node/2300742485,Accessible Toilet,accessible_toilet,toilets,,,,,,True,-38.1269909,145.2705678
node/2314320276,Accessible Toilet,accessible_toilet,toilets,,,,,,True,-37.8223698,145.1349847
node/2319158031,Accessible Toilet,accessible_toilet,toilets,,,,,,True,-37.871195,144.983096
node/2320594853,Accessible Toilet,accessible_toilet,toilets,yes,,,,,True,-37.4930549,145.2509979
node/2350736822,Accessible Toilet,accessible_toilet,toilets,,,,,,True,-37.684327,145.5321188
node/2350736969,Accessible Toilet,accessible_toilet,toilets,,,,,,True,-37.6818305,145.5314871
node/2353039151,Accessible Toilet,accessible_toilet,toilets,yes,,,,,True,-37.7974343,144.9590333
node/2355778762,Accessible Toilet,accessible_toilet,toilets,yes,,,,,True,-37.8204967,145.1753252
node/2355803752,Accessible Toilet,accessible_toilet,toilets,,,,,,True,-37.7959586,145.2857419
node/2355803757,Accessible Toilet,accessible_toilet,toilets,,,,,,True,-37.8090839,145.2463635
node/2355812750,Accessible Toilet,accessible_toilet,toilets,,,,,,True,-37.8413312,145.2666548
node/2355812753,Public Toilets,accessible_toilet,toilets,,,,,,True,-37.8424676,145.2665066
node/2355849913,Accessible Toilet,accessible_toilet,toilets,,,,,,True,-37.825116,145.0819097
node/2355849934,Accessible Toilet,accessible_toilet,toilets,,,,,,True,-37.8240422,145.080632
node/2355855782,Accessible Toilet,accessible_toilet,toilets,yes,,,,,True,-37.8207242,145.1049595
node/2355855786,Accessible Toilet,accessible_toilet,toilets,,,,,,True,-37.8194572,145.1204278
node/2355892317,Accessible Toilet,accessible_toilet,toilets,,,,,,True,-37.7997794,145.0820794
node/2355892319,Accessible Toilet,accessible_toilet,toilets,,,,City of Boroondara,,True,-37.800703,145.0735486
node/2355896522,Accessible Toilet,accessible_toilet,toilets,,,,,,True,-37.807616,145.0345224
node/2355896523,Accessible Toilet,accessible_toilet,toilets,,,,,,True,-37.8210649,145.0352573
node/2355896525,Accessible Toilet,accessible_toilet,toilets,,,,,,True,-37.8204148,145.0219466
node/2355896526,Accessible Toilet,accessible_toilet,toilets,,,,,,True,-37.8215099,145.0363945
node/2355896527,Accessible Toilet,accessible_toilet,toilets,,,,,,True,-37.8019811,145.0466432
node/2355906418,Accessible Toilet,accessible_toilet,toilets,yes,,,,,True,-37.8205529,145.0538353
node/2355906421,Accessible Toilet,accessible_toilet,toilets,no,,,,,True,-37.8266434,145.059365
node/2355906424,Accessible Toilet,accessible_toilet,toilets,,,,,,True,-37.8389971,145.0956772
node/2355906427,Accessible Toilet,accessible_toilet,toilets,yes,,,,,True,-37.8294738,145.056479
node/2355906430,Accessible Toilet,accessible_toilet,toilets,,,,,,True,-37.83125,145.0579213
node/2355910127,Accessible Toilet,accessible_toilet,toilets,,,,,,True,-37.8753931,145.1275522
node/2356990374,Accessible Toilet,accessible_toilet,toilets,yes,,,,,True,-37.8179862,144.9670143
node/2365479000,Accessible Toilet,accessible_toilet,toilets,,,,,,True,-37.796462,145.2546654
node/2379949116,Accessible Toilet,accessible_toilet,toilets,,,,,,True,-37.8104421,145.1908442
node/2379990142,Public Toilets,accessible_toilet,toilets,,,,,,True,-37.747823,145.2078361
node/2382275611,Accessible Toilet,accessible_toilet,toilets,,,,,,True,-37.8171033,145.1855041
node/2387042180,Accessible Toilet,accessible_toilet,toilets,,,,,,True,-37.8984306,144.6247743
node/2388369397,Accessible Toilet,accessible_toilet,toilets,,,,,,True,-37.7295655,144.9920059
node/2396280321,Accessible Toilet,accessible_toilet,toilets,,,,,,True,-37.950065,145.174158
node/2406220757,Accessible Toilet,accessible_toilet,toilets,yes,,,,,True,28.1589833,-80.6610524
node/2406536873,Accessible Toilet,accessible_toilet,toilets,limited,,,,,True,-38.36539,145.203628
node/2408857997,Accessible Toilet,accessible_toilet,toilets,limited,,24/7,,Wheelchair access is locked via MLAK key system,True,-37.7924915,144.9568631
node/2408858000,Accessible Toilet,accessible_toilet,toilets,,,,,,True,-37.7954092,145.006443
node/2421601637,Accessible Toilet,accessible_toilet,toilets,yes,,,,,True,-37.8246692,144.9549281
node/2443742583,Accessible Toilet,accessible_toilet,toilets,,,,,,True,-38.041906,145.3434428
node/2443742584,Accessible Toilet,accessible_toilet,toilets,,,,,,True,-38.0423517,145.3430726
node/2443742585,Accessible Toilet,accessible_toilet,toilets,,,,,,True,-38.0426031,145.3437405
node/2443742586,Accessible Toilet,accessible_toilet,toilets,,,,,,True,-38.0426834,145.342673
node/2443742587,Accessible Toilet,accessible_toilet,toilets,,,,,,True,-38.0433509,145.3433221
node/2449261651,Accessible Toilet,accessible_toilet,toilets,yes,,,,,True,-37.7525969,145.6958413
node/2450105717,Accessible Toilet,accessible_toilet,toilets,yes,,,,,True,-37.813412,144.9774394
node/2456386433,Accessible Toilet,accessible_toilet,toilets,,,,,,True,-37.8954298,145.0551724
node/2459881620,Accessible Toilet,accessible_toilet,toilets,yes,,24/7,,,True,-37.7994504,145.0623072
node/2467254134,Accessible Toilet,accessible_toilet,toilets,yes,,,,,True,-37.8556464,145.035279
node/2483459674,Accessible Toilet,accessible_toilet,toilets,yes,,,Hobsons Bay Council,,True,-37.8630291,144.7717919
node/2484880748,Accessible Toilet,accessible_toilet,toilets,,,,,,True,-37.6446548,145.5470307
node/2484908414,Accessible Toilet,accessible_toilet,toilets,yes,,,,,True,-37.6565561,145.3734851
node/2491999496,Accessible Toilet,accessible_toilet,toilets,,,,,,True,-38.3655527,144.8010868
node/2492000733,Accessible Toilet,accessible_toilet,toilets,,,,,,True,-38.3668078,144.8071931
node/2493308704,Accessible Toilet,accessible_toilet,toilets,yes,,,,,True,-37.7905504,145.2443957
node/2493725851,Accessible Toilet,accessible_toilet,toilets,,,,Hume Council,,True,-37.6793688,144.9660108
node/2514691647,Accessible Toilet,accessible_toilet,toilets,no,,,,,True,-37.7345362,145.0114476
node/2522172093,Accessible Toilet,accessible_toilet,toilets,yes,,,Moreland Council,,True,-37.7344898,144.9687273
node/2531895842,Accessible Toilet,accessible_toilet,toilets,,,,,,True,-38.1470053,145.1164365
node/2531895846,Accessible Toilet,accessible_toilet,toilets,,,,,,True,-38.1442578,145.1184334
node/2531895850,Accessible Toilet,accessible_toilet,toilets,,,,,,True,-38.1426989,145.1186721
node/2531895882,Accessible Toilet,accessible_toilet,toilets,,,,,,True,-38.1541061,145.10911
node/2531897735,Accessible Toilet,accessible_toilet,toilets,,,,,,True,-38.1727255,145.08195
node/2531903555,Accessible Toilet,accessible_toilet,toilets,,,,,,True,-38.2148468,145.0390972
node/2548289317,Accessible Toilet,accessible_toilet,toilets,,,,,,True,-37.8288302,144.984415
node/2548300615,Accessible Toilet,accessible_toilet,toilets,yes,,,,,True,-37.8310797,144.983562
node/2621725305,Accessible Toilet,accessible_toilet,toilets,,,,,,True,-37.7425701,144.9818613
node/2622213111,Accessible Toilet,accessible_toilet,toilets,,,,,,True,-37.9773596,145.0938975
node/2631777284,Accessible Toilet,accessible_toilet,toilets,,,,,,True,-37.7945081,144.9028257
node/2632092295,Accessible Toilet,accessible_toilet,toilets,,,,,,True,-37.7471496,144.9098397
node/2637878932,Accessible Toilet,accessible_toilet,toilets,yes,,,,,True,-37.6752984,144.886513
node/2640261281,Accessible Toilet,accessible_toilet,toilets,yes,,,,,True,-37.7434641,144.9117132
node/2642106137,Accessible Toilet,accessible_toilet,toilets,,,,,,True,-37.834547,145.0771373
node/2670100935,Accessible Toilet,accessible_toilet,toilets,,,,,,True,-37.8094998,144.9958317
node/2674596351,Accessible Toilet,accessible_toilet,toilets,,,,,,True,-37.7329464,144.8664334
node/2695720627,Accessible Toilet,accessible_toilet,toilets,,,,,,True,-37.8031474,145.0057756
node/2695948360,A Block Toilets,accessible_toilet,toilets,,,,,,True,-37.9189967,145.5687404
node/2707924964,Accessible Toilet,accessible_toilet,toilets,,,,,,True,-37.7819812,144.9146629
node/2707944748,Accessible Toilet,accessible_toilet,toilets,yes,,,,,True,-37.7790743,144.9122655
node/2713602912,Accessible Toilet,accessible_toilet,toilets,,,,,,True,-37.9562413,145.0072046
node/2725962588,Accessible Toilet,accessible_toilet,toilets,yes,,,Melbourne City Council,,True,-37.817883,144.966235
node/2766190783,Accessible Toilet,accessible_toilet,toilets,,,,,,True,-37.8320963,145.0573895
node/2778453335,Accessible Toilet,accessible_toilet,toilets,,,,,,True,-37.7653563,144.8999435
node/2787586067,Public Toilets,accessible_toilet,toilets,,,,,,True,-37.7737504,145.2184426
node/2796384426,Accessible Toilet,accessible_toilet,toilets,,,,,,True,-37.7431919,144.965541
node/2815233997,HE Parker Reserve Pavilion Toilets,accessible_toilet,toilets,designated,,Mo-Su 07:00-19:00,,,True,-37.8345521,145.2535401
node/2835052495,Accessible Toilet,accessible_toilet,toilets,,,,,,True,-38.0737272,145.3383489
node/2837108931,Accessible Toilet,accessible_toilet,toilets,,,,,,True,-38.211217,145.109188
node/2837108932,Accessible Toilet,accessible_toilet,toilets,,,,,,True,-38.2110421,145.1091749
node/2865405674,Accessible Toilet,accessible_toilet,toilets,yes,,,,,True,-37.7329653,144.9524677
node/2872179122,Accessible Toilet,accessible_toilet,toilets,,,,,,True,-37.7548016,145.0744141
node/2918617881,Accessible Toilet,accessible_toilet,toilets,,,,,,True,-37.6972577,145.0583841
node/2926943809,Accessible Toilet,accessible_toilet,toilets,,,,,,True,-37.7317941,144.9782672
node/2930607343,Accessible Toilet,accessible_toilet,toilets,yes,,,,,True,-37.8382398,144.9843969
node/2940164769,Accessible Toilet,accessible_toilet,toilets,,,,,,True,-37.9934052,145.2168945
node/2943516682,Accessible Toilet,accessible_toilet,toilets,,,,,,True,-37.9254496,145.1189026
node/2945204676,Accessible Toilet,accessible_toilet,toilets,,,,,,True,-37.7390553,145.0013414
node/2975288565,Accessible Toilet,accessible_toilet,toilets,,,,,,True,-37.7673525,145.2992047
node/2982739150,Accessible Toilet,accessible_toilet,toilets,,,,,,True,-37.9673226,145.1407815
node/2982739215,Accessible Toilet,accessible_toilet,toilets,,,,,,True,-37.9570696,145.1321423
node/2983959064,Accessible Toilet,accessible_toilet,toilets,,,,,,True,-38.1516306,145.1918099
node/2984024369,Accessible Toilet,accessible_toilet,toilets,,,,,,True,-38.1231768,145.1528953
node/2987227433,Accessible Toilet,accessible_toilet,toilets,,,,,,True,-37.788539,144.983633
node/2993300933,Accessible Toilet,accessible_toilet,toilets,,,,,,True,-37.7741018,145.0725055
node/3001939629,Accessible Toilet,accessible_toilet,toilets,,,,,,True,-38.3708861,144.8338182
node/3004075422,Accessible Toilet,accessible_toilet,toilets,,,,,,True,-37.9108922,145.0383211
node/3013289647,Accessible Toilet,accessible_toilet,toilets,yes,yes,,,,True,-37.9555217,145.0493513
node/3036985261,Accessible Toilet,accessible_toilet,toilets,yes,,,exeloo,,True,-37.8161837,144.8894209
node/3049708435,Accessible Toilet,accessible_toilet,toilets,yes,,,,,True,-37.7927798,145.0721509
node/3058699578,Accessible Toilet,accessible_toilet,toilets,,,,,,True,-37.6770494,144.9570814
node/3060646600,Accessible Toilet,accessible_toilet,toilets,,,,,,True,-37.5978179,144.9405006
node/3071447781,Accessible Toilet,accessible_toilet,toilets,,,,,,True,-37.5844113,144.7425381
node/3077886245,Accessible Toilet,accessible_toilet,toilets,,,,,,True,-37.9916727,145.082424
node/3096926498,Accessible Toilet,accessible_toilet,toilets,yes,,,,,True,-37.8942848,145.1003811
node/3101556449,Accessible Toilet,accessible_toilet,toilets,,,,,,True,-37.9405183,145.1396278
node/3127149464,Accessible Toilet,accessible_toilet,toilets,,,,,,True,-38.0355137,145.1187157
node/3128835339,Accessible Toilet,accessible_toilet,toilets,,,,,,True,-37.9023505,145.0602961
node/3164334096,Accessible Toilet,accessible_toilet,toilets,yes,,,,,True,-37.8727325,145.0343303
node/3164334097,Accessible Toilet,accessible_toilet,toilets,yes,,,,,True,-37.8726182,145.0253696
node/3182189290,Accessible Toilet,accessible_toilet,toilets,,,,,,True,-37.8401055,144.9815275
node/3200919961,Accessible Toilet,accessible_toilet,toilets,,,,,,True,-37.886213,145.038932
node/3223129117,Accessible Toilet,accessible_toilet,toilets,yes,,24/7,,,True,-37.7758993,145.1079204
node/3235737085,Accessible Toilet,accessible_toilet,toilets,yes,,,,,True,-37.8031463,145.1025573
node/3237805923,Accessible Toilet,accessible_toilet,toilets,,,,,,True,-37.7723121,145.1131488
node/3261246651,Accessible Toilet,accessible_toilet,toilets,,,,,,True,-37.8157062,145.192226
node/3274372810,Accessible Toilet,accessible_toilet,toilets,yes,,,,,True,-37.7912183,145.0951479
node/3275349301,Accessible Toilet,accessible_toilet,toilets,,,,,,True,-37.8449469,144.9310635
node/3297550513,Accessible Toilet,accessible_toilet,toilets,,,,,,True,-37.7792062,145.5294944
node/3311933669,Accessible Toilet,accessible_toilet,toilets,yes,,,,,True,-37.9211381,144.6663417
node/3317808086,Accessible Toilet,accessible_toilet,toilets,,,,,,True,-37.4190604,145.1290506
node/3349670852,Accessible Toilet,accessible_toilet,toilets,yes,,,,,True,-37.7867632,145.0862718
node/3351498716,Accessible Toilet,accessible_toilet,toilets,,,,,,True,-37.8809907,145.365572
node/3377435093,Accessible Toilet,accessible_toilet,toilets,,,,,,True,-37.9337098,145.4607236
node/3377468675,Accessible Toilet,accessible_toilet,toilets,yes,,,,,True,-37.8389329,144.9923338
node/3377514751,Accessible Toilet,accessible_toilet,toilets,,,,,,True,-38.0188543,145.3064104
node/3399238660,Accessible Toilet,accessible_toilet,toilets,yes,,,,,True,-37.7402493,145.0053175
node/3403671356,Accessible Toilet,accessible_toilet,toilets,,,,,,True,-37.6825846,145.0709697
node/3412040821,Accessible Toilet,accessible_toilet,toilets,,,,,,True,-38.2205353,145.0382672
node/3426353057,Accessible Toilet,accessible_toilet,toilets,no,,,,,True,-37.751492,144.7580086
node/3437078581,Accessible Toilet,accessible_toilet,toilets,,,,,,True,-37.7123973,145.0477785
node/3453867626,Accessible Toilet,accessible_toilet,toilets,yes,,,,,True,-37.8510157,144.9547051
node/3472628035,Accessible Toilet,accessible_toilet,toilets,no,,,,,True,-37.8138602,144.9631264
node/3500422089,Accessible Toilet,accessible_toilet,toilets,yes,,,City of Boroondara,,True,-37.8213205,145.0356999
node/3510204744,Accessible Toilet,accessible_toilet,toilets,yes,,,,,True,-37.8321504,145.0714405
node/3521547576,Accessible Toilet,accessible_toilet,toilets,,,,,,True,-38.071905,145.127029
node/3523510825,Toilet 146,accessible_toilet,toilets,no,,Mo-Su 07:00-17:00,,,True,-37.8067944,144.9626473
node/3578042312,Accessible Toilet,accessible_toilet,toilets,yes,,,,,True,-37.8568462,145.316003
node/3580502142,Accessible Toilet,accessible_toilet,toilets,yes,,,,,True,-37.867356,144.8889432
node/3580517809,Accessible Toilet,accessible_toilet,toilets,,,,,,True,-37.8747691,144.8131464
node/3591956537,Accessible Toilet,accessible_toilet,toilets,,,,,,True,-37.9131198,145.3931104
node/3591959230,Accessible Toilet,accessible_toilet,toilets,,,,,,True,-37.9131626,145.3930845
node/3614815241,Accessible Toilet,accessible_toilet,toilets,yes,,,,,True,-37.7910102,145.1705827
node/3616576935,Accessible Toilet,accessible_toilet,toilets,yes,,,,,True,-37.9143442,145.0320961
node/3616576937,Accessible Toilet,accessible_toilet,toilets,yes,,,,,True,-37.914486,145.0320988
node/3616583728,Accessible Toilet,accessible_toilet,toilets,,,,,,True,-37.8886297,144.9940524
node/3632433710,Accessible Toilet,accessible_toilet,toilets,,,,,,True,-37.6822234,145.5329702
node/3632433712,Parents Room,accessible_toilet,toilets,,,,,,True,-37.6824006,145.53305
node/3636389176,Accessible Toilet,accessible_toilet,toilets,,,,,,True,-37.8008071,145.3214149
node/3649876836,Accessible Toilet,accessible_toilet,toilets,,,,,,True,-37.7318179,145.0143051
node/3661108598,Westport Reserve Toilets,accessible_toilet,toilets,yes,,,,,True,-37.8392334,144.9197399
node/3674401655,Accessible Toilet,accessible_toilet,toilets,,,,,,True,-38.2052731,145.1366047
node/3687984038,Accessible Toilet,accessible_toilet,toilets,yes,,,,,True,-37.5107829,145.1187095
node/3710185544,Accessible Toilet,accessible_toilet,toilets,yes,,,,,True,-37.8494815,144.9926765
node/3714809882,Accessible Toilet,accessible_toilet,toilets,,,,,,True,-37.7023967,144.8000626
node/3716610795,Accessible Toilet,accessible_toilet,toilets,,,,,,True,-37.858173,144.9928518
node/3761325373,Accessible Toilet,accessible_toilet,toilets,limited,,,,,True,-37.965095,145.227139
node/3764750757,Accessible Toilet,accessible_toilet,toilets,yes,,,,,True,-37.5133034,145.1179672
node/3775880957,Accessible Toilet,accessible_toilet,toilets,yes,,,,,True,-37.768252,145.00197
node/3815024898,Accessible Toilet,accessible_toilet,toilets,,,,,,True,-38.3359337,145.1776021
node/3822171422,Accessible Toilet,accessible_toilet,toilets,,,,,,True,-37.7905607,145.0836223
node/3833940362,Accessible Toilet,accessible_toilet,toilets,,,,,,True,-38.00018,145.1967588
node/3853905804,Accessible Toilet,accessible_toilet,toilets,,,,,,True,-37.8497287,145.0948403
node/3864684471,Accessible Toilet,accessible_toilet,toilets,,,,,,True,-37.6387289,144.8424896
node/3868252362,Accessible Toilet,accessible_toilet,toilets,,,,,,True,-37.8976907,145.0042051
node/3872680760,Accessible Toilet,accessible_toilet,toilets,,,,,,True,-37.8201625,145.1498399
node/3889897788,Accessible Toilet,accessible_toilet,toilets,yes,,,,,True,-37.8425994,144.9953759
node/3894560040,Accessible Toilet,accessible_toilet,toilets,,,,,,True,-37.8627093,145.0783992
node/3907280757,Accessible Toilet,accessible_toilet,toilets,limited,,,,,True,-37.8612179,145.0277389
node/3907321225,Accessible Toilet,accessible_toilet,toilets,,,,,,True,-38.2455424,145.5374323
node/3935352675,Accessible Toilet,accessible_toilet,toilets,yes,,,,,True,-37.9223968,144.6673925
node/3940600958,Accessible Toilet,accessible_toilet,toilets,,,,,,True,-37.5767666,144.9179388
node/3951321358,Accessible Toilet,accessible_toilet,toilets,,,,,,True,-37.8687771,144.9752072
node/3953229710,Accessible Toilet,accessible_toilet,toilets,,,,,,True,-37.6878114,144.9594661
node/3956028389,Accessible Toilet,accessible_toilet,toilets,yes,,,,,True,-37.862773,144.8391734
node/3956126838,Accessible Toilet,accessible_toilet,toilets,yes,,,,,True,-37.861839,144.8342602
node/3980840972,Accessible Toilet,accessible_toilet,toilets,,,,,,True,-38.4432101,144.9289352
node/3991845986,Accessible Toilet,accessible_toilet,toilets,,,,,,True,-37.7102868,145.7106116
node/3992753497,Accessible Toilet,accessible_toilet,toilets,,,,,,True,28.0983501,-80.6305297
node/4005148166,Accessible Toilet,accessible_toilet,toilets,,,,,,True,-37.6915727,144.9358863
node/4010457759,Accessible Toilet,accessible_toilet,toilets,,,,,,True,-37.7003568,144.7748526
node/4017426049,Accessible Toilet,accessible_toilet,toilets,yes,,,,,True,-37.8425346,144.8822747
node/4039522556,Accessible Toilet,accessible_toilet,toilets,,,,,,True,-38.010891,145.0901221
node/4045530475,Accessible Toilet,accessible_toilet,toilets,,,,,,True,-37.6849328,144.589288
node/4064509756,Accessible Toilet,accessible_toilet,toilets,,,,,,True,-37.9838702,145.134241
node/4066505273,Accessible Toilet,accessible_toilet,toilets,,,,,,True,-37.8984681,145.2314238
node/4072843550,Accessible Toilet,accessible_toilet,toilets,no,,,Glenn College,,True,-37.7205285,145.0512256
node/4072843551,Accessible Toilet,accessible_toilet,toilets,no,,,Glenn College,,True,-37.720573,145.0514348
node/4074272589,Accessible Toilet,accessible_toilet,toilets,yes,,,,,True,-37.7788184,145.1609356
node/4094589136,Accessible Toilet,accessible_toilet,toilets,,,,,,True,-37.5799376,144.7359788
node/4127640613,Accessible Toilet,accessible_toilet,toilets,no,,,,,True,-37.777994,145.0497924
node/4142403697,Accessible Toilet,accessible_toilet,toilets,,,,,,True,-37.7664069,144.9246285
node/4186008544,Accessible Toilet,accessible_toilet,toilets,,,,,,True,-37.8978948,144.9863042
node/4194557573,Accessible Toilet,accessible_toilet,toilets,,,,,,True,-37.8843544,144.7355504
node/4234705030,Accessible Toilet,accessible_toilet,toilets,yes,,,,,True,-37.9405948,145.0535845
node/4256462572,Accessible Toilet,accessible_toilet,toilets,,,,,,True,-37.8869111,145.0102495
node/4258262516,Accessible Toilet,accessible_toilet,toilets,yes,,,,,True,-37.7081725,145.0729084
node/4296241314,Inside Centre,accessible_toilet,toilets,,,,,,True,-37.7805908,144.8313359
node/4303831641,Accessible Toilet,accessible_toilet,toilets,,,,,,True,-38.0794586,145.4846424
node/4319205455,Kalang Pavilion public toilet,accessible_toilet,toilets,,,,City of Whitehorse,Open daylight hours only,True,-37.8280262,145.1427841
node/4330537883,Accessible Toilet,accessible_toilet,toilets,,,,,,True,-37.6361938,145.1025001
node/4334869027,Accessible Toilet,accessible_toilet,toilets,yes,,,,,True,-37.9117739,145.132399
node/4334869028,Accessible Toilet,accessible_toilet,toilets,,,,,,True,-37.9117781,145.1333861
node/4358215766,Accessible Toilet,accessible_toilet,toilets,,,,,,True,-38.1546492,145.1187318
node/4381725090,Accessible Toilet,accessible_toilet,toilets,,,,,,True,-37.7885395,144.990552
node/4407995424,Accessible Toilet,accessible_toilet,toilets,,,,,,True,-37.7616132,145.4484419
node/4407995425,Accessible Toilet,accessible_toilet,toilets,,,,,,True,-37.7655625,145.4449103
node/4424433995,Accessible Toilet,accessible_toilet,toilets,,,,,,True,28.1661648,-80.663262
node/4431763414,Accessible Toilet,accessible_toilet,toilets,,,,,,True,-37.8391742,145.2678944
node/4440070239,Accessible Toilet,accessible_toilet,toilets,,,,,,True,-38.0074447,145.0860174
node/4448642012,Accessible Toilet,accessible_toilet,toilets,yes,,,City of Boroondara,,True,-37.8107311,145.0895164
node/4451211159,Accessible Toilet,accessible_toilet,toilets,yes,,,,,True,-37.8530864,145.1484561
node/4451211169,Accessible Toilet,accessible_toilet,toilets,,,,,,True,-37.8533638,145.1512104
node/4466038290,Accessible Toilet,accessible_toilet,toilets,,,,,,True,-37.8268965,144.9746555
node/4466279582,Accessible Toilet,accessible_toilet,toilets,,,,,,True,-37.7818524,144.8315093
node/4469488590,Accessible Toilet,accessible_toilet,toilets,,,,,,True,-37.8102553,144.9768469
node/4469529790,Accessible Toilet,accessible_toilet,toilets,,,Mo-Su 09:00-17:00,,,True,-37.814944,144.9792162
node/4474353258,Accessible Toilet,accessible_toilet,toilets,,,,,,True,-38.3682248,144.8127753
node/4474359420,Accessible Toilet,accessible_toilet,toilets,yes,,,,,True,-38.3701778,144.8226394
node/4474359855,Accessible Toilet,accessible_toilet,toilets,,,,,,True,-37.8283686,145.0502561
node/4540647817,Accessible Toilet,accessible_toilet,toilets,yes,,,,,True,-37.7219821,144.9398971
node/4550665865,Accessible Toilet,accessible_toilet,toilets,,,,,,True,-37.7656604,144.9830819
node/4564648842,Accessible Toilet,accessible_toilet,toilets,,,,,,True,-38.4767091,145.0246892
node/4585115034,Accessible Toilet,accessible_toilet,toilets,,,,,,True,-38.31043,145.197469
node/4601496276,Accessible Toilet,accessible_toilet,toilets,,,,,,True,-37.6916142,144.5887929
node/4601497299,Accessible Toilet,accessible_toilet,toilets,yes,,,,,True,-37.8389753,144.966586
node/4605036051,Accessible Toilet,accessible_toilet,toilets,,,,,,True,-38.0636197,145.4557314
node/4605036689,Accessible Toilet,accessible_toilet,toilets,,,,,,True,-38.369788,144.8194962
node/4619723846,Accessible Toilet,accessible_toilet,toilets,,,,,,True,-37.8061123,145.0315896
node/4626523520,Accessible Toilet,accessible_toilet,toilets,yes,,,,,True,-37.8390601,144.966424
node/4643371787,Accessible Toilet,accessible_toilet,toilets,,,,,,True,-38.2025018,145.2326634
node/4643371890,Accessible Toilet,accessible_toilet,toilets,,,,,Not sure if this is open every day.  Subject to removal.,True,-37.9917685,145.0893379
node/4654385370,Accessible Toilet,accessible_toilet,toilets,yes,,,,,True,-37.7669507,145.2379191
node/4677404873,Accessible Toilet,accessible_toilet,toilets,limited,,,Melbourne Airport,,True,-37.67075,144.8485534
node/4677404874,Accessible Toilet,accessible_toilet,toilets,,,,Melbourne Airport,,True,-37.6707711,144.8485571
node/4678134787,Accessible Toilet,accessible_toilet,toilets,,,,,,True,-37.7214809,144.87659
node/4681500789,Accessible Toilet,accessible_toilet,toilets,yes,,,exeloo,,True,-37.8163507,144.8893291
node/4702454553,Accessible Toilet,accessible_toilet,toilets,,,,,,True,-37.9657751,145.0494575
node/4706176296,Accessible Toilet,accessible_toilet,toilets,,,,,,True,-37.812753,145.5094385
node/4708952307,Accessible Toilet,accessible_toilet,toilets,,,,,,True,-37.8301548,145.0517833
node/4719447382,Hays Paddock Public Restoom,accessible_toilet,toilets,yes,,24/7,,,True,-37.7892133,145.0579255
node/4783046364,Accessible Toilet,accessible_toilet,toilets,,,,,,True,-37.7043877,145.0756024
node/4787668023,Accessible Toilet,accessible_toilet,toilets,yes,,,,,True,-37.8626332,144.9718879
node/4787886823,Accessible Toilet,accessible_toilet,toilets,yes,,,,,True,-37.6683598,144.8466614
node/4787886938,Accessible Toilet,accessible_toilet,toilets,yes,,,,,True,-37.6691173,144.8474807
node/4788099877,Accessible Toilet,accessible_toilet,toilets,,,,,,True,-37.855012,145.3646107
node/4827983551,Accessible Toilet,accessible_toilet,toilets,,,,,,True,-37.8937352,145.0492485
node/4867867390,Accessible Toilet,accessible_toilet,toilets,,,,,,True,-37.7809442,145.5671152
node/4879607291,Accessible Toilet,accessible_toilet,toilets,,,,,,True,-37.8639511,145.4256831
node/4898640323,Accessible Toilet,accessible_toilet,toilets,,,,,,True,-37.652943,145.517369
node/4898664822,Accessible Toilet,accessible_toilet,toilets,yes,,,,,True,-37.652443,145.518375
node/4908321373,Accessible Toilet,accessible_toilet,toilets,,,,,,True,-37.7007527,144.9588003
node/4931987444,Accessible Toilet,accessible_toilet,toilets,limited,,,,,True,-37.9265517,145.0214647
node/4936339020,Accessible Toilet,accessible_toilet,toilets,,,,,,True,-37.8767658,144.7958691
node/4950816213,Accessible Toilet,accessible_toilet,toilets,yes,,,,,True,-38.3132022,144.6952285
node/4950869871,Accessible Toilet,accessible_toilet,toilets,,,,,,True,-38.3353689,144.7419128
node/4958263481,Accessible Toilet,accessible_toilet,toilets,,,,,,True,-38.0048178,145.4098617
node/4960750581,Accessible Toilet,accessible_toilet,toilets,,,,,,True,-37.8873391,144.6501624
node/4961163033,Accessible Toilet,accessible_toilet,toilets,,,,,,True,-37.9046177,144.6542758
node/4965683012,Accessible Toilet,accessible_toilet,toilets,,,,,,True,-37.9619836,144.4967833
node/5001302980,Accessible Toilet,accessible_toilet,toilets,yes,,,,,True,-37.8203792,145.1500024
node/5002592910,Accessible Toilet,accessible_toilet,toilets,,,,,,True,-37.8125638,144.9511444
node/5045968657,Accessible Toilet,accessible_toilet,toilets,,,,,,True,-37.8123513,145.0676943
node/5070413719,Accessible Toilet,accessible_toilet,toilets,,,,,,True,-37.9643761,144.4993151
node/5129775672,Accessible Toilet,accessible_toilet,toilets,yes,,,,male,True,-37.8387459,144.9563965
node/5129777171,Accessible Toilet,accessible_toilet,toilets,yes,,,,female and male toilets,True,-37.8386088,144.9570671
node/5129777227,Accessible Toilet,accessible_toilet,toilets,,,,,,True,-38.1140407,145.2838885
node/5149040124,Accessible Toilet,accessible_toilet,toilets,,,,,,True,-37.818368,144.9652435
node/5152897328,Accessible Toilet,accessible_toilet,toilets,yes,,,,,True,-38.0849594,145.2913802
node/5174083922,Accessible Toilet,accessible_toilet,toilets,yes,,,,,True,-37.8172808,144.9525371
node/5177182640,Accessible Toilet,accessible_toilet,toilets,yes,,,,,True,-38.10252,145.1849347
node/5187993662,Accessible Toilet,accessible_toilet,toilets,,,,,,True,-37.9620683,145.1428862
node/5195525704,Accessible Toilet,accessible_toilet,toilets,,,,,,True,-37.9508166,145.151832
node/5200292059,Accessible Toilet,accessible_toilet,toilets,,,,,,True,-37.9503779,145.1518996
node/5203746963,Accessible Toilet,accessible_toilet,toilets,yes,,,,,True,-37.9488923,145.1505857
node/5213706358,Accessible Toilet,accessible_toilet,toilets,,,,,,True,-37.9515196,145.1515693
node/5215371182,Accessible Toilet,accessible_toilet,toilets,yes,,,,,True,-38.0722255,145.2485894
node/5242064486,Accessible Toilet,accessible_toilet,toilets,,,,,,True,-37.9269397,145.118643
node/5242180605,Accessible Toilet,accessible_toilet,toilets,,,,,,True,-37.992645,145.268507
node/5242188583,Accessible Toilet,accessible_toilet,toilets,,,,,,True,-37.9855149,145.2516441
node/5243455598,Accessible Toilet,accessible_toilet,toilets,,,,,,True,-37.829602,144.8328331
node/5279184835,Accessible Toilet,accessible_toilet,toilets,,,,,,True,-37.9001171,145.1192769
node/5283411567,Accessible Toilet,accessible_toilet,toilets,yes,,,,,True,-37.886095,145.0579617
node/5283411605,Accessible Toilet,accessible_toilet,toilets,,,,,,True,-37.8880515,145.0561778
node/5285524994,Accessible Toilet,accessible_toilet,toilets,,,,,,True,-37.9856817,145.2150708
node/5288820468,Public Toilets,accessible_toilet,toilets,no,,,,,True,-37.703867,145.0866334
node/5309750662,Accessible Toilet,accessible_toilet,toilets,,,,,,True,-37.6492212,144.8683323
node/5347920660,Accessible Toilet,accessible_toilet,toilets,,,,,,True,-37.7219382,144.6626675
node/5368892744,Accessible Toilet,accessible_toilet,toilets,,,,,,True,-37.8444814,145.0358658
node/5406506306,Accessible Toilet,accessible_toilet,toilets,no,,,,,True,-37.8096244,144.9645764
node/5415397258,Accessible Toilet,accessible_toilet,toilets,,,,,,True,-37.9059432,144.6660693
node/5417495955,Accessible Toilet,accessible_toilet,toilets,,,,,,True,-37.7848225,144.9535004
node/5422012241,Accessible Toilet,accessible_toilet,toilets,,,,,,True,-37.861092,144.995282
node/5423771044,Accessible Toilet,accessible_toilet,toilets,,,,,,True,-37.9245051,145.0304854
node/5447052687,Accessible Toilet,accessible_toilet,toilets,yes,,,,,True,-37.9668183,145.0560938
node/5465789672,Accessible Toilet,accessible_toilet,toilets,yes,,,,,True,-37.8566517,145.0305026
node/5479365694,Accessible Toilet,accessible_toilet,toilets,,,Mo-Su 09:00-21:00,Wyndham City Council,,True,-37.8831399,144.7001898
node/5481856721,Accessible Toilet,accessible_toilet,toilets,,,,,,True,-38.293965,145.0087779
node/5485475615,Accessible Toilet,accessible_toilet,toilets,yes,,,,,True,-37.8298636,144.9760798
node/5485479989,Accessible Toilet,accessible_toilet,toilets,yes,,,,,True,-37.817776,144.9696052
node/5492338869,Accessible Toilet,accessible_toilet,toilets,,,,,,True,-37.9358081,145.1268735
node/5493710283,Accessible Toilet,accessible_toilet,toilets,,,,,,True,-38.2452922,145.0682119
node/5496168524,Accessible Toilet,accessible_toilet,toilets,,,,,,True,-37.943541,145.1566036
node/5504251024,Accessible Toilet,accessible_toilet,toilets,,,,,,True,-38.005988,145.2030205
node/5527228346,Accessible Toilet,accessible_toilet,toilets,,,,,,True,-38.2139292,145.3155349
node/5544043026,Accessible Toilet,accessible_toilet,toilets,,,,,,True,-37.6825851,144.5832194
node/5555568923,Accessible Toilet,accessible_toilet,toilets,,,,,,True,-37.7156266,144.5877049
node/5556874593,Accessible Toilet,accessible_toilet,toilets,,,,,,True,-37.7368805,145.219884
node/5591211253,Accessible Toilet,accessible_toilet,toilets,,,,,,True,-37.9660199,145.2095119
node/5593448988,Accessible Toilet,accessible_toilet,toilets,,,,,,True,-37.8267598,144.966725
node/5619037936,Accessible Toilet,accessible_toilet,toilets,,,Mo-Fr 07:00-09:00,,,True,-37.8188818,145.2136081
node/5623228161,Accessible Toilet,accessible_toilet,toilets,,,,,,True,-37.9229573,145.0213887
node/5638762127,Accessible Toilet,accessible_toilet,toilets,yes,,,,,True,-37.7385949,145.001623
node/5638762133,Accessible Toilet,accessible_toilet,toilets,,,,,,True,-37.7389762,145.0013473
node/5638762171,Accessible Toilet,accessible_toilet,toilets,,,,,,True,-37.7387998,145.0030278
node/5666791911,Accessible Toilet,accessible_toilet,toilets,yes,,,,,True,-37.8133619,145.0117569
node/5737690252,Accessible Toilet,accessible_toilet,toilets,yes,,,,,True,-37.9974274,145.1549555
node/5794970753,Accessible Toilet,accessible_toilet,toilets,,,,Savers,,True,-37.7704184,144.9621781
node/5800339648,Accessible Toilet,accessible_toilet,toilets,,,,,,True,-37.7025247,144.573892
node/5806427462,Accessible Toilet,accessible_toilet,toilets,,,,,,True,-37.7131379,145.0482796
node/5806577214,Accessible Toilet,accessible_toilet,toilets,,,,,,True,-37.8383551,145.0725137
node/5806577215,Accessible Toilet,accessible_toilet,toilets,,,,,,True,-37.8383647,145.0724764
node/5824764135,Accessible Toilet,accessible_toilet,toilets,,,,,,True,-37.782239,144.8334521
node/5826734844,Accessible Toilet,accessible_toilet,toilets,,,,,,True,-37.834226,145.2731181
node/5847790241,Accessible Toilet,accessible_toilet,toilets,,,,,,True,-37.7646327,144.8937916
node/5853019023,Accessible Toilet,accessible_toilet,toilets,,,,,,True,-37.5333675,144.9050737
node/5872679543,Accessible Toilet,accessible_toilet,toilets,,,,,,True,-37.5943224,145.0899645
node/5872919674,Accessible Toilet,accessible_toilet,toilets,,,,,,True,-37.6532898,145.0198974
node/5910587711,Accessible Toilet,accessible_toilet,toilets,,,,,,True,-38.473268,145.0176089
node/5915232924,Accessible Toilet,accessible_toilet,toilets,no,,,,,True,-37.7753167,145.0091499
node/5922126220,Accessible Toilet,accessible_toilet,toilets,yes,,,,,True,-37.8185827,144.9710742
node/5933563930,Accessible Toilet,accessible_toilet,toilets,yes,,,,,True,-37.7168774,145.0070486
node/5935374317,Accessible Toilet,accessible_toilet,toilets,,,,,,True,-37.9828652,145.1371095
node/5935375185,Accessible Toilet,accessible_toilet,toilets,,,,,,True,-37.9405244,145.0175083
node/5938092469,Accessible Toilet,accessible_toilet,toilets,,,,,,True,-37.8946225,145.3084562
node/5952810617,Accessible Toilet,accessible_toilet,toilets,yes,,,,,True,-37.8171702,144.9340405
node/5952810619,Accessible Toilet,accessible_toilet,toilets,yes,,,,,True,-37.8149873,144.9395623
node/5960549393,Accessible Toilet,accessible_toilet,toilets,,,,,,True,-38.0326716,145.2667907
node/5960549404,Accessible Toilet,accessible_toilet,toilets,,,,,,True,-38.0324726,145.2657035
node/5973616351,Accessible Toilet,accessible_toilet,toilets,,,,,,True,-37.6964455,145.0596714
node/5999504262,Accessible Toilet,accessible_toilet,toilets,,,,,,True,-37.745326,144.802508
node/6016882831,Accessible Toilet,accessible_toilet,toilets,,,,,,True,-37.8376667,145.1099179
node/6018983752,Accessible Toilet,accessible_toilet,toilets,,,,,,True,-37.8763207,145.042565
node/6052186511,Accessible Toilet,accessible_toilet,toilets,,,,,,True,-38.0529109,145.1163149
node/6052186593,Accessible Toilet,accessible_toilet,toilets,,,,,,True,-38.0547999,145.1167829
node/6052186608,Accessible Toilet,accessible_toilet,toilets,,,,,,True,-38.0540703,145.115592
node/6053600470,Accessible Toilet,accessible_toilet,toilets,yes,,,,,True,-37.747764,144.9594964
node/6083837720,Accessible Toilet,accessible_toilet,toilets,,,,,,True,-37.9828391,145.0637805
node/6089182135,Accessible Toilet,accessible_toilet,toilets,,,,,,True,-37.7782377,144.85026
node/6089226542,Accessible Toilet,accessible_toilet,toilets,,,,,,True,-37.773811,144.8509335
node/6097203394,Accessible Toilet,accessible_toilet,toilets,,,,,,True,-37.8029977,145.0042866
node/6110271644,Accessible Toilet,accessible_toilet,toilets,,,,,,True,-37.7704784,144.7722437
node/6112107290,Accessible Toilet,accessible_toilet,toilets,,,,,,True,-38.0000805,145.0755648
node/6112109005,Accessible Toilet,accessible_toilet,toilets,,,,,,True,-37.7664725,144.9846227
node/6112109006,Accessible Toilet,accessible_toilet,toilets,,,,,,True,-37.765252,144.982917
node/6112109007,Accessible Toilet,accessible_toilet,toilets,,,,,,True,-37.7655711,144.9831917
node/6124859962,Accessible Toilet,accessible_toilet,toilets,yes,,,,,True,-37.7429725,144.9652349
node/6126210470,Accessible Toilet,accessible_toilet,toilets,yes,,,,,True,-37.9687034,145.0112089
node/6138135275,Accessible Toilet,accessible_toilet,toilets,yes,,,,,True,-37.8136978,144.9637759
node/6153183508,Accessible Toilet,accessible_toilet,toilets,,,,,,True,-37.8538856,145.192739
node/6167486078,Accessible Toilet,accessible_toilet,toilets,,,,,,True,-37.8463176,144.8981012
node/6174605617,Accessible Toilet,accessible_toilet,toilets,,,,,,True,-37.6052719,145.2675669
node/6217980328,Accessible Toilet,accessible_toilet,toilets,,,,,,True,-38.0140401,145.3226805
node/6218252026,Accessible Toilet,accessible_toilet,toilets,yes,,,,,True,-37.8093934,145.268021
node/6222244900,Accessible Toilet,accessible_toilet,toilets,,,,,,True,-38.1099731,145.1255456
node/6222367576,Accessible Toilet,accessible_toilet,toilets,,,,,,True,-37.9599608,145.0170157
node/6223749276,Accessible Toilet,accessible_toilet,toilets,,,,,,True,-37.9715957,145.0512653
node/6228801194,Accessible Toilet,accessible_toilet,toilets,,,,,,True,-37.7025439,144.9697573
node/6231252066,Accessible Toilet,accessible_toilet,toilets,,,,,,True,-37.9695117,145.048626
node/6237549286,Accessible Toilet,accessible_toilet,toilets,,,,,,True,-37.803284,145.0048047
node/6237549288,Accessible Toilet,accessible_toilet,toilets,,,,,,True,-37.8032821,145.0039413
node/6263286384,Accessible Toilet,accessible_toilet,toilets,,,,,,True,-37.8909775,145.1614385
node/6294562047,Accessible Toilet,accessible_toilet,toilets,,,,,,True,-37.9583876,145.0332508
node/6298388285,Accessible Toilet,accessible_toilet,toilets,yes,,,,This contains one toilet. The door is a button-operated sliding door. There is level access from the nearby footpath.,True,-37.9379137,144.9980091
node/6322398677,Accessible Toilet,accessible_toilet,toilets,,,,,,True,-37.9200295,145.2372493
node/6345015992,Accessible Toilet,accessible_toilet,toilets,yes,,,,,True,-37.8217943,145.0470015
node/6355897847,Accessible Toilet,accessible_toilet,toilets,yes,,,,,True,-37.7821373,145.6125661
node/6357448755,Accessible Toilet,accessible_toilet,toilets,,,,,,True,-37.7585933,144.7903088
node/6373306998,Accessible Toilet,accessible_toilet,toilets,,,,,,True,-37.7232163,144.7519316
node/6422406370,Accessible Toilet,accessible_toilet,toilets,yes,,,,,True,-37.9394928,145.1785487
node/6431951678,Accessible Toilet,accessible_toilet,toilets,,,,,,True,-37.9451398,145.1755426
node/6431951679,Accessible Toilet,accessible_toilet,toilets,,,,,,True,-37.9448715,145.1741652
node/6487196134,Accessible Toilet,accessible_toilet,toilets,yes,,24/7,,,True,-37.716828,145.1253181
node/6493422164,Accessible Toilet,accessible_toilet,toilets,,,,,,True,-37.6490484,145.0679772
node/6501834665,Accessible Toilet,accessible_toilet,toilets,,,,Metro Trains Melbourne,,True,-37.6393731,145.1922377
node/6559457536,Accessible Toilet,accessible_toilet,toilets,yes,,sunrise-sunset,Kingston City Council,,True,-38.0762627,145.1212138
node/6569537824,Accessible Toilet,accessible_toilet,toilets,,,,,,True,-38.076388,145.1327311
node/6577769382,Accessible Toilet,accessible_toilet,toilets,yes,,,,,True,-37.8703272,145.029471
node/6632676640,Accessible Toilet,accessible_toilet,toilets,,,,,,True,-37.8349253,145.2559569
node/6635020993,Accessible Toilet,accessible_toilet,toilets,yes,,,,,True,-37.7674872,144.9535756
node/6648646114,Accessible Toilet,accessible_toilet,toilets,,,,,,True,-37.7390921,144.9463371
node/6652383322,Accessible Toilet,accessible_toilet,toilets,,,,,,True,-37.8326802,144.9561547
node/6678532379,Accessible Toilet,accessible_toilet,toilets,,,,,,True,-37.8201358,144.9436856
node/6696616332,Accessible Toilet,accessible_toilet,toilets,yes,,,,,True,-37.7767465,144.8961684
node/6702663587,Accessible Toilet,accessible_toilet,toilets,no,,,,,True,-37.8151136,144.9671553
node/6711408102,Accessible Toilet,accessible_toilet,toilets,,,,,,True,-37.8681012,144.7612978
node/6723740262,Accessible Toilet,accessible_toilet,toilets,yes,,,,,True,-37.5146658,145.1222008
node/6758200721,Accessible Toilet,accessible_toilet,toilets,yes,,,,,True,-37.8127871,144.9632936
node/6760877937,Accessible Toilet,accessible_toilet,toilets,no,,,,,True,-37.8184497,144.9453454
node/6789941549,Accessible Toilet,accessible_toilet,toilets,no,,,,Male only Urinal,True,-37.803085,144.9498612
node/6789972762,Accessible Toilet,accessible_toilet,toilets,yes,,,,,True,-37.803093,144.9499466
node/6791787185,Accessible Toilet,accessible_toilet,toilets,,,,,,True,28.1223437,-80.5758057
node/6799234645,Accessible Toilet,accessible_toilet,toilets,,,,,closed at night,True,-37.8300064,145.0585381
node/6824034169,Accessible Toilet,accessible_toilet,toilets,yes,,,,,True,-37.814625,144.9723576
node/6839352894,Accessible Toilet,accessible_toilet,toilets,,,,,,True,-37.583883,145.2065201
node/6839829454,Accessible Toilet,accessible_toilet,toilets,,,,,,True,-37.6372596,144.8306808
node/6846386224,Accessible Toilet,accessible_toilet,toilets,,,,,,True,-37.9916291,145.2168647
node/6856247943,Accessible Toilet,accessible_toilet,toilets,,,,,,True,-37.8209833,144.9500538
node/6941198597,Accessible Toilet,accessible_toilet,toilets,,,,Yarra Trams,,True,-37.91399,145.0166294
node/6979110373,Accessible Toilet,accessible_toilet,toilets,,,,,,True,-37.9061274,145.0030731
node/6983868724,Accessible Toilet,accessible_toilet,toilets,,,Mo-Su 10:00-21:00,,Entrance from St Collins Lane (indoors). Take the escalators to level 2.,True,-37.8151909,144.9646838
node/7011020727,Accessible Toilet,accessible_toilet,toilets,yes,,,,,True,-37.7887434,144.9952328
node/7013338593,Accessible Toilet,accessible_toilet,toilets,,,,,,True,-37.7914408,145.0028667
node/7047968780,Accessible Toilet,accessible_toilet,toilets,,,,,,True,-37.7977143,144.9685978
node/7068977830,Accessible Toilet,accessible_toilet,toilets,,,,,,True,-37.8337385,145.0266746
node/7068977833,Accessible Toilet,accessible_toilet,toilets,,,,,,True,-37.8341122,145.0275426
node/7068977834,Accessible Toilet,accessible_toilet,toilets,,,,,,True,-37.8345088,145.0281719
node/7068977835,Accessible Toilet,accessible_toilet,toilets,,,,,,True,-37.8350161,145.0282491
node/7068977836,Accessible Toilet,accessible_toilet,toilets,,,,,,True,-37.8355508,145.0282925
node/7068977837,Accessible Toilet,accessible_toilet,toilets,yes,,,,,True,-37.8345343,145.0301632
node/7068977838,Accessible Toilet,accessible_toilet,toilets,,,,,,True,-37.8361666,145.029079
node/7068977839,Accessible Toilet,accessible_toilet,toilets,,,,,,True,-37.8357485,145.031316
node/7074530118,Accessible Toilet,accessible_toilet,toilets,designated,,,,,True,-38.0648155,145.1983556
node/7096924336,Accessible Toilet,accessible_toilet,toilets,,,,,,True,-37.8677631,144.7434121
node/7100722995,Accessible Toilet,accessible_toilet,toilets,,,,,,True,-37.8544832,145.0944942
node/7100912322,Accessible Toilet,accessible_toilet,toilets,limited,,,,,True,-37.939476,145.2531002
node/7125901986,Accessible Toilet,accessible_toilet,toilets,limited,,,,,True,-37.677301,144.8886915
node/7180538473,Accessible Toilet,accessible_toilet,toilets,,,,,,True,-37.6736838,144.8502369
node/7202008652,Accessible Toilet,accessible_toilet,toilets,,,,,,True,-37.7298938,145.3791762
node/7246270877,Accessible Toilet,accessible_toilet,toilets,yes,,,,,True,-37.815653,144.9523553
node/7248742915,Accessible Toilet,accessible_toilet,toilets,yes,,,,This contains one toilet. The door is a button-operated sliding door. There is level access from the footpath between the toilet and beach.,True,-37.9507201,145.0016345
node/7248801861,Accessible Toilet,accessible_toilet,toilets,yes,,,,This contains one toilet. The door is a button-operated sliding door. There is level access from the footpath between the toilet and beach.,True,-37.9379376,144.9979055
node/7281497001,Accessible Toilet,accessible_toilet,toilets,yes,,,,,True,-37.6687609,144.8471843
node/7308395618,Accessible Toilet,accessible_toilet,toilets,yes,,,,,True,-37.7411821,144.9545091
node/7441496730,Accessible Toilet,accessible_toilet,toilets,,,,,,True,-37.8251151,145.2309065
node/7455195881,Accessible Toilet,accessible_toilet,toilets,,,,,,True,-37.8694679,145.2434584
node/7508938920,Accessible Toilet,accessible_toilet,toilets,yes,,,,,True,-37.8334959,144.9302074
node/7576808731,Accessible Toilet,accessible_toilet,toilets,,,,,,True,-37.7884306,144.9835333
node/7658579865,Accessible Toilet,accessible_toilet,toilets,,,,,,True,-37.7428101,144.9670598
node/7779978957,Accessible Toilet,accessible_toilet,toilets,,,,,,True,-38.1206022,145.1314887
node/7780692364,Accessible Toilet,accessible_toilet,toilets,yes,,,,,True,-37.8765108,145.1277887
node/7904838160,Accessible Toilet,accessible_toilet,toilets,yes,,,,,True,-37.8247935,145.1159378
node/7904849568,Accessible Toilet,accessible_toilet,toilets,,,,,,True,-37.8028277,145.1621844
node/7904913510,Accessible Toilet,accessible_toilet,toilets,,,,,,True,-37.7834453,145.2467667
node/7924570659,Accessible Toilet,accessible_toilet,toilets,yes,,24/7,,,True,-37.8099439,145.0631962
node/7930402190,Accessible Toilet,accessible_toilet,toilets,,,,,,True,-37.821778,145.08703
node/7959268781,Accessible Toilet,accessible_toilet,toilets,limited,,,,,True,-37.7978622,145.117245
node/7959268782,Accessible Toilet,accessible_toilet,toilets,limited,,,,,True,-37.7977324,145.1170453
node/7965602103,Accessible Toilet,accessible_toilet,toilets,,,,,,True,-37.8476058,144.9737745
node/7967779770,Accessible Toilet,accessible_toilet,toilets,,,,,,True,-37.9419102,145.1763074
node/7967780500,Accessible Toilet,accessible_toilet,toilets,,,,,,True,-37.9565133,145.2421851
node/7975385789,Accessible Toilet,accessible_toilet,toilets,yes,,,,,True,-37.8900243,145.0667489
node/7975385790,Accessible Toilet,accessible_toilet,toilets,,,,,,True,-37.8973168,145.0380881
node/7991453315,Accessible Toilet,accessible_toilet,toilets,yes,,,,,True,-37.7742282,145.0279186
node/7998321428,Accessible Toilet,accessible_toilet,toilets,,,,,,True,-37.8646843,144.8133822
node/8014728689,Accessible Toilet,accessible_toilet,toilets,,yes,sunset-sunrise open; sunrise-sunset closed,,,True,-37.8480404,145.1128185
node/8026320468,Accessible Toilet,accessible_toilet,toilets,yes,,,,,True,-38.0774211,145.2505189
node/8027104088,Accessible Toilet,accessible_toilet,toilets,yes,,,,,True,-37.8943297,145.0764129
node/8049136139,Accessible Toilet,accessible_toilet,toilets,yes,,,,,True,-38.0767107,145.1219116
node/8057594995,Accessible Toilet,accessible_toilet,toilets,yes,,,,,True,-37.8614779,145.2866832
node/8132821317,Accessible Toilet,accessible_toilet,toilets,,,,,,True,-37.749769,144.9827235
node/8155861199,Accessible Toilet,accessible_toilet,toilets,yes,,,,,True,-38.0120158,145.1612356
node/8165793781,Accessible Toilet,accessible_toilet,toilets,no,,,,,True,-37.8395206,144.953091
node/8258544221,Accessible Toilet,accessible_toilet,toilets,,,,,,True,-37.816291,145.6476622
node/8259230514,Accessible Toilet,accessible_toilet,toilets,,,,,,True,-37.8709629,144.8382989
node/8260893417,Accessible Toilet,accessible_toilet,toilets,,,Mo-Su 05:00-00:00,,"Inside train station, upper floor concourse, Myki required to enter station and access",True,-37.9179367,145.0370079
node/8343413189,Accessible Toilet,accessible_toilet,toilets,no,,,,,True,-37.8997008,145.5766726
node/8376526505,Accessible Toilet,accessible_toilet,toilets,,,,,,True,-38.3295174,144.7281967
node/8376526506,Accessible Toilet,accessible_toilet,toilets,,,,,,True,-38.3313077,144.7298196
node/8377427338,Accessible Toilet,accessible_toilet,toilets,yes,,,,,True,-37.7625616,144.9611475
node/8484538017,Accessible Toilet,accessible_toilet,toilets,yes,,,,,True,-38.3812938,145.0246715
node/8526261782,Accessible Toilet,accessible_toilet,toilets,yes,,,,,True,-38.4242152,145.0748692
node/8591919317,Accessible Toilet,accessible_toilet,toilets,yes,,,,,True,-37.8143928,144.9444743
node/8609571091,Accessible Toilet,accessible_toilet,toilets,,,,,,True,-37.9883537,145.4928064
node/8616507216,Accessible Toilet,accessible_toilet,toilets,,,,,,True,-37.6600191,145.4691493
node/8726577966,Accessible Toilet,accessible_toilet,toilets,,,,,,True,-37.9687752,145.0880455
node/8727062834,Accessible Toilet,accessible_toilet,toilets,,,,,,True,-37.8845079,145.004258
node/8741059614,Accessible Toilet,accessible_toilet,toilets,,,,,,True,-38.3538456,144.7629382
node/8756941300,Accessible Toilet,accessible_toilet,toilets,no,,,,,True,-37.914782,145.0503022
node/8756941301,Accessible Toilet,accessible_toilet,toilets,no,,,,,True,-37.9146459,145.050156
node/8878757356,Accessible Toilet,accessible_toilet,toilets,,,,,,True,-37.7423523,145.0432015
node/8899627138,Accessible Toilet,accessible_toilet,toilets,limited,,Mo-Su 08:00-20:00,,,True,-37.7544134,144.9619133
node/8931907701,Accessible Toilet,accessible_toilet,toilets,yes,,,,,True,-37.7774665,145.0188382
node/8972007710,Accessible Toilet,accessible_toilet,toilets,,,,,,True,-38.0413578,145.364436
node/8979903298,Accessible Toilet,accessible_toilet,toilets,,,,,,True,-37.7040012,145.1796108
node/8991397182,Accessible Toilet,accessible_toilet,toilets,yes,,,,,True,-38.0619693,145.3391657
node/8991415736,Accessible Toilet,accessible_toilet,toilets,,,,,,True,-38.0649617,145.4639015
node/9027380429,Accessible Toilet,accessible_toilet,toilets,yes,,,,,True,-37.9019599,144.6597206
node/9030299728,Accessible Toilet,accessible_toilet,toilets,,,,,,True,-37.7203819,144.8365767
node/9037937665,Accessible Toilet,accessible_toilet,toilets,yes,,,,,True,-37.9258558,145.0705985
node/9092950118,Accessible Toilet,accessible_toilet,toilets,yes,,,,,True,-37.7465317,145.2070262
node/9104671064,Accessible Toilet,accessible_toilet,toilets,,,,,,True,-37.6845227,145.1359526
node/9106493745,Accessible Toilet,accessible_toilet,toilets,yes,,,,,True,-37.8306005,144.9784202
node/9209339919,Accessible Toilet,accessible_toilet,toilets,yes,,24/7,,,True,-37.9783175,145.0782157
node/9234983091,Accessible Toilet,accessible_toilet,toilets,,,,,,True,-38.0244552,145.3262066
node/9247185117,Accessible Toilet,accessible_toilet,toilets,,,,,,True,-38.0332538,145.2682384
node/9280356453,Accessible Toilet,accessible_toilet,toilets,yes,,,,,True,-38.0848843,145.2913634
node/9301497538,Accessible Toilet,accessible_toilet,toilets,,,,,,True,-37.983674,145.1673414
node/9336145824,Accessible Toilet,accessible_toilet,toilets,,,,,,True,-37.8482462,144.9929212
node/9336146721,Accessible Toilet,accessible_toilet,toilets,,,,,,True,-37.8201576,144.96649
node/9350242194,Accessible Toilet,accessible_toilet,toilets,,,,,,True,-37.9559157,145.1520204
node/9351602725,Accessible Toilet,accessible_toilet,toilets,,,,,,True,-37.8088308,145.2451012
node/9356822636,Accessible Toilet,accessible_toilet,toilets,,,,,,True,-37.8651087,144.9717888
node/9363034099,Accessible Toilet,accessible_toilet,toilets,yes,,,,,True,-37.9499152,145.0044529
node/9419759792,Accessible Toilet,accessible_toilet,toilets,,,,,,True,-37.7631993,145.024792
node/9438703675,Accessible Toilet,accessible_toilet,toilets,yes,,,Langwarrin Plaza,,True,-38.1413817,145.2079658
node/9513144194,Accessible Toilet,accessible_toilet,toilets,,,,,,True,-37.7817273,144.8139614
node/9535616346,Accessible Toilet,accessible_toilet,toilets,,,,,,True,-38.2005352,145.487151
node/9574731730,Accessible Toilet,accessible_toilet,toilets,,,,,,True,-37.957897,145.0539905
node/9574992206,Accessible Toilet,accessible_toilet,toilets,,,,,,True,-37.9587696,145.056222
node/9579466395,Accessible Toilet,accessible_toilet,toilets,,,,,,True,-37.9581584,145.0513763
node/9594267235,Accessible Toilet,accessible_toilet,toilets,,,,,,True,-37.9277771,145.0075728
node/9594267236,Accessible Toilet,accessible_toilet,toilets,,,,,,True,-37.9277858,145.0068576
node/9594267237,Accessible Toilet,accessible_toilet,toilets,,,,,,True,-37.9278964,145.0086562
node/9594267238,Accessible Toilet,accessible_toilet,toilets,,,,,,True,-37.9282568,145.0074525
node/9601941078,Accessible Toilet,accessible_toilet,toilets,,,,,,True,-37.7269664,144.8955858
node/9611925348,Accessible Toilet,accessible_toilet,toilets,,,,,,True,-37.7830429,145.4295387
node/9630701568,Accessible Toilet,accessible_toilet,toilets,yes,,,,,True,-37.7774248,145.4592116
node/9644632238,Accessible Toilet,accessible_toilet,toilets,yes,,,,,True,-37.8140082,145.2283243
node/9650599626,Accessible Toilet,accessible_toilet,toilets,,,,,,True,-37.82843,144.8708986
node/9651277686,Accessible Toilet,accessible_toilet,toilets,,,,,,True,-37.7281218,145.1519869
node/9651277687,Accessible Toilet,accessible_toilet,toilets,,,,,,True,-37.7277174,145.152793
node/9691011417,Accessible Toilet,accessible_toilet,toilets,,,,,,True,-37.8681664,144.8954242
node/9704384472,Accessible Toilet,accessible_toilet,toilets,,,,,,True,-37.8705032,144.6944881
node/9756428453,Accessible Toilet,accessible_toilet,toilets,yes,,,,,True,-37.7851598,145.12054
node/9772722608,Accessible Toilet,accessible_toilet,toilets,yes,,,,,True,-38.0118302,145.2332331
node/9800507246,Accessible Toilet,accessible_toilet,toilets,,,,,,True,-37.8190885,145.1267299
node/9859360543,Accessible Toilet,accessible_toilet,toilets,,,,,,True,-37.9212182,145.2372153
node/9899061523,Accessible Toilet,accessible_toilet,toilets,yes,,,,,True,-37.6709562,144.8468141
node/9899061524,Accessible Toilet,accessible_toilet,toilets,yes,,,,,True,-37.6709631,144.8467483
node/9923615333,Accessible Toilet,accessible_toilet,toilets,,,,,,True,-37.8279743,145.2221628
node/9960430759,Accessible Toilet,accessible_toilet,toilets,,,,,,True,-38.1991562,145.4916833
node/9981016211,Accessible Toilet,accessible_toilet,toilets,yes,,,Pinkie,,True,-37.7682698,145.0439607
node/9982874812,Accessible Toilet,accessible_toilet,toilets,,,,,,True,-38.0854066,145.4709051
node/10017381147,Male,accessible_toilet,toilets,yes,,,,,True,-38.1073723,145.1427898
node/10017381149,Female,accessible_toilet,toilets,yes,,,,,True,-38.1072919,145.1427432
node/10023832881,Accessible Toilet,accessible_toilet,toilets,yes,,,,Toilets only open during game days,True,-37.8212867,145.1563366
node/10074114556,Accessible Toilet,accessible_toilet,toilets,yes,,,,,True,-37.8153293,145.2220292
node/10081179606,Accessible Toilet,accessible_toilet,toilets,,,,,,True,-37.6082413,144.5956093
node/10088294366,Accessible Toilet,accessible_toilet,toilets,limited,,,,,True,-37.794351,145.2362503
node/10102624651,Accessible Toilet,accessible_toilet,toilets,designated,,,,,True,-37.8777051,145.092879
node/10103040983,Accessible Toilet,accessible_toilet,toilets,yes,,,,,True,-38.1816748,145.122756
node/10141746185,Accessible Toilet,accessible_toilet,toilets,,,,,,True,-37.6834331,144.5916917
node/10142266618,Accessible Toilet,accessible_toilet,toilets,,,,,,True,-37.6843678,144.5830182
node/10159364897,Accessible Toilet,accessible_toilet,toilets,no,,,,,True,-37.79877,145.1521062
node/10160674596,Accessible Toilet,accessible_toilet,toilets,,,,,,True,-38.0775111,145.484421
node/10160929869,Accessible Toilet,accessible_toilet,toilets,,,,,,True,-37.6667936,145.061402
node/10187251314,Accessible Toilet,accessible_toilet,toilets,,,,,,True,-37.9194147,145.1040205
node/10187251315,Accessible Toilet,accessible_toilet,toilets,,,,,,True,-37.9195561,145.1041595
node/10211967020,Accessible Toilet,accessible_toilet,toilets,,,,,,True,-37.7133821,145.0264355
node/10213665475,Accessible Toilet,accessible_toilet,toilets,,,,,,True,-38.3610869,144.8918476
node/10213665476,Accessible Toilet,accessible_toilet,toilets,yes,,,,,True,-38.3612311,144.890134
node/10219123570,Accessible Toilet,accessible_toilet,toilets,,,,,,True,-38.0153027,145.1743033
node/10219123571,Accessible Toilet,accessible_toilet,toilets,,,,,,True,-38.0154205,145.1744426
node/10219123573,Accessible Toilet,accessible_toilet,toilets,,,,,,True,-38.1030041,145.1782529
node/10219123577,Accessible Toilet,accessible_toilet,toilets,,,,,,True,-38.1030548,145.178841
node/10219123578,Accessible Toilet,accessible_toilet,toilets,,,,,,True,-38.1026179,145.178967
node/10220916269,Accessible Toilet,accessible_toilet,toilets,,,,,,True,-37.9522302,145.5503591
node/10234907779,Accessible Toilet,accessible_toilet,toilets,yes,,,DFO,,True,-37.9720852,145.087875
node/10235156291,Accessible Toilet,accessible_toilet,toilets,,,,,,True,-37.8849083,145.0839459
node/10236439575,Part of a larger building,accessible_toilet,toilets,,,,,,True,-37.7604111,145.1520204
node/10236775574,Accessible Toilet,accessible_toilet,toilets,,,,DFO,,True,-37.9703304,145.0890579
node/10247879190,Accessible Toilet,accessible_toilet,toilets,yes,,,,,True,-37.6719888,144.8487959
node/10247879198,Accessible Toilet,accessible_toilet,toilets,yes,,,,,True,-37.6727421,144.8488317
node/10254634284,Accessible Toilet,accessible_toilet,toilets,yes,,,,,True,-37.7134634,145.1478284
node/10270980041,Accessible Toilet,accessible_toilet,toilets,yes,,,,,True,-37.8774696,145.0424984
node/10271219779,Accessible Toilet,accessible_toilet,toilets,yes,,,,,True,-37.7163572,145.0509473
node/10285299895,Accessible Toilet,accessible_toilet,toilets,yes,,,,,True,-38.0850964,145.1852027
node/10286648773,Accessible Toilet,accessible_toilet,toilets,,,,,,True,-37.7420643,144.5672233
node/10288510113,Accessible Toilet,accessible_toilet,toilets,,,,,,True,-37.8007994,145.2832355
node/10294222479,Accessible Toilet,accessible_toilet,toilets,,,,,,True,-38.2261986,145.3062683
node/10310174064,Accessible Toilet,accessible_toilet,toilets,,,,,,True,-38.1242107,145.3510149
node/10566817109,Accessible Toilet,accessible_toilet,toilets,yes,,,,,True,-37.7114106,144.7419965
node/10593207065,Accessible Toilet,accessible_toilet,toilets,,,,,,True,-37.8222624,144.9808686
node/10617443518,Accessible Toilet,accessible_toilet,toilets,,,,,,True,-37.7489087,144.8719202
node/10669811434,Accessible Toilet,accessible_toilet,toilets,yes,,Mo-We 09:00-17:30; Th-Fr 09:00-21:00; Sa 09:00-17:00; Su 10:00-17:00,,,True,-37.7312201,144.7428645
node/10671746394,Accessible Toilet,accessible_toilet,toilets,,,,,,True,-37.9511931,145.0524378
node/10684857025,Accessible Toilet,accessible_toilet,toilets,,,,,,True,-37.7544782,145.0376005
node/10687607542,Accessible Toilet,accessible_toilet,toilets,,,,,,True,-37.8816051,145.0097129
node/10698153203,Accessible Toilet,accessible_toilet,toilets,,,,,,True,-37.8594288,145.2787929
node/10702960739,Accessible Toilet,accessible_toilet,toilets,,,,,,True,-37.8656349,144.7842527
node/10726853182,Accessible Toilet,accessible_toilet,toilets,no,,,,,True,-37.7391558,145.0349367
node/10726853183,Accessible Toilet,accessible_toilet,toilets,limited,,,,,True,-37.7391394,145.0349363
node/10726853184,Accessible Toilet,accessible_toilet,toilets,yes,,,,,True,-37.7391164,145.0349334
node/10733553477,Accessible Toilet,accessible_toilet,toilets,,,,,,True,-37.6679444,144.9556529
node/10762327667,Accessible Toilet,accessible_toilet,toilets,yes,,,,,True,-38.3070776,145.1922342
node/10768154535,Accessible Toilet,accessible_toilet,toilets,,,,,,True,-38.0397042,145.3291043
node/10781500022,Accessible Toilet,accessible_toilet,toilets,,,,,,True,-37.8760371,145.0380668
node/10794401947,Accessible Toilet,accessible_toilet,toilets,,,,Ikea,,True,-37.926886,145.1432838
node/10814334051,Accessible Toilet,accessible_toilet,toilets,,,,,,True,-37.6744254,145.0657325
node/10814334052,Accessible Toilet,accessible_toilet,toilets,,,,,,True,-37.6744488,145.0657406
node/10815646194,Accessible Toilet,accessible_toilet,toilets,,,,,,True,-37.7148503,145.148913
node/10830923439,Accessible Toilet,accessible_toilet,toilets,,,,,,True,-37.8227675,144.9751742
node/10831391964,Accessible Toilet,accessible_toilet,toilets,,,,,,True,-37.7147619,145.1460554
node/10842582896,Accessible Toilet,accessible_toilet,toilets,,,,,,True,-37.9089887,145.3553096
node/10857398431,Accessible Toilet,accessible_toilet,toilets,,,,,,True,-37.9089636,145.3552604
node/10869758866,Accessible Toilet,accessible_toilet,toilets,yes,,,,,True,-37.8470934,144.9465679
node/10870513654,Accessible Toilet,accessible_toilet,toilets,yes,,,,,True,-37.8508897,144.954441
node/10943634626,Accessible Toilet,accessible_toilet,toilets,yes,,,City of Darebin,Exceloo,True,-37.716415,145.0054476
node/10957430022,Accessible Toilet,accessible_toilet,toilets,yes,,,,,True,-37.798148,145.0937384
node/10961186772,Accessible Toilet,accessible_toilet,toilets,,,,,,True,-38.2246028,145.1703723
node/10961209015,Accessible Toilet,accessible_toilet,toilets,yes,,,,,True,-38.224416,145.1720898
node/10965275291,Accessible Toilet,accessible_toilet,toilets,,,,,,True,-37.6749841,145.1597118
node/10965280481,Accessible Toilet,accessible_toilet,toilets,,,,,,True,-37.673422,145.1590849
node/11005414974,Accessible Toilet,accessible_toilet,toilets,yes,,,Darebin City Council,,True,-37.7709962,144.9985187
node/11067769072,Accessible Toilet,accessible_toilet,toilets,,,,,,True,-37.8967019,145.2510506
node/11070245618,Accessible Toilet,accessible_toilet,toilets,,,,,,True,-37.8484205,144.8238054
node/11077771977,Accessible Toilet,accessible_toilet,toilets,,,Mo-Su 09:00-17:00,,Male and female toilets,True,-37.8020025,145.0446941
node/11077809838,Accessible Toilet,accessible_toilet,toilets,yes,,,,,True,-37.7953969,145.0378293
node/11078360982,Accessible Toilet,accessible_toilet,toilets,,,,,,True,-38.009663,145.0851465
node/11126760901,Accessible Toilet,accessible_toilet,toilets,,,,,,True,-38.0204186,145.3220065
node/11133125700,Accessible Toilet,accessible_toilet,toilets,,,,,,True,-37.7385728,144.9345063
node/11133260840,Accessible Toilet,accessible_toilet,toilets,,,,,,True,-37.7180708,144.9462642
node/11135649014,Accessible Toilet,accessible_toilet,toilets,designated,,,,,True,-37.813422,144.9704499
node/11137309257,Male,accessible_toilet,toilets,,,,,,True,-37.700804,145.0207839
node/11198844588,Accessible Toilet,accessible_toilet,toilets,,,,,,True,-37.654985,145.0169629
node/11198994736,Accessible Toilet,accessible_toilet,toilets,,,,,,True,-37.7712951,144.8992143
node/11201597676,Accessible Toilet,accessible_toilet,toilets,,,,,,True,-38.1645662,145.2975231
node/11222286321,Accessible Toilet,accessible_toilet,toilets,,,,Crystal Brook Tourist Park,,True,-37.750314,145.1782597
node/11222326758,Accessible Toilet,accessible_toilet,toilets,,,,Crystal Brook Tourist Park,,True,-37.7508447,145.1791213
node/11229947682,Accessible Toilet,accessible_toilet,toilets,,,,,,True,-37.9191836,145.0058407
node/11237135239,Accessible Toilet,accessible_toilet,toilets,,,,,,True,-38.1083366,145.2508969
node/11240159031,Accessible Toilet,accessible_toilet,toilets,,,,,,True,-38.103451,145.3791603
node/11245142343,Strip mall lavatories,accessible_toilet,toilets,,,,,,True,-37.7316824,144.9498765
node/11251980696,Accessible Toilet,accessible_toilet,toilets,,,,,,True,-38.2196179,145.0963004
node/11253876642,Accessible Toilet,accessible_toilet,toilets,,,,,,True,-37.7867915,144.8530306
node/11260135106,Accessible Toilet,accessible_toilet,toilets,yes,,,,,True,-37.8320856,144.6955754
node/11268365885,Accessible Toilet,accessible_toilet,toilets,,,,,,True,-38.1083504,145.232241
node/11276929564,Accessible Toilet,accessible_toilet,toilets,,,,,,True,-37.8709333,144.6755755
node/11287247978,Accessible Toilet,accessible_toilet,toilets,,,,,,True,-37.5841348,144.9029298
node/11336914171,Accessible Toilet,accessible_toilet,toilets,,,,,,True,-37.6278779,145.0275854
node/11356926041,Accessible Toilet,accessible_toilet,toilets,,,,,,True,-38.1003648,145.7189981
node/11356933580,Accessible Toilet,accessible_toilet,toilets,,,,,,True,-37.928279,145.2522737
node/11359603669,Accessible Toilet,accessible_toilet,toilets,,,,,,True,-37.9755479,145.0174124
node/11367541189,Accessible Toilet,accessible_toilet,toilets,,,,,,True,-37.6029246,145.0998936
node/11386600439,Accessible Toilet,accessible_toilet,toilets,,,,,,True,-37.5911271,145.0320818
node/11392880232,Accessible Toilet,accessible_toilet,toilets,,,,,,True,-37.8204222,145.0538015
node/11406997439,Accessible Toilet,accessible_toilet,toilets,yes,,,,,True,-37.9974064,145.1549042
node/11412465509,Accessible Toilet,accessible_toilet,toilets,,,,,,True,-37.8046451,144.8715774
node/11424973569,Unisex Toilet,accessible_toilet,toilets,,,,,,True,-37.7302338,144.9557792
node/11433313614,Accessible Toilet,accessible_toilet,toilets,yes,,,,,True,-38.0051281,145.2486453
node/11442852552,Accessible Toilet,accessible_toilet,toilets,,,,,,True,-37.6442994,145.3999229
node/11458647982,Accessible Toilet,accessible_toilet,toilets,yes,,,,,True,-37.6757642,144.8484319
node/11461724883,Accessible Toilet,accessible_toilet,toilets,,,,,,True,-38.1159823,145.1920294
node/11461724884,Accessible Toilet,accessible_toilet,toilets,,,,,,True,-38.1159707,145.1919409
node/11461724885,Accessible Toilet,accessible_toilet,toilets,yes,,,,,True,-38.115976,145.1919838
node/11484698905,Accessible Toilet,accessible_toilet,toilets,,,,,,True,-38.2597524,145.1853052
node/11520265174,Accessible Toilet,accessible_toilet,toilets,,,,,,True,-37.7013415,144.775418
node/11520937838,Accessible Toilet,accessible_toilet,toilets,,,,,,True,-37.6001342,145.0947546
node/11555573461,Accessible Toilet,accessible_toilet,toilets,,,,,,True,-37.8311492,145.428013
node/11580938604,Accessible Toilet,accessible_toilet,toilets,,,,,,True,-37.8536259,145.151228
node/11599705887,Accessible Toilet,accessible_toilet,toilets,,,,,,True,-38.1144213,145.2842775
node/11605798626,Accessible Toilet,accessible_toilet,toilets,limited,,,,,True,-37.807286,144.95866
node/11658481082,Accessible Toilet,accessible_toilet,toilets,yes,,,,,True,-37.9406565,145.053669
node/11664037187,Accessible Toilet,accessible_toilet,toilets,,,,,,True,-37.951263,145.0558255
node/11676527128,Accessible Toilet,accessible_toilet,toilets,,,,,,True,-37.687941,145.1400677
node/11676527129,Accessible Toilet,accessible_toilet,toilets,,,,,,True,-37.6878602,145.1404414
node/11676527130,Accessible Toilet,accessible_toilet,toilets,,,,,,True,-37.6873848,145.1395724
node/11676527131,Accessible Toilet,accessible_toilet,toilets,,,,,,True,-37.687879,145.139229
node/11676527132,Accessible Toilet,accessible_toilet,toilets,,,,,,True,-37.688413,145.1389403
node/11676527133,Accessible Toilet,accessible_toilet,toilets,,,,,,True,-37.6893316,145.1404993
node/11676527134,Accessible Toilet,accessible_toilet,toilets,,,,,,True,-37.6895643,145.1399976
node/11676527135,Accessible Toilet,accessible_toilet,toilets,,,,,,True,-37.6893254,145.1396879
node/11693036615,Accessible Toilet,accessible_toilet,toilets,,,,,,True,-37.8192635,145.1229242
node/11722229060,Accessible Toilet,accessible_toilet,toilets,yes,,,,,True,-37.9538339,145.2125058
node/11722229061,Accessible Toilet,accessible_toilet,toilets,no,,,,,True,-37.9538562,145.2125031
node/11733780923,Accessible Toilet,accessible_toilet,toilets,,,,,,True,-37.8241743,144.9746847
node/11740867769,Accessible Toilet,accessible_toilet,toilets,yes,,24/7,,,True,-37.7541305,145.1368251
node/11785246272,Accessible Toilet,accessible_toilet,toilets,,,,,,True,-37.7862287,144.936997
node/11794803591,Accessible Toilet,accessible_toilet,toilets,,,,,,True,-37.8270418,144.884183
node/11794835869,Accessible Toilet,accessible_toilet,toilets,,,,,,True,-37.9266604,144.6736018
node/11827035067,Accessible Toilet,accessible_toilet,toilets,,,,,,True,-37.7601081,145.3437061
node/11827035068,Accessible Toilet,accessible_toilet,toilets,,,,,,True,-37.7608117,145.3456118
node/11828528384,Accessible Toilet,accessible_toilet,toilets,,,,,,True,-37.7037056,145.1079615
node/11860885780,Accessible Toilet,accessible_toilet,toilets,,,,,,True,-37.6478557,144.9939801
node/11871786009,Accessible Toilet,accessible_toilet,toilets,,,,,,True,-37.8820324,144.9844895
node/11871786010,Accessible Toilet,accessible_toilet,toilets,,,,,,True,-37.8821866,144.9844624
node/11873258248,Accessible Toilet,accessible_toilet,toilets,yes,,,,,True,-37.8821062,144.9859953
node/11873258283,Accessible Toilet,accessible_toilet,toilets,,,,,,True,-37.882297,144.9849053
node/11873258284,Accessible Toilet,accessible_toilet,toilets,,,,,,True,-37.8822995,144.9849315
node/11873258285,Accessible Toilet,accessible_toilet,toilets,,,,,,True,-37.882294,144.984878
node/11873258290,Accessible Toilet,accessible_toilet,toilets,,,,,,True,-37.8823972,144.9857952
node/11873258291,Accessible Toilet,accessible_toilet,toilets,,,,,,True,-37.8824204,144.9857957
node/11876217757,Accessible Toilet,accessible_toilet,toilets,,,,Bayside City Council,,True,-37.9247568,144.9864418
node/11888343394,Accessible Toilet,accessible_toilet,toilets,yes,,,,,True,-38.4162923,145.0775235
node/11888343395,Accessible Toilet,accessible_toilet,toilets,yes,,,,,True,-38.4162542,145.0774749
node/11888343457,Accessible Toilet,accessible_toilet,toilets,,,,,,True,-38.4235921,145.0729376
node/11888343458,Accessible Toilet,accessible_toilet,toilets,,,,,,True,-38.4236144,145.0721195
node/11906278226,Accessible Toilet,accessible_toilet,toilets,,,,,,True,-37.6778499,145.1518135
node/11921189794,Accessible Toilet,accessible_toilet,toilets,,,,,,True,-37.9220522,145.0837939
node/11952762164,Accessible Toilet,accessible_toilet,toilets,,,,,,True,-38.3383663,145.2019881
node/11959269939,Accessible Toilet,accessible_toilet,toilets,,,,,,True,-37.7993992,144.9619894
node/11969071429,Accessible Toilet,accessible_toilet,toilets,,,,,,True,-37.9211436,144.6647913
node/11973505960,Accessible Toilet,accessible_toilet,toilets,,,,,,True,-38.0658982,145.4472306
node/12003201144,Accessible Toilet,accessible_toilet,toilets,yes,,,,,True,-38.1513426,145.1662849
node/12037252653,Accessible Toilet,accessible_toilet,toilets,yes,,,,,True,-37.8198531,145.1209616
node/12052663726,Accessible Toilet,accessible_toilet,toilets,,,,,,True,-37.5976256,144.9347021
node/12069515996,Accessible Toilet,accessible_toilet,toilets,,,,,,True,-37.7561523,145.3539975
node/12091687811,Accessible Toilet,accessible_toilet,toilets,yes,,,,,True,-37.8897621,145.0669433
node/12094233474,Accessible Toilet,accessible_toilet,toilets,,,,,,True,-37.6188672,144.9167855
node/12101830501,Accessible Toilet,accessible_toilet,toilets,,,,,,True,-37.688035,144.8850518
node/12107758124,Accessible Toilet,accessible_toilet,toilets,designated,,,,,True,-37.7869709,145.1257168
node/12123137873,Accessible Toilet,accessible_toilet,toilets,,,,,,True,-37.7851318,145.1254571
node/12141081625,Accessible Toilet,accessible_toilet,toilets,,,,,,True,-37.9053931,145.1624111
node/12141086349,Accessible Toilet,accessible_toilet,toilets,,,,,,True,-37.9053429,145.162415
node/12153141216,Accessible Toilet,accessible_toilet,toilets,,,,,,True,-37.9284809,144.6717658
node/12161000479,Accessible Toilet,accessible_toilet,toilets,yes,,,,,True,-37.8110143,144.9633486
node/12164747059,Accessible Toilet,accessible_toilet,toilets,yes,,,,,True,-37.8104436,144.9623735
node/12169307008,Accessible Toilet,accessible_toilet,toilets,yes,,Mo-Su 09:00-18:00,Bayside City Council,,True,-37.9170123,144.9866469
node/12171023302,Accessible Toilet,accessible_toilet,toilets,yes,,,,,True,-38.3092746,144.6800357
node/12175749089,Accessible Toilet,accessible_toilet,toilets,,,,,,True,-37.8111513,144.9634413
node/12175825803,Accessible Toilet,accessible_toilet,toilets,,,,,,True,-37.8104876,144.962464
node/12187415828,Accessible Toilet,accessible_toilet,toilets,yes,,,,,True,-37.7679952,144.9637517
node/12192312646,Accessible Toilet,accessible_toilet,toilets,,,,,,True,-37.8627819,144.9048674
node/12196913288,Accessible Toilet,accessible_toilet,toilets,yes,,,,,True,-37.7091107,144.9382784
node/12201111113,Accessible Toilet,accessible_toilet,toilets,,,,,,True,-37.6966487,144.9219909
node/12206555464,Accessible Toilet,accessible_toilet,toilets,,,,,,True,-37.8139965,144.8985993
node/12207891472,Accessible Toilet,accessible_toilet,toilets,,,,,,True,-37.8885488,145.0735405
node/12207990302,Accessible Toilet,accessible_toilet,toilets,yes,,,,,True,-37.8963545,145.0724842
node/12215206491,Accessible Toilet,accessible_toilet,toilets,,,,,,True,-38.3068023,145.0095443
node/12247356596,Accessible Toilet,accessible_toilet,toilets,,,,,,True,-37.8624841,144.8497226
node/12249360901,Accessible Toilet,accessible_toilet,toilets,,,,,,True,-37.7268597,145.0697025
node/12254216827,Accessible Toilet,accessible_toilet,toilets,,,,,,True,-37.9046474,145.1246264
node/12265023417,Accessible Toilet,accessible_toilet,toilets,yes,,,,,True,-38.2186563,145.0396895
node/12277452923,Accessible Toilet,accessible_toilet,toilets,,,,,,True,-37.7818354,144.8642033
node/12282675386,Accessible Toilet,accessible_toilet,toilets,,,,,,True,-37.6550498,145.3812303
node/12303213636,Accessible Toilet,accessible_toilet,toilets,,,,,,True,-37.7696096,145.0989546
node/12303563292,Accessible Toilet,accessible_toilet,toilets,,,,,,True,-37.6753483,144.9214429
node/12306501051,Accessible Toilet,accessible_toilet,toilets,yes,,,,,True,-37.7580735,145.310823
node/12310452328,Accessible Toilet,accessible_toilet,toilets,,,,,,True,-37.7553804,144.9773906
node/12332578717,Accessible Toilet,accessible_toilet,toilets,,,,,,True,-37.8181156,144.9984989
node/12336509064,Accessible Toilet,accessible_toilet,toilets,,,,,,True,-38.3108618,144.9929576
node/12336538462,Accessible Toilet,accessible_toilet,toilets,,,,,,True,-37.6745967,145.0358644
node/12343221534,Accessible Toilet,accessible_toilet,toilets,,,,,,True,-37.6830302,144.9194802
node/12358105021,Accessible Toilet,accessible_toilet,toilets,,,,,,True,-37.8843686,145.0006394
node/12376047026,Accessible Toilet,accessible_toilet,toilets,yes,,,,,True,-38.0040555,145.1689308
node/12384220283,Accessible Toilet,accessible_toilet,toilets,,,,,,True,-37.5169955,145.3112838
node/12392924280,Accessible Toilet,accessible_toilet,toilets,yes,,,,,True,-37.8100896,145.1094386
node/12396710892,Accessible Toilet,accessible_toilet,toilets,,,,,,True,-38.1442132,145.2795786
node/12399063001,Accessible Toilet,accessible_toilet,toilets,,,,,,True,-37.8680329,144.9747342
node/12408421501,Accessible Toilet,accessible_toilet,toilets,,,,,,True,-37.6143906,144.8897663
node/12417753222,Accessible Toilet,accessible_toilet,toilets,,,,,,True,-37.9677375,145.2638942
node/12426919081,Accessible Toilet,accessible_toilet,toilets,,,,,,True,-37.6969641,145.0736026
node/12437671914,Accessible Toilet,accessible_toilet,toilets,,,,,,True,-37.8105949,144.9628881
node/12437695757,Accessible Toilet,accessible_toilet,toilets,,,,,,True,-37.8105593,144.962526
node/12446854302,Accessible Toilet,accessible_toilet,toilets,,,24/7,,,True,-38.0723305,145.3630962
node/12446912108,Accessible Toilet,accessible_toilet,toilets,yes,,,,,True,-37.8681919,145.0478353
node/12467702819,Accessible Toilet,accessible_toilet,toilets,,,,,,True,-38.0069978,145.176865
node/12474252858,Accessible Toilet,accessible_toilet,toilets,yes,,,,,True,-37.8240375,145.0978628
node/12474297972,Accessible Toilet,accessible_toilet,toilets,,,,,,True,-37.8550274,145.1822382
node/12479401570,Accessible Toilet,accessible_toilet,toilets,yes,,,,,True,-38.1836061,145.0896512
node/12479404198,Accessible Toilet,accessible_toilet,toilets,,,,,,True,-37.6806922,145.0262678
node/12483926914,Accessible Toilet,accessible_toilet,toilets,,,,,,True,-37.8125365,144.967211
node/12488946864,Accessible Toilet,accessible_toilet,toilets,,,,,,True,-37.6853264,144.5665477
node/12488968094,Accessible Toilet,accessible_toilet,toilets,,,,,,True,-37.6862656,144.561945
node/12488968095,Accessible Toilet,accessible_toilet,toilets,,,,,,True,-37.6862826,144.5615561
node/12489333408,Accessible Toilet,accessible_toilet,toilets,,,,,,True,-37.6856575,144.5635235
node/12492489524,Accessible Toilet,accessible_toilet,toilets,yes,,,Murphy USA,,True,28.1715018,-80.6724202
node/12505567544,Accessible Toilet,accessible_toilet,toilets,,,,,,True,-37.995522,145.2266337
node/12521801434,Accessible Toilet,accessible_toilet,toilets,,,,,,True,-37.8033856,144.7507657
node/12527784603,Accessible Toilet,accessible_toilet,toilets,,,,,,True,-37.8184635,145.1212519
node/12537260695,Accessible Toilet,accessible_toilet,toilets,,,,,,True,-37.7647315,145.16234
node/12544863137,Accessible Toilet,accessible_toilet,toilets,,,,,,True,-37.6030056,144.9041259
node/12586979644,Accessible Toilet,accessible_toilet,toilets,,,,,,True,-37.7270411,144.8196212
node/12586981720,Accessible Toilet,accessible_toilet,toilets,,,,,,True,-37.8773362,144.6937964
node/12612608980,Accessible Toilet,accessible_toilet,toilets,yes,,Mo-We 09:00-17:30; Th-Fr 09:00-21:00; Sa 09:00-17:00; Su 10:00-17:00,,,True,-37.6803315,144.918531
node/12612638974,Accessible Toilet,accessible_toilet,toilets,yes,,08:00-20:00,,,True,-38.0679577,145.1427942
node/12617861320,Accessible Toilet,accessible_toilet,toilets,yes,,,,,True,-37.8137191,144.9372213
node/12617869165,Accessible Toilet,accessible_toilet,toilets,yes,,,Melbourne Tulamarine Airport,,True,-37.669341,144.8494575
node/12617872253,Accessible Toilet,accessible_toilet,toilets,yes,,,,,True,-37.8201375,144.9669383
node/12636549968,Accessible Toilet,accessible_toilet,toilets,,,,,,True,-38.0044748,145.2501235
node/12671269088,Accessible Toilet,accessible_toilet,toilets,no,,,Boroondara City Council,,True,-37.8110456,145.0915006
node/12674451458,Accessible Toilet,accessible_toilet,toilets,,,,Mornington Peninsula Astronomical Society,Mornington Peninsula Astronomical Society activities only,True,-38.273232,145.0410584
node/12701638527,Accessible Toilet,accessible_toilet,toilets,yes,,,,,True,-37.842965,144.8453588
node/12725224117,Accessible Toilet,accessible_toilet,toilets,,,,,,True,-37.8687343,144.829508
node/12728380390,Accessible Toilet,accessible_toilet,toilets,,,,,,True,-37.7558334,144.8920777
node/12747739331,Accessible Toilet,accessible_toilet,toilets,,,,,,True,-37.6912345,144.7478136
node/12753447130,Accessible Toilet,accessible_toilet,toilets,,,,,,True,-37.8703579,144.8309773
node/12754279383,Accessible Toilet,accessible_toilet,toilets,,,,,,True,-37.912983,145.0515725
node/12756424392,Accessible Toilet,accessible_toilet,toilets,,,,,,True,-37.8314371,144.7466485
node/12787324641,Accessible Toilet,accessible_toilet,toilets,,,,,,True,-37.9191491,144.6733546
node/12787324646,Accessible Toilet,accessible_toilet,toilets,,,,,,True,-37.9182827,144.6713968
node/12793745062,Accessible Toilet,accessible_toilet,toilets,yes,,,,,True,-37.8266859,145.0590576
node/12806870184,Accessible Toilet,accessible_toilet,toilets,,,,,,True,-37.8382666,145.1333161
node/12816754296,Accessible Toilet,accessible_toilet,toilets,,,,,,True,-37.6667323,144.8493176
node/12816754297,Accessible Toilet,accessible_toilet,toilets,,,,,,True,-37.6668192,144.849336
node/12816754298,Accessible Toilet,accessible_toilet,toilets,,,,,,True,-37.6668448,144.8493414
node/12816768807,Accessible Toilet,accessible_toilet,toilets,,,,,,True,-37.6688799,144.851175
node/12816768808,Accessible Toilet,accessible_toilet,toilets,,,,,,True,-37.6688926,144.8510597
node/12823194753,Accessible Toilet,accessible_toilet,toilets,,,,,,True,-38.2727484,145.0408615
node/12846573151,Accessible Toilet,accessible_toilet,toilets,,,,,,True,-37.9222919,144.6642181
node/12848278674,Accessible Toilet,accessible_toilet,toilets,,,,,,True,-37.8426602,144.8836332
node/12856905236,Accessible Toilet,accessible_toilet,toilets,,,,,,True,-38.3372441,144.956206
node/12873080201,Accessible Toilet,accessible_toilet,toilets,,,,,,True,-38.1132756,145.3690676
node/12879949901,Accessible Toilet,accessible_toilet,toilets,,,,,,True,-38.1034467,145.3524062
node/12896743642,Accessible Toilet,accessible_toilet,toilets,,,,City of Yarra,,True,-37.7846422,145.0014876
node/12922534437,Amenities in Craigieburn,accessible_toilet,toilets,,,,,,True,-37.5843994,144.916541
node/12969626333,Accessible Toilet,accessible_toilet,toilets,,,,,,True,-38.1431063,145.1259237
node/12976131841,Accessible Toilet,accessible_toilet,toilets,,,,,,True,-37.8536212,144.7486405
node/12998477243,Disabled facilities,accessible_toilet,toilets,,,,,,True,-37.7218075,144.9662371
node/13000894885,Accessible Toilet,accessible_toilet,toilets,,,,,,True,-37.9294183,145.4599613
node/13005414651,Accessible Toilet,accessible_toilet,toilets,,,,,,True,-37.8463703,144.8088126
node/13005435769,Accessible Toilet,accessible_toilet,toilets,,,,,,True,-38.1495173,145.2898456
node/13005578022,Accessible Toilet,accessible_toilet,toilets,yes,,,,,True,-37.8180735,144.8778731
node/13031334071,Accessible Toilet,accessible_toilet,toilets,yes,,"Mo-Th 09:00-21:00; Fr 09:00-18:00; Sa,Su 10:00-17:00",,,True,-37.7163312,145.1460658
node/13038249020,Accessible Toilet,accessible_toilet,toilets,,,,,,True,-38.2196704,145.0600883
node/13038307216,Accessible Toilet,accessible_toilet,toilets,,,,,,True,-38.3731662,144.8702554
node/13049118789,Accessible Toilet,accessible_toilet,toilets,,,,,,True,-37.9828079,145.1366607
node/13062679967,Accessible Toilet,accessible_toilet,toilets,yes,,,,,True,-37.8157661,145.1232533
node/13067831727,Accessible Toilet,accessible_toilet,toilets,,,,,,True,-38.01194,145.1985794
node/13067872723,Accessible Toilet,accessible_toilet,toilets,yes,,,,,True,-37.7204646,145.0482101
node/13073348232,Accessible Toilet,accessible_toilet,toilets,,,,,,True,-37.8875334,144.7151746
node/13073352785,Accessible Toilet,accessible_toilet,toilets,,,,,,True,-37.8142915,144.9726461
node/13075506641,Accessible Toilet,accessible_toilet,toilets,,,,,,True,-37.8075942,144.9426995
node/13075506644,Accessible Toilet,accessible_toilet,toilets,no,,,,,True,-37.806445,144.9413027
node/13075851893,Accessible Toilet,accessible_toilet,toilets,,,,,,True,-37.7997588,144.9856399
node/13081180626,Accessible Toilet,accessible_toilet,toilets,yes,,,,,True,-37.8675421,144.9049773
node/13108583025,Accessible Toilet,accessible_toilet,toilets,,,,,,True,-37.8152929,145.2296494
node/13132305613,Accessible Toilet,accessible_toilet,toilets,,,,,,True,-37.717094,144.9527709
node/13152025603,Accessible Toilet,accessible_toilet,toilets,yes,,,,,True,-37.812259,144.9368769
node/13173195235,Accessible Toilet,accessible_toilet,toilets,,,,,,True,-38.2942226,145.0043909
node/13173209074,Accessible Toilet,accessible_toilet,toilets,,,,,,True,-38.2894502,145.0048934
node/13173226909,Accessible Toilet,accessible_toilet,toilets,,,,,,True,-38.2929023,145.0085137
node/13196980868,Accessible Toilet,accessible_toilet,toilets,,,,,,True,-37.8679489,144.992761
node/13207851340,Accessible Toilet,accessible_toilet,toilets,yes,,,City of Kingston,,True,-37.9509754,145.0525848
node/13242209260,Accessible Toilet,accessible_toilet,toilets,yes,,,,,True,-37.672013,144.8479785
node/13254230701,Accessible Toilet,accessible_toilet,toilets,,,,,,True,-37.7179428,144.9218798
node/13266022127,Accessible Toilet,accessible_toilet,toilets,,,,,,True,-37.8107481,144.9656625
node/13273061853,Accessible Toilet,accessible_toilet,toilets,designated,,,,,True,-37.8075481,144.9634267
node/13285050117,Accessible Toilet,accessible_toilet,toilets,yes,,24/7,,,True,-38.061589,145.4283589
node/13285050118,Accessible Toilet,accessible_toilet,toilets,yes,,24/7,,,True,-38.0616102,145.4284414
node/13294197938,Accessible Toilet,accessible_toilet,toilets,,,,,,True,-38.050701,145.3729381
node/13358570555,Accessible Toilet,accessible_toilet,toilets,yes,,,,,True,-38.0060655,145.1567291
node/13363331884,Accessible Toilet,accessible_toilet,toilets,,,,,,True,-38.3340055,144.9643869
node/13373176795,Accessible Toilet,accessible_toilet,toilets,yes,,,,,True,-37.9764943,145.2601952
node/13374988601,Accessible Toilet,accessible_toilet,toilets,,,Mo-Su 09:00-18:00,,,True,-37.802218,144.9699536
node/13388539414,Accessible Toilet,accessible_toilet,toilets,,,,,,True,-38.0408064,145.3647081
node/13392034825,Accessible Toilet,accessible_toilet,toilets,,,,,,True,-38.0125549,145.2052394
node/13403803479,Accessible Toilet,accessible_toilet,toilets,yes,,,,,True,-37.8713739,144.9760814
node/13409880831,Unisex Toilet and shower,accessible_toilet,toilets,,,,,,True,-37.714052,144.9703816
node/13409998709,Accessible Toilet,accessible_toilet,toilets,,,,,,True,-37.7143834,144.9724732
node/13409998710,Accessible Toilet,accessible_toilet,toilets,,,,,,True,-37.7143619,144.9724447
node/13411761751,Accessible Toilet,accessible_toilet,toilets,,,,,,True,-37.8614653,145.2259187
node/13414708939,Accessible Toilet,accessible_toilet,toilets,,,,,,True,-37.8125549,145.2293558
node/13417075301,Accessible Toilet,accessible_toilet,toilets,,,,,,True,-37.7582548,145.0835448
node/13420469502,Accessible Toilet,accessible_toilet,toilets,,,,,,True,-37.8424337,144.9460611
node/13420480301,Accessible Toilet,accessible_toilet,toilets,,,,,,True,-37.8412901,144.9561513
node/13423161274,Accessible Toilet,accessible_toilet,toilets,,,,,,True,-37.7581121,145.0832513
node/13432277754,Accessible Toilet,accessible_toilet,toilets,,,,,,True,-37.7201081,145.7528498
node/13457645776,Accessible Toilet,accessible_toilet,toilets,,,,,,True,-37.8223776,145.0377555
node/13457645777,Accessible Toilet,accessible_toilet,toilets,,,,,,True,-37.8222039,145.0386004
node/13457645778,Accessible Toilet,accessible_toilet,toilets,,,,,,True,-37.8225122,145.0385186
node/13457645781,Accessible Toilet,accessible_toilet,toilets,,,,,,True,-37.8212372,145.0366082
node/13482897420,Accessible Toilet,accessible_toilet,toilets,,,,,,True,-37.6382616,144.9318113
node/13482901333,Accessible Toilet,accessible_toilet,toilets,yes,,,,,True,-38.0678914,145.3262321
node/13505838543,Accessible Toilet,accessible_toilet,toilets,yes,,,,,True,-37.8245733,145.1615108
node/13520771764,Unisex Toilets,accessible_toilet,toilets,,,,,,True,-37.7203628,144.8879453
node/13539094991,Accessible Toilet,accessible_toilet,toilets,yes,,,,,True,-37.8774181,145.0425528
node/13544752937,Accessible Toilet,accessible_toilet,toilets,,,,,,True,-37.8205187,144.9516008
node/13544907831,Accessible Toilet,accessible_toilet,toilets,yes,,,,,True,-38.084219,145.5062377
node/13574809285,Accessible Toilet,accessible_toilet,toilets,,,,,,True,-38.1001629,145.2944235
node/13574827487,Accessible Toilet,accessible_toilet,toilets,,,,,,True,-38.0854931,145.3174501
node/13601079204,Accessible Toilet,accessible_toilet,toilets,,,,,,True,-37.834289,144.9928454
node/13604555584,Accessible Toilet,accessible_toilet,toilets,,,,,,True,-37.8343016,144.9928548
node/13620644768,Accessible Toilet,accessible_toilet,toilets,,,,,,True,-38.0698011,145.6575258
node/13620644769,Accessible Toilet,accessible_toilet,toilets,,,,,,True,-38.0694343,145.6579267
node/13626195013,Accessible Toilet,accessible_toilet,toilets,,,,,,True,-38.1035836,145.3252114
node/13639811131,Accessible Toilet,accessible_toilet,toilets,designated,,,,,True,-37.7890923,144.993974
node/13648814228,Accessible Toilet,accessible_toilet,toilets,yes,,,,,True,-37.8389296,144.9923056
node/13653655433,Accessible Toilet,accessible_toilet,toilets,yes,,,,,True,-37.8013505,144.9407213
node/13653655434,Accessible Toilet,accessible_toilet,toilets,yes,,,,,True,-37.8012759,144.940702
node/13664057897,Accessible Toilet,accessible_toilet,toilets,,,,Mornington Peninsula Shire Council,,True,-38.3073089,144.9941719
node/13680632496,Accessible Toilet,accessible_toilet,toilets,,,,,,True,-38.0518996,145.2571285
node/13690114299,Accessible Toilet,accessible_toilet,toilets,designated,,,,,True,-37.81235,145.014674
node/13695105520,Accessible Toilet,accessible_toilet,toilets,yes,,,,,True,-37.8203283,144.9642307
node/13707049334,Accessible Toilet,accessible_toilet,toilets,yes,,,,,True,-37.8925998,145.3075109
node/13709942352,Accessible Toilet,accessible_toilet,toilets,,,,,,True,-37.8004765,144.8968371
node/13715699598,Accessible Toilet,accessible_toilet,toilets,yes,,,,,True,-37.6729954,144.847719
node/13722059202,Accessible Toilet,accessible_toilet,toilets,,,,,,True,-38.3086916,145.1896215
node/13724373360,Accessible Toilet,accessible_toilet,toilets,,,,,,True,-37.5215784,144.9600164
node/13754006061,Accessible Toilet,accessible_toilet,toilets,,,,,,True,-37.7574453,145.0611803
node/13769608094,Accessible Toilet,accessible_toilet,toilets,,,,,,True,-38.1430347,145.1257464
node/13779416390,Accessible Toilet,accessible_toilet,toilets,,,,,,True,-37.8213915,144.9324166
node/13799961537,Accessible Toilet,accessible_toilet,toilets,,,,,,True,-37.8616208,144.7501503
node/13810113080,Accessible Toilet,accessible_toilet,toilets,,,,,,True,-37.839304,144.9989099
node/13810169405,Accessible Toilet,accessible_toilet,toilets,,,,,,True,-38.3629059,144.8758171
node/13816797893,Accessible Toilet,accessible_toilet,toilets,yes,,,,,True,-37.7876152,145.1988414
node/13821218663,Accessible Toilet,accessible_toilet,toilets,yes,,"Mo,We 05:00-15:00; Tu,Th 03:00-16:30; Fr 03:00-16:00; Sa 03:00-17:30; Su 03:00-18:00",,,True,-37.8061459,144.9565791
node/13822985181,Accessible Toilet,accessible_toilet,toilets,yes,,,,,True,-37.8772559,145.0426076
